archivo,taxon,observacion_id,foto_id,url,licencia,atribucion,usuario,fecha_observada,hora_observada,lugar,cautivo,calidad,latitud,longitud
inatneg_397457185_728985459.jpg,Lycalopex culpaeus,397457185,728985459,https://inaturalist-open-data.s3.amazonaws.com/photos/728985459/large.jpg,cc-by-nc,"(c) crashflash, some rights reserved (CC BY-NC)",crashflash,2007-03-11,2007-03-11T19:06:30-05:00,"Penipe, Chimborazo, EC",False,research,-1.5193283333,-78.356745
inatneg_396014092_726196931.jpg,Lycalopex culpaeus,396014092,726196931,https://inaturalist-open-data.s3.amazonaws.com/photos/726196931/large.jpg,cc-by-nc,"(c) rafaelcar, some rights reserved (CC BY-NC)",rafaelcar,2026-08-30,2026-08-30T18:31:28-05:00,"Cotopaxi National Park, Latacunga, Cotopaxi, EC",False,research,-0.7081261652,-78.481759686
inatneg_394013744_722278430.jpg,Lycalopex culpaeus,394013744,722278430,https://inaturalist-open-data.s3.amazonaws.com/photos/722278430/large.jpg,cc-by-nc,"(c) mnataly_24, some rights reserved (CC BY-NC)",mnataly_24,2026-08-22,2026-08-22T13:17:07-05:00,"Parque Nacional Cotopaxi, Mejía, Pichincha, EC",False,research,-0.6565366667,-78.43857
inatneg_391777193_717907361.jpg,Lycalopex culpaeus,391777193,717907361,https://inaturalist-open-data.s3.amazonaws.com/photos/717907361/large.jpg,cc-by-nc,"(c) pierreyveshenry, some rights reserved (CC BY-NC)",pierreyveshenry,2018-07-30,2018-07-30T15:10:00-05:00,"San Juan, Équateur",False,research,-1.5299912212,-78.8198839501
inatneg_391777193_717907406.jpg,Lycalopex culpaeus,391777193,717907406,https://inaturalist-open-data.s3.amazonaws.com/photos/717907406/large.jpg,cc-by-nc,"(c) pierreyveshenry, some rights reserved (CC BY-NC)",pierreyveshenry,2018-07-30,2018-07-30T15:10:00-05:00,"San Juan, Équateur",False,research,-1.5299912212,-78.8198839501
inatneg_390281168_714989227.jpg,Lycalopex culpaeus,390281168,714989227,https://inaturalist-open-data.s3.amazonaws.com/photos/714989227/large.jpg,cc-by-nc,"(c) balintz, some rights reserved (CC BY-NC)",balintz,2026-02-21,2026-02-21T12:16:00-05:00,"Parque Nacional Cotopaxi, EC-PI-ME, EC-PI, EC",False,research,-0.6571980788,-78.4384298864
inatneg_390281168_714989228.jpg,Lycalopex culpaeus,390281168,714989228,https://inaturalist-open-data.s3.amazonaws.com/photos/714989228/large.jpg,cc-by-nc,"(c) balintz, some rights reserved (CC BY-NC)",balintz,2026-02-21,2026-02-21T12:16:00-05:00,"Parque Nacional Cotopaxi, EC-PI-ME, EC-PI, EC",False,research,-0.6571980788,-78.4384298864
inatneg_389496685_713457475.jpg,Lycalopex culpaeus,389496685,713457475,https://inaturalist-open-data.s3.amazonaws.com/photos/713457475/large.jpg,cc-by-nc,"(c) Zogador, some rights reserved (CC BY-NC)",zogador,2020-12-19,2020-12-19T16:45:00-05:00,"Mejía, Ecuador",False,research,-0.65521,-78.71291
inatneg_388245321_711037817.jpg,Lycalopex culpaeus,388245321,711037817,https://inaturalist-open-data.s3.amazonaws.com/photos/711037817/large.jpg,cc-by-nc,"(c) David Torres, some rights reserved (CC BY-NC)",dawicho,2026-08-01,2026-08-01T11:08:00-05:00,"Mejía, Ecuador",False,research,-0.6239753812,-78.4486624795
inatneg_388245321_711037815.jpg,Lycalopex culpaeus,388245321,711037815,https://inaturalist-open-data.s3.amazonaws.com/photos/711037815/large.jpg,cc-by-nc,"(c) David Torres, some rights reserved (CC BY-NC)",dawicho,2026-08-01,2026-08-01T11:08:00-05:00,"Mejía, Ecuador",False,research,-0.6239753812,-78.4486624795
inatneg_387343988_709282339.jpg,Lycalopex culpaeus,387343988,709282339,https://inaturalist-open-data.s3.amazonaws.com/photos/709282339/large.jpg,cc-by-nc,"(c) Stan Helfand, some rights reserved (CC BY-NC)",stan18141,2026-08-01,2026-08-01T10:43:01-05:00,"Mulalo, Ecuador",False,research,-0.7007414864,-78.4297187626
inatneg_387343988_709282716.jpg,Lycalopex culpaeus,387343988,709282716,https://inaturalist-open-data.s3.amazonaws.com/photos/709282716/large.jpg,cc-by-nc,"(c) Stan Helfand, some rights reserved (CC BY-NC)",stan18141,2026-08-01,2026-08-01T10:43:01-05:00,"Mulalo, Ecuador",False,research,-0.7007414864,-78.4297187626
inatneg_387338737_709271573.jpg,Lycalopex culpaeus,387338737,709271573,https://inaturalist-open-data.s3.amazonaws.com/photos/709271573/large.jpg,cc-by-nc,"(c) Stan Helfand, some rights reserved (CC BY-NC)",stan18141,2026-08-01,2026-08-01T10:43:01-05:00,"586M+JFQ, Saquisilí, Ecuador",False,research,-0.8383991125,-78.6662678048
inatneg_387338737_709271634.jpg,Lycalopex culpaeus,387338737,709271634,https://inaturalist-open-data.s3.amazonaws.com/photos/709271634/large.jpg,cc-by-nc,"(c) Stan Helfand, some rights reserved (CC BY-NC)",stan18141,2026-08-01,2026-08-01T10:43:01-05:00,"586M+JFQ, Saquisilí, Ecuador",False,research,-0.8383991125,-78.6662678048
inatneg_384995503_704790318.jpg,Lycalopex culpaeus,384995503,704790318,https://inaturalist-open-data.s3.amazonaws.com/photos/704790318/large.jpg,cc-by-nc,"(c) Vrunda Patel, some rights reserved (CC BY-NC)",vrunda13,2023-06-30,2023-06-30T19:06:00-05:00,"Latacunga, Cotopaxi, EC",False,research,-0.7093588867,-78.4591437294
inatneg_384995503_704790327.jpg,Lycalopex culpaeus,384995503,704790327,https://inaturalist-open-data.s3.amazonaws.com/photos/704790327/large.jpg,cc-by-nc,"(c) Vrunda Patel, some rights reserved (CC BY-NC)",vrunda13,2023-06-30,2023-06-30T19:06:00-05:00,"Latacunga, Cotopaxi, EC",False,research,-0.7093588867,-78.4591437294
inatneg_383235059_701406643.jpg,Lycalopex culpaeus,383235059,701406643,https://inaturalist-open-data.s3.amazonaws.com/photos/701406643/large.jpg,cc-by-nc,"(c) Dubé, some rights reserved (CC BY-NC)",crabevert,2025-07-19,2025-07-19T12:39:15-05:00,"Vía al Refugio Ribas, Mejia, Pichincha, EC",False,research,-0.6565283333,-78.4386666667
inatneg_380156256_695462492.jpg,Lycalopex culpaeus,380156256,695462492,https://inaturalist-open-data.s3.amazonaws.com/photos/695462492/large.jpg,cc-by-nc,"(c) C.V. Vick, some rights reserved (CC BY-NC)",cvvick,2026-06-12,2026-06-12T16:55:00-05:00,"Volcano Antisana, Ecuador",False,research,-0.4849445,-78.1416716
inatneg_378488946_692232795.jpg,Lycalopex culpaeus,378488946,692232795,https://inaturalist-open-data.s3.amazonaws.com/photos/692232795/large.jpg,cc-by-nc,"(c) Andreé L, some rights reserved (CC BY-NC)",andreex,2026-07-05,2026-07-05T13:23:30-05:00,"Bilovan, Ecuador",False,research,-1.8322680386,-79.1376774386
inatneg_378488946_692356923.jpg,Lycalopex culpaeus,378488946,692356923,https://inaturalist-open-data.s3.amazonaws.com/photos/692356923/large.jpg,cc-by-nc,"(c) Andreé L, some rights reserved (CC BY-NC)",andreex,2026-07-05,2026-07-05T13:23:30-05:00,"Bilovan, Ecuador",False,research,-1.8322680386,-79.1376774386
inatneg_378212230_691699556.jpg,Lycalopex culpaeus,378212230,691699556,https://inaturalist-open-data.s3.amazonaws.com/photos/691699556/large.jpg,cc-by-nc,"(c) EcuWaidis, some rights reserved (CC BY-NC)",ecuwaidis,2023-02-21,2023-02-21T13:21:48-05:00,"Vía al Refugio Ribas, Mejia, Pichincha, EC",False,research,-0.6520466667,-78.437155
inatneg_377835425_690976041.jpg,Lycalopex culpaeus,377835425,690976041,https://inaturalist-open-data.s3.amazonaws.com/photos/690976041/large.jpg,cc-by-nc,"(c) erikmartin, some rights reserved (CC BY-NC)",erikmartin,2023-09-23,2023-09-23T13:20:00-05:00,"Ibarra Canton, Ecuador",False,research,0.2010372097,-78.0854543277
inatneg_377498408_690325683.jpg,Lycalopex culpaeus,377498408,690325683,https://inaturalist-open-data.s3.amazonaws.com/photos/690325683/large.jpg,cc-by-nc,"(c) Kevin Schwartz, some rights reserved (CC BY-NC)",kdschwartz,2012-12-26,2012-12-26T10:07:28-05:00,"G5G6+RFX, Chuquipogyo, Ecuador",False,research,-1.4729669294,-78.838484399
inatneg_377261345_689862781.jpg,Lycalopex culpaeus,377261345,689862781,https://inaturalist-open-data.s3.amazonaws.com/photos/689862781/large.jpg,cc-by-nc,"(c) Edison Araguillin, some rights reserved (CC BY-NC)",earaguillin,2026-06-29,2026-06-29T08:24:00-05:00,"Distrito Metropolitano de Quito, Ecuador",False,research,0.0101533333,-78.5689263889
inatneg_376440609_688280323.jpg,Lycalopex culpaeus,376440609,688280323,https://inaturalist-open-data.s3.amazonaws.com/photos/688280323/large.jpg,cc-by-nc,"(c) chalco_paola, some rights reserved (CC BY-NC)",chalco_paola,2026-01-21,,"San Buenaventura, Ecuador",False,research,-0.9115458168,-78.6126413941
inatneg_376144523_687693730.jpg,Lycalopex culpaeus,376144523,687693730,https://inaturalist-open-data.s3.amazonaws.com/photos/687693730/large.jpg,cc-by-nc,"(c) Noa Vedel, some rights reserved (CC BY-NC)",noansv,2025-08-18,2025-08-18T09:44:00-05:00,"Metropolitan District of Quito, Ecuador",False,research,-0.4936805968,-78.2567502931
inatneg_375166198_685812208.jpg,Lycalopex culpaeus,375166198,685812208,https://inaturalist-open-data.s3.amazonaws.com/photos/685812208/large.jpg,cc-by-nc,"(c) stempkm, some rights reserved (CC BY-NC)",stempkm,2026-01-07,2026-01-07T14:06:26-05:00,"Vía al Refugio Ribas, Mejia, Pichincha, EC",False,research,-0.6516333333,-78.4360966667
inatneg_375166198_685812201.jpg,Lycalopex culpaeus,375166198,685812201,https://inaturalist-open-data.s3.amazonaws.com/photos/685812201/large.jpg,cc-by-nc,"(c) stempkm, some rights reserved (CC BY-NC)",stempkm,2026-01-07,2026-01-07T14:06:26-05:00,"Vía al Refugio Ribas, Mejia, Pichincha, EC",False,research,-0.6516333333,-78.4360966667
inatneg_374285581_684105259.jpg,Lycalopex culpaeus,374285581,684105259,https://inaturalist-open-data.s3.amazonaws.com/photos/684105259/large.jpg,cc-by-nc,"(c) Mario Pelletier, some rights reserved (CC BY-NC)",garsola,2026-03-23,2026-03-23T14:05:00-05:00,"Archidona Canton, Équateur",False,research,-0.5086539267,-78.2362327517
inatneg_372451903_680590017.jpg,Lycalopex culpaeus,372451903,680590017,https://inaturalist-open-data.s3.amazonaws.com/photos/680590017/large.jpg,cc-by-nc,"(c) dimartinez, some rights reserved (CC BY-NC)",dimartinez,2026-04-18,2026-04-18T10:36:12-05:00,"San Miguel Urcuq, Imbabura, EC",False,research,0.52057,-78.226075
inatneg_364054760_664578016.jpg,Lycalopex culpaeus,364054760,664578016,https://inaturalist-open-data.s3.amazonaws.com/photos/664578016/large.jpg,cc-by-nc,"(c) Tyler Corn, some rights reserved (CC BY-NC)",tyler_corn,2026-05-22,2026-05-22T12:34:47-05:00,"Vía al Refugio Ribas, Mejia, Pichincha, EC",False,research,-0.656005,-78.4400033333
inatneg_364054760_664578883.jpg,Lycalopex culpaeus,364054760,664578883,https://inaturalist-open-data.s3.amazonaws.com/photos/664578883/large.jpg,cc-by-nc,"(c) Tyler Corn, some rights reserved (CC BY-NC)",tyler_corn,2026-05-22,2026-05-22T12:34:47-05:00,"Vía al Refugio Ribas, Mejia, Pichincha, EC",False,research,-0.656005,-78.4400033333
inatneg_363172177_662909902.jpg,Lycalopex culpaeus,363172177,662909902,https://inaturalist-open-data.s3.amazonaws.com/photos/662909902/large.jpg,cc-by-nc,"(c) diego_tipan, some rights reserved (CC BY-NC)",diego_tipan,2026-05-19,2026-05-19T16:18:49-05:00,"Mulalo, Ecuador",False,research,-0.7943084084,-78.5437890887
inatneg_362837558_662267047.jpg,Lycalopex culpaeus,362837558,662267047,https://inaturalist-open-data.s3.amazonaws.com/photos/662267047/large.jpg,cc-by-nc,"(c) bbaum21, some rights reserved (CC BY-NC)",bbaum21,2023-11-15,2023-11-15T14:03:00-05:00,"Riobamba, Ecuador",False,research,-1.4951711765,-78.8395505428
inatneg_361278449_659317250.jpg,Lycalopex culpaeus,361278449,659317250,https://inaturalist-open-data.s3.amazonaws.com/photos/659317250/large.jpg,cc-by-nc,"(c) garcia_adriana, some rights reserved (CC BY-NC)",garcia_adriana,2026-05-06,2026-05-06T14:18:32-05:00,"E40, Sevilla De Oro, Azuay, EC",False,research,-2.787053939,-78.6723723617
inatneg_360709966_658218110.jpg,Lycalopex culpaeus,360709966,658218110,https://inaturalist-open-data.s3.amazonaws.com/photos/658218110/large.jpg,cc-by-nc,"(c) FATIMA GEOVANNA SAGAL BUSTAMANTE, some rights reserved (CC BY-NC)",fatima_geovanna,2026-05-11,2026-05-11T16:19:35-05:00,"Bodega Juan Eljuri, Cuenca, Ecuador",False,research,-2.88336399,-78.9977664
inatneg_360047289_656964360.jpg,Lycalopex culpaeus,360047289,656964360,https://inaturalist-open-data.s3.amazonaws.com/photos/656964360/large.jpg,cc-by-nc,"(c) francisvelastegui, some rights reserved (CC BY-NC)",francisvelastegui,2025-05-31,2025-05-31T10:56:04-05:00,"Parque Nacional Cotopaxi, Mejía, Pichincha, EC",False,research,-0.6193966667,-78.4550666667
inatneg_359724462_656356703.jpg,Lycalopex culpaeus,359724462,656356703,https://inaturalist-open-data.s3.amazonaws.com/photos/656356703/large.jpg,cc-by-nc,"(c) Maylin Rojas (maylin ouo), some rights reserved (CC BY-NC)",maylin6715,2026-04-22,2026-04-22T12:39:00-05:00,"Barrio Güitig vía, Parque Nacional Cotopaxi, Ecuador",False,research,-0.7007414864,-78.4297187626
inatneg_359724462_656356744.jpg,Lycalopex culpaeus,359724462,656356744,https://inaturalist-open-data.s3.amazonaws.com/photos/656356744/large.jpg,cc-by-nc,"(c) Maylin Rojas (maylin ouo), some rights reserved (CC BY-NC)",maylin6715,2026-04-22,2026-04-22T12:39:00-05:00,"Barrio Güitig vía, Parque Nacional Cotopaxi, Ecuador",False,research,-0.7007414864,-78.4297187626
inatneg_358810675_654602079.jpg,Lycalopex culpaeus,358810675,654602079,https://inaturalist-open-data.s3.amazonaws.com/photos/654602079/large.jpg,cc-by-nc,"(c) sebaastian, some rights reserved (CC BY-NC)",sebaastian,2026-04-25,2026-04-25T16:50:00-05:00,"Cotopaxi National Park, Mejia, Pichincha, EC",False,research,-0.6465584276,-78.4636252112
inatneg_358808890_654598941.jpg,Lycalopex culpaeus,358808890,654598941,https://inaturalist-open-data.s3.amazonaws.com/photos/654598941/large.jpg,cc-by-nc,"(c) isabelaloza, some rights reserved (CC BY-NC)",isabelaloza,2026-05-05,2026-05-05T22:14:02-05:00,"Cotopaxi National Park, Mejia, Pichincha, EC",False,research,-0.6418606285,-78.4340662831
inatneg_358764167_654509305.jpg,Lycalopex culpaeus,358764167,654509305,https://inaturalist-open-data.s3.amazonaws.com/photos/654509305/large.jpg,cc-by-nc,"(c) matheodalgo, some rights reserved (CC BY-NC)",matheodalgo,2026-05-01,2026-05-01T15:19:25-05:00,"Parque Nacional Cotopaxi, Mejía, Pichincha, EC",False,research,-0.651595,-78.4357833333
inatneg_358764167_654509392.jpg,Lycalopex culpaeus,358764167,654509392,https://inaturalist-open-data.s3.amazonaws.com/photos/654509392/large.jpg,cc-by-nc,"(c) matheodalgo, some rights reserved (CC BY-NC)",matheodalgo,2026-05-01,2026-05-01T15:19:25-05:00,"Parque Nacional Cotopaxi, Mejía, Pichincha, EC",False,research,-0.651595,-78.4357833333
inatneg_358456336_653913929.jpg,Lycalopex culpaeus,358456336,653913929,https://inaturalist-open-data.s3.amazonaws.com/photos/653913929/large.jpg,cc-by-nc,"(c) mariacruzribadeneira, some rights reserved (CC BY-NC)",mariacruzribadeneira,2025-09-13,2025-09-13T13:27:13-05:00,"Mejia, Pichincha, EC",False,research,-0.6517695459,-78.4459969921
inatneg_355251714_647945051.jpg,Lycalopex culpaeus,355251714,647945051,https://inaturalist-open-data.s3.amazonaws.com/photos/647945051/large.jpg,cc-by-nc,"(c) faustro, some rights reserved (CC BY-NC)",faustro,2026-04-25,2026-04-25T15:44:08-05:00,"Parque Nacional Cotopaxi, Mejía, Pichincha, EC",False,research,-0.6650761452,-78.4342358246
inatneg_354533379_646737636.jpg,Lycalopex culpaeus,354533379,646737636,https://inaturalist-open-data.s3.amazonaws.com/photos/646737636/large.jpg,cc-by-nc,"(c) alexguti, some rights reserved (CC BY-NC)",alexguti,2024-10-18,2024-10-18T02:16:40-05:00,"Latacunga, Cotopaxi, EC",False,research,-0.7410580162,-78.4843536393
inatneg_353159040_644417437.jpg,Lycalopex culpaeus,353159040,644417437,https://inaturalist-open-data.s3.amazonaws.com/photos/644417437/large.jpg,cc-by-nc,"(c) Jeremy Coleman, some rights reserved (CC BY-NC)",jeremycoleman,2026-01-12,2026-01-12T08:54:00-05:00,"Reserva Ecologica Antisana, EC",False,research,-0.5516115,-78.1564432
inatneg_351767024_641975300.jpg,Lycalopex culpaeus,351767024,641975300,https://inaturalist-open-data.s3.amazonaws.com/photos/641975300/large.jpg,cc-by-nc,"(c) vale_castellanos09, some rights reserved (CC BY-NC)",vale_castellanos09,2026-04-03,2026-04-03T11:43:00-05:00,"Quijos, Napo, EC",False,research,-0.5516116667,-78.1564416667
inatneg_351318077_641090052.jpg,Lycalopex culpaeus,351318077,641090052,https://inaturalist-open-data.s3.amazonaws.com/photos/641090052/large.jpg,cc-by-nc,"(c) ERICK MARTIN HEREDIA PAUCAR, some rights reserved (CC BY-NC)",heredia_erick,2026-04-19,2026-04-19T13:12:27-05:00,"Sayausi, Ecuador",False,research,-2.8537455332,-79.1066291928
inatneg_351299258_641052749.jpg,Lycalopex culpaeus,351299258,641052749,https://inaturalist-open-data.s3.amazonaws.com/photos/641052749/large.jpg,cc-by-nc,"(c) Ingo Rogalla, some rights reserved (CC BY-NC)",ingorogalla,2026-04-19,2026-04-19T05:28:00-05:00,"HM4Q+22M Reserva Chakana- Hacienda Antisanilla, Quito, Ecuador",False,research,-0.4449022,-78.3124672
inatneg_351258264_640971489.jpg,Lycalopex culpaeus,351258264,640971489,https://inaturalist-open-data.s3.amazonaws.com/photos/640971489/large.jpg,cc-by-nc,"(c) Karen Velozo, some rights reserved (CC BY-NC)",karen4444,1969-12-31,1969-12-31T19:00:00-05:00,parque Cotopaxi,False,research,-0.683754,-78.43719
inatneg_349890396_638327196.jpg,Lycalopex culpaeus,349890396,638327196,https://inaturalist-open-data.s3.amazonaws.com/photos/638327196/large.jpg,cc-by-nc,"(c) snolivos2, some rights reserved (CC BY-NC)",snolivos2,2026-04-04,2026-04-04T11:49:00-05:00,"Parque Nacional Cayambe – Coca, Cayambe, Pichincha, EC",False,research,0.0109584162,-78.0189269721
inatneg_349788999_638131217.jpg,Lycalopex culpaeus,349788999,638131217,https://inaturalist-open-data.s3.amazonaws.com/photos/638131217/large.jpg,cc-by-nc,"(c) BRAYAN RAPHAEL YUPANGUI TONATO, some rights reserved (CC BY-NC)",yupangui_brayan,2025-05-03,2025-05-03T16:45:40-05:00,"Cayambe, Ecuador",False,research,0.0249998636,-77.9891666025
inatneg_347796618_634204009.jpg,Lycalopex culpaeus,347796618,634204009,https://inaturalist-open-data.s3.amazonaws.com/photos/634204009/large.jpg,cc-by-nc,"(c) cressgil, some rights reserved (CC BY-NC)",cressgil,2025-06-23,2025-06-23T11:54:00-05:00,"Cotopaxi National Park, Mejia, Pichincha, EC",False,research,-0.6234565087,-78.449396312
inatneg_347796618_634204063.jpg,Lycalopex culpaeus,347796618,634204063,https://inaturalist-open-data.s3.amazonaws.com/photos/634204063/large.jpg,cc-by-nc,"(c) cressgil, some rights reserved (CC BY-NC)",cressgil,2025-06-23,2025-06-23T11:54:00-05:00,"Cotopaxi National Park, Mejia, Pichincha, EC",False,research,-0.6234565087,-78.449396312
inatneg_347450632_633516664.jpg,Lycalopex culpaeus,347450632,633516664,https://inaturalist-open-data.s3.amazonaws.com/photos/633516664/large.jpg,cc-by-nc,"(c) tyler_godfrey, some rights reserved (CC BY-NC)",tyler_godfrey,2024-03-14,2024-03-14T09:20:16-05:00,"Mejia, Pichincha, EC",False,research,-0.6519216667,-78.4460833333
inatneg_347450632_633516661.jpg,Lycalopex culpaeus,347450632,633516661,https://inaturalist-open-data.s3.amazonaws.com/photos/633516661/large.jpg,cc-by-nc,"(c) tyler_godfrey, some rights reserved (CC BY-NC)",tyler_godfrey,2024-03-14,2024-03-14T09:20:16-05:00,"Mejia, Pichincha, EC",False,research,-0.6519216667,-78.4460833333
inatneg_346704532_632027020.jpg,Lycalopex culpaeus,346704532,632027020,https://inaturalist-open-data.s3.amazonaws.com/photos/632027020/large.jpg,cc-by-nc,"(c) Wesley McGee, some rights reserved (CC BY-NC)",wesleymcgee1207,2026-01-17,2026-01-17T13:30:00-05:00,"Mejía, Ecuador",False,research,-0.6513101955,-78.4351629474
inatneg_346704532_632027156.jpg,Lycalopex culpaeus,346704532,632027156,https://inaturalist-open-data.s3.amazonaws.com/photos/632027156/large.jpg,cc-by-nc,"(c) Wesley McGee, some rights reserved (CC BY-NC)",wesleymcgee1207,2026-01-17,2026-01-17T13:30:00-05:00,"Mejía, Ecuador",False,research,-0.6513101955,-78.4351629474
inatneg_346033559_630701905.jpg,Lycalopex culpaeus,346033559,630701905,https://inaturalist-open-data.s3.amazonaws.com/photos/630701905/large.jpg,cc-by-nc,"(c) Estefanía Oñate, some rights reserved (CC BY-NC)",estefania_onate,2026-02-16,2026-02-16T10:51:47-05:00,"Parque Nacional Cotopaxi, Mejía, Pichincha, EC",False,research,-0.6568916667,-78.4387283333
inatneg_345546840_629672317.jpg,Lycalopex culpaeus,345546840,629672317,https://inaturalist-open-data.s3.amazonaws.com/photos/629672317/large.jpg,cc-by-nc,"(c) neinhorn55, some rights reserved (CC BY-NC)",neinhorn55,2026-03-02,2026-03-02T14:17:00-05:00,Ecuador,False,research,0.1005781793,-78.3109197664
inatneg_345457970_629576519.jpg,Lycalopex culpaeus,345457970,629576519,https://inaturalist-open-data.s3.amazonaws.com/photos/629576519/large.jpg,cc-by-nc,"(c) godshallcs, some rights reserved (CC BY-NC)",godshallcs,2026-01-23,2026-01-23T14:24:00-05:00,"Archidona Canton, Ecuador",False,research,-0.5055663956,-78.2343623554
inatneg_345397573_629454019.jpg,Lycalopex culpaeus,345397573,629454019,https://inaturalist-open-data.s3.amazonaws.com/photos/629454019/large.jpg,cc-by-nc,"(c) Rhiannon Thunell, some rights reserved (CC BY-NC)",rhiannon10400,2019-08-10,2019-08-10T09:48:00-05:00,Ecuador,False,research,-1.831239,-78.183406
inatneg_343303068_625330533.jpg,Lycalopex culpaeus,343303068,625330533,https://inaturalist-open-data.s3.amazonaws.com/photos/625330533/large.jpg,cc-by-nc,"(c) sophie pieterse, some rights reserved (CC BY-NC)",soophje,2026-03-14,2026-03-14T12:24:24-05:00,"Vía al Refugio Ribas, Mejia, Pichincha, EC",False,research,-0.636795248,-78.4399359946
inatneg_343008842_624731262.jpg,Lycalopex culpaeus,343008842,624731262,https://inaturalist-open-data.s3.amazonaws.com/photos/624731262/large.jpg,cc-by-nc,"(c) anto_delvalle, some rights reserved (CC BY-NC)",anto_delvalle,2026-01-10,2026-01-10T14:21:00-05:00,"Sigchos, Cotopaxi, EC",False,research,-0.76752685,-78.85017775
inatneg_343008842_624731284.jpg,Lycalopex culpaeus,343008842,624731284,https://inaturalist-open-data.s3.amazonaws.com/photos/624731284/large.jpg,cc-by-nc,"(c) anto_delvalle, some rights reserved (CC BY-NC)",anto_delvalle,2026-01-10,2026-01-10T14:21:00-05:00,"Sigchos, Cotopaxi, EC",False,research,-0.76752685,-78.85017775
inatneg_342748676_624209528.jpg,Lycalopex culpaeus,342748676,624209528,https://inaturalist-open-data.s3.amazonaws.com/photos/624209528/large.jpg,cc-by-nc,"(c) ellalaalala, some rights reserved (CC BY-NC)",ellalaalala,2026-01-17,2026-01-17T12:49:34-05:00,"Vía al Refugio Ribas, Mejia, Pichincha, EC",False,research,-0.6492533333,-78.436395
inatneg_341367682_621429530.jpg,Lycalopex culpaeus,341367682,621429530,https://inaturalist-open-data.s3.amazonaws.com/photos/621429530/large.jpg,cc-by-nc,"(c) Lorenzo D'Eri, some rights reserved (CC BY-NC)",lordisturbia,2026-03-04,2026-03-04T13:34:16-05:00,"Vía al Refugio Ribas, Mejia, Pichincha, EC",False,research,-0.6535,-78.4362
inatneg_340867985_620393839.jpg,Lycalopex culpaeus,340867985,620393839,https://inaturalist-open-data.s3.amazonaws.com/photos/620393839/large.jpg,cc-by-nc,"(c) bionerdkevin, some rights reserved (CC BY-NC)",bionerdkevin,2026-02-17,2026-02-17T10:13:00-05:00,"Archidona Canton, Ecuador",False,research,-0.5275513344,-78.2474150239
inatneg_340867985_624635891.jpg,Lycalopex culpaeus,340867985,624635891,https://inaturalist-open-data.s3.amazonaws.com/photos/624635891/large.jpg,cc-by-nc,"(c) bionerdkevin, some rights reserved (CC BY-NC)",bionerdkevin,2026-02-17,2026-02-17T10:13:00-05:00,"Archidona Canton, Ecuador",False,research,-0.5275513344,-78.2474150239
inatneg_390246154_714925660.jpg,Tapirus pinchaque,390246154,714925660,https://inaturalist-open-data.s3.amazonaws.com/photos/714925660/large.jpg,cc-by-nc,"(c) Alex Boas, some rights reserved (CC BY-NC)",alexboasphoto,2026-08-10,2026-08-10T09:07:43-05:00,Ecuador,False,research,-0.2721178891,-78.0408587653
inatneg_390246154_714925679.jpg,Tapirus pinchaque,390246154,714925679,https://inaturalist-open-data.s3.amazonaws.com/photos/714925679/large.jpg,cc-by-nc,"(c) Alex Boas, some rights reserved (CC BY-NC)",alexboasphoto,2026-08-10,2026-08-10T09:07:43-05:00,Ecuador,False,research,-0.2721178891,-78.0408587653
inatneg_378759339_692754548.jpg,Tapirus pinchaque,378759339,692754548,https://inaturalist-open-data.s3.amazonaws.com/photos/692754548/large.gif,cc-by-nc,"(c) Savimbo, some rights reserved (CC BY-NC)",savimbo,2024-10-07,2024-10-07T16:48:00-05:00,Colombia,False,research,1.3403044406,-76.8174335558
inatneg_378756100_692748026.jpg,Tapirus pinchaque,378756100,692748026,https://inaturalist-open-data.s3.amazonaws.com/photos/692748026/large.gif,cc-by-nc,"(c) Savimbo, some rights reserved (CC BY-NC)",savimbo,2024-10-04,2024-10-04T23:43:00-05:00,Colombia,False,research,1.333902866,-76.9460747203
inatneg_376691467_688763582.jpg,Tapirus pinchaque,376691467,688763582,https://inaturalist-open-data.s3.amazonaws.com/photos/688763582/large.jpg,cc-by-nc,"(c) osoandino, some rights reserved (CC BY-NC)",osoandino,2026-06-29,2026-06-29T18:11:45-05:00,"Napo, EC",False,research,-0.4822352551,-77.9598940235
inatneg_371632934_679017240.jpg,Tapirus pinchaque,371632934,679017240,https://inaturalist-open-data.s3.amazonaws.com/photos/679017240/large.jpg,cc-by-nc,"(c) Erick Madison Cando Urcuango, some rights reserved (CC BY-NC)",erick_madison,2026-06-13,,Ecuador,False,research,-0.2675908431,-78.0147878811
inatneg_371632934_679017293.jpg,Tapirus pinchaque,371632934,679017293,https://inaturalist-open-data.s3.amazonaws.com/photos/679017293/large.jpg,cc-by-nc,"(c) Erick Madison Cando Urcuango, some rights reserved (CC BY-NC)",erick_madison,2026-06-13,,Ecuador,False,research,-0.2675908431,-78.0147878811
inatneg_369925305_675760121.jpg,Tapirus pinchaque,369925305,675760121,https://inaturalist-open-data.s3.amazonaws.com/photos/675760121/large.gif,cc-by-nc,"(c) Savimbo, some rights reserved (CC BY-NC)",savimbo,2024-10-07,2024-10-07T16:57:00-05:00,Colombia,False,research,1.2326130012,-76.9700161886
inatneg_362927059_662433437.jpg,Tapirus pinchaque,362927059,662433437,https://inaturalist-open-data.s3.amazonaws.com/photos/662433437/large.jpg,cc-by-nc,"(c) Scott Wieman, some rights reserved (CC BY-NC)",amurfalcon,2026-05-18,2026-05-18T17:44:00-05:00,"Napo, EC",False,research,-0.307641991,-78.1689565087
inatneg_362927059_662433481.jpg,Tapirus pinchaque,362927059,662433481,https://inaturalist-open-data.s3.amazonaws.com/photos/662433481/large.jpg,cc-by-nc,"(c) Scott Wieman, some rights reserved (CC BY-NC)",amurfalcon,2026-05-18,2026-05-18T17:44:00-05:00,"Napo, EC",False,research,-0.307641991,-78.1689565087
inatneg_361028588_658838963.jpg,Tapirus pinchaque,361028588,658838963,https://inaturalist-open-data.s3.amazonaws.com/photos/658838963/large.jpg,cc-by-nc,"(c) Moses J. Michelsohn, some rights reserved (CC BY-NC)",pecosvalleydiamond,2019-12-28,2019-12-28T05:29:00-05:00,"Napo, EC",False,research,-0.5754195802,-77.9684584277
inatneg_361028588_658838696.jpg,Tapirus pinchaque,361028588,658838696,https://inaturalist-open-data.s3.amazonaws.com/photos/658838696/large.jpg,cc-by-nc,"(c) Moses J. Michelsohn, some rights reserved (CC BY-NC)",pecosvalleydiamond,2019-12-28,2019-12-28T05:29:00-05:00,"Napo, EC",False,research,-0.5754195802,-77.9684584277
inatneg_350934564_640349457.jpg,Tapirus pinchaque,350934564,640349457,https://inaturalist-open-data.s3.amazonaws.com/photos/640349457/large.jpg,cc-by-nc,"(c) Daniel Eskildsen, some rights reserved (CC BY-NC)",dpeskildsen,2026-03-19,2026-03-19T08:00:00-05:00,Ecuador,False,research,-0.2565629388,-78.0783996934
inatneg_350934564_640349495.jpg,Tapirus pinchaque,350934564,640349495,https://inaturalist-open-data.s3.amazonaws.com/photos/640349495/large.jpg,cc-by-nc,"(c) Daniel Eskildsen, some rights reserved (CC BY-NC)",dpeskildsen,2026-03-19,2026-03-19T08:00:00-05:00,Ecuador,False,research,-0.2565629388,-78.0783996934
inatneg_349617552_637795623.jpg,Tapirus pinchaque,349617552,637795623,https://inaturalist-open-data.s3.amazonaws.com/photos/637795623/large.jpg,cc-by-nc,"(c) Michael Phillips, some rights reserved (CC BY-NC)",cw4phillips,2026-03-19,2026-03-19T20:30:00-05:00,"Napo, EC",False,research,-0.5510218558,-77.9510851255
inatneg_349617552_637795614.jpg,Tapirus pinchaque,349617552,637795614,https://inaturalist-open-data.s3.amazonaws.com/photos/637795614/large.jpg,cc-by-nc,"(c) Michael Phillips, some rights reserved (CC BY-NC)",cw4phillips,2026-03-19,2026-03-19T20:30:00-05:00,"Napo, EC",False,research,-0.5510218558,-77.9510851255
inatneg_345413678_629488185.jpg,Tapirus pinchaque,345413678,629488185,https://inaturalist-open-data.s3.amazonaws.com/photos/629488185/large.jpg,cc-by-nc,"(c) anna shakinovsky, some rights reserved (CC BY-NC)",ashakinovsky,2026-03-16,2026-03-16T19:06:20-05:00,Ecuador,False,research,-0.8864603262,-77.9165921263
inatneg_345413678_629488217.jpg,Tapirus pinchaque,345413678,629488217,https://inaturalist-open-data.s3.amazonaws.com/photos/629488217/large.jpg,cc-by-nc,"(c) anna shakinovsky, some rights reserved (CC BY-NC)",ashakinovsky,2026-03-16,2026-03-16T19:06:20-05:00,Ecuador,False,research,-0.8864603262,-77.9165921263
inatneg_345028290_628725976.jpg,Tapirus pinchaque,345028290,628725976,https://inaturalist-open-data.s3.amazonaws.com/photos/628725976/large.jpg,cc-by-nc,"(c) Vanesa Cruz Jumbo, some rights reserved (CC BY-NC)",vkcruzjumbo,2022-02-13,2022-02-13T15:38:00-05:00,Ecuador,False,research,-0.1268521795,-77.5743841822
inatneg_345028290_628725925.jpg,Tapirus pinchaque,345028290,628725925,https://inaturalist-open-data.s3.amazonaws.com/photos/628725925/large.jpg,cc-by-nc,"(c) Vanesa Cruz Jumbo, some rights reserved (CC BY-NC)",vkcruzjumbo,2022-02-13,2022-02-13T15:38:00-05:00,Ecuador,False,research,-0.1268521795,-77.5743841822
inatneg_345006608_628681618.jpg,Tapirus pinchaque,345006608,628681618,https://inaturalist-open-data.s3.amazonaws.com/photos/628681618/large.jpg,cc-by-nc,"(c) Vanesa Cruz Jumbo, some rights reserved (CC BY-NC)",vkcruzjumbo,2020-12-17,2020-12-17T16:30:00-05:00,Ecuador,False,research,-0.0593571296,-77.5027079957
inatneg_344020694_626767554.jpg,Tapirus pinchaque,344020694,626767554,https://inaturalist-open-data.s3.amazonaws.com/photos/626767554/large.jpg,cc-by-nc,"(c) Barna Takats, some rights reserved (CC BY-NC)",beavisnail,2025-12-11,2025-12-11T08:04:00-05:00,Ecuador,False,research,-0.3256563353,-78.0902711638
inatneg_344020694_626767470.jpg,Tapirus pinchaque,344020694,626767470,https://inaturalist-open-data.s3.amazonaws.com/photos/626767470/large.jpg,cc-by-nc,"(c) Barna Takats, some rights reserved (CC BY-NC)",beavisnail,2025-12-11,2025-12-11T08:04:00-05:00,Ecuador,False,research,-0.3256563353,-78.0902711638
inatneg_343892458_626359947.jpg,Tapirus pinchaque,343892458,626359947,https://inaturalist-open-data.s3.amazonaws.com/photos/626359947/large.jpg,cc-by,"(c) Tom Field, some rights reserved (CC BY)",tomfeild,2023-02-03,2023-02-03T06:05:00-05:00,"Napo, EC",False,research,-0.4615345111,-77.9488835368
inatneg_343892458_626359950.jpg,Tapirus pinchaque,343892458,626359950,https://inaturalist-open-data.s3.amazonaws.com/photos/626359950/large.jpg,cc-by,"(c) Tom Field, some rights reserved (CC BY)",tomfeild,2023-02-03,2023-02-03T06:05:00-05:00,"Napo, EC",False,research,-0.4615345111,-77.9488835368
inatneg_340106705_618853401.jpg,Tapirus pinchaque,340106705,618853401,https://inaturalist-open-data.s3.amazonaws.com/photos/618853401/large.jpg,cc-by-nc,"(c) Isaac, some rights reserved (CC BY-NC)",isaacpe,2026-02-22,2026-02-22T15:19:00-05:00,Ecuador,False,research,-0.2281648449,-78.1839966569
inatneg_338746760_616091877.jpg,Tapirus pinchaque,338746760,616091877,https://inaturalist-open-data.s3.amazonaws.com/photos/616091877/large.jpg,cc-by-nc,"(c) Vicki McKay, some rights reserved (CC BY-NC)",vmckay,2026-01-31,2026-01-31T10:04:38-05:00,"Napo, EC",False,research,-0.3035371074,-78.1835065321
inatneg_338746760_616091885.jpg,Tapirus pinchaque,338746760,616091885,https://inaturalist-open-data.s3.amazonaws.com/photos/616091885/large.jpg,cc-by-nc,"(c) Vicki McKay, some rights reserved (CC BY-NC)",vmckay,2026-01-31,2026-01-31T10:04:38-05:00,"Napo, EC",False,research,-0.3035371074,-78.1835065321
inatneg_338728511_616056481.jpg,Tapirus pinchaque,338728511,616056481,https://inaturalist-open-data.s3.amazonaws.com/photos/616056481/large.jpg,cc-by-nc,"(c) pierreyveshenry, some rights reserved (CC BY-NC)",pierreyveshenry,2006-11-13,,Ecuador,False,research,-1.0513182363,-78.3424042098
inatneg_336018244_610536905.jpg,Tapirus pinchaque,336018244,610536905,https://inaturalist-open-data.s3.amazonaws.com/photos/610536905/large.jpg,cc-by-nc,"(c) Cat McGraw, some rights reserved (CC BY-NC)",catmcgr8,2025-01-17,2025-01-17T18:19:10-05:00,"Napo, EC",False,research,-0.7127556451,-77.8193362272
inatneg_332243918_602914841.jpg,Tapirus pinchaque,332243918,602914841,https://inaturalist-open-data.s3.amazonaws.com/photos/602914841/large.jpg,cc-by-nc,"(c) John Sterling, some rights reserved (CC BY-NC)",jsterling60,2021-12-10,2021-12-10T03:26:40-05:00,"Napo, EC",False,research,-0.4661081274,-77.8827008603
inatneg_318783872_576181736.jpg,Tapirus pinchaque,318783872,576181736,https://inaturalist-open-data.s3.amazonaws.com/photos/576181736/large.jpg,cc-by-nc,"(c) ecodanielle, some rights reserved (CC BY-NC)",ecodanielle,2025-10-04,2025-10-04T17:53:44-05:00,"Napo, EC",False,research,-0.3254262562,-78.0230619712
inatneg_318783872_576181739.jpg,Tapirus pinchaque,318783872,576181739,https://inaturalist-open-data.s3.amazonaws.com/photos/576181739/large.jpg,cc-by-nc,"(c) ecodanielle, some rights reserved (CC BY-NC)",ecodanielle,2025-10-04,2025-10-04T17:53:44-05:00,"Napo, EC",False,research,-0.3254262562,-78.0230619712
inatneg_314792823_568594455.jpg,Tapirus pinchaque,314792823,568594455,https://inaturalist-open-data.s3.amazonaws.com/photos/568594455/large.jpg,cc-by-nc,"(c) Bud Lensing, some rights reserved (CC BY-NC)",blensing,2025-09-15,2025-09-15T05:51:00-05:00,"Napo, EC",False,research,-0.4323555444,-77.9178288716
inatneg_308832151_557219129.jpg,Tapirus pinchaque,308832151,557219129,https://inaturalist-open-data.s3.amazonaws.com/photos/557219129/large.jpg,cc-by-nc,"(c) Jarne, some rights reserved (CC BY-NC)",jarnejarne,2025-08-24,2025-08-24T12:26:44-05:00,Ecuador,False,research,-0.287190435,-78.1280648866
inatneg_306909419_553515742.jpg,Tapirus pinchaque,306909419,553515742,https://inaturalist-open-data.s3.amazonaws.com/photos/553515742/large.jpg,cc-by-nc,"(c) Jeremy Dominguez, some rights reserved (CC BY-NC)",jeremyxrocks,2022-11-28,2022-11-28T15:44:28-05:00,"Napo, EC",False,research,-0.7821123311,-77.6908363216
inatneg_303694077_547406279.jpg,Tapirus pinchaque,303694077,547406279,https://inaturalist-open-data.s3.amazonaws.com/photos/547406279/large.jpg,cc-by-nc,"(c) Luis Yupa, some rights reserved (CC BY-NC)",luisyupa,2025-08-03,2025-08-03T17:49:53-05:00,Ecuador,False,research,-0.2358500715,-78.0909191921
inatneg_303694077_547406322.jpg,Tapirus pinchaque,303694077,547406322,https://inaturalist-open-data.s3.amazonaws.com/photos/547406322/large.jpg,cc-by-nc,"(c) Luis Yupa, some rights reserved (CC BY-NC)",luisyupa,2025-08-03,2025-08-03T17:49:53-05:00,Ecuador,False,research,-0.2358500715,-78.0909191921
inatneg_287179549_516347450.jpg,Tapirus pinchaque,287179549,516347450,https://inaturalist-open-data.s3.amazonaws.com/photos/516347450/large.jpg,cc-by-nc,"(c) Nelson Apolo, some rights reserved (CC BY-NC)",ecuadornaturetours,2025-05-30,2025-05-30T17:05:27-05:00,Ecuador,False,research,-0.248284716,-78.0688444388
inatneg_286421609_514913813.jpg,Tapirus pinchaque,286421609,514913813,https://inaturalist-open-data.s3.amazonaws.com/photos/514913813/large.jpg,cc-by-nc,"(c) JENNIFER ALEXANDRA PINTO SUMBA, some rights reserved (CC BY-NC)",jennifer_alexandra2,2025-06-01,2025-06-01T10:26:00-05:00,"Morona, EC-MS, EC",False,research,-2.3316643462,-78.1844981118
inatneg_286357789_514790700.jpg,Tapirus pinchaque,286357789,514790700,https://inaturalist-open-data.s3.amazonaws.com/photos/514790700/large.jpg,cc-by,"(c) Francisco Sánchez Karste, some rights reserved (CC BY)",fkarste,2015-03-24,2015-03-24T08:55:00-05:00,Ecuador,False,research,-2.7522823861,-79.3434766802
inatneg_286357513_514790392.jpg,Tapirus pinchaque,286357513,514790392,https://inaturalist-open-data.s3.amazonaws.com/photos/514790392/large.jpg,cc-by,"(c) Francisco Sánchez Karste, some rights reserved (CC BY)",fkarste,2021-07-26,2021-07-26T17:16:00-05:00,Ecuador,False,research,-2.5842919996,-79.2364840387
inatneg_286357301_514789789.jpg,Tapirus pinchaque,286357301,514789789,https://inaturalist-open-data.s3.amazonaws.com/photos/514789789/large.jpg,cc-by,"(c) Francisco Sánchez Karste, some rights reserved (CC BY)",fkarste,2024-02-24,2024-02-24T09:36:00-05:00,Ecuador,False,research,-2.7633199728,-79.2295474389
inatneg_286357035_514789312.jpg,Tapirus pinchaque,286357035,514789312,https://inaturalist-open-data.s3.amazonaws.com/photos/514789312/large.jpg,cc-by,"(c) Francisco Sánchez Karste, some rights reserved (CC BY)",fkarste,2020-01-13,2020-01-13T09:32:00-05:00,Ecuador,False,research,-2.6825100338,-79.3459305693
inatneg_286356714_514788836.jpg,Tapirus pinchaque,286356714,514788836,https://inaturalist-open-data.s3.amazonaws.com/photos/514788836/large.jpg,cc-by,"(c) Francisco Sánchez Karste, some rights reserved (CC BY)",fkarste,2024-10-07,2024-10-07T13:46:00-05:00,Ecuador,False,research,-2.7244455335,-79.2720747848
inatneg_286356520_514788400.jpg,Tapirus pinchaque,286356520,514788400,https://inaturalist-open-data.s3.amazonaws.com/photos/514788400/large.jpg,cc-by,"(c) Francisco Sánchez Karste, some rights reserved (CC BY)",fkarste,2024-08-28,2024-08-28T11:55:00-05:00,Ecuador,False,research,-2.6951272651,-79.2693001448
inatneg_281076237_504879149.jpg,Tapirus pinchaque,281076237,504879149,https://inaturalist-open-data.s3.amazonaws.com/photos/504879149/large.jpg,cc-by-nc,"(c) Luis Yupa, some rights reserved (CC BY-NC)",luisyupa,2024-08-30,2024-08-30T14:33:00-05:00,Ecuador,False,research,-0.5292795161,-78.0110849984
inatneg_277644701_498535112.jpg,Tapirus pinchaque,277644701,498535112,https://inaturalist-open-data.s3.amazonaws.com/photos/498535112/large.jpg,cc-by-nc,"(c) scchaney, some rights reserved (CC BY-NC)",scchaney,2025-05-01,2025-05-01T17:32:53-05:00,Ecuador,False,research,-0.2300335108,-78.3005351507
inatneg_271831797_488997354.jpg,Tapirus pinchaque,271831797,488997354,https://inaturalist-open-data.s3.amazonaws.com/photos/488997354/large.jpg,cc-by-nc,"(c) samanthanreyes, some rights reserved (CC BY-NC)",samanthanreyes,2025-03-28,2025-03-28T16:52:30-05:00,Ecuador,False,research,-0.2728284221,-78.3448504908
inatneg_271831797_488997399.jpg,Tapirus pinchaque,271831797,488997399,https://inaturalist-open-data.s3.amazonaws.com/photos/488997399/large.jpg,cc-by-nc,"(c) samanthanreyes, some rights reserved (CC BY-NC)",samanthanreyes,2025-03-28,2025-03-28T16:52:30-05:00,Ecuador,False,research,-0.2728284221,-78.3448504908
inatneg_269634469_484820609.jpg,Tapirus pinchaque,269634469,484820609,https://inaturalist-open-data.s3.amazonaws.com/photos/484820609/large.jpg,cc-by-nc,"(c) Karl Kroeker, some rights reserved (CC BY-NC)",kkrockytop,2025-03-02,2025-03-02T19:57:00-05:00,"Napo, EC",False,research,-0.5967425761,-77.8177765463
inatneg_268507329_482642099.jpg,Tapirus pinchaque,268507329,482642099,https://inaturalist-open-data.s3.amazonaws.com/photos/482642099/large.jpeg,cc-by-nc,"(c) martyhing, some rights reserved (CC BY-NC)",martyhing,2025-03-21,2025-03-21T09:04:00-05:00,"Napo, EC",False,research,-0.5514453889,-77.8771698598
inatneg_264029278_474419408.jpg,Tapirus pinchaque,264029278,474419408,https://inaturalist-open-data.s3.amazonaws.com/photos/474419408/large.png,cc-by-nc,"(c) Armando Castellanos, some rights reserved (CC BY-NC)",armando_castellanos,2025-03-05,2025-03-05T18:03:00-05:00,Ecuador,False,research,0.3927006336,-77.8855408488
inatneg_262938279_472270691.jpg,Tapirus pinchaque,262938279,472270691,https://inaturalist-open-data.s3.amazonaws.com/photos/472270691/large.jpeg,cc-by-nc,"(c) Justyn Stahl, some rights reserved (CC BY-NC)",vireolanius,2025-02-12,2025-02-12T22:07:00-05:00,"Napo, EC",False,research,-0.4390814826,-77.8536542604
inatneg_262938279_472270702.jpg,Tapirus pinchaque,262938279,472270702,https://inaturalist-open-data.s3.amazonaws.com/photos/472270702/large.jpeg,cc-by-nc,"(c) Justyn Stahl, some rights reserved (CC BY-NC)",vireolanius,2025-02-12,2025-02-12T22:07:00-05:00,"Napo, EC",False,research,-0.4390814826,-77.8536542604
inatneg_261800881_470409179.jpg,Tapirus pinchaque,261800881,470409179,https://inaturalist-open-data.s3.amazonaws.com/photos/470409179/large.png,cc-by-nc,"(c) ethan currens, some rights reserved (CC BY-NC)",ethanec,2025-02-06,2025-02-06T08:35:00-05:00,Ecuador,False,research,-1.225098237,-78.4465057215
inatneg_261800881_470409184.jpg,Tapirus pinchaque,261800881,470409184,https://inaturalist-open-data.s3.amazonaws.com/photos/470409184/large.png,cc-by-nc,"(c) ethan currens, some rights reserved (CC BY-NC)",ethanec,2025-02-06,2025-02-06T08:35:00-05:00,Ecuador,False,research,-1.225098237,-78.4465057215
inatneg_261072861_468961470.jpg,Tapirus pinchaque,261072861,468961470,https://inaturalist-open-data.s3.amazonaws.com/photos/468961470/large.jpg,cc-by-nc,"(c) Alex Bentley, some rights reserved (CC BY-NC)",agbentley77,2025-02-08,2025-02-08T12:53:48-05:00,Ecuador,False,research,-1.3424679225,-78.4580891602
inatneg_261072861_468961496.jpg,Tapirus pinchaque,261072861,468961496,https://inaturalist-open-data.s3.amazonaws.com/photos/468961496/large.jpg,cc-by-nc,"(c) Alex Bentley, some rights reserved (CC BY-NC)",agbentley77,2025-02-08,2025-02-08T12:53:48-05:00,Ecuador,False,research,-1.3424679225,-78.4580891602
inatneg_260657729_468138729.jpg,Tapirus pinchaque,260657729,468138729,https://inaturalist-open-data.s3.amazonaws.com/photos/468138729/large.jpg,cc-by-nc,"(c) Santiago Salazar, some rights reserved (CC BY-NC)",neotropical_nature_birding,2025-02-02,2025-02-02T20:00:08-05:00,"Napo, EC",False,research,-0.4774523739,-77.9678842894
inatneg_255111053_457102107.jpg,Tapirus pinchaque,255111053,457102107,https://inaturalist-open-data.s3.amazonaws.com/photos/457102107/large.jpg,cc-by-nc,"(c) Christopher Boccia, some rights reserved (CC BY-NC)",terciopelo,2022-05-21,2022-05-21T21:54:00-05:00,"Napo, EC",False,research,-0.43549992,-77.8673177661
inatneg_254191187_455249929.jpg,Tapirus pinchaque,254191187,455249929,https://inaturalist-open-data.s3.amazonaws.com/photos/455249929/large.jpeg,cc-by-nc,"(c) Sebastian Thorup Hansen, some rights reserved (CC BY-NC)",sebastian_thorup_hansen,2023-02-27,2023-02-27T15:57:31-05:00,Ecuador,False,research,-0.2173318073,-78.0913258807
inatneg_253616169_454150404.jpg,Tapirus pinchaque,253616169,454150404,https://inaturalist-open-data.s3.amazonaws.com/photos/454150404/large.jpeg,cc-by-nc,"(c) claritali, some rights reserved (CC BY-NC)",claritali,2024-11-29,2024-11-29T20:48:48-05:00,"Napo, EC",False,research,-0.4262670148,-77.8618731942
inatneg_253503782_453924412.jpg,Tapirus pinchaque,253503782,453924412,https://inaturalist-open-data.s3.amazonaws.com/photos/453924412/large.jpeg,cc-by-nc,"(c) Babette Köhler, some rights reserved (CC BY-NC)",bette_koebri,2024-11-28,2024-11-28T18:30:16-05:00,"Napo, EC",False,research,-0.5962056776,-77.8812797914
inatneg_250504276_448032493.jpg,Tapirus pinchaque,250504276,448032493,https://inaturalist-open-data.s3.amazonaws.com/photos/448032493/large.jpeg,cc-by-nc,"(c) Thibaut Foch, some rights reserved (CC BY-NC)",tibofoch,2024-11-04,2024-11-04T16:27:12-05:00,Ecuador,False,research,-1.4192427424,-78.4474328844
inatneg_247481117_442013485.jpg,Tapirus pinchaque,247481117,442013485,https://inaturalist-open-data.s3.amazonaws.com/photos/442013485/large.jpg,cc-by-nc,"(c) 昆虫学liuye, some rights reserved (CC BY-NC)",liuye,2023-03-07,2023-03-07T03:10:00-05:00,"Napo, EC",False,research,-0.5534862102,-77.8410532021
inatneg_247481116_442013368.jpg,Tapirus pinchaque,247481116,442013368,https://inaturalist-open-data.s3.amazonaws.com/photos/442013368/large.jpg,cc-by-nc,"(c) 昆虫学liuye, some rights reserved (CC BY-NC)",liuye,2023-03-07,2023-03-07T03:10:00-05:00,"Napo, EC",False,research,-0.4099749424,-77.9678029027
inatneg_247481111_442013475.jpg,Tapirus pinchaque,247481111,442013475,https://inaturalist-open-data.s3.amazonaws.com/photos/442013475/large.jpg,cc-by-nc,"(c) 昆虫学liuye, some rights reserved (CC BY-NC)",liuye,2023-03-07,2023-03-07T03:10:00-05:00,"Napo, EC",False,research,-0.4052499531,-77.8313941517
inatneg_244314768_435786387.jpg,Tapirus pinchaque,244314768,435786387,https://inaturalist-open-data.s3.amazonaws.com/photos/435786387/large.jpg,cc-by-nc,"(c) Royle Safaris, some rights reserved (CC BY-NC)",roylesafaris,2024-09-10,2024-09-10T15:48:00-05:00,"Napo, EC",False,research,-0.4973164178,-77.9103810055
inatneg_244314768_435786388.jpg,Tapirus pinchaque,244314768,435786388,https://inaturalist-open-data.s3.amazonaws.com/photos/435786388/large.jpg,cc-by-nc,"(c) Royle Safaris, some rights reserved (CC BY-NC)",roylesafaris,2024-09-10,2024-09-10T15:48:00-05:00,"Napo, EC",False,research,-0.4973164178,-77.9103810055
inatneg_396744680_727587694.jpg,Puma concolor,396744680,727587694,https://inaturalist-open-data.s3.amazonaws.com/photos/727587694/large.jpg,cc-by-nc,"(c) EL NEGRO, some rights reserved (CC BY-NC)",wilson_ayovi,2026-09-02,2026-09-02T11:32:00-05:00,"Quinindé, EC-ES, EC",False,research,0.477407899,-79.2765203118
inatneg_396744680_727587724.jpg,Puma concolor,396744680,727587724,https://inaturalist-open-data.s3.amazonaws.com/photos/727587724/large.jpg,cc-by-nc,"(c) EL NEGRO, some rights reserved (CC BY-NC)",wilson_ayovi,2026-09-02,2026-09-02T11:32:00-05:00,"Quinindé, EC-ES, EC",False,research,0.477407899,-79.2765203118
inatneg_393683815_721627404.jpg,Puma concolor,393683815,721627404,https://inaturalist-open-data.s3.amazonaws.com/photos/721627404/large.jpg,cc-by-nc,"(c) Diego Naranjo-Cruz, some rights reserved (CC BY-NC)",diego_naranjo,2026-08-21,2026-08-21T22:03:00-05:00,"Orellana, Ecuador",False,research,-0.877670291,-76.9254112319
inatneg_393683815_721627407.jpg,Puma concolor,393683815,721627407,https://inaturalist-open-data.s3.amazonaws.com/photos/721627407/large.jpg,cc-by-nc,"(c) Diego Naranjo-Cruz, some rights reserved (CC BY-NC)",diego_naranjo,2026-08-21,2026-08-21T22:03:00-05:00,"Orellana, Ecuador",False,research,-0.877670291,-76.9254112319
inatneg_391959695_718253835.jpg,Puma concolor,391959695,718253835,https://inaturalist-open-data.s3.amazonaws.com/photos/718253835/large.gif,cc-by-nc,"(c) Savimbo, some rights reserved (CC BY-NC)",savimbo,2026-07-08,2026-07-08T18:06:00-05:00,"Putumayo, CO",False,research,0.8056738082,-76.7662461535
inatneg_388844751_712209599.jpg,Puma concolor,388844751,712209599,https://inaturalist-open-data.s3.amazonaws.com/photos/712209599/large.jpg,cc-by-nc,"(c) Søren Hoff Brøndum, some rights reserved (CC BY-NC)",shbnature,2011-07-09,2011-07-09T22:09:00-05:00,"Via Puyo-Macas KM 47, 160101 Puyo, Ecuador",False,research,-1.7850576,-77.8333348
inatneg_387141560_708894568.jpg,Puma concolor,387141560,708894568,https://inaturalist-open-data.s3.amazonaws.com/photos/708894568/large.jpg,cc-by-nc,"(c) Marco Jipa, some rights reserved (CC BY-NC)",marcojipa,2026-08-01,2026-08-01T05:47:51-05:00,"Avila (Cab. en Huiruno), Ecuador",False,research,-0.6317,-77.429325
inatneg_383480751_701879945.jpg,Puma concolor,383480751,701879945,https://inaturalist-open-data.s3.amazonaws.com/photos/701879945/large.gif,cc-by-nc,"(c) Savimbo, some rights reserved (CC BY-NC)",savimbo,2026-06-15,2026-06-15T08:43:00-05:00,"Putumayo, CO",False,research,0.9982618466,-76.6843303281
inatneg_382202303_699421972.jpg,Puma concolor,382202303,699421972,https://inaturalist-open-data.s3.amazonaws.com/photos/699421972/large.jpg,cc-by-nc,"(c) Søren Hoff Brøndum, some rights reserved (CC BY-NC)",shbnature,2011-01-10,2011-01-10T17:39:00-05:00,"Pastaza Canton, Ecuador",False,research,-1.7948774727,-77.7994013253
inatneg_382202301_699421975.jpg,Puma concolor,382202301,699421975,https://inaturalist-open-data.s3.amazonaws.com/photos/699421975/large.jpg,cc-by-nc,"(c) Søren Hoff Brøndum, some rights reserved (CC BY-NC)",shbnature,2011-01-10,2011-01-10T06:57:00-05:00,"Pastaza Canton, Ecuador",False,research,-1.7936100853,-77.8064394427
inatneg_378754321_692745196.jpg,Puma concolor,378754321,692745196,https://inaturalist-open-data.s3.amazonaws.com/photos/692745196/large.gif,cc-by-nc,"(c) Savimbo, some rights reserved (CC BY-NC)",savimbo,2026-05-29,2026-05-29T21:10:00-05:00,"Putumayo, CO",False,research,0.8710055495,-76.7159286941
inatneg_374493222_684510763.jpg,Puma concolor,374493222,684510763,https://inaturalist-open-data.s3.amazonaws.com/photos/684510763/large.gif,cc-by-nc,"(c) Savimbo, some rights reserved (CC BY-NC)",savimbo,2026-05-03,2026-05-03T09:06:00-05:00,"Putumayo, CO",False,research,0.8854639349,-76.7859234966
inatneg_369924096_675758396.jpg,Puma concolor,369924096,675758396,https://inaturalist-open-data.s3.amazonaws.com/photos/675758396/large.gif,cc-by-nc,"(c) Savimbo, some rights reserved (CC BY-NC)",savimbo,2025-12-17,2025-12-17T05:58:00-05:00,Colombia,False,research,1.2327438655,-76.9558015757
inatneg_369923459_675756306.jpg,Puma concolor,369923459,675756306,https://inaturalist-open-data.s3.amazonaws.com/photos/675756306/large.gif,cc-by-nc,"(c) Savimbo, some rights reserved (CC BY-NC)",savimbo,2026-04-15,2026-04-15T05:42:00-05:00,Colombia,False,research,1.2415359172,-76.9137606089
inatneg_369921676_675753541.jpg,Puma concolor,369921676,675753541,https://inaturalist-open-data.s3.amazonaws.com/photos/675753541/large.gif,cc-by-nc,"(c) Savimbo, some rights reserved (CC BY-NC)",savimbo,2024-06-04,2024-06-04T11:41:00-05:00,"Arajuno Cantón, Ecuador",False,research,-1.390137,-77.28937
inatneg_369921373_675752710.jpg,Puma concolor,369921373,675752710,https://inaturalist-open-data.s3.amazonaws.com/photos/675752710/large.gif,cc-by-nc,"(c) Savimbo, some rights reserved (CC BY-NC)",savimbo,2024-01-22,2024-01-22T03:21:00-05:00,"Arajuno Cantón, Ecuador",False,research,-1.39386,-77.315092
inatneg_369920863_675751956.jpg,Puma concolor,369920863,675751956,https://inaturalist-open-data.s3.amazonaws.com/photos/675751956/large.gif,cc-by-nc,"(c) Savimbo, some rights reserved (CC BY-NC)",savimbo,2025-06-05,2025-06-05T16:03:00-05:00,"Arajuno Cantón, Ecuador",False,research,-1.383746,-77.291965
inatneg_369877179_675664131.jpg,Puma concolor,369877179,675664131,https://inaturalist-open-data.s3.amazonaws.com/photos/675664131/large.gif,cc-by-nc,"(c) Savimbo, some rights reserved (CC BY-NC)",savimbo,2026-04-16,2026-04-16T20:25:00-05:00,"Putumayo, CO",False,research,0.9664411526,-76.6421912617
inatneg_369871481_675652297.jpg,Puma concolor,369871481,675652297,https://inaturalist-open-data.s3.amazonaws.com/photos/675652297/large.gif,cc-by-nc,"(c) Savimbo, some rights reserved (CC BY-NC)",savimbo,2026-04-23,2026-04-23T07:29:00-05:00,"Putumayo, CO",False,research,0.8165635948,-76.7928366298
inatneg_365600259_667513880.jpg,Puma concolor,365600259,667513880,https://inaturalist-open-data.s3.amazonaws.com/photos/667513880/large.gif,cc-by-nc,"(c) Savimbo, some rights reserved (CC BY-NC)",savimbo,2026-04-25,2026-04-25T23:39:00-05:00,"Putumayo, CO",False,research,0.9152527187,-76.6685890264
inatneg_365598673_667510705.jpg,Puma concolor,365598673,667510705,https://inaturalist-open-data.s3.amazonaws.com/photos/667510705/large.gif,cc-by-nc,"(c) Savimbo, some rights reserved (CC BY-NC)",savimbo,2026-02-14,2026-02-14T02:10:00-05:00,"Putumayo, CO",False,research,0.9877401291,-76.75381478
inatneg_365597865_667509059.jpg,Puma concolor,365597865,667509059,https://inaturalist-open-data.s3.amazonaws.com/photos/667509059/large.gif,cc-by-nc,"(c) Savimbo, some rights reserved (CC BY-NC)",savimbo,2026-02-11,2026-02-11T17:15:00-05:00,"Putumayo, CO",False,research,0.9359153037,-76.7419363963
inatneg_365276920_666892493.jpg,Puma concolor,365276920,666892493,https://inaturalist-open-data.s3.amazonaws.com/photos/666892493/large.jpg,cc-by,"(c) Sebastián Ordóñez, some rights reserved (CC BY)",sebas_o,2026-05-20,2026-05-20T14:56:53-05:00,"8WVH+GQP Parque Nacional Yasuní, Ecuador",False,research,-0.6363802313,-76.1494743079
inatneg_365276920_666892533.jpg,Puma concolor,365276920,666892533,https://inaturalist-open-data.s3.amazonaws.com/photos/666892533/large.jpg,cc-by,"(c) Sebastián Ordóñez, some rights reserved (CC BY)",sebas_o,2026-05-20,2026-05-20T14:56:53-05:00,"8WVH+GQP Parque Nacional Yasuní, Ecuador",False,research,-0.6363802313,-76.1494743079
inatneg_361303520_659366961.jpg,Puma concolor,361303520,659366961,https://inaturalist-open-data.s3.amazonaws.com/photos/659366961/large.jpg,cc-by-nc,"(c) Alex Bentley, some rights reserved (CC BY-NC)",agbentley77,2026-03-22,2026-03-22T16:06:00-05:00,"Mera, Ecuador",False,research,-1.3921547658,-78.1072315318
inatneg_361303520_659368688.jpg,Puma concolor,361303520,659368688,https://inaturalist-open-data.s3.amazonaws.com/photos/659368688/large.jpg,cc-by-nc,"(c) Alex Bentley, some rights reserved (CC BY-NC)",agbentley77,2026-03-22,2026-03-22T16:06:00-05:00,"Mera, Ecuador",False,research,-1.3921547658,-78.1072315318
inatneg_359966743_656809164.jpg,Puma concolor,359966743,656809164,https://inaturalist-open-data.s3.amazonaws.com/photos/656809164/large.jpg,cc-by-nc,"(c) David Urcuango Quinatoa, some rights reserved (CC BY-NC)",david_urcuango_quinatoa,2026-05-09,2026-05-09T15:22:18-05:00,"Via Papallacta Baeza, Quijos, Napo, EC",False,research,-0.4097449364,-78.0310594374
inatneg_350519521_639561446.jpg,Puma concolor,350519521,639561446,https://inaturalist-open-data.s3.amazonaws.com/photos/639561446/large.jpg,cc-by-nc,"(c) dejanire riveragallegos, some rights reserved (CC BY-NC)",dejanire,2026-04-17,2026-04-17T08:38:41-05:00,"34W7+JJ7, Quito, Ecuador",False,research,0.0948411911,-78.8867547736
inatneg_349933582_638412200.jpg,Puma concolor,349933582,638412200,https://inaturalist-open-data.s3.amazonaws.com/photos/638412200/large.gif,cc-by-nc,"(c) Savimbo, some rights reserved (CC BY-NC)",savimbo,2026-04-10,2026-04-10T08:20:00-05:00,"Lago Agrio Canton, Ecuador",False,research,0.3079,-77.167543
inatneg_349929007_638403104.jpg,Puma concolor,349929007,638403104,https://inaturalist-open-data.s3.amazonaws.com/photos/638403104/large.gif,cc-by-nc,"(c) Savimbo, some rights reserved (CC BY-NC)",savimbo,2026-01-01,2026-01-01T03:10:00-05:00,"Cascales, Ecuador",False,research,0.288018,-77.247485
inatneg_349799127_638150226.jpg,Puma concolor,349799127,638150226,https://inaturalist-open-data.s3.amazonaws.com/photos/638150226/large.gif,cc-by-nc,"(c) Savimbo, some rights reserved (CC BY-NC)",savimbo,2025-12-08,2025-12-08T17:56:00-05:00,"Putumayo, CO",False,research,0.8592673058,-76.7454052622
inatneg_349785092_638122318.jpg,Puma concolor,349785092,638122318,https://inaturalist-open-data.s3.amazonaws.com/photos/638122318/large.gif,cc-by-nc,"(c) Savimbo, some rights reserved (CC BY-NC)",savimbo,2025-12-03,2025-12-03T18:52:00-05:00,"Putumayo, CO",False,research,0.9930727454,-76.7311925833
inatneg_343971442_626674525.jpg,Puma concolor,343971442,626674525,https://inaturalist-open-data.s3.amazonaws.com/photos/626674525/large.jpg,cc-by-nc,"(c) Alex Reynolds, some rights reserved (CC BY-NC)",bosquenublado,2025-09-20,2025-09-20T07:06:00-05:00,"Cotacachi, Ecuador",False,research,0.3706352392,-78.4193672828
inatneg_343971442_626674545.jpg,Puma concolor,343971442,626674545,https://inaturalist-open-data.s3.amazonaws.com/photos/626674545/large.jpg,cc-by-nc,"(c) Alex Reynolds, some rights reserved (CC BY-NC)",bosquenublado,2025-09-20,2025-09-20T07:06:00-05:00,"Cotacachi, Ecuador",False,research,0.3706352392,-78.4193672828
inatneg_339668909_617954395.jpg,Puma concolor,339668909,617954395,https://inaturalist-open-data.s3.amazonaws.com/photos/617954395/large.jpg,cc-by-nc,"(c) Alex P., some rights reserved (CC BY-NC)",alp_,2026-02-19,2026-02-19T11:37:48-05:00,"Rock Trial, Quijos, Napo, EC",False,research,-0.5927033333,-77.888755
inatneg_339668909_617954485.jpg,Puma concolor,339668909,617954485,https://inaturalist-open-data.s3.amazonaws.com/photos/617954485/large.jpg,cc-by-nc,"(c) Alex P., some rights reserved (CC BY-NC)",alp_,2026-02-19,2026-02-19T11:37:48-05:00,"Rock Trial, Quijos, Napo, EC",False,research,-0.5927033333,-77.888755
inatneg_339342562_617292899.jpg,Puma concolor,339342562,617292899,https://inaturalist-open-data.s3.amazonaws.com/photos/617292899/large.gif,cc-by-nc,"(c) Savimbo, some rights reserved (CC BY-NC)",savimbo,2025-11-25,2025-11-25T23:47:00-05:00,"Putumayo, CO",False,research,0.8388903128,-76.6565794004
inatneg_338729160_616057940.jpg,Puma concolor,338729160,616057940,https://inaturalist-open-data.s3.amazonaws.com/photos/616057940/large.jpg,cc-by-nc,"(c) pierreyveshenry, some rights reserved (CC BY-NC)",pierreyveshenry,2006-11-14,2006-11-14T15:00:00-05:00,"Tena, Équateur",False,research,-1.1112741924,-78.3047450398
inatneg_338374880_615344572.jpg,Puma concolor,338374880,615344572,https://inaturalist-open-data.s3.amazonaws.com/photos/615344572/large.jpg,cc-by-nc,"(c) Alex Bentley, some rights reserved (CC BY-NC)",agbentley77,2025-12-29,2025-12-29T08:14:21-05:00,"Llanganates National Park, Mera, Pastaza, EC",False,research,-1.3919341071,-78.1072344229
inatneg_338374880_615344697.jpg,Puma concolor,338374880,615344697,https://inaturalist-open-data.s3.amazonaws.com/photos/615344697/large.jpg,cc-by-nc,"(c) Alex Bentley, some rights reserved (CC BY-NC)",agbentley77,2025-12-29,2025-12-29T08:14:21-05:00,"Llanganates National Park, Mera, Pastaza, EC",False,research,-1.3919341071,-78.1072344229
inatneg_333464688_605408035.jpg,Puma concolor,333464688,605408035,https://inaturalist-open-data.s3.amazonaws.com/photos/605408035/large.jpg,cc-by-nc,"(c) Diego Piñán Egas, some rights reserved (CC BY-NC)",diegopianegas,2025-10-16,2025-10-16T18:50:00-05:00,"GQ88+MM7, Cahuasquí, Ecuador",False,research,0.5166669202,-78.2333331183
inatneg_333464688_605408297.jpg,Puma concolor,333464688,605408297,https://inaturalist-open-data.s3.amazonaws.com/photos/605408297/large.jpg,cc-by-nc,"(c) Diego Piñán Egas, some rights reserved (CC BY-NC)",diegopianegas,2025-10-16,2025-10-16T18:50:00-05:00,"GQ88+MM7, Cahuasquí, Ecuador",False,research,0.5166669202,-78.2333331183
inatneg_331094592_600553370.jpg,Puma concolor,331094592,600553370,https://inaturalist-open-data.s3.amazonaws.com/photos/600553370/large.gif,cc-by-nc,"(c) Savimbo, some rights reserved (CC BY-NC)",savimbo,2025-11-08,2025-11-08T21:54:00-05:00,"Putumayo, CO",False,research,0.82879115,-76.6554124057
inatneg_330467927_599256972.jpg,Puma concolor,330467927,599256972,https://inaturalist-open-data.s3.amazonaws.com/photos/599256972/large.gif,cc-by-nc,"(c) Savimbo, some rights reserved (CC BY-NC)",savimbo,2025-10-20,2025-10-20T06:40:00-05:00,"Putumayo, CO",False,research,0.9348252454,-76.7710510563
inatneg_328526684_595331729.jpg,Puma concolor,328526684,595331729,https://inaturalist-open-data.s3.amazonaws.com/photos/595331729/large.gif,cc-by-nc,"(c) Savimbo, some rights reserved (CC BY-NC)",savimbo,2025-10-18,2025-10-18T17:58:00-05:00,"Lago Agrio Canton, Ecuador",False,research,0.306075,-77.175381
inatneg_328521906_595321713.jpg,Puma concolor,328521906,595321713,https://inaturalist-open-data.s3.amazonaws.com/photos/595321713/large.gif,cc-by-nc,"(c) Savimbo, some rights reserved (CC BY-NC)",savimbo,2025-08-08,2025-08-08T17:58:00-05:00,"Cascales, Ecuador",False,research,0.256282,-77.252217
inatneg_326979936_592298213.jpg,Puma concolor,326979936,592298213,https://inaturalist-open-data.s3.amazonaws.com/photos/592298213/large.gif,cc-by-nc,"(c) Savimbo, some rights reserved (CC BY-NC)",savimbo,2025-10-26,2025-10-26T06:40:00-05:00,"Putumayo, CO",False,research,0.8339189336,-76.6704064467
inatneg_326525751_591389505.jpg,Puma concolor,326525751,591389505,https://inaturalist-open-data.s3.amazonaws.com/photos/591389505/large.gif,cc-by-nc,"(c) Savimbo, some rights reserved (CC BY-NC)",savimbo,2025-09-19,2025-09-19T01:28:00-05:00,"Putumayo, CO",False,research,0.9046253619,-76.6869538507
inatneg_322860050_584131781.jpg,Puma concolor,322860050,584131781,https://inaturalist-open-data.s3.amazonaws.com/photos/584131781/large.jpg,cc-by,"(c) Francisco Sánchez Karste, some rights reserved (CC BY)",fkarste,2025-10-07,2025-10-07T07:29:00-05:00,"Camilo Ponce Enriquez, Ecuador",False,research,-2.825051,-79.563804
inatneg_322859579_584129929.jpg,Puma concolor,322859579,584129929,https://inaturalist-open-data.s3.amazonaws.com/photos/584129929/large.jpg,cc-by,"(c) Francisco Sánchez Karste, some rights reserved (CC BY)",fkarste,2025-09-04,2025-09-04T10:42:00-05:00,"Camilo Ponce Enriquez, Ecuador",False,research,-2.825065,-79.539422
inatneg_322859579_584129920.jpg,Puma concolor,322859579,584129920,https://inaturalist-open-data.s3.amazonaws.com/photos/584129920/large.jpg,cc-by,"(c) Francisco Sánchez Karste, some rights reserved (CC BY)",fkarste,2025-09-04,2025-09-04T10:42:00-05:00,"Camilo Ponce Enriquez, Ecuador",False,research,-2.825065,-79.539422
inatneg_318263404_575175769.jpg,Puma concolor,318263404,575175769,https://inaturalist-open-data.s3.amazonaws.com/photos/575175769/large.gif,cc-by-nc,"(c) Savimbo, some rights reserved (CC BY-NC)",savimbo,2025-09-01,2025-09-01T01:25:00-05:00,"Putumayo, CO",False,research,0.9045621595,-76.7044271548
inatneg_315848775_570613026.jpg,Puma concolor,315848775,570613026,https://inaturalist-open-data.s3.amazonaws.com/photos/570613026/large.gif,cc-by-nc,"(c) Savimbo, some rights reserved (CC BY-NC)",savimbo,2025-08-08,2025-08-08T15:53:00-05:00,"Putumayo, CO",False,research,0.8613769959,-76.6887056074
inatneg_315847055_570609741.jpg,Puma concolor,315847055,570609741,https://inaturalist-open-data.s3.amazonaws.com/photos/570609741/large.gif,cc-by-nc,"(c) Savimbo, some rights reserved (CC BY-NC)",savimbo,2025-07-20,2025-07-20T18:00:00-05:00,"Putumayo, CO",False,research,0.9685815917,-76.7303851102
inatneg_315837197_570592169.jpg,Puma concolor,315837197,570592169,https://inaturalist-open-data.s3.amazonaws.com/photos/570592169/large.gif,cc-by-nc,"(c) Savimbo, some rights reserved (CC BY-NC)",savimbo,2025-08-16,2025-08-16T12:42:00-05:00,"Putumayo, CO",False,research,0.8911675886,-76.6761167117
inatneg_311004254_561372107.jpg,Puma concolor,311004254,561372107,https://inaturalist-open-data.s3.amazonaws.com/photos/561372107/large.jpg,cc-by-nc,"(c) Kenneth Bader, some rights reserved (CC BY-NC)",kucycads,2025-09-01,2025-09-01T07:41:27-05:00,"Quito, Pichincha, EC",False,research,-0.4559744681,-78.3226262582
inatneg_311004254_561372144.jpg,Puma concolor,311004254,561372144,https://inaturalist-open-data.s3.amazonaws.com/photos/561372144/large.jpg,cc-by-nc,"(c) Kenneth Bader, some rights reserved (CC BY-NC)",kucycads,2025-09-01,2025-09-01T07:41:27-05:00,"Quito, Pichincha, EC",False,research,-0.4559744681,-78.3226262582
inatneg_310668143_560723267.jpg,Puma concolor,310668143,560723267,https://inaturalist-open-data.s3.amazonaws.com/photos/560723267/large.jpg,cc-by-nc,"(c) Andrés Urvina, some rights reserved (CC BY-NC)",andresurvina,2025-08-31,2025-08-31T10:28:03-05:00,"JGXW+M9R, Sangolquí, Ecuador",False,research,-0.3512541,-78.4547683
inatneg_300968124_542311981.jpg,Puma concolor,300968124,542311981,https://inaturalist-open-data.s3.amazonaws.com/photos/542311981/large.gif,cc-by-nc,"(c) Savimbo, some rights reserved (CC BY-NC)",savimbo,2019-03-02,2019-03-02T12:00:00-05:00,"Putumayo, CO",False,research,0.9753372123,-76.6233573165
inatneg_298945643_538537422.jpg,Puma concolor,298945643,538537422,https://inaturalist-open-data.s3.amazonaws.com/photos/538537422/large.gif,cc-by-nc,"(c) Savimbo, some rights reserved (CC BY-NC)",savimbo,2025-07-06,2025-07-06T23:45:00-05:00,"Putumayo, CO",False,research,0.9649545454,-76.6455539626
inatneg_292893040_527123602.jpg,Puma concolor,292893040,527123602,https://inaturalist-open-data.s3.amazonaws.com/photos/527123602/large.gif,cc-by-nc,"(c) Savimbo, some rights reserved (CC BY-NC)",savimbo,2024-12-07,2024-12-07T07:06:00-05:00,"Cascales, Ecuador",False,research,0.264053,-77.267277
inatneg_292892700_527122640.jpg,Puma concolor,292892700,527122640,https://inaturalist-open-data.s3.amazonaws.com/photos/527122640/large.gif,cc-by-nc,"(c) Savimbo, some rights reserved (CC BY-NC)",savimbo,2024-10-10,2024-10-10T23:27:00-05:00,"Cascales, Ecuador",False,research,0.289255,-77.284027
inatneg_292889154_527116634.jpg,Puma concolor,292889154,527116634,https://inaturalist-open-data.s3.amazonaws.com/photos/527116634/large.gif,cc-by-nc,"(c) Savimbo, some rights reserved (CC BY-NC)",savimbo,2024-10-10,2024-10-10T23:27:00-05:00,"Cascales, Ecuador",False,research,0.289072,-77.284083
inatneg_292888459_527115461.jpg,Puma concolor,292888459,527115461,https://inaturalist-open-data.s3.amazonaws.com/photos/527115461/large.gif,cc-by-nc,"(c) Savimbo, some rights reserved (CC BY-NC)",savimbo,2024-09-02,2024-09-02T08:38:00-05:00,"Cascales, Ecuador",False,research,0.261767,-77.238228
inatneg_292887212_527113506.jpg,Puma concolor,292887212,527113506,https://inaturalist-open-data.s3.amazonaws.com/photos/527113506/large.gif,cc-by-nc,"(c) Savimbo, some rights reserved (CC BY-NC)",savimbo,2024-06-30,2024-06-30T18:47:00-05:00,"Cascales, Ecuador",False,research,0.303898,-77.28575
inatneg_292886518_527112308.jpg,Puma concolor,292886518,527112308,https://inaturalist-open-data.s3.amazonaws.com/photos/527112308/large.gif,cc-by-nc,"(c) Savimbo, some rights reserved (CC BY-NC)",savimbo,2024-06-30,2024-06-30T12:42:00-05:00,"Cascales, Ecuador",False,research,0.295052,-77.283512
inatneg_292885436_527110495.jpg,Puma concolor,292885436,527110495,https://inaturalist-open-data.s3.amazonaws.com/photos/527110495/large.gif,cc-by-nc,"(c) Savimbo, some rights reserved (CC BY-NC)",savimbo,2024-06-16,2024-06-16T10:28:00-05:00,"Cascales, Ecuador",False,research,0.266513,-77.314038
inatneg_292883668_527106993.jpg,Puma concolor,292883668,527106993,https://inaturalist-open-data.s3.amazonaws.com/photos/527106993/large.gif,cc-by-nc,"(c) Savimbo, some rights reserved (CC BY-NC)",savimbo,2024-05-11,2024-05-11T05:55:00-05:00,"Cascales, Ecuador",False,research,0.256237,-77.26284
inatneg_292882857_527104800.jpg,Puma concolor,292882857,527104800,https://inaturalist-open-data.s3.amazonaws.com/photos/527104800/large.gif,cc-by-nc,"(c) Savimbo, some rights reserved (CC BY-NC)",savimbo,2024-02-26,2024-02-26T23:30:00-05:00,"Cascales, Ecuador",False,research,0.237673,-77.247946
inatneg_292881576_527102340.jpg,Puma concolor,292881576,527102340,https://inaturalist-open-data.s3.amazonaws.com/photos/527102340/large.gif,cc-by-nc,"(c) Savimbo, some rights reserved (CC BY-NC)",savimbo,2023-12-24,2023-12-24T09:49:00-05:00,"Cascales, Ecuador",False,research,0.274632,-77.229767
inatneg_397506879_729080027.jpg,Odocoileus virginianus,397506879,729080027,https://inaturalist-open-data.s3.amazonaws.com/photos/729080027/large.jpg,cc-by-nc,"(c) ELIAN JAMIL HERNANDEZ CUEVA, some rights reserved (CC BY-NC)",elianhernandezc,2026-09-05,2026-09-05T11:18:23-05:00,"Archidona, Napo, EC",False,research,-0.5923424751,-78.0393155316
inatneg_395159422_724533046.jpg,Odocoileus virginianus,395159422,724533046,https://inaturalist-open-data.s3.amazonaws.com/photos/724533046/large.jpg,cc-by-nc,"(c) Daniel Branch, some rights reserved (CC BY-NC)",danielbranch94,2026-08-24,2026-08-24T16:21:00-05:00,"Archidona Canton, Ecuador",False,research,-0.5054813616,-78.2334847717
inatneg_394261379_722759094.jpg,Odocoileus virginianus,394261379,722759094,https://inaturalist-open-data.s3.amazonaws.com/photos/722759094/large.jpg,cc-by,"(c) Pablo Bombín, some rights reserved (CC BY)",bombin,2026-08-10,2026-08-10T10:09:00-05:00,"Parque Nacional Antisana, Chamanal, Ecuador",False,research,-0.5516115,-78.1564432
inatneg_394261379_722759140.jpg,Odocoileus virginianus,394261379,722759140,https://inaturalist-open-data.s3.amazonaws.com/photos/722759140/large.jpg,cc-by,"(c) Pablo Bombín, some rights reserved (CC BY)",bombin,2026-08-10,2026-08-10T10:09:00-05:00,"Parque Nacional Antisana, Chamanal, Ecuador",False,research,-0.5516115,-78.1564432
inatneg_394129037_722501820.jpg,Odocoileus virginianus,394129037,722501820,https://inaturalist-open-data.s3.amazonaws.com/photos/722501820/large.jpg,cc-by-nc,"(c) Kaveer B, some rights reserved (CC BY-NC)",kavinthefield,2026-08-22,2026-08-22T12:58:00-05:00,"Metropolitan District of Quito, Ecuador",False,research,-0.4901852815,-78.2666539469
inatneg_394129037_722501863.jpg,Odocoileus virginianus,394129037,722501863,https://inaturalist-open-data.s3.amazonaws.com/photos/722501863/large.jpg,cc-by-nc,"(c) Kaveer B, some rights reserved (CC BY-NC)",kavinthefield,2026-08-22,2026-08-22T12:58:00-05:00,"Metropolitan District of Quito, Ecuador",False,research,-0.4901852815,-78.2666539469
inatneg_394018535_722288422.jpg,Odocoileus virginianus,394018535,722288422,https://inaturalist-open-data.s3.amazonaws.com/photos/722288422/large.jpg,cc-by-nc,"(c) Lydie Martin, some rights reserved (CC BY-NC)",lydie_m,2026-08-21,2026-08-21T15:00:00-05:00,"vuelta a la laguna, Mejia, Pichincha, EC",False,research,-0.6157148401,-78.4770097038
inatneg_393747983_721754923.jpg,Odocoileus virginianus,393747983,721754923,https://inaturalist-open-data.s3.amazonaws.com/photos/721754923/large.jpg,cc-by-nc,"(c) ayuwat, some rights reserved (CC BY-NC)",ayuwat,2026-07-08,2026-07-08T17:26:00-05:00,"CRXV+9C3 Reserva Ecologica Antisana, Chamanal, Ecuador",False,research,-0.5516115,-78.1564432
inatneg_393747983_721754919.jpg,Odocoileus virginianus,393747983,721754919,https://inaturalist-open-data.s3.amazonaws.com/photos/721754919/large.jpg,cc-by-nc,"(c) ayuwat, some rights reserved (CC BY-NC)",ayuwat,2026-07-08,2026-07-08T17:26:00-05:00,"CRXV+9C3 Reserva Ecologica Antisana, Chamanal, Ecuador",False,research,-0.5516115,-78.1564432
inatneg_393747970_721754840.jpg,Odocoileus virginianus,393747970,721754840,https://inaturalist-open-data.s3.amazonaws.com/photos/721754840/large.jpg,cc-by-nc,"(c) ayuwat, some rights reserved (CC BY-NC)",ayuwat,2026-07-08,2026-07-08T17:26:00-05:00,"CRXV+9C3 Reserva Ecologica Antisana, Chamanal, Ecuador",False,research,-0.5516115,-78.1564432
inatneg_391555823_717482061.jpg,Odocoileus virginianus,391555823,717482061,https://inaturalist-open-data.s3.amazonaws.com/photos/717482061/large.jpg,cc-by-nc,"(c) odlc, some rights reserved (CC BY-NC)",odlc,2026-07-22,2026-07-22T13:15:00-05:00,"Quito, Province de Pichincha, EC",False,research,-0.4381772178,-78.3162169627
inatneg_390726123_715860727.jpg,Odocoileus virginianus,390726123,715860727,https://inaturalist-open-data.s3.amazonaws.com/photos/715860727/large.jpg,cc-by-nc,"(c) Jeff Chapman, some rights reserved (CC BY-NC)",woodridgejeff,2026-08-12,2026-08-12T10:07:00-05:00,"CRXV+9C3 Reserva Ecologica Antisana, Chamanal, Ecuador",False,research,-0.5516115,-78.1564432
inatneg_390726121_715860689.jpg,Odocoileus virginianus,390726121,715860689,https://inaturalist-open-data.s3.amazonaws.com/photos/715860689/large.jpg,cc-by-nc,"(c) Jeff Chapman, some rights reserved (CC BY-NC)",woodridgejeff,2026-08-12,2026-08-12T09:55:00-05:00,"CRXV+9C3 Reserva Ecologica Antisana, Chamanal, Ecuador",False,research,-0.5516115,-78.1564432
inatneg_388647302_711828707.jpg,Odocoileus virginianus,388647302,711828707,https://inaturalist-open-data.s3.amazonaws.com/photos/711828707/large.jpg,cc-by-nc,"(c) Nicolas Guerra, some rights reserved (CC BY-NC)",nicolas15885,2026-07-27,2026-07-27T12:15:00-05:00,"Machachi, Ecuador",False,research,-0.6093766764,-78.4771392122
inatneg_388647302_711828733.jpg,Odocoileus virginianus,388647302,711828733,https://inaturalist-open-data.s3.amazonaws.com/photos/711828733/large.jpg,cc-by-nc,"(c) Nicolas Guerra, some rights reserved (CC BY-NC)",nicolas15885,2026-07-27,2026-07-27T12:15:00-05:00,"Machachi, Ecuador",False,research,-0.6093766764,-78.4771392122
inatneg_385152471_705099915.jpg,Odocoileus virginianus,385152471,705099915,https://inaturalist-open-data.s3.amazonaws.com/photos/705099915/large.jpg,cc-by-nc,"(c) Sarah Wang, some rights reserved (CC BY-NC)",goflowers,2026-06-12,2026-06-12T09:10:58-05:00,"Pintag, Ecuador",False,research,-0.4534,-78.3115944444
inatneg_385152471_705099943.jpg,Odocoileus virginianus,385152471,705099943,https://inaturalist-open-data.s3.amazonaws.com/photos/705099943/large.jpg,cc-by-nc,"(c) Sarah Wang, some rights reserved (CC BY-NC)",goflowers,2026-06-12,2026-06-12T09:10:58-05:00,"Pintag, Ecuador",False,research,-0.4534,-78.3115944444
inatneg_383461503_701841500.jpg,Odocoileus virginianus,383461503,701841500,https://inaturalist-open-data.s3.amazonaws.com/photos/701841500/large.jpg,cc-by-nc,"(c) Paul Prappas, some rights reserved (CC BY-NC)",paul_prappas1,2026-07-07,2026-07-07T08:29:00-05:00,"CRXV+9C3 Reserva Ecologica Antisana, Chamanal, Ecuador",False,research,-0.5516115,-78.1564432
inatneg_382338194_699675039.jpg,Odocoileus virginianus,382338194,699675039,https://inaturalist-open-data.s3.amazonaws.com/photos/699675039/large.jpg,cc-by,"(c) Frank Dietze, some rights reserved (CC BY)",frankdietze,2026-07-11,2026-07-11T09:07:00-05:00,"HM4Q+22M Reserva Chakana- Hacienda Antisanilla, Quito, Ecuador",False,research,-0.4449022,-78.3124672
inatneg_380108126_695363778.jpg,Odocoileus virginianus,380108126,695363778,https://inaturalist-open-data.s3.amazonaws.com/photos/695363778/large.jpg,cc-by-nc,"(c) Jana Václavíková, some rights reserved (CC BY-NC)",jvacl,2026-05-10,2026-05-10T17:36:00-05:00,"Archidona Canton, Ekvádor",False,research,-0.5347817226,-78.230305441
inatneg_379734772_694642597.jpg,Odocoileus virginianus,379734772,694642597,https://inaturalist-open-data.s3.amazonaws.com/photos/694642597/large.jpg,cc-by-nc,"(c) Chitra Shanker, some rights reserved (CC BY-NC)",chitrashanker,2026-05-31,2026-05-31T23:11:00-05:00,"Volcano Antisana, Ecuador",False,research,-0.4849445,-78.1416716
inatneg_379734772_694643113.jpg,Odocoileus virginianus,379734772,694643113,https://inaturalist-open-data.s3.amazonaws.com/photos/694643113/large.jpg,cc-by-nc,"(c) Chitra Shanker, some rights reserved (CC BY-NC)",chitrashanker,2026-05-31,2026-05-31T23:11:00-05:00,"Volcano Antisana, Ecuador",False,research,-0.4849445,-78.1416716
inatneg_379369840_693940322.jpg,Odocoileus virginianus,379369840,693940322,https://inaturalist-open-data.s3.amazonaws.com/photos/693940322/large.jpg,cc-by-nc,"(c) nangaritzawildlife, some rights reserved (CC BY-NC)",nangaritzawildlife,2026-07-08,,"X4JM+2R2, San Bartoloma, Ecuador",False,research,-3.022306983,-78.864653036
inatneg_377839986_690987218.jpg,Odocoileus virginianus,377839986,690987218,https://inaturalist-open-data.s3.amazonaws.com/photos/690987218/large.jpg,cc-by-nc,"(c) José Moncayo, some rights reserved (CC BY-NC)",jose13752,2026-07-03,2026-07-03T15:24:40-05:00,"Valle, Ecuador",False,research,-2.9197144615,-78.9500046149
inatneg_377326976_689993408.jpg,Odocoileus virginianus,377326976,689993408,https://inaturalist-open-data.s3.amazonaws.com/photos/689993408/large.jpg,cc-by-nc,"(c) barbthomascall, some rights reserved (CC BY-NC)",barbthomascall,2018-06-04,2018-06-04T16:13:00-05:00,"CRXV+9C3 Reserva Ecologica Antisana, Chamanal, Ecuador",False,research,-0.5516115,-78.1564432
inatneg_377326976_689993934.jpg,Odocoileus virginianus,377326976,689993934,https://inaturalist-open-data.s3.amazonaws.com/photos/689993934/large.jpg,cc-by-nc,"(c) barbthomascall, some rights reserved (CC BY-NC)",barbthomascall,2018-06-04,2018-06-04T16:13:00-05:00,"CRXV+9C3 Reserva Ecologica Antisana, Chamanal, Ecuador",False,research,-0.5516115,-78.1564432
inatneg_377038491_689439498.jpg,Odocoileus virginianus,377038491,689439498,https://inaturalist-open-data.s3.amazonaws.com/photos/689439498/large.jpg,cc-by-nc,"(c) khobdy, some rights reserved (CC BY-NC)",khobdy,2026-06-22,2026-06-22T12:31:47-05:00,"Archidona, EC-NA, EC",False,research,-0.5377466667,-78.2266
inatneg_377010734_690006685.jpg,Odocoileus virginianus,377010734,690006685,https://inaturalist-open-data.s3.amazonaws.com/photos/690006685/large.jpg,cc-by-nc,"(c) vanegas_paula, some rights reserved (CC BY-NC)",vanegas_paula,2026-06-30,2026-06-30T19:47:40-05:00,"Via Pasto Pamba, Paute, Azuay, EC",False,research,-2.8367234725,-78.8536935531
inatneg_376699252_688780884.jpg,Odocoileus virginianus,376699252,688780884,https://inaturalist-open-data.s3.amazonaws.com/photos/688780884/large.jpg,cc-by-nc,"(c) L. Vivar., some rights reserved (CC BY-NC)",kantoborgy,2026-06-24,2026-06-24T17:22:42-05:00,"CRXV+9C3 Reserva Ecologica Antisana, Chamanal, Ecuador",False,research,-0.4970182,-78.1781679
inatneg_376699252_688780911.jpg,Odocoileus virginianus,376699252,688780911,https://inaturalist-open-data.s3.amazonaws.com/photos/688780911/large.jpg,cc-by-nc,"(c) L. Vivar., some rights reserved (CC BY-NC)",kantoborgy,2026-06-24,2026-06-24T17:22:42-05:00,"CRXV+9C3 Reserva Ecologica Antisana, Chamanal, Ecuador",False,research,-0.4970182,-78.1781679
inatneg_376631394_688648288.jpg,Odocoileus virginianus,376631394,688648288,https://inaturalist-open-data.s3.amazonaws.com/photos/688648288/large.jpg,cc-by-nc,"(c) MICHAEL ENRIQUE SANCHEZ ZHIMINAICELA, some rights reserved (CC BY-NC)",michael_enrique,2026-06-29,2026-06-29T09:40:00-05:00,"W6X5+5VR, Sigsig, Ecuador",False,research,-3.0496033457,-78.7889808789
inatneg_376423872_688246367.jpg,Odocoileus virginianus,376423872,688246367,https://inaturalist-open-data.s3.amazonaws.com/photos/688246367/large.jpg,cc-by-nc,"(c) Ricardo Nieto, some rights reserved (CC BY-NC)",ricardoinaturalist,2026-06-28,2026-06-28T15:59:30-05:00,"Quito, Pichincha, EC",False,research,-0.4924064303,-78.2609906123
inatneg_376144648_687694849.jpg,Odocoileus virginianus,376144648,687694849,https://inaturalist-open-data.s3.amazonaws.com/photos/687694849/large.jpg,cc-by-nc,"(c) Noa Vedel, some rights reserved (CC BY-NC)",noansv,2025-08-18,2025-08-18T09:14:00-05:00,"Archidona Canton, Ecuador",False,research,-0.4996209769,-78.2448401039
inatneg_376075164_687578609.jpg,Odocoileus virginianus,376075164,687578609,https://inaturalist-open-data.s3.amazonaws.com/photos/687578609/large.jpg,cc-by-nc,"(c) chalco_paola, some rights reserved (CC BY-NC)",chalco_paola,2026-06-27,2026-06-27T23:06:04-05:00,"5P2W+GF5 Parque Nacional Cajas, Ecuador",False,research,-2.8487303189,-79.2537610978
inatneg_375844774_687137091.jpg,Odocoileus virginianus,375844774,687137091,https://inaturalist-open-data.s3.amazonaws.com/photos/687137091/large.jpg,cc-by-nc,"(c) JENNIFER PAMELA BELTRAN ORTEGA, some rights reserved (CC BY-NC)",jennifer_beltran,2025-03-27,2025-03-27T00:00:00-05:00,"Cuenca, AZ, EC",False,research,-2.8686422309,-79.2111950153
inatneg_375835457_687120314.jpg,Odocoileus virginianus,375835457,687120314,https://inaturalist-open-data.s3.amazonaws.com/photos/687120314/large.jpg,cc-by-nc,"(c) JENNIFER PAMELA BELTRAN ORTEGA, some rights reserved (CC BY-NC)",jennifer_beltran,2026-04-14,2026-04-14T10:11:47-05:00,"Cuenca, Azuay, EC",False,research,-2.8470674422,-79.242588902
inatneg_375720434_686899679.jpg,Odocoileus virginianus,375720434,686899679,https://inaturalist-open-data.s3.amazonaws.com/photos/686899679/large.jpg,cc-by-nc,"(c) andres2399, some rights reserved (CC BY-NC)",andres2399,2026-06-06,2026-06-06T02:36:13-05:00,"Cuenca, Azuay, EC",False,research,-2.7771559797,-79.184647786
inatneg_375030601_685544800.jpg,Odocoileus virginianus,375030601,685544800,https://inaturalist-open-data.s3.amazonaws.com/photos/685544800/large.jpg,cc-by-nc,"(c) MICHAEL ENRIQUE SANCHEZ ZHIMINAICELA, some rights reserved (CC BY-NC)",michael_enrique,2026-06-24,2026-06-24T15:52:00-05:00,"Sigsig, Ecuador",False,research,-3.0362637739,-78.7798154354
inatneg_374339310_684208046.jpg,Odocoileus virginianus,374339310,684208046,https://inaturalist-open-data.s3.amazonaws.com/photos/684208046/large.jpg,cc-by-nc,"(c) Alondra Bermeo, some rights reserved (CC BY-NC)",bermeo_alondra,2026-06-06,2026-06-06T12:40:00-05:00,"5P2W+GF5 Parque Nacional Cajas, Ecuador",False,research,-2.7794416607,-79.2240247875
inatneg_374297765_684128114.jpg,Odocoileus virginianus,374297765,684128114,https://inaturalist-open-data.s3.amazonaws.com/photos/684128114/large.jpg,cc-by-nc,"(c) galan_daniela, some rights reserved (CC BY-NC)",galan_daniela,2026-06-20,2026-06-20T10:22:00-05:00,"44F4+V9V, Llacao, Ecuador",False,research,-2.8752704888,-78.8940678164
inatneg_374114876_683769655.jpg,Odocoileus virginianus,374114876,683769655,https://inaturalist-open-data.s3.amazonaws.com/photos/683769655/large.jpg,cc-by-nc,"(c) heredia_juana, some rights reserved (CC BY-NC)",heredia_juana,2026-06-21,2026-06-21T14:42:45-05:00,"Avenida de las Amazonas, Baños, Tungurahua, EC",False,research,-1.3951774583,-78.4245559147
inatneg_374059977_683662100.jpg,Odocoileus virginianus,374059977,683662100,https://inaturalist-open-data.s3.amazonaws.com/photos/683662100/large.jpg,cc-by-nc,"(c) Mario Pelletier, some rights reserved (CC BY-NC)",garsola,2026-03-23,2026-03-23T12:20:00-05:00,"Archidona Canton, Équateur",False,research,-0.5113416483,-78.2241005
inatneg_373449662_682499017.jpg,Odocoileus virginianus,373449662,682499017,https://inaturalist-open-data.s3.amazonaws.com/photos/682499017/large.jpg,cc-by-nc,"(c) Andrew Plant, some rights reserved (CC BY-NC)",andrewnplant,2026-06-10,2026-06-10T01:44:00-05:00,"Laguna de Mica, Ecuador",False,research,-0.5433333,-78.21
inatneg_373449143_682497739.jpg,Odocoileus virginianus,373449143,682497739,https://inaturalist-open-data.s3.amazonaws.com/photos/682497739/large.jpg,cc-by-nc,"(c) Andrew Plant, some rights reserved (CC BY-NC)",andrewnplant,2026-06-10,2026-06-10T01:29:00-05:00,"Laguna de Mica, Ecuador",False,research,-0.5433333,-78.21
inatneg_373449143_682497700.jpg,Odocoileus virginianus,373449143,682497700,https://inaturalist-open-data.s3.amazonaws.com/photos/682497700/large.jpg,cc-by-nc,"(c) Andrew Plant, some rights reserved (CC BY-NC)",andrewnplant,2026-06-10,2026-06-10T01:29:00-05:00,"Laguna de Mica, Ecuador",False,research,-0.5433333,-78.21
inatneg_372756149_681172528.jpg,Odocoileus virginianus,372756149,681172528,https://inaturalist-open-data.s3.amazonaws.com/photos/681172528/large.jpg,cc-by-nc,"(c) gra-moll, some rights reserved (CC BY-NC)",gra-moll,2026-05-04,2026-05-04T11:14:27-05:00,"Quito, Pichincha, EC",False,research,-0.4894886813,-78.2724516142
inatneg_372756149_681172794.jpg,Odocoileus virginianus,372756149,681172794,https://inaturalist-open-data.s3.amazonaws.com/photos/681172794/large.jpg,cc-by-nc,"(c) gra-moll, some rights reserved (CC BY-NC)",gra-moll,2026-05-04,2026-05-04T11:14:27-05:00,"Quito, Pichincha, EC",False,research,-0.4894886813,-78.2724516142
inatneg_371854854_679442138.jpg,Odocoileus virginianus,371854854,679442138,https://inaturalist-open-data.s3.amazonaws.com/photos/679442138/large.jpg,cc-by-nc,"(c) alexiiz ugsha, some rights reserved (CC BY-NC)",alexiiz,2026-06-13,,"JH3G+W57, Baños de Agua Santa, Ecuador",False,research,-1.3952055618,-78.4245870262
inatneg_371490572_678746811.jpg,Odocoileus virginianus,371490572,678746811,https://inaturalist-open-data.s3.amazonaws.com/photos/678746811/large.jpg,cc-by-nc,"(c) Andrew Plant, some rights reserved (CC BY-NC)",andrewnplant,2026-05-29,2026-05-29T04:17:00-05:00,"Mejía, Ecuador",False,research,-0.6125295324,-78.4723592373
inatneg_368936186_673871188.jpg,Odocoileus virginianus,368936186,673871188,https://inaturalist-open-data.s3.amazonaws.com/photos/673871188/large.jpg,cc-by-nc,"(c) Scott Wieman, some rights reserved (CC BY-NC)",amurfalcon,2026-05-23,2026-05-23T09:24:00-05:00,"Archidona Canton, Ecuador",False,research,-0.5088215019,-78.233915823
inatneg_368097345_672277806.jpg,Odocoileus virginianus,368097345,672277806,https://inaturalist-open-data.s3.amazonaws.com/photos/672277806/large.jpg,cc-by-nc,"(c) Camila Utreras, some rights reserved (CC BY-NC)",cautreras756,2026-05-25,2026-05-25T11:59:00-05:00,"2X5R+C45, Cayambe, Ecuador",False,research,0.0086970627,-78.0111499876
inatneg_367877216_671855442.jpg,Odocoileus virginianus,367877216,671855442,https://inaturalist-open-data.s3.amazonaws.com/photos/671855442/large.jpg,cc-by-nc,"(c) Inti, some rights reserved (CC BY-NC)",intiruizj,2026-06-02,2026-06-02T16:08:05-05:00,"Sendero Agua y Vida, Quijos, Napo, EC",False,research,-0.3063126609,-78.1724956078
inatneg_367877216_671855461.jpg,Odocoileus virginianus,367877216,671855461,https://inaturalist-open-data.s3.amazonaws.com/photos/671855461/large.jpg,cc-by-nc,"(c) Inti, some rights reserved (CC BY-NC)",intiruizj,2026-06-02,2026-06-02T16:08:05-05:00,"Sendero Agua y Vida, Quijos, Napo, EC",False,research,-0.3063126609,-78.1724956078
inatneg_367875310_671846370.jpg,Odocoileus virginianus,367875310,671846370,https://inaturalist-open-data.s3.amazonaws.com/photos/671846370/large.jpg,cc-by-nc,"(c) brxyxn, some rights reserved (CC BY-NC)",brxyxn,2026-06-02,2026-06-02T17:06:00-05:00,"Latacunga, Ecuador",False,research,-0.6199418364,-78.5627873363
inatneg_367156997_670476281.jpg,Odocoileus virginianus,367156997,670476281,https://inaturalist-open-data.s3.amazonaws.com/photos/670476281/large.jpg,cc-by-nc,"(c) johan_aguirre, some rights reserved (CC BY-NC)",johan_aguirre,2026-05-10,,"Cangahua, Ecuador",False,research,0.0078250095,-78.1696135551
inatneg_366900679_669984252.jpg,Odocoileus virginianus,366900679,669984252,https://inaturalist-open-data.s3.amazonaws.com/photos/669984252/large.jpg,cc-by-nc,"(c) fuentes_lucia, some rights reserved (CC BY-NC)",fuentes_lucia,2026-05-30,2026-05-30T15:18:39-05:00,"Borrero, Canar, Canar, EC",False,research,-2.5586470275,-78.9369822543
inatneg_365945056_668171281.jpg,Odocoileus virginianus,365945056,668171281,https://inaturalist-open-data.s3.amazonaws.com/photos/668171281/large.jpg,cc-by-nc,"(c) Douglas J. Long, some rights reserved (CC BY-NC)",douglasglobal,2026-04-14,2026-04-14T08:12:00-05:00,"Archidona Canton, Ecuador",False,research,-0.5384934666,-78.2118105217
inatneg_365386610_667108836.jpg,Odocoileus virginianus,365386610,667108836,https://inaturalist-open-data.s3.amazonaws.com/photos/667108836/large.jpg,cc-by-nc,"(c) SAMUEL ANDRES RAMIREZ FIGUEROA, some rights reserved (CC BY-NC)",ramirez_samuel,2026-05-26,2026-05-26T07:18:07-05:00,"Via Monay Baguanchi- Paccha, Cuenca, Azuay, EC",False,research,-2.908633956,-78.9540613445
inatneg_365386610_667108861.jpg,Odocoileus virginianus,365386610,667108861,https://inaturalist-open-data.s3.amazonaws.com/photos/667108861/large.jpg,cc-by-nc,"(c) SAMUEL ANDRES RAMIREZ FIGUEROA, some rights reserved (CC BY-NC)",ramirez_samuel,2026-05-26,2026-05-26T07:18:07-05:00,"Via Monay Baguanchi- Paccha, Cuenca, Azuay, EC",False,research,-2.908633956,-78.9540613445
inatneg_365298136_666936236.jpg,Odocoileus virginianus,365298136,666936236,https://inaturalist-open-data.s3.amazonaws.com/photos/666936236/large.jpg,cc-by-nc,"(c) Karen Velozo, some rights reserved (CC BY-NC)",karen4444,1969-12-31,1969-12-31T19:00:00-05:00,parque nacional cotopaxi,False,research,-0.6837541461,-78.4371871948
inatneg_364280182_665006400.jpg,Odocoileus virginianus,364280182,665006400,https://inaturalist-open-data.s3.amazonaws.com/photos/665006400/large.jpg,cc-by-nc,"(c) Kevin Metcalf, some rights reserved (CC BY-NC)",kevinemetcalf,2026-03-27,2026-03-27T22:02:00-05:00,"Archidona Canton, Ecuador",False,research,-0.5080256507,-78.2355333881
inatneg_363863331_664226628.jpg,Odocoileus virginianus,363863331,664226628,https://inaturalist-open-data.s3.amazonaws.com/photos/664226628/large.jpg,cc-by-nc,"(c) Benjamin Navas, some rights reserved (CC BY-NC)",benjaminnavas,2026-05-14,2026-05-14T02:34:00-05:00,"Vía La Costa, Ecuador",False,research,-2.1837904614,-80.0182489458
inatneg_361876010_660455528.jpg,Odocoileus virginianus,361876010,660455528,https://inaturalist-open-data.s3.amazonaws.com/photos/660455528/large.jpg,cc-by-nc,"(c) alejmugi, some rights reserved (CC BY-NC)",alejmugi,2026-05-15,2026-05-15T10:06:18-05:00,"Santa Elena, Santa Elena, EC",False,research,-2.2205416667,-80.6508416667
inatneg_361876010_660455552.jpg,Odocoileus virginianus,361876010,660455552,https://inaturalist-open-data.s3.amazonaws.com/photos/660455552/large.jpg,cc-by-nc,"(c) alejmugi, some rights reserved (CC BY-NC)",alejmugi,2026-05-15,2026-05-15T10:06:18-05:00,"Santa Elena, Santa Elena, EC",False,research,-2.2205416667,-80.6508416667
inatneg_360414597_657652245.jpg,Odocoileus virginianus,360414597,657652245,https://inaturalist-open-data.s3.amazonaws.com/photos/657652245/large.jpg,cc-by-nc,"(c) kevin_0820asc, some rights reserved (CC BY-NC)",kevin_0820asc,2026-04-25,2026-04-25T15:05:28-05:00,Ecuador,False,research,-0.4880211119,-78.348150393
inatneg_359718467_656345042.jpg,Odocoileus virginianus,359718467,656345042,https://inaturalist-open-data.s3.amazonaws.com/photos/656345042/large.jpg,cc-by-nc,"(c) Maylin Rojas (maylin ouo), some rights reserved (CC BY-NC)",maylin6715,2026-05-08,2026-05-08T22:02:04-05:00,"Barrio Güitig vía, Parque Nacional Cotopaxi, Ecuador",False,research,-0.7007414864,-78.4297187626
inatneg_358815196_654610911.jpg,Odocoileus virginianus,358815196,654610911,https://inaturalist-open-data.s3.amazonaws.com/photos/654610911/large.jpg,cc-by-nc,"(c) isabelaloza, some rights reserved (CC BY-NC)",isabelaloza,2026-04-08,2026-04-08T07:47:00-05:00,"13 de Abril, San Miguel Urcuq, Imbabura, EC",False,research,0.4240337916,-78.1914224026
inatneg_358806971_654594830.jpg,Odocoileus virginianus,358806971,654594830,https://inaturalist-open-data.s3.amazonaws.com/photos/654594830/large.jpg,cc-by-nc,"(c) matheodalgo, some rights reserved (CC BY-NC)",matheodalgo,2026-02-21,2026-02-21T13:56:53-05:00,"Archidona, Napo, EC",False,research,-0.509345,-78.2276133333
inatneg_358392080_653790022.jpg,Odocoileus virginianus,358392080,653790022,https://inaturalist-open-data.s3.amazonaws.com/photos/653790022/large.jpg,cc-by-nc,"(c) Emilio, some rights reserved (CC BY-NC)",sebasemilio,2026-04-30,2026-04-30T13:30:51-05:00,"Mulalo, Ecuador",False,research,-0.6138454,-78.5743518
inatneg_358392080_653790069.jpg,Odocoileus virginianus,358392080,653790069,https://inaturalist-open-data.s3.amazonaws.com/photos/653790069/large.jpg,cc-by-nc,"(c) Emilio, some rights reserved (CC BY-NC)",sebasemilio,2026-04-30,2026-04-30T13:30:51-05:00,"Mulalo, Ecuador",False,research,-0.6138454,-78.5743518
inatneg_398783605_731575772.jpg,Canis familiaris,398783605,731575772,https://inaturalist-open-data.s3.amazonaws.com/photos/731575772/large.jpg,cc-by-nc,"(c) Thiago Cedeño, some rights reserved (CC BY-NC)",thiago1070,2026-09-09,,"3XH9+35, Pedernales, Ecuador",True,casual,0.0759671778,-80.0296571106
inatneg_398765466_731540437.jpg,Canis familiaris,398765466,731540437,https://inaturalist-open-data.s3.amazonaws.com/photos/731540437/large.jpg,cc-by-nc,"(c) Liceth FM, some rights reserved (CC BY-NC)",liceth5927,2026-09-05,2026-09-05T10:23:00-05:00,"3W9W+J59, Pedernales, Ecuador",True,casual,0.06904809,-80.0545138121
inatneg_398718432_731452828.jpg,Canis familiaris,398718432,731452828,https://inaturalist-open-data.s3.amazonaws.com/photos/731452828/large.jpg,cc-by-nc,"(c) heiko1902, some rights reserved (CC BY-NC)",heiko1902,2026-09-09,2026-09-09T09:24:34-05:00,"Malecón de Pedernales, Pedernales, Manabí, EC",True,casual,0.0700388333,-80.0583333333
inatneg_398630613_731284282.jpg,Canis familiaris,398630613,731284282,https://inaturalist-open-data.s3.amazonaws.com/photos/731284282/large.jpg,cc-by-nc,"(c) Priscila Pinargote, some rights reserved (CC BY-NC)",priss03,2026-09-05,2026-09-05T13:45:43-05:00,"Malecón de Pedernales, Pedernales, Manabí, EC",True,casual,0.0771971667,-80.0552833333
inatneg_398573362_731165387.jpg,Canis familiaris,398573362,731165387,https://inaturalist-open-data.s3.amazonaws.com/photos/731165387/large.jpg,cc-by-nc,"(c) ximena_10, some rights reserved (CC BY-NC)",ximena_10,,,"Pedernales, EC-MN, EC",True,casual,0.0746616137,-80.0555092469
inatneg_398571720_731161570.jpg,Canis familiaris,398571720,731161570,https://inaturalist-open-data.s3.amazonaws.com/photos/731161570/large.jpg,cc-by-nc,"(c) Pedro Alvarado Ibarra, some rights reserved (CC BY-NC)",alvarado2003,2026-09-08,2026-09-08T18:13:41-05:00,"Pedernales, Pedernales, Manabí, EC",True,casual,0.0697583333,-80.0511945
inatneg_398571720_731161603.jpg,Canis familiaris,398571720,731161603,https://inaturalist-open-data.s3.amazonaws.com/photos/731161603/large.jpg,cc-by-nc,"(c) Pedro Alvarado Ibarra, some rights reserved (CC BY-NC)",alvarado2003,2026-09-08,2026-09-08T18:13:41-05:00,"Pedernales, Pedernales, Manabí, EC",True,casual,0.0697583333,-80.0511945
inatneg_398449864_730930153.jpg,Canis familiaris,398449864,730930153,https://inaturalist-open-data.s3.amazonaws.com/photos/730930153/large.jpg,cc-by-nc,"(c) gustavocamacho05, some rights reserved (CC BY-NC)",gustavocamacho05,2026-09-05,2026-09-05T14:58:52-05:00,"Plaza Gutierrez (Calvario), Ecuador",True,casual,0.3158404,-78.3621389
inatneg_398447922_730925779.jpg,Canis familiaris,398447922,730925779,https://inaturalist-open-data.s3.amazonaws.com/photos/730925779/large.jpg,cc-by-nc,"(c) Anahi García, some rights reserved (CC BY-NC)",anahi80349,2026-09-08,2026-09-08T07:15:11-05:00,"3XH9+35, Pedernales, Ecuador",True,casual,0.0757043216,-80.0307491049
inatneg_398447922_730925825.jpg,Canis familiaris,398447922,730925825,https://inaturalist-open-data.s3.amazonaws.com/photos/730925825/large.jpg,cc-by-nc,"(c) Anahi García, some rights reserved (CC BY-NC)",anahi80349,2026-09-08,2026-09-08T07:15:11-05:00,"3XH9+35, Pedernales, Ecuador",True,casual,0.0757043216,-80.0307491049
inatneg_398307323_730650763.jpg,Canis familiaris,398307323,730650763,https://inaturalist-open-data.s3.amazonaws.com/photos/730650763/large.jpg,cc-by-nc,"(c) jeremyibarra, some rights reserved (CC BY-NC)",jeremyibarra,2026-09-07,2026-09-07T20:06:37-05:00,"Vía a Cojimíes, Pedernales, Manabí, EC",True,casual,0.3510226196,-80.0374314459
inatneg_398227651_730490314.jpg,Canis familiaris,398227651,730490314,https://inaturalist-open-data.s3.amazonaws.com/photos/730490314/large.jpg,cc-by-nc,"(c) Génesis Loor, some rights reserved (CC BY-NC)",genesis2006,2026-09-06,2026-09-06T17:55:34-05:00,"Pedernales, Manabí, EC",True,casual,0.07945,-80.0415278333
inatneg_398132609_730305283.jpg,Canis familiaris,398132609,730305283,https://inaturalist-open-data.s3.amazonaws.com/photos/730305283/large.jpg,cc-by-nc,"(c) Joshua Cárdenas, some rights reserved (CC BY-NC)",joshua_dc,2026-09-07,,"3W9W+J59, Pedernales, Ecuador",True,casual,0.06904809,-80.0545138121
inatneg_397762052_729576985.jpg,Canis familiaris,397762052,729576985,https://inaturalist-open-data.s3.amazonaws.com/photos/729576985/large.jpg,cc-by-nc,"(c) Liceth FM, some rights reserved (CC BY-NC)",liceth5927,2026-09-01,2026-09-01T01:23:00-05:00,"La Villegas, Ecuador",True,casual,-0.0424503124,-79.4301284105
inatneg_397312023_728708433.jpg,Canis familiaris,397312023,728708433,https://inaturalist-open-data.s3.amazonaws.com/photos/728708433/large.jpg,cc-by-nc,"(c) Jonathan Molina, some rights reserved (CC BY-NC)",jonathan001,2026-09-04,2026-09-04T08:48:29-05:00,"Pedernales, Ecuador",True,casual,0.0697222222,-80.0513888889
inatneg_397279195_728638047.jpg,Canis familiaris,397279195,728638047,https://inaturalist-open-data.s3.amazonaws.com/photos/728638047/large.jpg,cc-by-nc,"(c) alexis carofilis, some rights reserved (CC BY-NC)",bio_alexis,2026-09-04,2026-09-04T08:47:50-05:00,"Pedernales, Ecuador",True,casual,0.0921925132,-80.0475393981
inatneg_397279195_728638074.jpg,Canis familiaris,397279195,728638074,https://inaturalist-open-data.s3.amazonaws.com/photos/728638074/large.jpg,cc-by-nc,"(c) alexis carofilis, some rights reserved (CC BY-NC)",bio_alexis,2026-09-04,2026-09-04T08:47:50-05:00,"Pedernales, Ecuador",True,casual,0.0921925132,-80.0475393981
inatneg_397077899_728248009.jpg,Canis familiaris,397077899,728248009,https://inaturalist-open-data.s3.amazonaws.com/photos/728248009/large.jpg,cc-by-nc,"(c) Jonathan Molina, some rights reserved (CC BY-NC)",jonathan001,2025-10-29,2025-10-29T09:20:03-05:00,"3XF4+8W6, Pedernales, Ecuador",True,casual,0.0733017349,-80.0428542495
inatneg_396457078_727052838.jpg,Canis familiaris,396457078,727052838,https://inaturalist-open-data.s3.amazonaws.com/photos/727052838/large.jpg,cc-by-nc,"(c) sticarlo96, some rights reserved (CC BY-NC)",sticarlo96,2026-09-01,2026-09-01T10:43:19-05:00,"Eloy Alfaro, EC-ES, EC",True,casual,1.1729666667,-79.0792066667
inatneg_390432947_715268621.jpg,Canis familiaris,390432947,715268621,https://inaturalist-open-data.s3.amazonaws.com/photos/715268621/large.jpg,cc-by,"(c) Raúl A. Ruiz M., some rights reserved (CC BY)",lexgo,2026-08-07,2026-08-07T12:30:00-05:00,"La Merced, Ibarra, Ecuador",True,casual,0.3514221747,-78.1196810589
inatneg_387742982_710053595.jpg,Canis familiaris,387742982,710053595,https://inaturalist-open-data.s3.amazonaws.com/photos/710053595/large.jpg,cc-by-nc,"(c) DjLer Garcia, some rights reserved (CC BY-NC)",djler,2026-08-02,2026-08-02T20:36:45-05:00,"23, 090703 Metropolis 2, Ecuador",True,casual,-2.0633152,-79.9197965667
inatneg_387742982_710053635.jpg,Canis familiaris,387742982,710053635,https://inaturalist-open-data.s3.amazonaws.com/photos/710053635/large.jpg,cc-by-nc,"(c) DjLer Garcia, some rights reserved (CC BY-NC)",djler,2026-08-02,2026-08-02T20:36:45-05:00,"23, 090703 Metropolis 2, Ecuador",True,casual,-2.0633152,-79.9197965667
inatneg_386339938_707359140.jpg,Canis familiaris,386339938,707359140,https://inaturalist-open-data.s3.amazonaws.com/photos/707359140/large.jpg,cc-by-nc,"(c) Jhandry Guaya, some rights reserved (CC BY-NC)",jhandry,2026-07-28,2026-07-28T16:31:55-05:00,"Zamora, EC-ZC, EC",True,casual,-3.93531481,-78.84959095
inatneg_386272096_707231078.jpg,Canis familiaris,386272096,707231078,https://inaturalist-open-data.s3.amazonaws.com/photos/707231078/large.jpg,cc-by-nc,"(c) jerson-chanchay, some rights reserved (CC BY-NC)",jerson-chanchay,,,"Santo Domingo, Ecuador",False,casual,-0.0549368388,-79.2517449799
inatneg_386272095_707230772.jpg,Canis familiaris,386272095,707230772,https://inaturalist-open-data.s3.amazonaws.com/photos/707230772/large.jpg,cc-by-nc,"(c) jerson-chanchay, some rights reserved (CC BY-NC)",jerson-chanchay,2026-07-15,2026-07-15T09:16:00-05:00,"Santo Domingo, Ecuador",False,needs_id,-0.0550441271,-79.2518522682
inatneg_385475150_705700489.jpg,Canis familiaris,385475150,705700489,https://inaturalist-open-data.s3.amazonaws.com/photos/705700489/large.jpg,cc-by-nc,"(c) Noelya Franco, some rights reserved (CC BY-NC)",noelya2,2026-07-26,2026-07-26T12:59:18-05:00,"4798+9M7, Simón Bolívar, Ecuador",True,casual,-1.8815323,-80.7333917
inatneg_384556626_703954315.jpg,Canis familiaris,384556626,703954315,https://inaturalist-open-data.s3.amazonaws.com/photos/703954315/large.jpg,cc-by-nc,"(c) piotrkz, some rights reserved (CC BY-NC)",piotrkz,2026-07-03,2026-07-03T09:13:00-05:00,"El Vecino, Cuenca, Ekwador",True,casual,-2.8906817749,-78.9930240307
inatneg_384556626_703954355.jpg,Canis familiaris,384556626,703954355,https://inaturalist-open-data.s3.amazonaws.com/photos/703954355/large.jpg,cc-by-nc,"(c) piotrkz, some rights reserved (CC BY-NC)",piotrkz,2026-07-03,2026-07-03T09:13:00-05:00,"El Vecino, Cuenca, Ekwador",True,casual,-2.8906817749,-78.9930240307
inatneg_384481554_703809152.jpg,Canis familiaris,384481554,703809152,https://inaturalist-open-data.s3.amazonaws.com/photos/703809152/large.jpg,cc-by-nc,"(c) piotrkz, some rights reserved (CC BY-NC)",piotrkz,2026-07-02,2026-07-02T11:04:00-05:00,"Colta, Ekwador",True,casual,-1.7235919824,-78.7624221593
inatneg_384451857_703750387.jpg,Canis familiaris,384451857,703750387,https://inaturalist-open-data.s3.amazonaws.com/photos/703750387/large.jpg,cc-by-nc,"(c) yeslyramirez, some rights reserved (CC BY-NC)",yeslyramirez,2026-07-23,2026-07-23T22:18:00-05:00,"Quinindé, Ecuador",False,research,0.3307592905,-79.4630360792
inatneg_383460879_701840794.jpg,Canis familiaris,383460879,701840794,https://inaturalist-open-data.s3.amazonaws.com/photos/701840794/large.jpg,cc-by-nc,"(c) MARCOS NATO ROSA MACACO, some rights reserved (CC BY-NC)",marcos_nato,2026-07-20,2026-07-20T18:47:00-05:00,"Quinindé, Ecuador",True,casual,0.3282961,-79.4723702
inatneg_382176365_699371080.jpg,Canis familiaris,382176365,699371080,https://inaturalist-open-data.s3.amazonaws.com/photos/699371080/large.jpg,cc-by-nc,"(c) bori14, some rights reserved (CC BY-NC)",bori14,2026-06-22,2026-06-22T15:07:16-05:00,"6º Pasaje 5 NE, Guayaquil, Guayas, EC",True,casual,-2.1283445,-79.8838416667
inatneg_381529377_698115831.jpg,Canis familiaris,381529377,698115831,https://inaturalist-open-data.s3.amazonaws.com/photos/698115831/large.jpg,cc-by-nc,"(c) piotrkz, some rights reserved (CC BY-NC)",piotrkz,2026-06-28,2026-06-28T16:46:00-05:00,"Archidona Napo Ec, Archidona, Ekwador",True,casual,-0.9109926,-77.8071975
inatneg_381238505_697534363.jpg,Canis familiaris,381238505,697534363,https://inaturalist-open-data.s3.amazonaws.com/photos/697534363/large.jpg,cc-by-nc,"(c) hippiejulian, some rights reserved (CC BY-NC)",hippiejulian,2026-06-29,2026-06-29T16:52:00-05:00,"Vinces, Ecuador",True,casual,-1.5949465886,-79.7257983685
inatneg_380158206_695464235.jpg,Canis familiaris,380158206,695464235,https://inaturalist-open-data.s3.amazonaws.com/photos/695464235/large.jpg,cc-by-nc,"(c) piotrkz, some rights reserved (CC BY-NC)",piotrkz,2026-06-26,2026-06-26T12:31:00-05:00,"Delia Maria II, 170142 Quito, Ekwador",True,casual,-0.2660572564,-78.5527358884
inatneg_379895969_694953490.jpg,Canis familiaris,379895969,694953490,https://inaturalist-open-data.s3.amazonaws.com/photos/694953490/large.jpg,cc-by-nc,"(c) piotrkz, some rights reserved (CC BY-NC)",piotrkz,2026-06-26,2026-06-26T09:43:00-05:00,"El Panecillo, 170111 Quito, Ekwador",True,casual,-0.2303178,-78.5192298
inatneg_377594996_690516223.jpg,Canis familiaris,377594996,690516223,https://inaturalist-open-data.s3.amazonaws.com/photos/690516223/large.jpg,cc-by-nc,"(c) Sahana Hegde, some rights reserved (CC BY-NC)",sahana50739,2026-05-28,2026-05-28T14:40:14-05:00,"Via Pukyu Pamba, Ibarra, Imbabura, EC",True,casual,0.2800666667,-78.1305388333
inatneg_374799253_685062157.jpg,Canis familiaris,374799253,685062157,https://inaturalist-open-data.s3.amazonaws.com/photos/685062157/large.jpg,cc-by,"(c) Yuri Sofronov, some rights reserved (CC BY)",skufidon_os4000,2026-06-23,2026-06-23T18:16:00-05:00,"Cuenca, Azuay, Ecuador",True,casual,-2.7931194444,-79.2752611111
inatneg_374799253_685062163.jpg,Canis familiaris,374799253,685062163,https://inaturalist-open-data.s3.amazonaws.com/photos/685062163/large.jpg,cc-by,"(c) Yuri Sofronov, some rights reserved (CC BY)",skufidon_os4000,2026-06-23,2026-06-23T18:16:00-05:00,"Cuenca, Azuay, Ecuador",True,casual,-2.7931194444,-79.2752611111
inatneg_374450478_684425791.jpg,Canis familiaris,374450478,684425791,https://inaturalist-open-data.s3.amazonaws.com/photos/684425791/large.jpg,cc-by-nc,"(c) Araceli Trujillo, some rights reserved (CC BY-NC)",araceli83929,,,"RG87+3QC, 170135 Quito, Ecuador",True,casual,-0.184123609,-78.4846376628
inatneg_373293532_682194630.jpg,Canis familiaris,373293532,682194630,https://inaturalist-open-data.s3.amazonaws.com/photos/682194630/large.jpg,cc-by-nc,"(c) Max, some rights reserved (CC BY-NC)",max2019,2026-06-05,2026-06-05T10:24:00-05:00,"Shell, Équateur",True,casual,-1.5039493513,-78.0624040608
inatneg_371047784_677910895.jpg,Canis familiaris,371047784,677910895,https://inaturalist-open-data.s3.amazonaws.com/photos/677910895/large.jpg,cc-by-nc,"(c) Matthew Alexander Tamayo Castillo, some rights reserved (CC BY-NC)",mtamayo,2025-09-10,2025-09-10T17:00:21-05:00,"Daule, Guayas, EC",True,casual,-2.0336945,-79.8739866667
inatneg_370464342_676770465.jpg,Canis familiaris,370464342,676770465,https://inaturalist-open-data.s3.amazonaws.com/photos/676770465/large.jpg,cc-by-nc,"(c) Daniel, some rights reserved (CC BY-NC)",daniel29651,2026-06-10,2026-06-10T16:57:00-05:00,"Cuenca, Ecuador",True,casual,-2.8244678734,-78.9642487202
inatneg_370107037_676103691.jpg,Canis familiaris,370107037,676103691,https://inaturalist-open-data.s3.amazonaws.com/photos/676103691/large.jpg,cc-by-nc,"(c) Jair Vega, some rights reserved (CC BY-NC)",jair51404,2026-06-09,2026-06-09T13:53:25-05:00,"6 de Diciembre Y Whimper, 170517 Quito, Ecuador",True,casual,-0.19530043,-78.48140807
inatneg_370106940_676103530.jpg,Canis familiaris,370106940,676103530,https://inaturalist-open-data.s3.amazonaws.com/photos/676103530/large.jpg,cc-by-nc,"(c) Jair Vega, some rights reserved (CC BY-NC)",jair51404,2026-06-09,2026-06-09T13:53:13-05:00,"6 de Diciembre Y Whimper, 170517 Quito, Ecuador",True,casual,-0.19523936,-78.4814564
inatneg_369897226_675705549.jpg,Canis familiaris,369897226,675705549,https://inaturalist-open-data.s3.amazonaws.com/photos/675705549/large.jpg,cc-by-nc,"(c) Julissa Paladines, some rights reserved (CC BY-NC)",julissa19525,2026-01-04,2026-01-04T11:35:00-05:00,"Vilcabamba Y S17 (2), 170139 Quito, Ecuador",True,casual,-0.2769983573,-78.5152151808
inatneg_369682008_675296051.jpg,Canis familiaris,369682008,675296051,https://inaturalist-open-data.s3.amazonaws.com/photos/675296051/large.jpg,cc-by-nc,"(c) mendoza_daniela_26, some rights reserved (CC BY-NC)",mendoza_daniela_26,2026-03-08,2026-03-08T17:01:00-05:00,"Calle 3, Morona, Morona Santiago, EC",True,casual,-2.4165533333,-78.1533971667
inatneg_369335269_674636941.jpg,Canis familiaris,369335269,674636941,https://inaturalist-open-data.s3.amazonaws.com/photos/674636941/large.jpg,cc-by-nc,"(c) Noemi Veronica Lopez Pazmiño, some rights reserved (CC BY-NC)",noemi_veronica,2026-06-07,2026-06-07T09:34:21-05:00,"346C+G93, Tena, Ecuador",True,casual,-0.93660849,-77.8800493
inatneg_369020625_674038934.jpg,Canis familiaris,369020625,674038934,https://inaturalist-open-data.s3.amazonaws.com/photos/674038934/large.jpg,cc-by-nc,"(c) Noemi Veronica Lopez Pazmiño, some rights reserved (CC BY-NC)",noemi_veronica,2026-06-06,2026-06-06T12:09:32-05:00,"257H+X3W, Tena, Ecuador",True,casual,-0.98562627,-77.82234658
inatneg_369014165_674025652.jpg,Canis familiaris,369014165,674025652,https://inaturalist-open-data.s3.amazonaws.com/photos/674025652/large.jpg,cc-by-nc,"(c) Noemi Veronica Lopez Pazmiño, some rights reserved (CC BY-NC)",noemi_veronica,2026-06-06,2026-06-06T11:50:13-05:00,"Tena, Ecuador",True,casual,-0.98658484,-77.81875155
inatneg_368599363_673246928.jpg,Canis familiaris,368599363,673246928,https://inaturalist-open-data.s3.amazonaws.com/photos/673246928/large.jpg,cc-by-nc,"(c) Gael Kohn, some rights reserved (CC BY-NC)",gaelkohn,2026-06-05,2026-06-05T06:23:01-05:00,"El Chaco, Napo, EC",True,casual,-0.391841934,-77.8160648029
inatneg_367849140_671801041.jpg,Canis familiaris,367849140,671801041,https://inaturalist-open-data.s3.amazonaws.com/photos/671801041/large.jpg,cc-by-nc,"(c) matdelese, some rights reserved (CC BY-NC)",matdelese,,,ecuador quito,True,casual,-0.223252,-78.514106
inatneg_367796022_671701073.jpg,Canis familiaris,367796022,671701073,https://inaturalist-open-data.s3.amazonaws.com/photos/671701073/large.jpg,cc-by-nc,"(c) juan1704_s152, some rights reserved (CC BY-NC)",juan1704_s152,2026-06-02,2026-06-02T12:46:36-05:00,"QGR6+2X5, 170143 Quito, Ecuador",True,casual,-0.21016535,-78.48733844
inatneg_367795905_671700790.jpg,Canis familiaris,367795905,671700790,https://inaturalist-open-data.s3.amazonaws.com/photos/671700790/large.jpg,cc-by-nc,"(c) paul_l22, some rights reserved (CC BY-NC)",paul_l22,2026-06-02,2026-06-02T12:46:03-05:00,"QGR6+2X5, 170143 Quito, Ecuador",True,casual,-0.21014151,-78.48724411
inatneg_367242075_670637544.jpg,Canis familiaris,367242075,670637544,https://inaturalist-open-data.s3.amazonaws.com/photos/670637544/large.jpg,cc-by-nc,"(c) Scarleth Dayana Campaña Castillo, some rights reserved (CC BY-NC)",scarleth_dayana,2025-11-09,2025-11-09T18:51:35-05:00,"RG87+VQ7, 170135 Quito, Ecuador",True,casual,-0.1824395256,-78.4843872115
inatneg_367242075_670637602.jpg,Canis familiaris,367242075,670637602,https://inaturalist-open-data.s3.amazonaws.com/photos/670637602/large.jpg,cc-by-nc,"(c) Scarleth Dayana Campaña Castillo, some rights reserved (CC BY-NC)",scarleth_dayana,2025-11-09,2025-11-09T18:51:35-05:00,"RG87+VQ7, 170135 Quito, Ecuador",True,casual,-0.1824395256,-78.4843872115
inatneg_367239821_670632851.jpg,Canis familiaris,367239821,670632851,https://inaturalist-open-data.s3.amazonaws.com/photos/670632851/large.jpg,cc-by-nc,"(c) bss679 Bembro, some rights reserved (CC BY-NC)",kevinmoran31,2026-05-29,2026-05-29T18:05:00-05:00,"Chillogallo, Quito, Ecuador",True,casual,-0.2856211,-78.5650431
inatneg_367232589_670618916.jpg,Canis familiaris,367232589,670618916,https://inaturalist-open-data.s3.amazonaws.com/photos/670618916/large.jpg,cc-by-nc,"(c) Jhonatan Palacios, some rights reserved (CC BY-NC)",jhonatan9944,2026-05-30,2026-05-30T17:43:00-05:00,"Chillogallo, Quito, Ecuador",True,casual,-0.2856211,-78.5650431
inatneg_367110211_670387753.jpg,Canis familiaris,367110211,670387753,https://inaturalist-open-data.s3.amazonaws.com/photos/670387753/large.jpg,cc-by-nc,"(c) ALEJANDRO VINUEZA, some rights reserved (CC BY-NC)",alejandro98394,2026-05-27,2026-05-27T00:15:00-05:00,"Av. Ladrón de Guevara E11-253, 170143 Quito, Ecuador",True,casual,-0.2094955,-78.4894961
inatneg_367073839_670319572.jpg,Canis familiaris,367073839,670319572,https://inaturalist-open-data.s3.amazonaws.com/photos/670319572/large.jpg,cc-by-nc,"(c) David Cola, some rights reserved (CC BY-NC)",david58834,2026-05-31,2026-05-31T09:29:02-05:00,"FCQM+C5Q, Machachi, Ecuador",True,casual,-0.5114002795,-78.5670190305
inatneg_366755201_669704827.jpg,Canis familiaris,366755201,669704827,https://inaturalist-open-data.s3.amazonaws.com/photos/669704827/large.jpg,cc-by-nc,"(c) dylan7w7, some rights reserved (CC BY-NC)",dylan7w7,,,"VF4M+P75, 170132 Quito, Ecuador",True,casual,-0.1439013682,-78.5162324086
inatneg_365926914_668136394.jpg,Canis familiaris,365926914,668136394,https://inaturalist-open-data.s3.amazonaws.com/photos/668136394/large.jpg,cc-by-nc,"(c) Sarahi bayas, some rights reserved (CC BY-NC)",sarahi70789,2026-05-22,2026-05-22T07:21:33-05:00,"El Giron (2), 170143 Quito, Ecuador",True,casual,-0.20949548,-78.4894961491
inatneg_365757830_667808243.jpg,Canis familiaris,365757830,667808243,https://inaturalist-open-data.s3.amazonaws.com/photos/667808243/large.jpg,cc-by-nc,"(c) josephcuti, some rights reserved (CC BY-NC)",josephcuti,2026-05-26,2026-05-26T14:22:55-05:00,"El Giron (2), 170143 Quito, Ecuador",True,casual,-0.20949548,-78.4894961491
inatneg_365748046_667790481.jpg,Canis familiaris,365748046,667790481,https://inaturalist-open-data.s3.amazonaws.com/photos/667790481/large.jpg,cc-by-nc,"(c) josephcuti, some rights reserved (CC BY-NC)",josephcuti,2026-05-26,2026-05-26T14:22:57-05:00,"El Giron (2), 170143 Quito, Ecuador",True,casual,-0.20949548,-78.4894961491
inatneg_365746749_667788136.jpg,Canis familiaris,365746749,667788136,https://inaturalist-open-data.s3.amazonaws.com/photos/667788136/large.jpg,cc-by-nc,"(c) Daniel, some rights reserved (CC BY-NC)",daniel29651,2026-05-27,2026-05-27T09:53:44-05:00,"Llacao, Ecuador",True,casual,-2.8371102209,-78.8914198056
inatneg_365675551_667658659.jpg,Canis familiaris,365675551,667658659,https://inaturalist-open-data.s3.amazonaws.com/photos/667658659/large.jpg,cc-by-nc,"(c) Lindsay Silva, some rights reserved (CC BY-NC)",lindsay2505,2026-02-14,2026-02-14T08:59:34-05:00,"8RWJ+5C, Telimbela, Ecuador",True,casual,-1.6565672897,-79.16833874
inatneg_365674211_667649970.jpg,Canis familiaris,365674211,667649970,https://inaturalist-open-data.s3.amazonaws.com/photos/667649970/large.jpg,cc-by-nc,"(c) luis_palacios_epn, some rights reserved (CC BY-NC)",luis_palacios_epn,2026-05-27,2026-05-27T03:25:00-05:00,"Av. Ladrón de Guevara E11-253, 170143 Quito, Ecuador",True,casual,-0.2094955,-78.4894961
inatneg_365629294_667572034.jpg,Canis familiaris,365629294,667572034,https://inaturalist-open-data.s3.amazonaws.com/photos/667572034/large.jpg,cc-by-nc,"(c) JuanCa, some rights reserved (CC BY-NC)",juanca_30,2026-05-26,2026-05-26T23:03:00-05:00,"Av. Ladrón de Guevara E11-253, 170143 Quito, Ecuador",True,casual,-0.2094955,-78.4894961
inatneg_365577612_667469484.jpg,Canis familiaris,365577612,667469484,https://inaturalist-open-data.s3.amazonaws.com/photos/667469484/large.jpg,cc-by-nc,"(c) Eder Cepeda, some rights reserved (CC BY-NC)",eder61455,2025-07-30,2025-07-30T18:43:13-05:00,"Teniente Hugo Ortiz Y OE2E, 170131 Quito, Ecuador",True,casual,-0.2739711841,-78.5373501107
inatneg_365200062_666742113.jpg,Canis familiaris,365200062,666742113,https://inaturalist-open-data.s3.amazonaws.com/photos/666742113/large.jpg,cc-by-nc,"(c) Carlos Yugsi, some rights reserved (CC BY-NC)",c_y_l,2026-05-19,,EPN,True,casual,-0.20949548,-78.4894961491
inatneg_398599115_731220421.jpg,Bos taurus,398599115,731220421,https://inaturalist-open-data.s3.amazonaws.com/photos/731220421/large.jpg,cc-by-nc,"(c) Joshua Cárdenas, some rights reserved (CC BY-NC)",joshua_dc,2025-04-04,2025-04-04T17:28:35-05:00,"3W9W+J59, Pedernales, Ecuador",True,casual,0.06904809,-80.0545138121
inatneg_398519081_731058059.jpg,Bos taurus,398519081,731058059,https://inaturalist-open-data.s3.amazonaws.com/photos/731058059/large.jpg,cc-by-nc,"(c) Jonathan Molina, some rights reserved (CC BY-NC)",jonathan001,2026-09-05,,"Atahualpa, Ecuador",True,casual,0.0138509272,-79.9459024519
inatneg_398101614_730247354.jpg,Bos taurus,398101614,730247354,https://inaturalist-open-data.s3.amazonaws.com/photos/730247354/large.jpg,cc-by-nc,"(c) Alisson Jama, some rights reserved (CC BY-NC)",alisson2007,2026-07-18,2026-07-18T09:52:54-05:00,"3W9W+J59, Pedernales, Ecuador",True,casual,0.06904809,-80.0545138121
inatneg_397903229_729852316.jpg,Bos taurus,397903229,729852316,https://inaturalist-open-data.s3.amazonaws.com/photos/729852316/large.jpg,cc-by-nc,"(c) Nahomy Quiroz, some rights reserved (CC BY-NC)",nahomy31468,2026-09-06,2026-09-06T10:06:03-05:00,"Pedernales, EC-MN, EC",True,casual,0.0572290997,-79.9704014
inatneg_397903229_729852649.jpg,Bos taurus,397903229,729852649,https://inaturalist-open-data.s3.amazonaws.com/photos/729852649/large.jpg,cc-by-nc,"(c) Nahomy Quiroz, some rights reserved (CC BY-NC)",nahomy31468,2026-09-06,2026-09-06T10:06:03-05:00,"Pedernales, EC-MN, EC",True,casual,0.0572290997,-79.9704014
inatneg_397850443_729745483.jpg,Bos taurus,397850443,729745483,https://inaturalist-open-data.s3.amazonaws.com/photos/729745483/large.jpg,cc-by-nc,"(c) Bianca Drouet, some rights reserved (CC BY-NC)",biancadrouetp,2026-08-29,2026-08-29T17:03:00-05:00,"Quito, Pichincha, EC",True,casual,0.1609627531,-78.6874598663
inatneg_397013712_728117616.jpg,Bos taurus,397013712,728117616,https://inaturalist-open-data.s3.amazonaws.com/photos/728117616/large.jpg,cc-by-nc,"(c) Pedro Alvarado Ibarra, some rights reserved (CC BY-NC)",alvarado2003,2026-09-03,2026-09-03T15:43:01-05:00,"Pedernales, Manabí, EC",True,casual,0.0643661884,-79.9855365801
inatneg_397013712_728117580.jpg,Bos taurus,397013712,728117580,https://inaturalist-open-data.s3.amazonaws.com/photos/728117580/large.jpg,cc-by-nc,"(c) Pedro Alvarado Ibarra, some rights reserved (CC BY-NC)",alvarado2003,2026-09-03,2026-09-03T15:43:01-05:00,"Pedernales, Manabí, EC",True,casual,0.0643661884,-79.9855365801
inatneg_392530571_719370232.jpg,Bos taurus,392530571,719370232,https://inaturalist-open-data.s3.amazonaws.com/photos/719370232/large.jpg,cc-by,"(c) Raúl A. Ruiz M., some rights reserved (CC BY)",lexgo,2026-08-15,2026-08-15T11:01:00-05:00,"Cantón Daule, Ecuador",True,casual,-2.0020515155,-79.9560160091
inatneg_392258350_718840302.jpg,Bos taurus,392258350,718840302,https://inaturalist-open-data.s3.amazonaws.com/photos/718840302/large.jpg,cc-by-nc,"(c) CARLOS DANIEL RAMOS SIGCHA, some rights reserved (CC BY-NC)",danielramossigcha,2024-08-10,2024-08-10T13:53:42-05:00,"Baños de Agua Santa, Ecuador",True,casual,-1.4095972222,-78.4151611111
inatneg_384479597_703804107.jpg,Bos taurus,384479597,703804107,https://inaturalist-open-data.s3.amazonaws.com/photos/703804107/large.jpg,cc-by-nc,"(c) piotrkz, some rights reserved (CC BY-NC)",piotrkz,2026-07-02,2026-07-02T10:15:00-05:00,"Colta, Ekwador",True,casual,-1.6895431205,-78.7669749183
inatneg_383824606_702535626.jpg,Bos taurus,383824606,702535626,https://inaturalist-open-data.s3.amazonaws.com/photos/702535626/large.jpg,cc-by-nc,"(c) piotrkz, some rights reserved (CC BY-NC)",piotrkz,2026-06-30,2026-06-30T17:21:00-05:00,"Baños Canton, Ekwador",True,casual,-1.4184271431,-78.4256721884
inatneg_382314710_699634498.jpg,Bos taurus,382314710,699634498,https://inaturalist-open-data.s3.amazonaws.com/photos/699634498/large.jpg,cc-by-nc,"(c) Calahorrano Paula, some rights reserved (CC BY-NC)",calahorrano,2026-07-17,2026-07-17T11:25:34-05:00,"FCQM+C5Q, Machachi, Ecuador",True,casual,-0.5114002795,-78.5670190305
inatneg_379543856_694272378.jpg,Bos taurus,379543856,694272378,https://inaturalist-open-data.s3.amazonaws.com/photos/694272378/large.jpg,cc-by-nc,"(c) Eduardo Bassantes Miño, some rights reserved (CC BY-NC)",eduardo81811,2026-07-08,2026-07-08T10:14:23-05:00,"Terminal Sur Ecovia (Guamani), 170132 Quito, Ecuador",True,casual,-0.338999402,-78.5484809428
inatneg_379543856_694272422.jpg,Bos taurus,379543856,694272422,https://inaturalist-open-data.s3.amazonaws.com/photos/694272422/large.jpg,cc-by-nc,"(c) Eduardo Bassantes Miño, some rights reserved (CC BY-NC)",eduardo81811,2026-07-08,2026-07-08T10:14:23-05:00,"Terminal Sur Ecovia (Guamani), 170132 Quito, Ecuador",True,casual,-0.338999402,-78.5484809428
inatneg_376432702_688264572.jpg,Bos taurus,376432702,688264572,https://inaturalist-open-data.s3.amazonaws.com/photos/688264572/large.jpg,cc-by-nc,"(c) matute_jennifer, some rights reserved (CC BY-NC)",matute_jennifer,,,"San Joaquin, Ecuador",True,casual,-2.9147440721,-79.0993583947
inatneg_374334575_684198335.jpg,Bos taurus,374334575,684198335,https://inaturalist-open-data.s3.amazonaws.com/photos/684198335/large.jpg,cc-by-nc,"(c) Alondra Bermeo, some rights reserved (CC BY-NC)",bermeo_alondra,2026-05-23,2026-05-23T11:26:41-05:00,"PV5M+4QX, Macas, Ecuador",True,casual,-2.2920943875,-78.1155016646
inatneg_373816127_683199296.jpg,Bos taurus,373816127,683199296,https://inaturalist-open-data.s3.amazonaws.com/photos/683199296/large.jpg,cc-by-nc,"(c) YESSY SHOHANA RIVERA RAMON, some rights reserved (CC BY-NC)",rivera_yessy,2025-05-23,2025-05-23T15:53:51-05:00,"MVRH+XQP, Macas, Ecuador",True,casual,-2.307437666,-78.1202307343
inatneg_371673918_679091956.jpg,Bos taurus,371673918,679091956,https://inaturalist-open-data.s3.amazonaws.com/photos/679091956/large.jpg,cc-by-nc,"(c) adrian0811, some rights reserved (CC BY-NC)",adrian0811,2026-06-14,2026-06-14T12:31:00-05:00,"Esmeraldas, Ecuador",True,casual,0.3217414,-79.468107
inatneg_371671044_679084386.jpg,Bos taurus,371671044,679084386,https://inaturalist-open-data.s3.amazonaws.com/photos/679084386/large.jpg,cc-by-nc,"(c) adrian0811, some rights reserved (CC BY-NC)",adrian0811,2026-06-11,2026-06-11T12:20:00-05:00,"28R3+M89, Pujilí, Ecuador",True,casual,-0.9583309,-78.6966375
inatneg_370365853_676600045.jpg,Bos taurus,370365853,676600045,https://inaturalist-open-data.s3.amazonaws.com/photos/676600045/large.jpg,cc-by-nc,"(c) Adrian Tab, some rights reserved (CC BY-NC)",adrian43370,2026-06-07,,"92P2+GW9, Guaranda, Ecuador",True,casual,-1.6756274138,-79.0275321901
inatneg_369877082_675664927.jpg,Bos taurus,369877082,675664927,https://inaturalist-open-data.s3.amazonaws.com/photos/675664927/large.jpg,cc-by-nc,"(c) Julissa Paladines, some rights reserved (CC BY-NC)",julissa19525,2026-02-21,2026-02-21T15:30:00-05:00,"Vilcabamba Y S17 (2), 170139 Quito, Ecuador",True,casual,-0.2769983573,-78.5152151808
inatneg_369593891_675129105.jpg,Bos taurus,369593891,675129105,https://inaturalist-open-data.s3.amazonaws.com/photos/675129105/large.jpg,cc-by-nc,"(c) Sebastian Eugenio, some rights reserved (CC BY-NC)",sebastian71018,2026-06-06,,"Pelileo, Ecuador",True,casual,-1.3442253062,-78.5118473321
inatneg_367895327_671889747.jpg,Bos taurus,367895327,671889747,https://inaturalist-open-data.s3.amazonaws.com/photos/671889747/large.jpg,cc-by-nc,"(c) jhostinguevara_-_-, some rights reserved (CC BY-NC)",jhostinguevara_-_-,2026-06-02,2026-06-02T18:50:00-05:00,"Otavalo, Ecuador",True,casual,0.1865903805,-78.3517775025
inatneg_367875318_671850579.jpg,Bos taurus,367875318,671850579,https://inaturalist-open-data.s3.amazonaws.com/photos/671850579/large.jpg,cc-by-nc,"(c) brxyxn, some rights reserved (CC BY-NC)",brxyxn,2026-06-02,2026-06-02T17:06:00-05:00,"Mejia, Ecuador",True,casual,-0.414509498,-78.5366731959
inatneg_367870101_671841908.jpg,Bos taurus,367870101,671841908,https://inaturalist-open-data.s3.amazonaws.com/photos/671841908/large.jpg,cc-by-nc,"(c) kevin_moposita, some rights reserved (CC BY-NC)",kevin_moposita,2026-05-31,,"PC7M+QX4, 170105 Quito, Ecuador",True,casual,-0.2868271932,-78.574369289
inatneg_367588295_671303106.jpg,Bos taurus,367588295,671303106,https://inaturalist-open-data.s3.amazonaws.com/photos/671303106/large.jpg,cc-by-nc,"(c) lynxleon, some rights reserved (CC BY-NC)",lynxleon,,,"Sangolquí, Ecuador",True,casual,-0.3301626,-78.4510729
inatneg_367586485_671303290.jpg,Bos taurus,367586485,671303290,https://inaturalist-open-data.s3.amazonaws.com/photos/671303290/large.jpg,cc-by-nc,"(c) Dennise Molina, some rights reserved (CC BY-NC)",dennise_molina,2024-10-12,2024-10-12T16:53:48-05:00,"Baños, Tungurahua, EC",True,casual,-1.4096783333,-78.415025
inatneg_367294837_670743602.jpg,Bos taurus,367294837,670743602,https://inaturalist-open-data.s3.amazonaws.com/photos/670743602/large.jpg,cc-by-nc,"(c) raquelvinueza, some rights reserved (CC BY-NC)",raquelvinueza,2026-05-31,2026-05-31T21:35:06-05:00,"Oe8J, Quito, Pichincha, EC",True,casual,-0.2988847649,-78.4403704296
inatneg_367282397_670718169.jpg,Bos taurus,367282397,670718169,https://inaturalist-open-data.s3.amazonaws.com/photos/670718169/large.jpg,cc-by-nc,"(c) Danny Mejía, some rights reserved (CC BY-NC)",danny92668,,,"6QQ7+83V, Otavalo, Ecuador",False,casual,0.2386810433,-78.2386703789
inatneg_367224347_670576990.jpg,Bos taurus,367224347,670576990,https://inaturalist-open-data.s3.amazonaws.com/photos/670576990/large.jpg,cc-by-nc,"(c) anthony_quezada, some rights reserved (CC BY-NC)",anthony_quezada,2026-05-25,2026-05-25T08:41:00-05:00,"J9R5+M4R, Yanahurco el Centro, Ecuador",True,casual,-1.3582701,-78.6422211
inatneg_367192661_670542326.jpg,Bos taurus,367192661,670542326,https://inaturalist-open-data.s3.amazonaws.com/photos/670542326/large.jpg,cc-by-nc,"(c) Pedro Paredes, some rights reserved (CC BY-NC)",pedro2560,2026-05-31,2026-05-31T15:45:00-05:00,"Sangolquí, Ecuador",True,casual,-0.3298173276,-78.4431734076
inatneg_367154629_670472183.jpg,Bos taurus,367154629,670472183,https://inaturalist-open-data.s3.amazonaws.com/photos/670472183/large.jpg,cc-by-nc,"(c) johan_aguirre, some rights reserved (CC BY-NC)",johan_aguirre,2026-05-24,,"HFG2+X2V, Tambillo, Ecuador",True,casual,-0.4216756603,-78.5512382537
inatneg_367122878_670412282.jpg,Bos taurus,367122878,670412282,https://inaturalist-open-data.s3.amazonaws.com/photos/670412282/large.jpg,cc-by-nc,"(c) Scarleth Dayana Campaña Castillo, some rights reserved (CC BY-NC)",scarleth_dayana,,,"San Antonio, Ecuador",True,casual,0.0387146667,-78.4629969299
inatneg_367074052_670320024.jpg,Bos taurus,367074052,670320024,https://inaturalist-open-data.s3.amazonaws.com/photos/670320024/large.jpg,cc-by-nc,"(c) David Cola, some rights reserved (CC BY-NC)",david58834,2026-05-31,2026-05-31T10:08:16-05:00,"FCQM+C5Q, Machachi, Ecuador",True,casual,-0.5114002795,-78.5670190305
inatneg_367072582_670317308.jpg,Bos taurus,367072582,670317308,https://inaturalist-open-data.s3.amazonaws.com/photos/670317308/large.jpg,cc-by-nc,"(c) David Cola, some rights reserved (CC BY-NC)",david58834,2026-05-31,2026-05-31T10:08:20-05:00,"FCQM+C5Q, Machachi, Ecuador",True,casual,-0.5114002795,-78.5670190305
inatneg_366916533_670016333.jpg,Bos taurus,366916533,670016333,https://inaturalist-open-data.s3.amazonaws.com/photos/670016333/large.jpg,cc-by-nc,"(c) gfat, some rights reserved (CC BY-NC)",gfat,2026-04-16,2026-04-16T23:04:00-05:00,"San Jose de Minas, Ecuador",True,casual,0.2015796,-78.4979248
inatneg_366810025_669803347.jpg,Bos taurus,366810025,669803347,https://inaturalist-open-data.s3.amazonaws.com/photos/669803347/large.jpg,cc-by-nc,"(c) beja21, some rights reserved (CC BY-NC)",beja21,2026-05-30,2026-05-30T16:13:00-05:00,"Cantón Píllaro, Ecuador",True,casual,-1.2028612332,-78.561507624
inatneg_366417867_669055615.jpg,Bos taurus,366417867,669055615,https://inaturalist-open-data.s3.amazonaws.com/photos/669055615/large.jpg,cc-by-nc,"(c) Cesar Isaac Pacas Chiluisa, some rights reserved (CC BY-NC)",isaacpacas,2026-05-23,2026-05-23T12:48:00-05:00,"Ambato, Ecuador",True,casual,-1.2543408,-78.6228504
inatneg_366374328_668986225.jpg,Bos taurus,366374328,668986225,https://inaturalist-open-data.s3.amazonaws.com/photos/668986225/large.jpg,cc-by-nc,"(c) mendoza_daniela_26, some rights reserved (CC BY-NC)",mendoza_daniela_26,2026-04-29,2026-04-29T07:45:04-05:00,"Cuenca, Azuay, EC",True,casual,-3.0810555,-79.0771721667
inatneg_365671966_667652906.jpg,Bos taurus,365671966,667652906,https://inaturalist-open-data.s3.amazonaws.com/photos/667652906/large.jpg,cc-by-nc,"(c) Lindsay Silva, some rights reserved (CC BY-NC)",lindsay2505,2020-08-10,2020-08-10T17:10:43-05:00,"8RMG+5V6, Telimbela, Ecuador",True,casual,-1.6670908936,-79.172863327
inatneg_365471919_669137865.jpg,Bos taurus,365471919,669137865,https://inaturalist-open-data.s3.amazonaws.com/photos/669137865/large.jpg,cc-by-nc,"(c) jimenez-jaely, some rights reserved (CC BY-NC)",jimenez-jaely,2025-10-20,2025-10-20T18:47:07-05:00,"Morona, Morona Santiago, EC",True,casual,-2.21282,-78.0083611167
inatneg_365387006_667109742.jpg,Bos taurus,365387006,667109742,https://inaturalist-open-data.s3.amazonaws.com/photos/667109742/large.jpg,cc-by-nc,"(c) SAMUEL ANDRES RAMIREZ FIGUEROA, some rights reserved (CC BY-NC)",ramirez_samuel,2026-05-23,2026-05-23T11:11:06-05:00,"Padre Alvino Del Curto, Morona, Morona Santiago, EC",True,casual,-2.291345,-78.1157083333
inatneg_365263782_666868282.jpg,Bos taurus,365263782,666868282,https://inaturalist-open-data.s3.amazonaws.com/photos/666868282/large.jpg,cc-by-nc,"(c) webiwab0art, some rights reserved (CC BY-NC)",webiwab0art,2026-05-24,2026-05-24T13:11:22-05:00,"RFG4+6HJ, Píllaro, Ecuador",True,casual,-1.1744198651,-78.5436150804
inatneg_363397903_663338544.jpg,Bos taurus,363397903,663338544,https://inaturalist-open-data.s3.amazonaws.com/photos/663338544/large.jpg,cc-by-nc,"(c) Camilo García, some rights reserved (CC BY-NC)",bowserjk,2025-11-02,2025-11-02T07:54:00-05:00,"San Francisco, Putumayo, variante mocoa",True,casual,1.1864280215,-76.8456068288
inatneg_362183336_661028476.jpg,Bos taurus,362183336,661028476,https://inaturalist-open-data.s3.amazonaws.com/photos/661028476/large.jpg,cc-by-nc,"(c) jhair cardenas, some rights reserved (CC BY-NC)",jhair10373,2024-08-11,2024-08-11T10:23:27-05:00,"Canoa, Ecuador",True,casual,-0.3274275422,-80.3998173773
inatneg_360486114_657790586.jpg,Bos taurus,360486114,657790586,https://inaturalist-open-data.s3.amazonaws.com/photos/657790586/large.jpg,cc-by-nc,"(c) Chicaiza Fernando, some rights reserved (CC BY-NC)",fernandoch14,2026-03-31,2026-03-31T11:33:59-05:00,"QC28+2MV, Lloa, Ecuador",True,casual,-0.2499998624,-78.5833328962
inatneg_360452152_657728002.jpg,Bos taurus,360452152,657728002,https://inaturalist-open-data.s3.amazonaws.com/photos/657728002/large.jpg,cc-by-nc,"(c) UNIRSE William,Salazar, some rights reserved (CC BY-NC)",unirse_william_salazar,2021-08-07,2021-08-07T10:08:24-05:00,"Ambato, Tungurahua, EC",True,casual,-1.2713088829,-78.6569540699
inatneg_360434847_657692284.jpg,Bos taurus,360434847,657692284,https://inaturalist-open-data.s3.amazonaws.com/photos/657692284/large.jpg,cc-by-nc,"(c) Cesar Guaman, some rights reserved (CC BY-NC)",cesarguaman,2026-05-10,2026-05-10T18:25:20-05:00,"N-75 Y OE76B, 170134 Quito, Ecuador",True,casual,-0.0959264784,-78.5213051364
inatneg_360405933_657623052.jpg,Bos taurus,360405933,657623052,https://inaturalist-open-data.s3.amazonaws.com/photos/657623052/large.jpg,cc-by-nc,"(c) jhonm04, some rights reserved (CC BY-NC)",jhonm04,2026-05-02,2026-05-02T16:55:00-05:00,"Cantón San Miguel de Los Bancos, Ecuador",True,casual,-0.0704389385,-78.9924581496
inatneg_360317608_657468603.jpg,Bos taurus,360317608,657468603,https://inaturalist-open-data.s3.amazonaws.com/photos/657468603/large.jpg,cc-by-nc,"(c) Mabel Lugmaña, some rights reserved (CC BY-NC)",mabel96795,2026-05-10,2026-05-10T13:22:34-05:00,"PF5W+C56, Quito, Ecuador",True,casual,-0.2920876,-78.5043447
inatneg_360242330_657332406.jpg,Bos taurus,360242330,657332406,https://inaturalist-open-data.s3.amazonaws.com/photos/657332406/large.jpg,cc-by-nc,"(c) Franklin Casa, some rights reserved (CC BY-NC)",franklin50491,2026-05-10,2026-05-10T10:05:46-05:00,"6C3J+V7H Chinchil de Robayos, Ecuador",True,casual,-0.79464,-78.5666566667
inatneg_360018525_656907425.jpg,Bos taurus,360018525,656907425,https://inaturalist-open-data.s3.amazonaws.com/photos/656907425/large.jpg,cc-by-nc,"(c) Damaris Suquillo, some rights reserved (CC BY-NC)",damarissuquillo,2026-05-09,2026-05-09T17:59:47-05:00,"San Rafael, Ecuador",True,casual,-0.34248865,-78.4805807
inatneg_360010233_656892273.jpg,Bos taurus,360010233,656892273,https://inaturalist-open-data.s3.amazonaws.com/photos/656892273/large.jpg,cc-by-nc,"(c) Francis Yanez, some rights reserved (CC BY-NC)",francis54270,2019-03-31,2019-03-31T11:28:35-05:00,"7XR4+RXV, San Miguel, Ecuador",True,casual,-1.7078464754,-79.0424375609
inatneg_360008403_656887520.jpg,Bos taurus,360008403,656887520,https://inaturalist-open-data.s3.amazonaws.com/photos/656887520/large.jpg,cc-by-nc,"(c) Francis Yanez, some rights reserved (CC BY-NC)",francis54270,2023-07-05,2023-07-05T14:00:23-05:00,"JH3G+W57, Baños de Agua Santa, Ecuador",True,casual,-1.3952055618,-78.4245870262
inatneg_359947652_656771762.jpg,Bos taurus,359947652,656771762,https://inaturalist-open-data.s3.amazonaws.com/photos/656771762/large.jpg,cc-by-nc,"(c) David Urcuango Quinatoa, some rights reserved (CC BY-NC)",david_urcuango_quinatoa,2026-05-09,2026-05-09T14:27:55-05:00,"Via Papallacta Baeza, Quijos, Napo, EC",True,casual,-0.4098907645,-78.0311279143
inatneg_359713328_656336006.jpg,Bos taurus,359713328,656336006,https://inaturalist-open-data.s3.amazonaws.com/photos/656336006/large.jpg,cc-by-nc,"(c) Abigail Fajardo, some rights reserved (CC BY-NC)",abigail91842,2025-12-15,2025-12-15T13:09:53-05:00,"Francisco Arturo Coronel, Tumbaco, Pichincha, EC",True,casual,-0.23013,-78.3715666667
inatneg_358512341_654024251.jpg,Bos taurus,358512341,654024251,https://inaturalist-open-data.s3.amazonaws.com/photos/654024251/large.jpg,cc-by-nc,"(c) ramon_luz, some rights reserved (CC BY-NC)",ramon_luz,2025-12-27,2025-12-27T13:08:36-05:00,"Julio Celi, Espindola, Loja, EC",True,casual,-4.5811594,-79.4268026
inatneg_357776888_652592459.jpg,Bos taurus,357776888,652592459,https://inaturalist-open-data.s3.amazonaws.com/photos/652592459/large.jpg,cc-by-nc,"(c) Lily Colin, some rights reserved (CC BY-NC)",lily_colin,2026-01-28,2026-01-28T08:06:24-05:00,"Quijos, Napo, EC",True,casual,-0.59335,-77.895195
inatneg_353273148_644628034.jpg,Bos taurus,353273148,644628034,https://inaturalist-open-data.s3.amazonaws.com/photos/644628034/large.jpg,cc-by-nc,"(c) UNIRSE Julyana,Carvajal, some rights reserved (CC BY-NC)",unirse_julyana_carvajal,2026-02-03,2026-02-03T10:55:13-05:00,"Federico Proaño, Tumbaco, Pichincha, EC",True,casual,-0.2264916667,-78.372575
inatneg_351583477_641614082.jpg,Bos taurus,351583477,641614082,https://inaturalist-open-data.s3.amazonaws.com/photos/641614082/large.jpg,cc-by-nc,"(c) smithmj18, some rights reserved (CC BY-NC)",smithmj18,2026-03-03,2026-03-03T09:50:00-05:00,"Chone, Manabí, EC",True,casual,-0.6561444269,-80.033940872
inatneg_351489942_641436608.jpg,Bos taurus,351489942,641436608,https://inaturalist-open-data.s3.amazonaws.com/photos/641436608/large.jpg,cc-by-nc,"(c) mnolo, some rights reserved (CC BY-NC)",mnolo,2025-12-21,2025-12-21T16:07:53-05:00,"Cuenca, Azuay, EC",True,casual,-2.9480283333,-79.2337283333
inatneg_350804181_640115648.jpg,Bos taurus,350804181,640115648,https://inaturalist-open-data.s3.amazonaws.com/photos/640115648/large.jpg,cc-by-nc,"(c) Gaby Espinoza, some rights reserved (CC BY-NC)",gaby24686,2026-04-18,,"64JC+6C6, Ecuador",True,casual,0.2305456363,-79.8789719492
inatneg_350791622_640092387.jpg,Bos taurus,350791622,640092387,https://inaturalist-open-data.s3.amazonaws.com/photos/640092387/large.jpg,cc-by-nc,"(c) Pieri Macias, some rights reserved (CC BY-NC)",pieri2,2026-04-18,2026-04-18T08:24:10-05:00,"Pedernales, Ecuador",True,casual,0.06904809,-80.0545138121
inatneg_349914079_638372851.jpg,Bos taurus,349914079,638372851,https://inaturalist-open-data.s3.amazonaws.com/photos/638372851/large.jpg,cc-by-nc,"(c) Dominic Tapia, some rights reserved (CC BY-NC)",dominic_tapia,2026-04-14,2026-04-14T11:06:06-05:00,"Loja, EC-LJ, EC",True,casual,-4.0352099994,-79.1997706611
inatneg_349841587_638232142.jpg,Bos taurus,349841587,638232142,https://inaturalist-open-data.s3.amazonaws.com/photos/638232142/large.jpg,cc-by-nc,"(c) Abigail Barahona, some rights reserved (CC BY-NC)",abigail75823,2026-03-02,,"Tumbaco, Ecuador",True,casual,-0.2106910666,-78.395598717
inatneg_349626709_637811621.jpg,Bos taurus,349626709,637811621,https://inaturalist-open-data.s3.amazonaws.com/photos/637811621/large.jpg,cc-by-nc,"(c) Michael Phillips, some rights reserved (CC BY-NC)",cw4phillips,2026-03-23,2026-03-23T08:48:00-05:00,"Metropolitan District of Quito, Ecuador",True,casual,-0.447405,-78.337105
inatneg_346225495_631082645.jpg,Bos taurus,346225495,631082645,https://inaturalist-open-data.s3.amazonaws.com/photos/631082645/large.jpg,cc-by-nc,"(c) elliott_megan, some rights reserved (CC BY-NC)",elliott_megan,2026-03-15,2026-03-15T15:36:03-05:00,"Chone, Manabí, EC",True,casual,-0.57412,-80.0437388333
inatneg_345518842_629690507.jpg,Bos taurus,345518842,629690507,https://inaturalist-open-data.s3.amazonaws.com/photos/629690507/large.jpg,cc-by-nc,"(c) ethanbrunner, some rights reserved (CC BY-NC)",ethanbrunner,2026-03-11,2026-03-11T13:08:27-05:00,"Yamana, Quito, Pichincha, EC",True,casual,-0.1459528333,-78.4470366667
inatneg_342489497_623702753.jpg,Bos taurus,342489497,623702753,https://inaturalist-open-data.s3.amazonaws.com/photos/623702753/large.jpg,cc-by-nc,"(c) Ava Von Dauber, some rights reserved (CC BY-NC)",ava_von_dauber,2026-03-11,2026-03-11T17:05:54-05:00,"Riobamba, Chimborazo, EC",True,casual,-1.7087823617,-78.6127697185
inatneg_398602317_731226109.jpg,Equus caballus,398602317,731226109,https://inaturalist-open-data.s3.amazonaws.com/photos/731226109/large.jpg,cc-by-nc,"(c) Joshua Cárdenas, some rights reserved (CC BY-NC)",joshua_dc,2026-09-08,2026-09-08T20:48:00-05:00,"3W9W+J59, Pedernales, Ecuador",True,casual,0.06904809,-80.0545138121
inatneg_395890640_725951923.jpg,Equus caballus,395890640,725951923,https://inaturalist-open-data.s3.amazonaws.com/photos/725951923/large.jpg,cc-by-nc,"(c) Sele, some rights reserved (CC BY-NC)",sele_may01,2026-08-30,2026-08-30T13:19:11-05:00,"QC42+QX, Quito, Ecuador",True,casual,-0.2431626396,-78.5962343216
inatneg_395890640_725951985.jpg,Equus caballus,395890640,725951985,https://inaturalist-open-data.s3.amazonaws.com/photos/725951985/large.jpg,cc-by-nc,"(c) Sele, some rights reserved (CC BY-NC)",sele_may01,2026-08-30,2026-08-30T13:19:11-05:00,"QC42+QX, Quito, Ecuador",True,casual,-0.2431626396,-78.5962343216
inatneg_392259134_718841965.jpg,Equus caballus,392259134,718841965,https://inaturalist-open-data.s3.amazonaws.com/photos/718841965/large.jpg,cc-by-nc,"(c) CARLOS DANIEL RAMOS SIGCHA, some rights reserved (CC BY-NC)",danielramossigcha,2024-08-10,2024-08-10T14:05:42-05:00,"Baños de Agua Santa, Ecuador",True,casual,-1.4098222222,-78.4153472222
inatneg_392154438_718635865.jpg,Equus caballus,392154438,718635865,https://inaturalist-open-data.s3.amazonaws.com/photos/718635865/large.jpg,cc-by-nc,"(c) CARLOS DANIEL RAMOS SIGCHA, some rights reserved (CC BY-NC)",danielramossigcha,2024-08-10,2024-08-10T13:57:42-05:00,"Baños de Agua Santa, Ecuador",True,casual,-1.4097555556,-78.4152055556
inatneg_388245323_711037957.jpg,Equus caballus,388245323,711037957,https://inaturalist-open-data.s3.amazonaws.com/photos/711037957/large.jpg,cc-by-nc,"(c) David Torres, some rights reserved (CC BY-NC)",dawicho,2026-08-01,2026-08-01T11:13:00-05:00,"Mejía, Ecuador",False,research,-0.6180018171,-78.4587659496
inatneg_388245323_711037951.jpg,Equus caballus,388245323,711037951,https://inaturalist-open-data.s3.amazonaws.com/photos/711037951/large.jpg,cc-by-nc,"(c) David Torres, some rights reserved (CC BY-NC)",dawicho,2026-08-01,2026-08-01T11:13:00-05:00,"Mejía, Ecuador",False,research,-0.6180018171,-78.4587659496
inatneg_387344958_709284387.jpg,Equus caballus,387344958,709284387,https://inaturalist-open-data.s3.amazonaws.com/photos/709284387/large.jpg,cc-by-nc,"(c) Stan Helfand, some rights reserved (CC BY-NC)",stan18141,2026-08-01,2026-08-01T13:51:02-05:00,"Mulalo, Ecuador",False,research,-0.6837539497,-78.4371900558
inatneg_387344958_709284440.jpg,Equus caballus,387344958,709284440,https://inaturalist-open-data.s3.amazonaws.com/photos/709284440/large.jpg,cc-by-nc,"(c) Stan Helfand, some rights reserved (CC BY-NC)",stan18141,2026-08-01,2026-08-01T13:51:02-05:00,"Mulalo, Ecuador",False,research,-0.6837539497,-78.4371900558
inatneg_384493628_703833895.jpg,Equus caballus,384493628,703833895,https://inaturalist-open-data.s3.amazonaws.com/photos/703833895/large.jpg,cc-by-nc,"(c) piotrkz, some rights reserved (CC BY-NC)",piotrkz,2026-07-02,2026-07-02T16:51:00-05:00,"Cañar, Ekwador",True,casual,-2.5412760539,-78.8727464682
inatneg_384479595_703804099.jpg,Equus caballus,384479595,703804099,https://inaturalist-open-data.s3.amazonaws.com/photos/703804099/large.jpg,cc-by-nc,"(c) piotrkz, some rights reserved (CC BY-NC)",piotrkz,2026-07-02,2026-07-02T09:29:00-05:00,"Riobamba, Ekwador",False,research,-1.6518353405,-78.7318874494
inatneg_384157239_703181789.jpg,Equus caballus,384157239,703181789,https://inaturalist-open-data.s3.amazonaws.com/photos/703181789/large.jpg,cc-by-nc,"(c) piotrkz, some rights reserved (CC BY-NC)",piotrkz,2026-07-01,2026-07-01T13:42:00-05:00,"Banos, Ekwador",True,casual,-1.3999505206,-78.4230676313
inatneg_384157239_703181784.jpg,Equus caballus,384157239,703181784,https://inaturalist-open-data.s3.amazonaws.com/photos/703181784/large.jpg,cc-by-nc,"(c) piotrkz, some rights reserved (CC BY-NC)",piotrkz,2026-07-01,2026-07-01T13:42:00-05:00,"Banos, Ekwador",True,casual,-1.3999505206,-78.4230676313
inatneg_381941658_698922058.jpg,Equus caballus,381941658,698922058,https://inaturalist-open-data.s3.amazonaws.com/photos/698922058/large.jpg,cc-by-nc,"(c) Calahorrano Paula, some rights reserved (CC BY-NC)",calahorrano,2026-07-16,2026-07-16T06:05:33-05:00,"Mulalo, Ecuador",True,casual,-0.7009667751,-78.5206500068
inatneg_381387828_697842961.jpg,Equus caballus,381387828,697842961,https://inaturalist-open-data.s3.amazonaws.com/photos/697842961/large.jpg,cc-by-nc,"(c) Braden McDonald, some rights reserved (CC BY-NC)",braden1,2026-07-12,2026-07-12T12:50:05-05:00,"Mejia, Pichincha, EC",False,research,-0.6199283333,-78.474395
inatneg_377841017_690989343.jpg,Equus caballus,377841017,690989343,https://inaturalist-open-data.s3.amazonaws.com/photos/690989343/large.jpg,cc-by-nc,"(c) Abigail Carvajal, some rights reserved (CC BY-NC)",carvajalaltamirano1121,,,"CRXV+9C3 Parque Nacional Antisana, Chamanal, Ecuador",False,casual,-0.4849942597,-78.1417514384
inatneg_376858753_689088339.jpg,Equus caballus,376858753,689088339,https://inaturalist-open-data.s3.amazonaws.com/photos/689088339/large.jpg,cc-by-nc,"(c) matute_jennifer, some rights reserved (CC BY-NC)",matute_jennifer,2025-04-11,2025-04-11T10:44:09-05:00,"Cuenca, Azuay, EC",True,casual,-2.7901366667,-79.0197361667
inatneg_376036255_687498320.jpg,Equus caballus,376036255,687498320,https://inaturalist-open-data.s3.amazonaws.com/photos/687498320/large.jpg,cc-by-nc,"(c) GEANELA MARILU DIAZ MARIN, some rights reserved (CC BY-NC)",geanela_marilu,,,"5P2W+GF5 Parque Nacional Cajas, Ecuador",True,casual,-2.8487303189,-79.2537610978
inatneg_374782302_685070138.jpg,Equus caballus,374782302,685070138,https://inaturalist-open-data.s3.amazonaws.com/photos/685070138/large.jpg,cc-by-nc,"(c) galan_daniela, some rights reserved (CC BY-NC)",galan_daniela,2026-03-01,,Animal Paute,True,casual,-2.7942339626,-78.7684586272
inatneg_372806546_681272483.jpg,Equus caballus,372806546,681272483,https://inaturalist-open-data.s3.amazonaws.com/photos/681272483/large.jpg,cc-by-nc,"(c) garcia_adriana, some rights reserved (CC BY-NC)",garcia_adriana,2025-07-23,2025-07-23T11:24:00-05:00,"Via A San Miguel Y 25 de Marzo, Ecuador",True,casual,-2.8656350229,-78.969430849
inatneg_372802582_681264094.jpg,Equus caballus,372802582,681264094,https://inaturalist-open-data.s3.amazonaws.com/photos/681264094/large.jpg,cc-by-nc,"(c) garcia_adriana, some rights reserved (CC BY-NC)",garcia_adriana,2026-06-14,2026-06-14T10:33:00-05:00,"WW5V+RJ7, Tarqui, Ecuador",True,casual,-3.0905504389,-79.0539207682
inatneg_372495661_680676308.jpg,Equus caballus,372495661,680676308,https://inaturalist-open-data.s3.amazonaws.com/photos/680676308/large.jpg,cc-by-nc,"(c) dalianaojeda, some rights reserved (CC BY-NC)",dalianaojeda,2026-06-16,2026-06-16T21:48:19-05:00,"Mocoa, Mocoa, Putumayo, CO",False,casual,1.1722017175,-76.662199048
inatneg_372495661_680676337.jpg,Equus caballus,372495661,680676337,https://inaturalist-open-data.s3.amazonaws.com/photos/680676337/large.jpg,cc-by-nc,"(c) dalianaojeda, some rights reserved (CC BY-NC)",dalianaojeda,2026-06-16,2026-06-16T21:48:19-05:00,"Mocoa, Mocoa, Putumayo, CO",False,casual,1.1722017175,-76.662199048
inatneg_371929478_679589313.jpg,Equus caballus,371929478,679589313,https://inaturalist-open-data.s3.amazonaws.com/photos/679589313/large.jpg,cc-by-nc,"(c) Camila Garcia, some rights reserved (CC BY-NC)",camila7790,2026-06-13,,"XRGG+7WF, Buena Esperanza, Ecuador",True,casual,-0.0234415003,-78.1717549637
inatneg_371868244_679469685.jpg,Equus caballus,371868244,679469685,https://inaturalist-open-data.s3.amazonaws.com/photos/679469685/large.jpg,cc-by-nc,"(c) Jenifer Vizuete, some rights reserved (CC BY-NC)",jenifer24171,2025-06-14,2025-06-14T13:11:00-05:00,"Baños, TU, EC",True,casual,-1.3338779587,-78.2717421157
inatneg_371008949_677834728.jpg,Equus caballus,371008949,677834728,https://inaturalist-open-data.s3.amazonaws.com/photos/677834728/large.jpg,cc-by-nc,"(c) mendoza_daniela_26, some rights reserved (CC BY-NC)",mendoza_daniela_26,2026-06-12,2026-06-12T15:31:03-05:00,"Santa Isabel, Azuay, EC",True,casual,-3.1386554,-79.4252739
inatneg_369893222_675697495.jpg,Equus caballus,369893222,675697495,https://inaturalist-open-data.s3.amazonaws.com/photos/675697495/large.jpg,cc-by-nc,"(c) Jhonny Quishpe, some rights reserved (CC BY-NC)",jhonnyquishpe,2026-06-05,2026-06-05T20:20:00-05:00,"Tingo, 170142 Quito, Ecuador",True,casual,-0.267211,-78.5558369
inatneg_369786439_675491950.jpg,Equus caballus,369786439,675491950,https://inaturalist-open-data.s3.amazonaws.com/photos/675491950/large.jpg,cc-by-nc,"(c) Adrian Tab, some rights reserved (CC BY-NC)",adrian43370,2026-06-07,,"Babahoyo, Ecuador",True,casual,-1.7884284387,-79.4828509167
inatneg_369480308_674905105.jpg,Equus caballus,369480308,674905105,https://inaturalist-open-data.s3.amazonaws.com/photos/674905105/large.jpg,cc-by-nc,"(c) Luis David Capa, some rights reserved (CC BY-NC)",luis_david94642,2019-02-08,2019-02-08T13:35:22-05:00,"JH37+G65, Baños de Agua Santa, Ecuador",True,casual,-1.3964239289,-78.4368973598
inatneg_367895334_671891656.jpg,Equus caballus,367895334,671891656,https://inaturalist-open-data.s3.amazonaws.com/photos/671891656/large.jpg,cc-by-nc,"(c) jhostinguevara_-_-, some rights reserved (CC BY-NC)",jhostinguevara_-_-,2026-06-02,2026-06-02T18:50:00-05:00,"Comunidad Moyurco, Vía a Olmedo, 171011 Cayambe, Ecuador",True,casual,0.0985744,-78.1072178
inatneg_367875308_671846353.jpg,Equus caballus,367875308,671846353,https://inaturalist-open-data.s3.amazonaws.com/photos/671846353/large.jpg,cc-by-nc,"(c) brxyxn, some rights reserved (CC BY-NC)",brxyxn,2026-06-02,2026-06-02T17:06:00-05:00,"Mejia, Ecuador",True,casual,-0.4558484431,-78.5656633897
inatneg_367873973_671848971.jpg,Equus caballus,367873973,671848971,https://inaturalist-open-data.s3.amazonaws.com/photos/671848971/large.jpg,cc-by-nc,"(c) jaime-cusco-21, some rights reserved (CC BY-NC)",jaime-cusco-21,2026-06-01,2026-06-01T17:22:00-05:00,"Latacunga, Ecuador",True,casual,-0.9333731101,-78.6138831545
inatneg_367866988_671835744.jpg,Equus caballus,367866988,671835744,https://inaturalist-open-data.s3.amazonaws.com/photos/671835744/large.jpg,cc-by-nc,"(c) Ramirez Johao, some rights reserved (CC BY-NC)",ramirez54256,2026-04-30,2026-04-30T13:22:59-05:00,"Tambillo, Ecuador",True,casual,-0.4327777778,-78.5383333333
inatneg_367862996_671827498.jpg,Equus caballus,367862996,671827498,https://inaturalist-open-data.s3.amazonaws.com/photos/671827498/large.jpg,cc-by-nc,"(c) lmluismoran, some rights reserved (CC BY-NC)",lmluismoran,2026-05-31,2026-05-31T16:40:00-05:00,"Distrito Metropolitano de Quito, Ecuador",True,casual,-0.1861416191,-78.5373652623
inatneg_367724567_671568755.jpg,Equus caballus,367724567,671568755,https://inaturalist-open-data.s3.amazonaws.com/photos/671568755/large.jpg,cc-by-nc,"(c) ysabel barberan, some rights reserved (CC BY-NC)",ysabel26964,2026-05-31,2026-05-31T13:30:04-05:00,"Cojimies, Ecuador",True,casual,0.2520634671,-79.8827790096
inatneg_367197618_670550561.jpg,Equus caballus,367197618,670550561,https://inaturalist-open-data.s3.amazonaws.com/photos/670550561/large.jpg,cc-by-nc,"(c) Pedro Paredes, some rights reserved (CC BY-NC)",pedro2560,2026-05-31,2026-05-31T15:58:00-05:00,"Sangolquí, Ecuador",True,casual,-0.3306401493,-78.4428537398
inatneg_367073663_670319201.jpg,Equus caballus,367073663,670319201,https://inaturalist-open-data.s3.amazonaws.com/photos/670319201/large.jpg,cc-by-nc,"(c) David Cola, some rights reserved (CC BY-NC)",david58834,2026-05-31,2026-05-31T09:35:09-05:00,"FCQM+C5Q, Machachi, Ecuador",True,casual,-0.5114002795,-78.5670190305
inatneg_367073069_670318292.jpg,Equus caballus,367073069,670318292,https://inaturalist-open-data.s3.amazonaws.com/photos/670318292/large.jpg,cc-by-nc,"(c) David Cola, some rights reserved (CC BY-NC)",david58834,2026-05-31,2026-05-31T10:14:21-05:00,"FCQM+C5Q, Machachi, Ecuador",True,casual,-0.5114002795,-78.5670190305
inatneg_366916223_670015910.jpg,Equus caballus,366916223,670015910,https://inaturalist-open-data.s3.amazonaws.com/photos/670015910/large.jpg,cc-by-nc,"(c) gfat, some rights reserved (CC BY-NC)",gfat,2026-04-15,2026-04-15T23:00:00-05:00,"Pataquí, Ecuador",True,casual,0.166667,-78.35
inatneg_366515869_669259541.jpg,Equus caballus,366515869,669259541,https://inaturalist-open-data.s3.amazonaws.com/photos/669259541/large.jpg,cc-by-nc,"(c) alexander toctaguano, some rights reserved (CC BY-NC)",alexander38794,2026-05-24,2026-05-24T18:14:15-05:00,"Quito, EC-PI, EC",True,casual,-0.191861405,-78.5237714276
inatneg_366028543_668331106.jpg,Equus caballus,366028543,668331106,https://inaturalist-open-data.s3.amazonaws.com/photos/668331106/large.jpg,cc-by-nc,"(c) Sebastien Sevellec, some rights reserved (CC BY-NC)",sebastien21506,2026-05-25,2026-05-25T14:11:21-05:00,"Parque Nacional Cotopaxi, EC-PI-ME, EC-PI, EC",False,research,-0.6128509453,-78.4718951583
inatneg_365762583_667816904.jpg,Equus caballus,365762583,667816904,https://inaturalist-open-data.s3.amazonaws.com/photos/667816904/large.jpg,cc-by-nc,"(c) Cesar Vera, some rights reserved (CC BY-NC)",cesar6097,2026-05-27,2026-05-27T11:05:04-05:00,"Cojimies, Ecuador",True,casual,0.2520646,-79.8828167
inatneg_365762583_667816943.jpg,Equus caballus,365762583,667816943,https://inaturalist-open-data.s3.amazonaws.com/photos/667816943/large.jpg,cc-by-nc,"(c) Cesar Vera, some rights reserved (CC BY-NC)",cesar6097,2026-05-27,2026-05-27T11:05:04-05:00,"Cojimies, Ecuador",True,casual,0.2520646,-79.8828167
inatneg_365625895_667564948.jpg,Equus caballus,365625895,667564948,https://inaturalist-open-data.s3.amazonaws.com/photos/667564948/large.jpg,cc-by-nc,"(c) dalianaojeda, some rights reserved (CC BY-NC)",dalianaojeda,2026-05-26,2026-05-26T20:33:06-05:00,"Mocoa, Mocoa, Putumayo, CO",True,casual,1.1618868088,-76.6459616301
inatneg_365625895_667564969.jpg,Equus caballus,365625895,667564969,https://inaturalist-open-data.s3.amazonaws.com/photos/667564969/large.jpg,cc-by-nc,"(c) dalianaojeda, some rights reserved (CC BY-NC)",dalianaojeda,2026-05-26,2026-05-26T20:33:06-05:00,"Mocoa, Mocoa, Putumayo, CO",True,casual,1.1618868088,-76.6459616301
inatneg_364056275_664580758.jpg,Equus caballus,364056275,664580758,https://inaturalist-open-data.s3.amazonaws.com/photos/664580758/large.jpg,cc-by-nc,"(c) Tyler Corn, some rights reserved (CC BY-NC)",tyler_corn,2026-05-22,2026-05-22T13:16:25-05:00,"Mejia, Pichincha, EC",False,research,-0.616775,-78.4737383333
inatneg_364056275_664580771.jpg,Equus caballus,364056275,664580771,https://inaturalist-open-data.s3.amazonaws.com/photos/664580771/large.jpg,cc-by-nc,"(c) Tyler Corn, some rights reserved (CC BY-NC)",tyler_corn,2026-05-22,2026-05-22T13:16:25-05:00,"Mejia, Pichincha, EC",False,research,-0.616775,-78.4737383333
inatneg_363392990_663330829.jpg,Equus caballus,363392990,663330829,https://inaturalist-open-data.s3.amazonaws.com/photos/663330829/large.jpg,cc-by-nc,"(c) medrano_valentina_2003, some rights reserved (CC BY-NC)",medrano_valentina_2003,2026-05-20,2026-05-20T11:37:38-05:00,"Avenida Enrique Arízaga Toral, Cuenca, Azuay, EC",True,casual,-2.8786808852,-79.0726166686
inatneg_361590408_659917840.jpg,Equus caballus,361590408,659917840,https://inaturalist-open-data.s3.amazonaws.com/photos/659917840/large.jpg,cc-by-nc,"(c) ramon_luz, some rights reserved (CC BY-NC)",ramon_luz,2024-12-13,2024-12-13T09:12:06-05:00,"Cuenca, Azuay, EC",True,casual,-2.9927966667,-79.0478583333
inatneg_360657575_658114511.jpg,Equus caballus,360657575,658114511,https://inaturalist-open-data.s3.amazonaws.com/photos/658114511/large.jpg,cc-by-nc,"(c) pipo_tru, some rights reserved (CC BY-NC)",pipo_tru,2026-03-28,2026-03-28T16:01:13-05:00,"Quijos, Napo, EC",False,research,-0.5560913757,-78.0813959257
inatneg_360657575_658114499.jpg,Equus caballus,360657575,658114499,https://inaturalist-open-data.s3.amazonaws.com/photos/658114499/large.jpg,cc-by-nc,"(c) pipo_tru, some rights reserved (CC BY-NC)",pipo_tru,2026-03-28,2026-03-28T16:01:13-05:00,"Quijos, Napo, EC",False,research,-0.5560913757,-78.0813959257
inatneg_360501298_657816887.jpg,Equus caballus,360501298,657816887,https://inaturalist-open-data.s3.amazonaws.com/photos/657816887/large.jpg,cc-by-nc,"(c) Julissa Paladines, some rights reserved (CC BY-NC)",julissa2735,2022-07-05,2022-07-05T00:25:00-05:00,"27 de Abril (Cab. en la Naranja), Ecuador",True,casual,-4.4568520776,-79.4493729249
inatneg_360491107_657782291.jpg,Equus caballus,360491107,657782291,https://inaturalist-open-data.s3.amazonaws.com/photos/657782291/large.jpg,cc-by-nc,"(c) gustavocamacho05, some rights reserved (CC BY-NC)",gustavocamacho05,2014-03-02,2014-03-02T16:09:00-05:00,"Mejia, Ecuador",False,research,-0.6633259269,-78.4369482944
inatneg_360471180_657764373.jpg,Equus caballus,360471180,657764373,https://inaturalist-open-data.s3.amazonaws.com/photos/657764373/large.jpg,cc-by-nc,"(c) Lil_Tony03, some rights reserved (CC BY-NC)",lil_tony03,2025-12-31,2025-12-31T14:07:36-05:00,"Hugo Vega, Cotacachi, Imbabura, EC",True,casual,0.3559416667,-78.51265
inatneg_360447124_657709575.jpg,Equus caballus,360447124,657709575,https://inaturalist-open-data.s3.amazonaws.com/photos/657709575/large.jpg,cc-by-nc,"(c) melany_enriquez, some rights reserved (CC BY-NC)",melany_enriquez,2026-05-09,2026-05-09T19:46:00-05:00,"Baños de Agua Santa, Ecuador",True,casual,-1.3952057,-78.4245868
inatneg_360432518_657685883.jpg,Equus caballus,360432518,657685883,https://inaturalist-open-data.s3.amazonaws.com/photos/657685883/large.jpg,cc-by-nc,"(c) Leandro Noa, some rights reserved (CC BY-NC)",leandronoa,2025-02-07,2025-02-07T18:11:00-05:00,"Cantón, Baños de Agua Santa, Ecuador",True,casual,-1.4092437,-78.4157726
inatneg_360310924_657456462.jpg,Equus caballus,360310924,657456462,https://inaturalist-open-data.s3.amazonaws.com/photos/657456462/large.jpg,cc-by-nc,"(c) Fernando Calderón, some rights reserved (CC BY-NC)",stalincalderon,,,"QC28+2MV, Lloa, Ecuador",True,casual,-0.2499998624,-78.5833328962
inatneg_360096700_657061849.jpg,Equus caballus,360096700,657061849,https://inaturalist-open-data.s3.amazonaws.com/photos/657061849/large.jpg,cc-by-nc,"(c) xavier_zumba, some rights reserved (CC BY-NC)",xavier_zumba,2026-05-09,2026-05-09T23:01:00-05:00,"Quito, Ecuador",True,casual,-0.2232523,-78.5141064
inatneg_360076982_657024441.jpg,Equus caballus,360076982,657024441,https://inaturalist-open-data.s3.amazonaws.com/photos/657024441/large.jpg,cc-by-nc,"(c) José Merchán, some rights reserved (CC BY-NC)",jose_merchan,2024-02-23,2024-02-23T12:22:53-05:00,"Quito, EC-PI, EC",True,casual,-0.3097285891,-78.5697220266
inatneg_359969905_656815879.jpg,Equus caballus,359969905,656815879,https://inaturalist-open-data.s3.amazonaws.com/photos/656815879/large.jpg,cc-by-nc,"(c) Estefano Proaño, some rights reserved (CC BY-NC)",estefano84330,,,"San Antonio, Ecuador",True,casual,-0.0077817589,-78.4421451017
inatneg_358807368_654595696.jpg,Equus caballus,358807368,654595696,https://inaturalist-open-data.s3.amazonaws.com/photos/654595696/large.jpg,cc-by-nc,"(c) sofilu14, some rights reserved (CC BY-NC)",sofilu14,2026-03-28,2026-03-28T08:59:33-05:00,"Quito, Pichincha, EC",True,casual,-0.4581216667,-78.3194666667
inatneg_358807368_654595743.jpg,Equus caballus,358807368,654595743,https://inaturalist-open-data.s3.amazonaws.com/photos/654595743/large.jpg,cc-by-nc,"(c) sofilu14, some rights reserved (CC BY-NC)",sofilu14,2026-03-28,2026-03-28T08:59:33-05:00,"Quito, Pichincha, EC",True,casual,-0.4581216667,-78.3194666667
inatneg_358073357_653159072.jpg,Equus caballus,358073357,653159072,https://inaturalist-open-data.s3.amazonaws.com/photos/653159072/large.jpg,cc-by-nc,"(c) Abigail Barahona, some rights reserved (CC BY-NC)",abigail75823,2026-05-01,,"JH3G+W57, Baños de Agua Santa, Ecuador",True,casual,-1.403846402,-78.4229347855
inatneg_353186255_644476650.jpg,Equus caballus,353186255,644476650,https://inaturalist-open-data.s3.amazonaws.com/photos/644476650/large.jpg,cc-by-nc,"(c) andre_valle2507, some rights reserved (CC BY-NC)",andre_valle2507,2026-03-18,2026-03-18T21:14:10-05:00,"Quito, Pichincha, EC",True,casual,-0.1786616667,-78.4191666667
inatneg_345806812_630257267.jpg,Equus caballus,345806812,630257267,https://inaturalist-open-data.s3.amazonaws.com/photos/630257267/large.jpg,cc-by-nc,"(c) bionaber, some rights reserved (CC BY-NC)",bionaber,2013-07-12,2013-07-12T16:04:17-05:00,"Latacunga, Cotopaxi, EC",False,research,-0.6764361441,-78.5504697902
inatneg_344960860_628587267.jpg,Equus caballus,344960860,628587267,https://inaturalist-open-data.s3.amazonaws.com/photos/628587267/large.jpg,cc-by-nc,"(c) Andrés León-Reyes, some rights reserved (CC BY-NC)",aeleon,2026-03-06,2026-03-06T04:02:00-05:00,"HM4Q+22M Reserva Chakana- Hacienda Antisanilla, Quito, Ecuador",True,casual,-0.4449022,-78.3124672
inatneg_341400423_621494892.jpg,Equus caballus,341400423,621494892,https://inaturalist-open-data.s3.amazonaws.com/photos/621494892/large.jpg,cc-by-nc,"(c) Clément panisse, some rights reserved (CC BY-NC)",panisseclement,2026-03-03,2026-03-03T10:31:09-05:00,"El Pan, Province d'Azuay, EC",False,research,-2.8842749574,-78.6964565996
inatneg_340101602_618841632.jpg,Equus caballus,340101602,618841632,https://inaturalist-open-data.s3.amazonaws.com/photos/618841632/large.jpg,cc-by-nc,"(c) Lucas Scott de Marcos, some rights reserved (CC BY-NC)",koala_sprint,2026-02-23,2026-02-23T09:48:15-05:00,"Ruta al Rumiñahui Central, Mejia, Pichincha, EC",False,research,-0.5960742509,-78.492732739
inatneg_339313889_617235151.jpg,Equus caballus,339313889,617235151,https://inaturalist-open-data.s3.amazonaws.com/photos/617235151/large.jpg,cc-by-nc,"(c) sneeyqnxd23, some rights reserved (CC BY-NC)",sneeyqnxd23,2026-02-19,2026-02-19T12:05:24-05:00,"Via Pimampiro Pompeya Itaya, La Joya De Los S, Orellana, EC",True,casual,-0.324678167,-76.8667580119
inatneg_338905054_616403598.jpg,Equus caballus,338905054,616403598,https://inaturalist-open-data.s3.amazonaws.com/photos/616403598/large.jpg,cc-by-nc,"(c) vale_castellanos09, some rights reserved (CC BY-NC)",vale_castellanos09,2026-02-16,2026-02-16T12:24:54-05:00,"Sendero al Ilalo, Quito, Pichincha, EC",True,casual,-0.2423937737,-78.4316764274
inatneg_390740658_715873674.jpg,Ovis aries,390740658,715873674,https://inaturalist-open-data.s3.amazonaws.com/photos/715873674/large.jpg,cc-by,"(c) Raúl A. Ruiz M., some rights reserved (CC BY)",lexgo,2026-08-07,2026-08-07T09:20:00-05:00,"Pedro Moncayo, Ecuador",True,casual,0.1297337656,-78.187290284
inatneg_390740658_715873675.jpg,Ovis aries,390740658,715873675,https://inaturalist-open-data.s3.amazonaws.com/photos/715873675/large.jpg,cc-by,"(c) Raúl A. Ruiz M., some rights reserved (CC BY)",lexgo,2026-08-07,2026-08-07T09:20:00-05:00,"Pedro Moncayo, Ecuador",True,casual,0.1297337656,-78.187290284
inatneg_388074874_710703283.jpg,Ovis aries,388074874,710703283,https://inaturalist-open-data.s3.amazonaws.com/photos/710703283/large.jpg,cc-by-nc,"(c) Dubé, some rights reserved (CC BY-NC)",crabevert,2025-07-20,2025-07-20T14:55:20-05:00,"Panamericana, Alausi, Chimborazo, EC",True,casual,-2.1946166667,-78.8310166667
inatneg_376861668_689093694.jpg,Ovis aries,376861668,689093694,https://inaturalist-open-data.s3.amazonaws.com/photos/689093694/large.jpg,cc-by-nc,"(c) mendoza_daniela_26, some rights reserved (CC BY-NC)",mendoza_daniela_26,2024-01-08,2024-01-08T08:50:19-05:00,"Cuenca, Azuay, EC",True,casual,-3.079175,-79.0754778333
inatneg_375885639_687212025.jpg,Ovis aries,375885639,687212025,https://inaturalist-open-data.s3.amazonaws.com/photos/687212025/large.jpg,cc-by-nc,"(c) matute_jennifer, some rights reserved (CC BY-NC)",matute_jennifer,2024-01-08,2024-01-08T08:48:26-05:00,"Cuenca, Azuay, EC",True,casual,-3.0791861589,-79.0755
inatneg_375562783_686589615.jpg,Ovis aries,375562783,686589615,https://inaturalist-open-data.s3.amazonaws.com/photos/686589615/large.jpg,cc-by-nc,"(c) moises123_venegasdrs, some rights reserved (CC BY-NC)",moises123_venegasdrs,2026-06-26,2026-06-26T11:49:11-05:00,"6V2J+R48, Angochagua, Ecuador",True,casual,0.2017362,-78.1220553
inatneg_371931009_679592197.jpg,Ovis aries,371931009,679592197,https://inaturalist-open-data.s3.amazonaws.com/photos/679592197/large.jpg,cc-by-nc,"(c) Camila Garcia, some rights reserved (CC BY-NC)",camila7790,2026-06-13,,"XRGG+7WF, Buena Esperanza, Ecuador",True,casual,-0.0234415003,-78.1717549637
inatneg_371749542_679235525.jpg,Ovis aries,371749542,679235525,https://inaturalist-open-data.s3.amazonaws.com/photos/679235525/large.jpg,cc-by-nc,"(c) Adrian Tab, some rights reserved (CC BY-NC)",adrian43370,2026-06-13,,"Villa la Union (Cajabamba), Ecuador",True,casual,-1.6893232363,-78.7726609781
inatneg_371671034_679084384.jpg,Ovis aries,371671034,679084384,https://inaturalist-open-data.s3.amazonaws.com/photos/679084384/large.jpg,cc-by-nc,"(c) adrian0811, some rights reserved (CC BY-NC)",adrian0811,2026-06-11,2026-06-11T12:20:00-05:00,"Pujili, Ecuador",True,casual,-0.962746587,-78.7095797212
inatneg_371669128_679083053.jpg,Ovis aries,371669128,679083053,https://inaturalist-open-data.s3.amazonaws.com/photos/679083053/large.jpg,cc-by-nc,"(c) adrian0811, some rights reserved (CC BY-NC)",adrian0811,2026-06-04,2026-06-04T12:18:00-05:00,"Pujili, Ecuador",True,casual,-0.9506180695,-78.7065593941
inatneg_371459636_678685922.jpg,Ovis aries,371459636,678685922,https://inaturalist-open-data.s3.amazonaws.com/photos/678685922/large.jpg,cc-by-nc,"(c) ramon_luz, some rights reserved (CC BY-NC)",ramon_luz,2026-06-12,2026-06-12T12:45:45-05:00,"Panamerica Sur, Loja, Loja, EC",True,casual,-3.7035916667,-79.2719033333
inatneg_371288138_678358868.jpg,Ovis aries,371288138,678358868,https://inaturalist-open-data.s3.amazonaws.com/photos/678358868/large.jpg,cc-by-nc,"(c) Tatiana Sibri, some rights reserved (CC BY-NC)",sibri_tatiana,2026-06-13,2026-06-13T11:54:55-05:00,"323P+CC9, Ecuador",True,casual,-2.9465415932,-78.9638709649
inatneg_371288138_678358961.jpg,Ovis aries,371288138,678358961,https://inaturalist-open-data.s3.amazonaws.com/photos/678358961/large.jpg,cc-by-nc,"(c) Tatiana Sibri, some rights reserved (CC BY-NC)",sibri_tatiana,2026-06-13,2026-06-13T11:54:55-05:00,"323P+CC9, Ecuador",True,casual,-2.9465415932,-78.9638709649
inatneg_371278178_678338975.jpg,Ovis aries,371278178,678338975,https://inaturalist-open-data.s3.amazonaws.com/photos/678338975/large.jpg,cc-by-nc,"(c) Lexxa Enríquez, some rights reserved (CC BY-NC)",lexxa,2026-06-13,2026-06-13T11:41:00-05:00,"JFGV+9CV, Amaguaña, Ecuador",True,casual,-0.3726083333,-78.5054733333
inatneg_370481647_676806151.jpg,Ovis aries,370481647,676806151,https://inaturalist-open-data.s3.amazonaws.com/photos/676806151/large.jpg,cc-by-nc,"(c) osoandino, some rights reserved (CC BY-NC)",osoandino,2026-06-10,2026-06-10T10:54:53-05:00,"Pujili, Province de Cotopaxi, EC",True,casual,-0.9635283333,-78.7585616667
inatneg_369331386_674628856.jpg,Ovis aries,369331386,674628856,https://inaturalist-open-data.s3.amazonaws.com/photos/674628856/large.jpg,cc-by-nc,"(c) Quezada Roberth, some rights reserved (CC BY-NC)",quezada2,2026-06-07,2026-06-07T09:21:14-05:00,"Quinindé, EC-ES, EC",True,casual,0.4536983333,-79.159075
inatneg_367895330_671890843.jpg,Ovis aries,367895330,671890843,https://inaturalist-open-data.s3.amazonaws.com/photos/671890843/large.jpg,cc-by-nc,"(c) jhostinguevara_-_-, some rights reserved (CC BY-NC)",jhostinguevara_-_-,2026-06-02,2026-06-02T18:50:00-05:00,"Otavalo, Ecuador",True,casual,0.2343005,-78.2610672
inatneg_367872726_671846414.jpg,Ovis aries,367872726,671846414,https://inaturalist-open-data.s3.amazonaws.com/photos/671846414/large.jpg,cc-by-nc,"(c) jaime-cusco-21, some rights reserved (CC BY-NC)",jaime-cusco-21,2026-05-27,2026-05-27T17:17:00-05:00,"Zumbagua, Ecuador",True,casual,-0.9608444735,-78.8967460209
inatneg_367863133_671828897.jpg,Ovis aries,367863133,671828897,https://inaturalist-open-data.s3.amazonaws.com/photos/671828897/large.jpg,cc-by-nc,"(c) kevin_moposita, some rights reserved (CC BY-NC)",kevin_moposita,2026-06-01,,"PC6F+PVM, Quito, Ecuador",True,casual,-0.2873689926,-78.5744303092
inatneg_367631450_671391073.jpg,Ovis aries,367631450,671391073,https://inaturalist-open-data.s3.amazonaws.com/photos/671391073/large.jpg,cc-by-nc,"(c) Emanuel Suquillo, some rights reserved (CC BY-NC)",emanuelsuquillo,2026-06-01,2026-06-01T23:11:00-05:00,"Papallacta, Ecuador",True,casual,-0.3772034,-78.1407651
inatneg_367221106_670595809.jpg,Ovis aries,367221106,670595809,https://inaturalist-open-data.s3.amazonaws.com/photos/670595809/large.jpg,cc-by-nc,"(c) beja21, some rights reserved (CC BY-NC)",beja21,2026-05-31,2026-05-31T16:42:00-05:00,"Cantón Cevallos, Ecuador",True,casual,-1.366562045,-78.6073602963
inatneg_367153011_670468914.jpg,Ovis aries,367153011,670468914,https://inaturalist-open-data.s3.amazonaws.com/photos/670468914/large.jpg,cc-by-nc,"(c) johan_aguirre, some rights reserved (CC BY-NC)",johan_aguirre,2026-05-24,,"23PX+JWJ, Zumbahua, Ecuador",False,research,-0.9625318125,-78.9014874771
inatneg_366417870_669055622.jpg,Ovis aries,366417870,669055622,https://inaturalist-open-data.s3.amazonaws.com/photos/669055622/large.jpg,cc-by-nc,"(c) Cesar Isaac Pacas Chiluisa, some rights reserved (CC BY-NC)",isaacpacas,2026-05-23,2026-05-23T12:48:00-05:00,"Salcedo, Ecuador",True,casual,-1.0421893,-78.5907367
inatneg_366417853_669055579.jpg,Ovis aries,366417853,669055579,https://inaturalist-open-data.s3.amazonaws.com/photos/669055579/large.jpg,cc-by-nc,"(c) Cesar Isaac Pacas Chiluisa, some rights reserved (CC BY-NC)",isaacpacas,2026-05-23,2026-05-23T12:48:00-05:00,"Ambato, Ecuador",True,casual,-1.2543408,-78.6228504
inatneg_364736743_665860717.jpg,Ovis aries,364736743,665860717,https://inaturalist-open-data.s3.amazonaws.com/photos/665860717/large.jpg,cc-by-nc,"(c) niko_paredes, some rights reserved (CC BY-NC)",niko_paredes,2026-05-24,2026-05-24T12:11:32-05:00,"Caranqui, Ibarra, Ecuador",True,casual,0.33120523,-78.12391241
inatneg_360933794_658655744.jpg,Ovis aries,360933794,658655744,https://inaturalist-open-data.s3.amazonaws.com/photos/658655744/large.jpg,cc-by-nc,"(c) shoselinc, some rights reserved (CC BY-NC)",shoselinc,2026-04-04,2026-04-04T10:57:41-05:00,"Cuenca, Azuay, EC",True,casual,-2.7818883333,-79.1908333333
inatneg_360471306_657764322.jpg,Ovis aries,360471306,657764322,https://inaturalist-open-data.s3.amazonaws.com/photos/657764322/large.jpg,cc-by-nc,"(c) jonathan_arguello, some rights reserved (CC BY-NC)",jonathan_arguello,2026-05-10,2026-05-10T21:34:00-05:00,"Guaranda, Ecuador",False,research,-1.5911691,-78.9990379
inatneg_360066492_657002689.jpg,Ovis aries,360066492,657002689,https://inaturalist-open-data.s3.amazonaws.com/photos/657002689/large.jpg,cc-by-nc,"(c) José Merchán, some rights reserved (CC BY-NC)",jose_merchan,,,"MCRJ+75X, 170140 Quito, Ecuador",True,casual,-0.3095267559,-78.5696613416
inatneg_358805684_654591873.jpg,Ovis aries,358805684,654591873,https://inaturalist-open-data.s3.amazonaws.com/photos/654591873/large.jpg,cc-by-nc,"(c) andre_2801, some rights reserved (CC BY-NC)",andre_2801,2025-12-11,2025-12-11T10:43:00-05:00,"Latacunga, Cotopaxi, EC",True,casual,-0.6668634933,-78.4862664243
inatneg_357714753_652469180.jpg,Ovis aries,357714753,652469180,https://inaturalist-open-data.s3.amazonaws.com/photos/652469180/large.jpg,cc-by-nc,"(c) medrano_valentina_2003, some rights reserved (CC BY-NC)",medrano_valentina_2003,2026-01-11,2026-01-11T08:43:00-05:00,"Cuenca, Azuay, EC",True,casual,-2.9567216667,-79.1061166667
inatneg_349787072_638127482.jpg,Ovis aries,349787072,638127482,https://inaturalist-open-data.s3.amazonaws.com/photos/638127482/large.jpg,cc-by-nc,"(c) CINDY MISHELL MEDINA MAZA, some rights reserved (CC BY-NC)",mishell_medina,2023-07-03,2023-07-03T08:49:59-05:00,"Cuenca, Azuay, EC",True,casual,-2.9571133333,-79.1060721667
inatneg_338905415_616404671.jpg,Ovis aries,338905415,616404671,https://inaturalist-open-data.s3.amazonaws.com/photos/616404671/large.jpg,cc-by-nc,"(c) vale_castellanos09, some rights reserved (CC BY-NC)",vale_castellanos09,2026-02-16,2026-02-16T12:28:23-05:00,"Sendero al Ilalo, Quito, Pichincha, EC",True,casual,-0.2424196184,-78.4317762682
inatneg_335405526_609304743.jpg,Ovis aries,335405526,609304743,https://inaturalist-open-data.s3.amazonaws.com/photos/609304743/large.jpg,cc-by-nc,"(c) Daphne Carolina Garzón Hernández, some rights reserved (CC BY-NC)",daphne_carolina,2026-01-17,,"IA INTEROCEANICA S4-114 E INTERVALLES CUMBAYA CENTRO COMERCIAL HOME DESIGN NIVEL SOTANO BODEGA 2 PARQUEADERO 142 Y 143, Quito 170801, Ecuador",True,casual,-0.2361550946,-78.4396338835
inatneg_329347298_596982868.jpg,Ovis aries,329347298,596982868,https://inaturalist-open-data.s3.amazonaws.com/photos/596982868/large.jpg,cc-by-nc,"(c) papauuus, some rights reserved (CC BY-NC)",papauuus,2025-04-18,2025-04-18T16:03:17-05:00,"Bolivar, Latacunga, Cotopaxi, EC",True,casual,-0.761575,-78.6857083333
inatneg_328932589_596142814.jpg,Ovis aries,328932589,596142814,https://inaturalist-open-data.s3.amazonaws.com/photos/596142814/large.jpg,cc-by-nc,"(c) edny_sofia_gonzalez_rojas, some rights reserved (CC BY-NC)",edny_sofia_gonzalez_rojas,2025-11-05,2025-11-05T10:12:00-05:00,"Parque nacional natural Serranía de los Churumbelos Auka-Wasi, Santa Rosa, Cauca, Colombia",False,research,1.2686264,-76.5157552
inatneg_327153260_592637296.jpg,Ovis aries,327153260,592637296,https://inaturalist-open-data.s3.amazonaws.com/photos/592637296/large.jpg,cc-by-nc,"(c) rafa__po, some rights reserved (CC BY-NC)",rafa__po,2024-03-02,2024-03-02T12:38:10-05:00,"Reserva Ecológica Cotacachi-Cayapas, San Lorenzo, Esmeraldas, EC",True,casual,0.6382131436,-78.5978896568
inatneg_326091056_590521978.jpg,Ovis aries,326091056,590521978,https://inaturalist-open-data.s3.amazonaws.com/photos/590521978/large.jpg,cc-by-nc,"(c) ESTEFANIA ELIZABETH MOYA PLASENCIA, some rights reserved (CC BY-NC)",estefania_elizabeth1,2025-11-07,2025-11-07T12:53:00-05:00,"Santa Rosa, Ibarra, Imbabura, EC",True,casual,0.3071060103,-78.1020805132
inatneg_325196232_588743420.jpg,Ovis aries,325196232,588743420,https://inaturalist-open-data.s3.amazonaws.com/photos/588743420/large.jpg,cc-by-nc,"(c) AMBAR GUERRERO, some rights reserved (CC BY-NC)",ambar6690,2025-11-06,2025-11-06T10:32:53-05:00,"Galileo, Quito 170902, Ecuador",True,casual,-0.19676997,-78.43592272
inatneg_325196232_588743515.jpg,Ovis aries,325196232,588743515,https://inaturalist-open-data.s3.amazonaws.com/photos/588743515/large.jpg,cc-by-nc,"(c) AMBAR GUERRERO, some rights reserved (CC BY-NC)",ambar6690,2025-11-06,2025-11-06T10:32:53-05:00,"Galileo, Quito 170902, Ecuador",True,casual,-0.19676997,-78.43592272
inatneg_322833636_584078713.jpg,Ovis aries,322833636,584078713,https://inaturalist-open-data.s3.amazonaws.com/photos/584078713/large.jpg,cc-by-nc,"(c) Paul Romero, some rights reserved (CC BY-NC)",paulromero_18,,,"2QHW+97V Parque jipiro, Loja, Ecuador",True,casual,-3.9715079757,-79.2043286562
inatneg_321895069_582211324.jpg,Ovis aries,321895069,582211324,https://inaturalist-open-data.s3.amazonaws.com/photos/582211324/large.jpg,cc-by-nc,"(c) Ethan Tripe, some rights reserved (CC BY-NC)",ethan_tripe,2025-05-25,2025-05-25T17:06:07-05:00,"Puembo, Ecuador",True,casual,-0.18683,-78.3559955997
inatneg_319639415_577815542.jpg,Ovis aries,319639415,577815542,https://inaturalist-open-data.s3.amazonaws.com/photos/577815542/large.jpg,cc-by-nc,"(c) Nathaly Castañeda, some rights reserved (CC BY-NC)",nathaly99059,2025-10-08,2025-10-08T16:07:58-05:00,"Cañar, Ecuador",True,casual,-2.55604574,-78.94821799
inatneg_316348777_571547526.jpg,Ovis aries,316348777,571547526,https://inaturalist-open-data.s3.amazonaws.com/photos/571547526/large.jpg,cc-by-nc,"(c) hippiejulian, some rights reserved (CC BY-NC)",hippiejulian,2025-08-13,2025-08-13T12:56:00-05:00,"Vínces, Ecuador",False,research,-1.572079486,-79.8237227824
inatneg_298324602_537351126.jpg,Ovis aries,298324602,537351126,https://inaturalist-open-data.s3.amazonaws.com/photos/537351126/large.jpg,cc-by-nc,"(c) alexa-ar24, some rights reserved (CC BY-NC)",alexa-ar24,2013-08-16,2013-08-16T10:39:00-05:00,"Guayllabamba, Quito, Ecuador",True,casual,-0.0639882,-78.3500875
inatneg_297998410_536729801.jpg,Ovis aries,297998410,536729801,https://inaturalist-open-data.s3.amazonaws.com/photos/536729801/large.jpg,cc-by-nc,"(c) galojimenez_28, some rights reserved (CC BY-NC)",galojimenez_28,2025-07-04,2025-07-04T20:21:00-05:00,"MCPW+R5Q Sendero Waman Huasi, Cariamanga, Ecuador",True,casual,-4.3133367414,-79.555589743
inatneg_297753762_536263321.jpg,Ovis aries,297753762,536263321,https://inaturalist-open-data.s3.amazonaws.com/photos/536263321/large.jpg,cc-by-nc,"(c) cesar96lan, some rights reserved (CC BY-NC)",cesar96lan,2025-07-13,2025-07-13T18:48:00-05:00,"Guayllabamba, Quito, Ecuador",True,casual,-0.0642758727,-78.352404258
inatneg_297004023_534851207.jpg,Ovis aries,297004023,534851207,https://inaturalist-open-data.s3.amazonaws.com/photos/534851207/large.jpg,cc-by-nc,"(c) scarlethbarzallo, some rights reserved (CC BY-NC)",scarlethbarzallo,2025-07-10,2025-07-10T17:24:36-05:00,"28 de Marzo, Pucara, Azuay, EC",True,casual,-3.0598028333,-79.7490383333
inatneg_296864933_534585487.jpg,Ovis aries,296864933,534585487,https://inaturalist-open-data.s3.amazonaws.com/photos/534585487/large.jpg,cc-by-nc,"(c) Paulette Ibañez Peralta, some rights reserved (CC BY-NC)",natalya04,2025-06-29,2025-06-29T16:24:00-05:00,"Piedras, Ecuador",True,casual,-3.6294846973,-79.8928205296
inatneg_296684765_534243245.jpg,Ovis aries,296684765,534243245,https://inaturalist-open-data.s3.amazonaws.com/photos/534243245/large.jpg,cc-by-nc,"(c) Amy Valencia, some rights reserved (CC BY-NC)",amy15114,2025-07-09,2025-07-09T18:53:25-05:00,"Quito, Pichincha, EC",True,casual,-0.16267925,-78.54689785
inatneg_295665894_532291757.jpg,Ovis aries,295665894,532291757,https://inaturalist-open-data.s3.amazonaws.com/photos/532291757/large.jpg,cc-by-nc,"(c) micaale, some rights reserved (CC BY-NC)",micaale,2025-07-04,2025-07-04T13:08:45-05:00,"Amaguaña, Quito, Ecuador",True,casual,-0.3625246881,-78.4778594969
inatneg_295665894_532291798.jpg,Ovis aries,295665894,532291798,https://inaturalist-open-data.s3.amazonaws.com/photos/532291798/large.jpg,cc-by-nc,"(c) micaale, some rights reserved (CC BY-NC)",micaale,2025-07-04,2025-07-04T13:08:45-05:00,"Amaguaña, Quito, Ecuador",True,casual,-0.3625246881,-78.4778594969
inatneg_295548137_532067200.jpg,Ovis aries,295548137,532067200,https://inaturalist-open-data.s3.amazonaws.com/photos/532067200/large.jpg,cc-by-nc,"(c) Jhon Mikel Macas Santander, some rights reserved (CC BY-NC)",macas_mikel,2024-11-12,2024-11-12T09:05:26-05:00,"Victoria del Portete (Irquis), Ecuador",True,casual,-3.0794361,-79.0756264
inatneg_295506754_531987764.jpg,Ovis aries,295506754,531987764,https://inaturalist-open-data.s3.amazonaws.com/photos/531987764/large.jpg,cc-by-nc,"(c) david_ds3, some rights reserved (CC BY-NC)",david_ds3,2025-07-05,2025-07-05T16:22:33-05:00,"Loja, Loja, EC",True,casual,-3.9605925608,-79.1992216155
inatneg_295480267_531937276.jpg,Ovis aries,295480267,531937276,https://inaturalist-open-data.s3.amazonaws.com/photos/531937276/large.jpg,cc-by-nc,"(c) Cristina Plaza, some rights reserved (CC BY-NC)",loja_cristina,2025-07-05,2025-07-05T14:41:54-05:00,"5268+5V7, Ecuador",True,casual,-2.83975,-78.9823944444
inatneg_295463292_531905010.jpg,Ovis aries,295463292,531905010,https://inaturalist-open-data.s3.amazonaws.com/photos/531905010/large.jpg,cc-by-nc,"(c) katherine Becerra, some rights reserved (CC BY-NC)",katherine13348,2025-07-03,2025-07-03T12:02:09-05:00,"P37Q+J3J, El Cambio, Ecuador",True,casual,-3.2864287765,-79.9127671123
inatneg_295089304_531202990.jpg,Ovis aries,295089304,531202990,https://inaturalist-open-data.s3.amazonaws.com/photos/531202990/large.jpg,cc-by-nc,"(c) Paulette Ibañez Peralta, some rights reserved (CC BY-NC)",natalya04,2025-07-03,2025-07-03T14:38:00-05:00,"El Cambio, Ecuador",True,casual,-3.291925611,-79.9144163355
inatneg_295000969_531032604.jpg,Ovis aries,295000969,531032604,https://inaturalist-open-data.s3.amazonaws.com/photos/531032604/large.jpg,cc-by-nc,"(c) Aaron Jaramillo, some rights reserved (CC BY-NC)",aaron_jaramillo,2025-07-03,2025-07-03T12:01:32-05:00,"P37Q+J3J, El Cambio, Ecuador",True,casual,-3.2864287765,-79.9127671123
inatneg_294424999_529948059.jpg,Ovis aries,294424999,529948059,https://inaturalist-open-data.s3.amazonaws.com/photos/529948059/large.jpg,cc-by-nc,"(c) Jose Parraga, some rights reserved (CC BY-NC)",jose_parraga13,2025-07-01,2025-07-01T14:17:25-05:00,"El Cambio, Ecuador",True,casual,-3.2912702234,-79.9139516428
inatneg_294424999_529948111.jpg,Ovis aries,294424999,529948111,https://inaturalist-open-data.s3.amazonaws.com/photos/529948111/large.jpg,cc-by-nc,"(c) Jose Parraga, some rights reserved (CC BY-NC)",jose_parraga13,2025-07-01,2025-07-01T14:17:25-05:00,"El Cambio, Ecuador",True,casual,-3.2912702234,-79.9139516428
inatneg_294194518_529514383.jpg,Ovis aries,294194518,529514383,https://inaturalist-open-data.s3.amazonaws.com/photos/529514383/large.jpg,cc-by-nc,"(c) ADRIAN DARIO MOROCHO ARPI, some rights reserved (CC BY-NC)",adrian_dario,2025-06-26,,"3XXV+WJX, Cuenca, Ecuador",True,casual,-2.9001264332,-79.0058964863
inatneg_292421946_526226208.jpg,Ovis aries,292421946,526226208,https://inaturalist-open-data.s3.amazonaws.com/photos/526226208/large.jpg,cc-by,"(c) Benjamin Hidalgo, some rights reserved (CC BY)",benjaminhidalgo,2025-06-24,2025-06-24T13:43:44-05:00,"Olmedo (Pesillo), Ecuador",True,casual,0.14505,-78.0329777778
inatneg_284851041_511965582.jpg,Ovis aries,284851041,511965582,https://inaturalist-open-data.s3.amazonaws.com/photos/511965582/large.jpg,cc-by-nc,"(c) luis Otavalo, some rights reserved (CC BY-NC)",luis28416,2025-05-28,2025-05-28T10:52:35-05:00,"Otavalo, EC-IM, EC",True,casual,0.2117190162,-78.2464866713
inatneg_284851041_511965623.jpg,Ovis aries,284851041,511965623,https://inaturalist-open-data.s3.amazonaws.com/photos/511965623/large.jpg,cc-by-nc,"(c) luis Otavalo, some rights reserved (CC BY-NC)",luis28416,2025-05-28,2025-05-28T10:52:35-05:00,"Otavalo, EC-IM, EC",True,casual,0.2117190162,-78.2464866713
inatneg_284832668_511932588.jpg,Ovis aries,284832668,511932588,https://inaturalist-open-data.s3.amazonaws.com/photos/511932588/large.jpg,cc-by-nc,"(c) Eduardo Macias, some rights reserved (CC BY-NC)",eduardo88361,2025-05-28,2025-05-28T10:16:55-05:00,"P34M+HXJ, Machala, Ecuador",True,casual,-3.2928173124,-79.9142594263
inatneg_283424083_509267174.jpg,Ovis aries,283424083,509267174,https://inaturalist-open-data.s3.amazonaws.com/photos/509267174/large.jpg,cc-by-nc,"(c) Ander Said, some rights reserved (CC BY-NC)",ander36054,2025-05-22,2025-05-22T09:29:33-05:00,"Guano, Ecuador",True,casual,-1.6183624997,-78.6340746997
inatneg_283183228_508817424.jpg,Ovis aries,283183228,508817424,https://inaturalist-open-data.s3.amazonaws.com/photos/508817424/large.jpg,cc-by-nc,"(c) Mateo Brito, some rights reserved (CC BY-NC)",mateo36197,2025-05-22,2025-05-22T10:17:31-05:00,"9997+W9J, Riobamba, Ecuador",True,casual,-1.6309376253,-78.6379671469
inatneg_283181157_508813786.jpg,Ovis aries,283181157,508813786,https://inaturalist-open-data.s3.amazonaws.com/photos/508813786/large.jpg,cc-by-nc,"(c) edwin tingo, some rights reserved (CC BY-NC)",edwin68943,2025-05-22,2025-05-22T10:17:22-05:00,"Valle Hermoso, Guano, Chimborazo, EC",True,casual,-1.61822,-78.63247
inatneg_283180109_508811938.jpg,Ovis aries,283180109,508811938,https://inaturalist-open-data.s3.amazonaws.com/photos/508811938/large.jpg,cc-by-nc,"(c) Andres Chavarrea, some rights reserved (CC BY-NC)",andres71389,,,"Guano, Ecuador",False,casual,-1.6186050947,-78.6338083819
inatneg_283175160_508802791.jpg,Ovis aries,283175160,508802791,https://inaturalist-open-data.s3.amazonaws.com/photos/508802791/large.jpg,cc-by-nc,"(c) Haro Luis, some rights reserved (CC BY-NC)",haro5,2025-05-22,2025-05-22T10:18:04-05:00,"Guano, Ecuador",True,casual,-1.6186647501,-78.6336974055
inatneg_283172916_508799153.jpg,Ovis aries,283172916,508799153,https://inaturalist-open-data.s3.amazonaws.com/photos/508799153/large.jpg,cc-by-nc,"(c) Brando Joel Yunapanta Guacho, some rights reserved (CC BY-NC)",brando_joel,2025-05-22,2025-05-22T09:50:48-05:00,"Guano, Ecuador",True,casual,-1.6173472222,-78.6331138889
