archivo_final,archivo_origen,fuente,rol,nocturna,estrato,n_cajas,grupo,conjunto
inat_101293546_169152786.jpg,data/etiquetado/inat/images\inat_101293546_169152786.jpg,inat,positivo,False,inat_pos,1,inat_101293546_169152786.jpg,val
inat_101293546_169152801.jpg,data/etiquetado/inat/images\inat_101293546_169152801.jpg,inat,positivo,False,inat_pos,1,inat_101293546_169152786.jpg,val
inat_101541869_169590449.jpg,data/etiquetado/inat/images\inat_101541869_169590449.jpg,inat,positivo,False,inat_pos,1,inat_101541869_169590449.jpg,test
inat_101728832_169919723.jpg,data/etiquetado/inat/images\inat_101728832_169919723.jpg,inat,positivo,False,inat_pos,2,inat_101728832_169919723.jpg,train
inat_101728832_169922803.jpg,data/etiquetado/inat/images\inat_101728832_169922803.jpg,inat,positivo,False,inat_pos,2,inat_101728832_169919723.jpg,train
inat_101823394_170091049.jpg,data/etiquetado/inat/images\inat_101823394_170091049.jpg,inat,positivo,False,inat_pos,1,inat_101823394_170091049.jpg,train
inat_102298789_170973074.jpg,data/etiquetado/inat/images\inat_102298789_170973074.jpg,inat,positivo,False,inat_pos,1,inat_101823394_170091049.jpg,train
inat_102352111_171071810.jpg,data/etiquetado/inat/images\inat_102352111_171071810.jpg,inat,positivo,False,inat_pos,1,inat_102352111_171071810.jpg,val
inat_102630828_171604260.jpg,data/etiquetado/inat/images\inat_102630828_171604260.jpg,inat,positivo,False,inat_pos,1,inat_102630828_171604260.jpg,test
inat_102630828_171604266.jpg,data/etiquetado/inat/images\inat_102630828_171604266.jpg,inat,positivo,False,inat_pos,1,inat_102630828_171604260.jpg,test
inat_102630828_171604278.jpg,data/etiquetado/inat/images\inat_102630828_171604278.jpg,inat,positivo,False,inat_pos,1,inat_102630828_171604260.jpg,test
inat_103617339_173423568.jpg,data/etiquetado/inat/images\inat_103617339_173423568.jpg,inat,positivo,False,inat_pos,1,inat_103617339_173423568.jpg,train
inat_104436233_174991867.jpg,data/etiquetado/inat/images\inat_104436233_174991867.jpg,inat,positivo,False,inat_pos,1,inat_104436233_174991867.jpg,train
inat_104436233_174994135.jpg,data/etiquetado/inat/images\inat_104436233_174994135.jpg,inat,positivo,False,inat_pos,1,inat_104436233_174991867.jpg,train
inat_104436233_174994137.jpg,data/etiquetado/inat/images\inat_104436233_174994137.jpg,inat,positivo,False,inat_pos,1,inat_104436233_174991867.jpg,train
inat_104572898_175251947.jpg,data/etiquetado/inat/images\inat_104572898_175251947.jpg,inat,positivo,False,inat_pos,1,inat_104572898_175251947.jpg,test
inat_104572899_175251949.jpg,data/etiquetado/inat/images\inat_104572899_175251949.jpg,inat,positivo,False,inat_pos,1,inat_104572899_175251949.jpg,train
inat_104887017_175852607.jpg,data/etiquetado/inat/images\inat_104887017_175852607.jpg,inat,positivo,False,inat_pos,1,inat_104887017_175852607.jpg,train
inat_107670892_181136391.jpg,data/etiquetado/inat/images\inat_107670892_181136391.jpg,inat,positivo,False,inat_pos,1,inat_107670892_181136391.jpg,val
inat_108196234_182120433.jpg,data/etiquetado/inat/images\inat_108196234_182120433.jpg,inat,positivo,False,inat_pos,1,inat_108196234_182120433.jpg,train
inat_108196234_182120447.jpg,data/etiquetado/inat/images\inat_108196234_182120447.jpg,inat,positivo,False,inat_pos,1,inat_108196234_182120433.jpg,train
inat_108196234_182120560.jpg,data/etiquetado/inat/images\inat_108196234_182120560.jpg,inat,positivo,False,inat_pos,1,inat_108196234_182120433.jpg,train
inat_108694340_183055262.jpg,data/etiquetado/inat/images\inat_108694340_183055262.jpg,inat,positivo,False,inat_pos,1,inat_108694340_183055262.jpg,val
inat_108751448_183162795.jpg,data/etiquetado/inat/images\inat_108751448_183162795.jpg,inat,positivo,False,inat_pos,1,inat_108751448_183162795.jpg,val
inat_108751448_183162806.jpg,data/etiquetado/inat/images\inat_108751448_183162806.jpg,inat,positivo,False,inat_pos,1,inat_108751448_183162795.jpg,val
inat_108751448_183162812.jpg,data/etiquetado/inat/images\inat_108751448_183162812.jpg,inat,positivo,False,inat_pos,1,inat_108751448_183162795.jpg,val
inat_108764701_183188138.jpg,data/etiquetado/inat/images\inat_108764701_183188138.jpg,inat,positivo,False,inat_pos,1,inat_108764701_183188138.jpg,train
inat_108967364_183567257.jpg,data/etiquetado/inat/images\inat_108967364_183567257.jpg,inat,positivo,False,inat_pos,1,inat_108967364_183567257.jpg,train
inat_108967364_183567380.jpg,data/etiquetado/inat/images\inat_108967364_183567380.jpg,inat,positivo,False,inat_pos,1,inat_108967364_183567257.jpg,train
inat_109296502_184185034.jpg,data/etiquetado/inat/images\inat_109296502_184185034.jpg,inat,positivo,False,inat_pos,1,inat_109296502_184185034.jpg,val
inat_109296502_184185045.jpg,data/etiquetado/inat/images\inat_109296502_184185045.jpg,inat,positivo,False,inat_pos,1,inat_109296502_184185034.jpg,val
inat_109334179_184255102.jpg,data/etiquetado/inat/images\inat_109334179_184255102.jpg,inat,positivo,False,inat_pos,1,inat_109334179_184255102.jpg,val
inat_109334179_184255110.jpg,data/etiquetado/inat/images\inat_109334179_184255110.jpg,inat,positivo,False,inat_pos,1,inat_109334179_184255102.jpg,val
inat_109393417_184365586.jpg,data/etiquetado/inat/images\inat_109393417_184365586.jpg,inat,positivo,False,inat_pos,1,inat_109393417_184365586.jpg,test
inat_11011377_15522572.jpg,data/etiquetado/inat/images\inat_11011377_15522572.jpg,inat,positivo,False,inat_pos,1,inat_11011377_15522572.jpg,train
inat_111313948_187898989.jpg,data/etiquetado/inat/images\inat_111313948_187898989.jpg,inat,positivo,False,inat_pos,1,inat_111313948_187898989.jpg,train
inat_111406007_188064919.jpg,data/etiquetado/inat/images\inat_111406007_188064919.jpg,inat,positivo,False,inat_pos,1,inat_111406007_188064919.jpg,val
inat_111707116_188602366.jpg,data/etiquetado/inat/images\inat_111707116_188602366.jpg,inat,positivo,False,inat_pos,1,inat_111707116_188602366.jpg,train
inat_112237124_189572353.jpg,data/etiquetado/inat/images\inat_112237124_189572353.jpg,inat,positivo,False,inat_pos,1,inat_112237124_189572353.jpg,train
inat_112237124_189572362.jpg,data/etiquetado/inat/images\inat_112237124_189572362.jpg,inat,positivo,False,inat_pos,1,inat_112237124_189572353.jpg,train
inat_116757332_197115720.jpg,data/etiquetado/inat/images\inat_116757332_197115720.jpg,inat,positivo,False,inat_pos,1,inat_116757332_197115720.jpg,train
inat_116757332_197115733.jpg,data/etiquetado/inat/images\inat_116757332_197115733.jpg,inat,positivo,False,inat_pos,1,inat_116757332_197115720.jpg,train
inat_117944758_199230228.jpg,data/etiquetado/inat/images\inat_117944758_199230228.jpg,inat,positivo,False,inat_pos,1,inat_117944758_199230228.jpg,train
inat_117944758_199230452.jpg,data/etiquetado/inat/images\inat_117944758_199230452.jpg,inat,positivo,False,inat_pos,1,inat_117944758_199230228.jpg,train
inat_120446902_203713164.jpg,data/etiquetado/inat/images\inat_120446902_203713164.jpg,inat,positivo,False,inat_pos,1,inat_120446902_203713164.jpg,test
inat_12360432_17804066.jpg,data/etiquetado/inat/images\inat_12360432_17804066.jpg,inat,positivo,False,inat_pos,1,inat_12360432_17804066.jpg,train
inat_128542087_218349836.jpg,data/etiquetado/inat/images\inat_128542087_218349836.jpg,inat,positivo,False,inat_pos,3,inat_128542087_218349836.jpg,test
inat_131403325_223613368.jpg,data/etiquetado/inat/images\inat_131403325_223613368.jpg,inat,positivo,False,inat_pos,1,inat_131403325_223613368.jpg,test
inat_131403325_223613635.jpg,data/etiquetado/inat/images\inat_131403325_223613635.jpg,inat,positivo,False,inat_pos,2,inat_131403325_223613368.jpg,test
inat_131403325_223613707.jpg,data/etiquetado/inat/images\inat_131403325_223613707.jpg,inat,positivo,False,inat_pos,2,inat_131403325_223613368.jpg,test
inat_133281813_227003139.jpg,data/etiquetado/inat/images\inat_133281813_227003139.jpg,inat,positivo,False,inat_pos,1,inat_133281813_227003139.jpg,val
inat_133361772_227143102.jpg,data/etiquetado/inat/images\inat_133361772_227143102.jpg,inat,positivo,False,inat_pos,1,inat_133361772_227143102.jpg,test
inat_136649140_233244898.jpg,data/etiquetado/inat/images\inat_136649140_233244898.jpg,inat,positivo,False,inat_pos,1,inat_136649140_233244898.jpg,val
inat_136766218_233468247.jpg,data/etiquetado/inat/images\inat_136766218_233468247.jpg,inat,positivo,False,inat_pos,1,inat_136766218_233468247.jpg,train
inat_139469902_243492616.jpg,data/etiquetado/inat/images\inat_139469902_243492616.jpg,inat,positivo,False,inat_pos,1,inat_139469902_243492616.jpg,val
inat_139469902_243924669.jpg,data/etiquetado/inat/images\inat_139469902_243924669.jpg,inat,positivo,False,inat_pos,1,inat_139469902_243492616.jpg,val
inat_139761947_239109191.jpg,data/etiquetado/inat/images\inat_139761947_239109191.jpg,inat,positivo,False,inat_pos,1,inat_139761947_239109191.jpg,val
inat_139761947_239109207.jpg,data/etiquetado/inat/images\inat_139761947_239109207.jpg,inat,positivo,False,inat_pos,1,inat_139761947_239109191.jpg,val
inat_139971714_239512537.jpg,data/etiquetado/inat/images\inat_139971714_239512537.jpg,inat,positivo,False,inat_pos,1,inat_139971714_239512537.jpg,val
inat_139978264_239521771.jpg,data/etiquetado/inat/images\inat_139978264_239521771.jpg,inat,positivo,False,inat_pos,1,inat_139978264_239521771.jpg,train
inat_139978264_239521818.jpg,data/etiquetado/inat/images\inat_139978264_239521818.jpg,inat,positivo,False,inat_pos,1,inat_139978264_239521771.jpg,train
inat_139978264_239521845.jpg,data/etiquetado/inat/images\inat_139978264_239521845.jpg,inat,positivo,False,inat_pos,1,inat_139978264_239521771.jpg,train
inat_139978264_239521901.jpg,data/etiquetado/inat/images\inat_139978264_239521901.jpg,inat,positivo,False,inat_pos,1,inat_139978264_239521771.jpg,train
inat_141614165_242647339.jpg,data/etiquetado/inat/images\inat_141614165_242647339.jpg,inat,positivo,False,inat_pos,1,inat_141614165_242647339.jpg,test
inat_141672989_242758733.jpg,data/etiquetado/inat/images\inat_141672989_242758733.jpg,inat,positivo,False,inat_pos,1,inat_141672989_242758733.jpg,train
inat_141672991_242758748.jpg,data/etiquetado/inat/images\inat_141672991_242758748.jpg,inat,positivo,False,inat_pos,1,inat_141672989_242758733.jpg,train
inat_141675849_242767426.jpg,data/etiquetado/inat/images\inat_141675849_242767426.jpg,inat,positivo,False,inat_pos,1,inat_141675849_242767426.jpg,train
inat_141675849_242953837.jpg,data/etiquetado/inat/images\inat_141675849_242953837.jpg,inat,positivo,False,inat_pos,1,inat_141675849_242767426.jpg,train
inat_141675849_242953840.jpg,data/etiquetado/inat/images\inat_141675849_242953840.jpg,inat,positivo,False,inat_pos,1,inat_141675849_242767426.jpg,train
inat_141675849_242953841.jpg,data/etiquetado/inat/images\inat_141675849_242953841.jpg,inat,positivo,False,inat_pos,1,inat_141675849_242767426.jpg,train
inat_141675852_242767437.jpg,data/etiquetado/inat/images\inat_141675852_242767437.jpg,inat,positivo,False,inat_pos,1,inat_141675852_242767437.jpg,train
inat_141675854_242767458.jpg,data/etiquetado/inat/images\inat_141675854_242767458.jpg,inat,positivo,False,inat_pos,1,inat_141675854_242767458.jpg,train
inat_141675854_242955263.jpg,data/etiquetado/inat/images\inat_141675854_242955263.jpg,inat,positivo,False,inat_pos,1,inat_141675854_242767458.jpg,train
inat_141675854_242955265.jpg,data/etiquetado/inat/images\inat_141675854_242955265.jpg,inat,positivo,False,inat_pos,1,inat_141675854_242767458.jpg,train
inat_141675854_242955266.jpg,data/etiquetado/inat/images\inat_141675854_242955266.jpg,inat,positivo,False,inat_pos,1,inat_141675854_242767458.jpg,train
inat_141675854_242955267.jpg,data/etiquetado/inat/images\inat_141675854_242955267.jpg,inat,positivo,False,inat_pos,1,inat_141675854_242767458.jpg,train
inat_141675854_242955269.jpg,data/etiquetado/inat/images\inat_141675854_242955269.jpg,inat,positivo,False,inat_pos,1,inat_141675854_242767458.jpg,train
inat_141675854_242955270.jpg,data/etiquetado/inat/images\inat_141675854_242955270.jpg,inat,positivo,False,inat_pos,1,inat_141675854_242767458.jpg,train
inat_141675854_242955271.jpg,data/etiquetado/inat/images\inat_141675854_242955271.jpg,inat,positivo,False,inat_pos,1,inat_141675854_242767458.jpg,train
inat_141675854_242955272.jpg,data/etiquetado/inat/images\inat_141675854_242955272.jpg,inat,positivo,False,inat_pos,1,inat_141675854_242767458.jpg,train
inat_141675855_242767473.jpg,data/etiquetado/inat/images\inat_141675855_242767473.jpg,inat,positivo,False,inat_pos,1,inat_141675855_242767473.jpg,train
inat_141675855_242956060.jpg,data/etiquetado/inat/images\inat_141675855_242956060.jpg,inat,positivo,False,inat_pos,1,inat_141675855_242767473.jpg,train
inat_141675855_242956061.jpg,data/etiquetado/inat/images\inat_141675855_242956061.jpg,inat,positivo,False,inat_pos,1,inat_141675855_242767473.jpg,train
inat_141675855_242956065.jpg,data/etiquetado/inat/images\inat_141675855_242956065.jpg,inat,positivo,False,inat_pos,1,inat_141675855_242767473.jpg,train
inat_141675855_242956067.jpg,data/etiquetado/inat/images\inat_141675855_242956067.jpg,inat,positivo,False,inat_pos,1,inat_141675855_242767473.jpg,train
inat_141675855_242956068.jpg,data/etiquetado/inat/images\inat_141675855_242956068.jpg,inat,positivo,False,inat_pos,1,inat_141675855_242767473.jpg,train
inat_141675855_242956072.jpg,data/etiquetado/inat/images\inat_141675855_242956072.jpg,inat,positivo,False,inat_pos,1,inat_141675855_242767473.jpg,train
inat_141675855_242956076.jpg,data/etiquetado/inat/images\inat_141675855_242956076.jpg,inat,positivo,False,inat_pos,1,inat_141675855_242767473.jpg,train
inat_141675855_242956080.jpg,data/etiquetado/inat/images\inat_141675855_242956080.jpg,inat,positivo,False,inat_pos,1,inat_141675855_242767473.jpg,train
inat_141675855_242956086.jpg,data/etiquetado/inat/images\inat_141675855_242956086.jpg,inat,positivo,False,inat_pos,1,inat_141675855_242767473.jpg,train
inat_141675855_242956088.jpg,data/etiquetado/inat/images\inat_141675855_242956088.jpg,inat,positivo,False,inat_pos,1,inat_141675855_242767473.jpg,train
inat_141675855_242956090.jpg,data/etiquetado/inat/images\inat_141675855_242956090.jpg,inat,positivo,False,inat_pos,1,inat_141675855_242767473.jpg,train
inat_141675855_242956092.jpg,data/etiquetado/inat/images\inat_141675855_242956092.jpg,inat,positivo,False,inat_pos,1,inat_141675855_242767473.jpg,train
inat_141675855_242956094.jpg,data/etiquetado/inat/images\inat_141675855_242956094.jpg,inat,positivo,False,inat_pos,1,inat_141675855_242767473.jpg,train
inat_141675855_242956098.jpg,data/etiquetado/inat/images\inat_141675855_242956098.jpg,inat,positivo,False,inat_pos,1,inat_141675855_242767473.jpg,train
inat_141675855_242956102.jpg,data/etiquetado/inat/images\inat_141675855_242956102.jpg,inat,positivo,False,inat_pos,1,inat_141675855_242767473.jpg,train
inat_142108447_243585528.jpg,data/etiquetado/inat/images\inat_142108447_243585528.jpg,inat,positivo,False,inat_pos,1,inat_142108447_243585528.jpg,train
inat_142108447_243585536.jpg,data/etiquetado/inat/images\inat_142108447_243585536.jpg,inat,positivo,False,inat_pos,1,inat_142108447_243585528.jpg,train
inat_142108447_243586202.jpg,data/etiquetado/inat/images\inat_142108447_243586202.jpg,inat,positivo,False,inat_pos,1,inat_142108447_243585528.jpg,train
inat_142112350_243592605.jpg,data/etiquetado/inat/images\inat_142112350_243592605.jpg,inat,positivo,False,inat_pos,1,inat_142112350_243592605.jpg,val
inat_142112350_243602294.jpg,data/etiquetado/inat/images\inat_142112350_243602294.jpg,inat,positivo,False,inat_pos,1,inat_142112350_243592605.jpg,val
inat_143217786_245594569.jpg,data/etiquetado/inat/images\inat_143217786_245594569.jpg,inat,positivo,False,inat_pos,1,inat_143217786_245594569.jpg,test
inat_143217786_245594579.jpg,data/etiquetado/inat/images\inat_143217786_245594579.jpg,inat,positivo,False,inat_pos,2,inat_143217786_245594569.jpg,test
inat_143402188_245923509.jpg,data/etiquetado/inat/images\inat_143402188_245923509.jpg,inat,positivo,False,inat_pos,1,inat_143402188_245923509.jpg,train
inat_143831934_246743032.jpg,data/etiquetado/inat/images\inat_143831934_246743032.jpg,inat,positivo,False,inat_pos,1,inat_143831934_246743032.jpg,train
inat_143831934_246743413.jpg,data/etiquetado/inat/images\inat_143831934_246743413.jpg,inat,positivo,False,inat_pos,1,inat_143831934_246743032.jpg,train
inat_143831934_246743435.jpg,data/etiquetado/inat/images\inat_143831934_246743435.jpg,inat,positivo,False,inat_pos,1,inat_143831934_246743032.jpg,train
inat_143831934_246743498.jpg,data/etiquetado/inat/images\inat_143831934_246743498.jpg,inat,positivo,False,inat_pos,1,inat_143831934_246743032.jpg,train
inat_144551812_248116202.jpg,data/etiquetado/inat/images\inat_144551812_248116202.jpg,inat,positivo,False,inat_pos,1,inat_144551812_248116202.jpg,test
inat_144551812_248116233.jpg,data/etiquetado/inat/images\inat_144551812_248116233.jpg,inat,positivo,False,inat_pos,1,inat_144551812_248116202.jpg,test
inat_144824209_248650196.jpg,data/etiquetado/inat/images\inat_144824209_248650196.jpg,inat,positivo,False,inat_pos,1,inat_144824209_248650196.jpg,train
inat_144824209_248650204.jpg,data/etiquetado/inat/images\inat_144824209_248650204.jpg,inat,positivo,False,inat_pos,1,inat_144824209_248650196.jpg,train
inat_145193495_249363593.jpg,data/etiquetado/inat/images\inat_145193495_249363593.jpg,inat,positivo,False,inat_pos,1,inat_145193495_249363593.jpg,val
inat_145193495_249363606.jpg,data/etiquetado/inat/images\inat_145193495_249363606.jpg,inat,positivo,False,inat_pos,1,inat_145193495_249363593.jpg,val
inat_145193495_249363619.jpg,data/etiquetado/inat/images\inat_145193495_249363619.jpg,inat,positivo,False,inat_pos,1,inat_145193495_249363593.jpg,val
inat_145193495_249363638.jpg,data/etiquetado/inat/images\inat_145193495_249363638.jpg,inat,positivo,False,inat_pos,1,inat_145193495_249363593.jpg,val
inat_146487727_251859171.jpg,data/etiquetado/inat/images\inat_146487727_251859171.jpg,inat,positivo,False,inat_pos,3,inat_146487727_251859171.jpg,test
inat_146487727_251859188.jpg,data/etiquetado/inat/images\inat_146487727_251859188.jpg,inat,positivo,False,inat_pos,1,inat_146487727_251859171.jpg,test
inat_148292942_255340654.jpg,data/etiquetado/inat/images\inat_148292942_255340654.jpg,inat,positivo,False,inat_pos,1,inat_148292942_255340654.jpg,train
inat_150079865_258713910.jpg,data/etiquetado/inat/images\inat_150079865_258713910.jpg,inat,positivo,False,inat_pos,1,inat_150079865_258713910.jpg,train
inat_150079865_258715043.jpg,data/etiquetado/inat/images\inat_150079865_258715043.jpg,inat,positivo,False,inat_pos,2,inat_150079865_258713910.jpg,train
inat_150079865_258715044.jpg,data/etiquetado/inat/images\inat_150079865_258715044.jpg,inat,positivo,False,inat_pos,2,inat_150079865_258713910.jpg,train
inat_150079865_258715045.jpg,data/etiquetado/inat/images\inat_150079865_258715045.jpg,inat,positivo,False,inat_pos,3,inat_150079865_258713910.jpg,train
inat_150079865_258715046.jpg,data/etiquetado/inat/images\inat_150079865_258715046.jpg,inat,positivo,False,inat_pos,3,inat_150079865_258713910.jpg,train
inat_150079865_258715048.jpg,data/etiquetado/inat/images\inat_150079865_258715048.jpg,inat,positivo,False,inat_pos,2,inat_150079865_258713910.jpg,train
inat_150079865_258715054.jpg,data/etiquetado/inat/images\inat_150079865_258715054.jpg,inat,positivo,False,inat_pos,2,inat_150079865_258713910.jpg,train
inat_150079865_258715066.jpg,data/etiquetado/inat/images\inat_150079865_258715066.jpg,inat,positivo,False,inat_pos,2,inat_150079865_258713910.jpg,train
inat_150079865_258715068.jpg,data/etiquetado/inat/images\inat_150079865_258715068.jpg,inat,positivo,False,inat_pos,1,inat_150079865_258713910.jpg,train
inat_150079865_258715069.jpg,data/etiquetado/inat/images\inat_150079865_258715069.jpg,inat,positivo,False,inat_pos,1,inat_150079865_258713910.jpg,train
inat_150079865_258715087.jpg,data/etiquetado/inat/images\inat_150079865_258715087.jpg,inat,positivo,False,inat_pos,1,inat_150079865_258713910.jpg,train
inat_150079865_258715091.jpg,data/etiquetado/inat/images\inat_150079865_258715091.jpg,inat,positivo,False,inat_pos,1,inat_150079865_258713910.jpg,train
inat_150079865_258715092.jpg,data/etiquetado/inat/images\inat_150079865_258715092.jpg,inat,positivo,False,inat_pos,1,inat_150079865_258713910.jpg,train
inat_150079865_258715094.jpg,data/etiquetado/inat/images\inat_150079865_258715094.jpg,inat,positivo,False,inat_pos,1,inat_150079865_258713910.jpg,train
inat_150079865_258715095.jpg,data/etiquetado/inat/images\inat_150079865_258715095.jpg,inat,positivo,False,inat_pos,1,inat_150079865_258713910.jpg,train
inat_150079865_258715097.jpg,data/etiquetado/inat/images\inat_150079865_258715097.jpg,inat,positivo,False,inat_pos,1,inat_150079865_258713910.jpg,train
inat_150412310_259354700.jpg,data/etiquetado/inat/images\inat_150412310_259354700.jpg,inat,positivo,False,inat_pos,1,inat_150412310_259354700.jpg,train
inat_150412310_259354707.jpg,data/etiquetado/inat/images\inat_150412310_259354707.jpg,inat,positivo,False,inat_pos,1,inat_150412310_259354700.jpg,train
inat_150681077_259868943.jpg,data/etiquetado/inat/images\inat_150681077_259868943.jpg,inat,positivo,False,inat_pos,1,inat_150681077_259868943.jpg,val
inat_151151422_260754717.jpg,data/etiquetado/inat/images\inat_151151422_260754717.jpg,inat,positivo,False,inat_pos,2,inat_151151422_260754717.jpg,train
inat_151151422_260754729.jpg,data/etiquetado/inat/images\inat_151151422_260754729.jpg,inat,positivo,False,inat_pos,1,inat_151151422_260754717.jpg,train
inat_151151422_260754752.jpg,data/etiquetado/inat/images\inat_151151422_260754752.jpg,inat,positivo,False,inat_pos,1,inat_151151422_260754717.jpg,train
inat_151151422_260754764.jpg,data/etiquetado/inat/images\inat_151151422_260754764.jpg,inat,positivo,False,inat_pos,3,inat_151151422_260754717.jpg,train
inat_151151422_260754775.jpg,data/etiquetado/inat/images\inat_151151422_260754775.jpg,inat,positivo,False,inat_pos,1,inat_151151422_260754717.jpg,train
inat_152077156_262484454.jpg,data/etiquetado/inat/images\inat_152077156_262484454.jpg,inat,positivo,False,inat_pos,1,inat_152077156_262484454.jpg,train
inat_152077156_262484474.jpg,data/etiquetado/inat/images\inat_152077156_262484474.jpg,inat,positivo,False,inat_pos,1,inat_152077156_262484454.jpg,train
inat_152077156_262484491.jpg,data/etiquetado/inat/images\inat_152077156_262484491.jpg,inat,positivo,False,inat_pos,1,inat_152077156_262484454.jpg,train
inat_152171127_262647845.jpg,data/etiquetado/inat/images\inat_152171127_262647845.jpg,inat,positivo,False,inat_pos,1,inat_104887017_175852607.jpg,train
inat_152171127_262647862.jpg,data/etiquetado/inat/images\inat_152171127_262647862.jpg,inat,positivo,False,inat_pos,1,inat_104887017_175852607.jpg,train
inat_152171127_262647907.jpg,data/etiquetado/inat/images\inat_152171127_262647907.jpg,inat,positivo,False,inat_pos,1,inat_104887017_175852607.jpg,train
inat_152339767_262970622.jpg,data/etiquetado/inat/images\inat_152339767_262970622.jpg,inat,positivo,False,inat_pos,1,inat_152339767_262970622.jpg,test
inat_152899586_264006998.jpg,data/etiquetado/inat/images\inat_152899586_264006998.jpg,inat,positivo,False,inat_pos,3,inat_152899586_264006998.jpg,val
inat_152899586_264007021.jpg,data/etiquetado/inat/images\inat_152899586_264007021.jpg,inat,positivo,False,inat_pos,2,inat_152899586_264006998.jpg,val
inat_152988146_264163297.jpg,data/etiquetado/inat/images\inat_152988146_264163297.jpg,inat,positivo,False,inat_pos,2,inat_152988146_264163297.jpg,train
inat_152988146_264163305.jpg,data/etiquetado/inat/images\inat_152988146_264163305.jpg,inat,positivo,False,inat_pos,1,inat_152988146_264163297.jpg,train
inat_152988146_264163315.jpg,data/etiquetado/inat/images\inat_152988146_264163315.jpg,inat,positivo,False,inat_pos,1,inat_152988146_264163297.jpg,train
inat_152988146_264163326.jpg,data/etiquetado/inat/images\inat_152988146_264163326.jpg,inat,positivo,False,inat_pos,1,inat_152988146_264163297.jpg,train
inat_153335505_264823132.jpg,data/etiquetado/inat/images\inat_153335505_264823132.jpg,inat,positivo,False,inat_pos,1,inat_153335505_264823132.jpg,train
inat_153335505_264823164.jpg,data/etiquetado/inat/images\inat_153335505_264823164.jpg,inat,positivo,False,inat_pos,1,inat_153335505_264823132.jpg,train
inat_153335505_264823182.jpg,data/etiquetado/inat/images\inat_153335505_264823182.jpg,inat,positivo,False,inat_pos,1,inat_153335505_264823132.jpg,train
inat_154433438_266843511.jpg,data/etiquetado/inat/images\inat_154433438_266843511.jpg,inat,positivo,False,inat_pos,1,inat_152339767_262970622.jpg,test
inat_161011841_278271142.jpg,data/etiquetado/inat/images\inat_161011841_278271142.jpg,inat,positivo,False,inat_pos,1,inat_161011841_278271142.jpg,test
inat_161078514_278398046.jpg,data/etiquetado/inat/images\inat_161078514_278398046.jpg,inat,positivo,False,inat_pos,1,inat_161078514_278398046.jpg,val
inat_161078722_278398382.jpg,data/etiquetado/inat/images\inat_161078722_278398382.jpg,inat,positivo,False,inat_pos,1,inat_161078722_278398382.jpg,train
inat_161078722_278398397.jpg,data/etiquetado/inat/images\inat_161078722_278398397.jpg,inat,positivo,False,inat_pos,1,inat_161078722_278398382.jpg,train
inat_162413684_280829430.jpg,data/etiquetado/inat/images\inat_162413684_280829430.jpg,inat,positivo,False,inat_pos,1,inat_162413684_280829430.jpg,train
inat_165618594_286706998.jpg,data/etiquetado/inat/images\inat_165618594_286706998.jpg,inat,positivo,False,inat_pos,1,inat_165618594_286706998.jpg,val
inat_167356662_289908557.jpg,data/etiquetado/inat/images\inat_167356662_289908557.jpg,inat,positivo,False,inat_pos,1,inat_167356662_289908557.jpg,test
inat_167356664_289908566.jpg,data/etiquetado/inat/images\inat_167356664_289908566.jpg,inat,positivo,False,inat_pos,1,inat_167356664_289908566.jpg,test
inat_167356669_289908571.jpg,data/etiquetado/inat/images\inat_167356669_289908571.jpg,inat,positivo,False,inat_pos,1,inat_167356669_289908571.jpg,test
inat_167356670_289908582.jpg,data/etiquetado/inat/images\inat_167356670_289908582.jpg,inat,positivo,False,inat_pos,1,inat_167356670_289908582.jpg,val
inat_167356671_289908593.jpg,data/etiquetado/inat/images\inat_167356671_289908593.jpg,inat,positivo,False,inat_pos,1,inat_167356671_289908593.jpg,val
inat_167356673_289908609.jpg,data/etiquetado/inat/images\inat_167356673_289908609.jpg,inat,positivo,False,inat_pos,1,inat_167356673_289908609.jpg,val
inat_167380575_289948357.jpg,data/etiquetado/inat/images\inat_167380575_289948357.jpg,inat,positivo,False,inat_pos,1,inat_167380575_289948357.jpg,train
inat_167380575_289948384.jpg,data/etiquetado/inat/images\inat_167380575_289948384.jpg,inat,positivo,False,inat_pos,1,inat_167380575_289948357.jpg,train
inat_167380575_289948407.jpg,data/etiquetado/inat/images\inat_167380575_289948407.jpg,inat,positivo,False,inat_pos,1,inat_167380575_289948357.jpg,train
inat_168819965_292621345.jpg,data/etiquetado/inat/images\inat_168819965_292621345.jpg,inat,positivo,False,inat_pos,1,inat_168819965_292621345.jpg,test
inat_168819968_292621393.jpg,data/etiquetado/inat/images\inat_168819968_292621393.jpg,inat,positivo,False,inat_pos,1,inat_168819968_292621393.jpg,val
inat_168819970_292621446.jpg,data/etiquetado/inat/images\inat_168819970_292621446.jpg,inat,positivo,False,inat_pos,1,inat_168819970_292621446.jpg,val
inat_168819979_292621563.jpg,data/etiquetado/inat/images\inat_168819979_292621563.jpg,inat,positivo,False,inat_pos,1,inat_168819979_292621563.jpg,val
inat_170940246_296561476.jpg,data/etiquetado/inat/images\inat_170940246_296561476.jpg,inat,positivo,False,inat_pos,1,inat_170940246_296561476.jpg,train
inat_170940246_296561499.jpg,data/etiquetado/inat/images\inat_170940246_296561499.jpg,inat,positivo,False,inat_pos,1,inat_170940246_296561476.jpg,train
inat_170940246_296561530.jpg,data/etiquetado/inat/images\inat_170940246_296561530.jpg,inat,positivo,False,inat_pos,1,inat_170940246_296561476.jpg,train
inat_170940246_296561558.jpg,data/etiquetado/inat/images\inat_170940246_296561558.jpg,inat,positivo,False,inat_pos,1,inat_170940246_296561476.jpg,train
inat_170940246_296561583.jpg,data/etiquetado/inat/images\inat_170940246_296561583.jpg,inat,positivo,False,inat_pos,1,inat_170940246_296561476.jpg,train
inat_170940246_296561602.jpg,data/etiquetado/inat/images\inat_170940246_296561602.jpg,inat,positivo,False,inat_pos,1,inat_170940246_296561476.jpg,train
inat_170940246_296561623.jpg,data/etiquetado/inat/images\inat_170940246_296561623.jpg,inat,positivo,False,inat_pos,1,inat_170940246_296561476.jpg,train
inat_170940246_296561642.jpg,data/etiquetado/inat/images\inat_170940246_296561642.jpg,inat,positivo,False,inat_pos,1,inat_170940246_296561476.jpg,train
inat_171567436_297727331.jpg,data/etiquetado/inat/images\inat_171567436_297727331.jpg,inat,positivo,False,inat_pos,2,inat_171567436_297727331.jpg,train
inat_173296416_300932597.jpg,data/etiquetado/inat/images\inat_173296416_300932597.jpg,inat,positivo,False,inat_pos,1,inat_173296416_300932597.jpg,val
inat_173296416_300932667.jpg,data/etiquetado/inat/images\inat_173296416_300932667.jpg,inat,positivo,False,inat_pos,1,inat_173296416_300932597.jpg,val
inat_173296416_300932744.jpg,data/etiquetado/inat/images\inat_173296416_300932744.jpg,inat,positivo,False,inat_pos,1,inat_173296416_300932597.jpg,val
inat_174381180_302938670.jpg,data/etiquetado/inat/images\inat_174381180_302938670.jpg,inat,positivo,False,inat_pos,1,inat_174381180_302938670.jpg,train
inat_175460020_304936637.jpg,data/etiquetado/inat/images\inat_175460020_304936637.jpg,inat,positivo,False,inat_pos,1,inat_175460020_304936637.jpg,test
inat_175460020_304936660.jpg,data/etiquetado/inat/images\inat_175460020_304936660.jpg,inat,positivo,False,inat_pos,1,inat_175460020_304936637.jpg,test
inat_175487199_304987098.jpg,data/etiquetado/inat/images\inat_175487199_304987098.jpg,inat,positivo,False,inat_pos,1,inat_175487199_304987098.jpg,train
inat_182167210_317571726.jpg,data/etiquetado/inat/images\inat_182167210_317571726.jpg,inat,positivo,False,inat_pos,1,inat_182167210_317571726.jpg,train
inat_182167210_317571727.jpg,data/etiquetado/inat/images\inat_182167210_317571727.jpg,inat,positivo,False,inat_pos,1,inat_182167210_317571726.jpg,train
inat_182824046_318839266.jpg,data/etiquetado/inat/images\inat_182824046_318839266.jpg,inat,positivo,False,inat_pos,1,inat_182824046_318839266.jpg,train
inat_18304924_27968259.jpg,data/etiquetado/inat/images\inat_18304924_27968259.jpg,inat,positivo,False,inat_pos,1,inat_18304924_27968259.jpg,val
inat_18304927_27968301.jpg,data/etiquetado/inat/images\inat_18304927_27968301.jpg,inat,positivo,False,inat_pos,1,inat_18304927_27968301.jpg,test
inat_18304929_27968315.jpg,data/etiquetado/inat/images\inat_18304929_27968315.jpg,inat,positivo,False,inat_pos,1,inat_18304927_27968301.jpg,test
inat_184930345_322866890.jpg,data/etiquetado/inat/images\inat_184930345_322866890.jpg,inat,positivo,False,inat_pos,1,inat_184930345_322866890.jpg,test
inat_185165510_323340869.jpg,data/etiquetado/inat/images\inat_185165510_323340869.jpg,inat,positivo,False,inat_pos,1,inat_185165510_323340869.jpg,train
inat_185426608_323841091.jpg,data/etiquetado/inat/images\inat_185426608_323841091.jpg,inat,positivo,False,inat_pos,1,inat_185426608_323841091.jpg,train
inat_185509729_323996904.jpg,data/etiquetado/inat/images\inat_185509729_323996904.jpg,inat,positivo,False,inat_pos,1,inat_185509729_323996904.jpg,test
inat_18877345_28925395.jpg,data/etiquetado/inat/images\inat_18877345_28925395.jpg,inat,positivo,False,inat_pos,1,inat_18877345_28925395.jpg,val
inat_188886269_330732669.jpg,data/etiquetado/inat/images\inat_188886269_330732669.jpg,inat,positivo,False,inat_pos,1,inat_188886269_330732669.jpg,train
inat_189167054_331299048.jpg,data/etiquetado/inat/images\inat_189167054_331299048.jpg,inat,positivo,False,inat_pos,1,inat_189167054_331299048.jpg,val
inat_189349548_331675662.jpg,data/etiquetado/inat/images\inat_189349548_331675662.jpg,inat,positivo,False,inat_pos,1,inat_189349548_331675662.jpg,test
inat_189472885_331930279.jpg,data/etiquetado/inat/images\inat_189472885_331930279.jpg,inat,positivo,False,inat_pos,1,inat_189472885_331930279.jpg,val
inat_190068938_333113479.jpg,data/etiquetado/inat/images\inat_190068938_333113479.jpg,inat,positivo,False,inat_pos,1,inat_190068938_333113479.jpg,train
inat_190362112_333687325.jpg,data/etiquetado/inat/images\inat_190362112_333687325.jpg,inat,positivo,False,inat_pos,1,inat_190362112_333687325.jpg,val
inat_190412124_333788182_frame_000.jpg,data/etiquetado/inat/images\inat_190412124_333788182_frame_000.jpg,inat,positivo,False,inat_pos,1,inat_190412124_333788182_frame_000.jpg,val
inat_190431127_333826343.jpg,data/etiquetado/inat/images\inat_190431127_333826343.jpg,inat,positivo,False,inat_pos,1,inat_190431127_333826343.jpg,train
inat_190431127_333826430.jpg,data/etiquetado/inat/images\inat_190431127_333826430.jpg,inat,positivo,False,inat_pos,1,inat_190431127_333826343.jpg,train
inat_190728161_334419616.jpg,data/etiquetado/inat/images\inat_190728161_334419616.jpg,inat,positivo,False,inat_pos,1,inat_190728161_334419616.jpg,train
inat_191714320_336389367.jpg,data/etiquetado/inat/images\inat_191714320_336389367.jpg,inat,positivo,False,inat_pos,1,inat_191714320_336389367.jpg,test
inat_192459874_337861721.jpg,data/etiquetado/inat/images\inat_192459874_337861721.jpg,inat,positivo,False,inat_pos,1,inat_192459874_337861721.jpg,train
inat_193563889_340040527.jpg,data/etiquetado/inat/images\inat_193563889_340040527.jpg,inat,positivo,False,inat_pos,1,inat_193563889_340040527.jpg,train
inat_193563889_340040541.jpg,data/etiquetado/inat/images\inat_193563889_340040541.jpg,inat,positivo,False,inat_pos,1,inat_193563889_340040527.jpg,train
inat_193563889_340040550.jpg,data/etiquetado/inat/images\inat_193563889_340040550.jpg,inat,positivo,False,inat_pos,1,inat_193563889_340040527.jpg,train
inat_193563889_340040562.jpg,data/etiquetado/inat/images\inat_193563889_340040562.jpg,inat,positivo,False,inat_pos,1,inat_193563889_340040527.jpg,train
inat_193563889_340040573.jpg,data/etiquetado/inat/images\inat_193563889_340040573.jpg,inat,positivo,False,inat_pos,1,inat_193563889_340040527.jpg,train
inat_193563889_340040592.jpg,data/etiquetado/inat/images\inat_193563889_340040592.jpg,inat,positivo,False,inat_pos,1,inat_193563889_340040527.jpg,train
inat_193988354_340871805.jpg,data/etiquetado/inat/images\inat_193988354_340871805.jpg,inat,positivo,False,inat_pos,1,inat_193988354_340871805.jpg,train
inat_193988354_340871808.jpg,data/etiquetado/inat/images\inat_193988354_340871808.jpg,inat,positivo,False,inat_pos,1,inat_193988354_340871805.jpg,train
inat_194197261_341291670.jpg,data/etiquetado/inat/images\inat_194197261_341291670.jpg,inat,positivo,False,inat_pos,1,inat_194197261_341291670.jpg,train
inat_194197261_341291687.jpg,data/etiquetado/inat/images\inat_194197261_341291687.jpg,inat,positivo,False,inat_pos,1,inat_194197261_341291670.jpg,train
inat_194934340_342795704.jpg,data/etiquetado/inat/images\inat_194934340_342795704.jpg,inat,positivo,False,inat_pos,1,inat_194934340_342795704.jpg,train
inat_194934340_342795782.jpg,data/etiquetado/inat/images\inat_194934340_342795782.jpg,inat,positivo,False,inat_pos,1,inat_194934340_342795704.jpg,train
inat_194934340_342795811.jpg,data/etiquetado/inat/images\inat_194934340_342795811.jpg,inat,positivo,False,inat_pos,1,inat_194934340_342795704.jpg,train
inat_194934340_342795855.jpg,data/etiquetado/inat/images\inat_194934340_342795855.jpg,inat,positivo,False,inat_pos,1,inat_194934340_342795704.jpg,train
inat_194934340_342795909.jpg,data/etiquetado/inat/images\inat_194934340_342795909.jpg,inat,positivo,False,inat_pos,1,inat_194934340_342795704.jpg,train
inat_194934340_342795938.jpg,data/etiquetado/inat/images\inat_194934340_342795938.jpg,inat,positivo,False,inat_pos,1,inat_194934340_342795704.jpg,train
inat_194934340_342796026.jpg,data/etiquetado/inat/images\inat_194934340_342796026.jpg,inat,positivo,False,inat_pos,1,inat_194934340_342795704.jpg,train
inat_195559045_344072676.jpg,data/etiquetado/inat/images\inat_195559045_344072676.jpg,inat,positivo,False,inat_pos,1,inat_195559045_344072676.jpg,train
inat_195559045_344074298.jpg,data/etiquetado/inat/images\inat_195559045_344074298.jpg,inat,positivo,False,inat_pos,1,inat_195559045_344072676.jpg,train
inat_195579802_344114384.jpg,data/etiquetado/inat/images\inat_195579802_344114384.jpg,inat,positivo,False,inat_pos,1,inat_195579802_344114384.jpg,test
inat_195579802_344114399.jpg,data/etiquetado/inat/images\inat_195579802_344114399.jpg,inat,positivo,False,inat_pos,1,inat_195579802_344114384.jpg,test
inat_195579802_344114414.jpg,data/etiquetado/inat/images\inat_195579802_344114414.jpg,inat,positivo,False,inat_pos,1,inat_195579802_344114384.jpg,test
inat_195579802_344114436.jpg,data/etiquetado/inat/images\inat_195579802_344114436.jpg,inat,positivo,False,inat_pos,1,inat_195579802_344114384.jpg,test
inat_195817525_344593084.jpg,data/etiquetado/inat/images\inat_195817525_344593084.jpg,inat,positivo,False,inat_pos,1,inat_195817525_344593084.jpg,val
inat_195817525_344593087.jpg,data/etiquetado/inat/images\inat_195817525_344593087.jpg,inat,positivo,False,inat_pos,1,inat_195817525_344593084.jpg,val
inat_19606548_30185734.jpg,data/etiquetado/inat/images\inat_19606548_30185734.jpg,inat,positivo,False,inat_pos,1,inat_19606548_30185734.jpg,train
inat_19606548_30185737.jpg,data/etiquetado/inat/images\inat_19606548_30185737.jpg,inat,positivo,False,inat_pos,1,inat_19606548_30185734.jpg,train
inat_196124797_345208668.jpg,data/etiquetado/inat/images\inat_196124797_345208668.jpg,inat,positivo,False,inat_pos,1,inat_196124797_345208668.jpg,train
inat_196124797_345208705.jpg,data/etiquetado/inat/images\inat_196124797_345208705.jpg,inat,positivo,False,inat_pos,1,inat_196124797_345208668.jpg,train
inat_196859657_346571726_frame_000.jpg,data/etiquetado/inat/images\inat_196859657_346571726_frame_000.jpg,inat,positivo,False,inat_pos,1,inat_196859657_346571726_frame_000.jpg,val
inat_196859657_346571726_frame_009.jpg,data/etiquetado/inat/images\inat_196859657_346571726_frame_009.jpg,inat,positivo,False,inat_pos,1,inat_196859657_346571726_frame_000.jpg,val
inat_196860866_346574052.jpg,data/etiquetado/inat/images\inat_196860866_346574052.jpg,inat,positivo,False,inat_pos,1,inat_196860866_346574052.jpg,test
inat_196917960_346688999.jpg,data/etiquetado/inat/images\inat_196917960_346688999.jpg,inat,positivo,False,inat_pos,1,inat_196917960_346688999.jpg,test
inat_196918298_346691190_frame_001.jpg,data/etiquetado/inat/images\inat_196918298_346691190_frame_001.jpg,inat,positivo,False,inat_pos,1,inat_196918298_346691190_frame_001.jpg,train
inat_196918298_346691190_frame_018.jpg,data/etiquetado/inat/images\inat_196918298_346691190_frame_018.jpg,inat,positivo,False,inat_pos,1,inat_196918298_346691190_frame_001.jpg,train
inat_197070185_347000902_frame_000.jpg,data/etiquetado/inat/images\inat_197070185_347000902_frame_000.jpg,inat,positivo,False,inat_pos,1,inat_197070185_347000902_frame_000.jpg,train
inat_197070185_347000902_frame_007.jpg,data/etiquetado/inat/images\inat_197070185_347000902_frame_007.jpg,inat,positivo,False,inat_pos,1,inat_197070185_347000902_frame_000.jpg,train
inat_197070185_347000902_frame_009.jpg,data/etiquetado/inat/images\inat_197070185_347000902_frame_009.jpg,inat,positivo,False,inat_pos,1,inat_197070185_347000902_frame_000.jpg,train
inat_197070875_347002485_frame_003.jpg,data/etiquetado/inat/images\inat_197070875_347002485_frame_003.jpg,inat,positivo,False,inat_pos,1,inat_197070875_347002485_frame_003.jpg,train
inat_197070875_347002485_frame_038.jpg,data/etiquetado/inat/images\inat_197070875_347002485_frame_038.jpg,inat,positivo,False,inat_pos,1,inat_197070875_347002485_frame_003.jpg,train
inat_197070875_347002485_frame_061.jpg,data/etiquetado/inat/images\inat_197070875_347002485_frame_061.jpg,inat,positivo,False,inat_pos,1,inat_197070875_347002485_frame_003.jpg,train
inat_197071131_347003626.jpg,data/etiquetado/inat/images\inat_197071131_347003626.jpg,inat,positivo,False,inat_pos,1,inat_197071131_347003626.jpg,val
inat_197223589_347309107.jpg,data/etiquetado/inat/images\inat_197223589_347309107.jpg,inat,positivo,False,inat_pos,1,inat_197223589_347309107.jpg,val
inat_197231536_347322704.jpg,data/etiquetado/inat/images\inat_197231536_347322704.jpg,inat,positivo,False,inat_pos,1,inat_197231536_347322704.jpg,train
inat_197231536_347322731.jpg,data/etiquetado/inat/images\inat_197231536_347322731.jpg,inat,positivo,False,inat_pos,1,inat_197231536_347322704.jpg,train
inat_197402719_347670771.jpg,data/etiquetado/inat/images\inat_197402719_347670771.jpg,inat,positivo,False,inat_pos,1,inat_197402719_347670771.jpg,test
inat_197402920_347671298.jpg,data/etiquetado/inat/images\inat_197402920_347671298.jpg,inat,positivo,False,inat_pos,1,inat_197402920_347671298.jpg,train
inat_197499498_347866473.jpg,data/etiquetado/inat/images\inat_197499498_347866473.jpg,inat,positivo,False,inat_pos,1,inat_197499498_347866473.jpg,val
inat_197499498_347866482.jpg,data/etiquetado/inat/images\inat_197499498_347866482.jpg,inat,positivo,False,inat_pos,1,inat_197499498_347866473.jpg,val
inat_197839918_348550682.jpg,data/etiquetado/inat/images\inat_197839918_348550682.jpg,inat,positivo,False,inat_pos,1,inat_197839918_348550682.jpg,train
inat_197839918_351831068.jpg,data/etiquetado/inat/images\inat_197839918_351831068.jpg,inat,positivo,False,inat_pos,1,inat_197839918_348550682.jpg,train
inat_198577276_350030978.jpg,data/etiquetado/inat/images\inat_198577276_350030978.jpg,inat,positivo,False,inat_pos,1,inat_198577276_350030978.jpg,test
inat_198695778_350264124.jpg,data/etiquetado/inat/images\inat_198695778_350264124.jpg,inat,positivo,False,inat_pos,1,inat_198695778_350264124.jpg,test
inat_19930100_30745666.jpg,data/etiquetado/inat/images\inat_19930100_30745666.jpg,inat,positivo,False,inat_pos,1,inat_19930100_30745666.jpg,train
inat_199368482_351583542.jpg,data/etiquetado/inat/images\inat_199368482_351583542.jpg,inat,positivo,False,inat_pos,3,inat_199368482_351583542.jpg,train
inat_199368552_351584124.jpg,data/etiquetado/inat/images\inat_199368552_351584124.jpg,inat,positivo,False,inat_pos,1,inat_199368552_351584124.jpg,train
inat_19947593_30777867.jpg,data/etiquetado/inat/images\inat_19947593_30777867.jpg,inat,positivo,False,inat_pos,1,inat_19947593_30777867.jpg,val
inat_199573459_351971525.jpg,data/etiquetado/inat/images\inat_199573459_351971525.jpg,inat,positivo,False,inat_pos,1,inat_199573459_351971525.jpg,val
inat_199573459_351971596.jpg,data/etiquetado/inat/images\inat_199573459_351971596.jpg,inat,positivo,False,inat_pos,1,inat_199573459_351971525.jpg,val
inat_200322984_353408850.jpg,data/etiquetado/inat/images\inat_200322984_353408850.jpg,inat,positivo,False,inat_pos,1,inat_200322984_353408850.jpg,test
inat_201164936_355055168.jpg,data/etiquetado/inat/images\inat_201164936_355055168.jpg,inat,positivo,False,inat_pos,1,inat_201164936_355055168.jpg,train
inat_201164936_355055203.jpg,data/etiquetado/inat/images\inat_201164936_355055203.jpg,inat,positivo,False,inat_pos,1,inat_201164936_355055168.jpg,train
inat_20131658_31047441.jpg,data/etiquetado/inat/images\inat_20131658_31047441.jpg,inat,positivo,False,inat_pos,1,inat_20131658_31047441.jpg,test
inat_202007115_356690340.jpg,data/etiquetado/inat/images\inat_202007115_356690340.jpg,inat,positivo,False,inat_pos,1,inat_202007115_356690340.jpg,train
inat_202169168_357006903.jpg,data/etiquetado/inat/images\inat_202169168_357006903.jpg,inat,positivo,False,inat_pos,1,inat_202169168_357006903.jpg,train
inat_202169436_357007614.jpg,data/etiquetado/inat/images\inat_202169436_357007614.jpg,inat,positivo,False,inat_pos,1,inat_202169436_357007614.jpg,test
inat_202169795_357008330_frame_003.jpg,data/etiquetado/inat/images\inat_202169795_357008330_frame_003.jpg,inat,positivo,False,inat_pos,1,inat_202169168_357006903.jpg,train
inat_202169795_357008330_frame_010.jpg,data/etiquetado/inat/images\inat_202169795_357008330_frame_010.jpg,inat,positivo,False,inat_pos,1,inat_202169168_357006903.jpg,train
inat_202169795_357008330_frame_014.jpg,data/etiquetado/inat/images\inat_202169795_357008330_frame_014.jpg,inat,positivo,False,inat_pos,1,inat_202169168_357006903.jpg,train
inat_202170016_357008799_frame_003.jpg,data/etiquetado/inat/images\inat_202170016_357008799_frame_003.jpg,inat,positivo,False,inat_pos,1,inat_202169168_357006903.jpg,train
inat_202170016_357008799_frame_006.jpg,data/etiquetado/inat/images\inat_202170016_357008799_frame_006.jpg,inat,positivo,False,inat_pos,1,inat_202169168_357006903.jpg,train
inat_202170016_357008799_frame_009.jpg,data/etiquetado/inat/images\inat_202170016_357008799_frame_009.jpg,inat,positivo,False,inat_pos,1,inat_202169168_357006903.jpg,train
inat_202170016_357008799_frame_014.jpg,data/etiquetado/inat/images\inat_202170016_357008799_frame_014.jpg,inat,positivo,False,inat_pos,1,inat_202169168_357006903.jpg,train
inat_202170207_357009170.jpg,data/etiquetado/inat/images\inat_202170207_357009170.jpg,inat,positivo,False,inat_pos,1,inat_202169168_357006903.jpg,train
inat_20237971_31234275.jpg,data/etiquetado/inat/images\inat_20237971_31234275.jpg,inat,positivo,False,inat_pos,1,inat_20237971_31234275.jpg,train
inat_20237971_31234280.jpg,data/etiquetado/inat/images\inat_20237971_31234280.jpg,inat,positivo,False,inat_pos,1,inat_20237971_31234275.jpg,train
inat_20237971_79034741.jpg,data/etiquetado/inat/images\inat_20237971_79034741.jpg,inat,positivo,False,inat_pos,1,inat_20237971_31234275.jpg,train
inat_20237971_79034742.jpg,data/etiquetado/inat/images\inat_20237971_79034742.jpg,inat,positivo,False,inat_pos,1,inat_20237971_31234275.jpg,train
inat_20237971_79034743.jpg,data/etiquetado/inat/images\inat_20237971_79034743.jpg,inat,positivo,False,inat_pos,1,inat_20237971_31234275.jpg,train
inat_20237971_79034744.jpg,data/etiquetado/inat/images\inat_20237971_79034744.jpg,inat,positivo,False,inat_pos,1,inat_20237971_31234275.jpg,train
inat_20237971_79034745.jpg,data/etiquetado/inat/images\inat_20237971_79034745.jpg,inat,positivo,False,inat_pos,1,inat_20237971_31234275.jpg,train
inat_20237971_79034746.jpg,data/etiquetado/inat/images\inat_20237971_79034746.jpg,inat,positivo,False,inat_pos,1,inat_20237971_31234275.jpg,train
inat_202554131_357751054.jpg,data/etiquetado/inat/images\inat_202554131_357751054.jpg,inat,positivo,False,inat_pos,1,inat_202554131_357751054.jpg,train
inat_202554131_357751069.jpg,data/etiquetado/inat/images\inat_202554131_357751069.jpg,inat,positivo,False,inat_pos,1,inat_202554131_357751054.jpg,train
inat_202554131_357751075.jpg,data/etiquetado/inat/images\inat_202554131_357751075.jpg,inat,positivo,False,inat_pos,1,inat_202554131_357751054.jpg,train
inat_202554131_357751175.jpg,data/etiquetado/inat/images\inat_202554131_357751175.jpg,inat,positivo,False,inat_pos,1,inat_202554131_357751054.jpg,train
inat_202554131_357751179.jpg,data/etiquetado/inat/images\inat_202554131_357751179.jpg,inat,positivo,False,inat_pos,1,inat_202554131_357751054.jpg,train
inat_202554131_357751191.jpg,data/etiquetado/inat/images\inat_202554131_357751191.jpg,inat,positivo,False,inat_pos,1,inat_202554131_357751054.jpg,train
inat_20264187_31278908.jpg,data/etiquetado/inat/images\inat_20264187_31278908.jpg,inat,positivo,False,inat_pos,1,inat_20264187_31278908.jpg,train
inat_20264187_31278915.jpg,data/etiquetado/inat/images\inat_20264187_31278915.jpg,inat,positivo,False,inat_pos,1,inat_20264187_31278908.jpg,train
inat_202957609_358520878.jpg,data/etiquetado/inat/images\inat_202957609_358520878.jpg,inat,positivo,False,inat_pos,1,inat_202957609_358520878.jpg,val
inat_204503138_361482848.jpg,data/etiquetado/inat/images\inat_204503138_361482848.jpg,inat,positivo,False,inat_pos,1,inat_204503138_361482848.jpg,train
inat_204503138_361482859.jpg,data/etiquetado/inat/images\inat_204503138_361482859.jpg,inat,positivo,False,inat_pos,1,inat_204503138_361482848.jpg,train
inat_204503138_361482862.jpg,data/etiquetado/inat/images\inat_204503138_361482862.jpg,inat,positivo,False,inat_pos,1,inat_204503138_361482848.jpg,train
inat_204503138_361482873.jpg,data/etiquetado/inat/images\inat_204503138_361482873.jpg,inat,positivo,False,inat_pos,1,inat_204503138_361482848.jpg,train
inat_204503138_361482881.jpg,data/etiquetado/inat/images\inat_204503138_361482881.jpg,inat,positivo,False,inat_pos,1,inat_204503138_361482848.jpg,train
inat_204503138_361482888.jpg,data/etiquetado/inat/images\inat_204503138_361482888.jpg,inat,positivo,False,inat_pos,1,inat_204503138_361482848.jpg,train
inat_204503138_361482889.jpg,data/etiquetado/inat/images\inat_204503138_361482889.jpg,inat,positivo,False,inat_pos,1,inat_204503138_361482848.jpg,train
inat_204503138_361482910.jpg,data/etiquetado/inat/images\inat_204503138_361482910.jpg,inat,positivo,False,inat_pos,1,inat_204503138_361482848.jpg,train
inat_206517028_365259213.jpg,data/etiquetado/inat/images\inat_206517028_365259213.jpg,inat,positivo,False,inat_pos,1,inat_206517028_365259213.jpg,train
inat_206517028_365259239.jpg,data/etiquetado/inat/images\inat_206517028_365259239.jpg,inat,positivo,False,inat_pos,1,inat_206517028_365259213.jpg,train
inat_206517028_365259261.jpg,data/etiquetado/inat/images\inat_206517028_365259261.jpg,inat,positivo,False,inat_pos,1,inat_206517028_365259213.jpg,train
inat_206517028_365259283.jpg,data/etiquetado/inat/images\inat_206517028_365259283.jpg,inat,positivo,False,inat_pos,1,inat_206517028_365259213.jpg,train
inat_207852911_367698207.jpg,data/etiquetado/inat/images\inat_207852911_367698207.jpg,inat,positivo,False,inat_pos,1,inat_207852911_367698207.jpg,train
inat_207852911_367698225.jpg,data/etiquetado/inat/images\inat_207852911_367698225.jpg,inat,positivo,False,inat_pos,1,inat_207852911_367698207.jpg,train
inat_207852911_367698244.jpg,data/etiquetado/inat/images\inat_207852911_367698244.jpg,inat,positivo,False,inat_pos,2,inat_207852911_367698207.jpg,train
inat_209124147_370061828.jpg,data/etiquetado/inat/images\inat_209124147_370061828.jpg,inat,positivo,False,inat_pos,1,inat_209124147_370061828.jpg,train
inat_209124147_370061830.jpg,data/etiquetado/inat/images\inat_209124147_370061830.jpg,inat,positivo,False,inat_pos,1,inat_209124147_370061828.jpg,train
inat_209124147_370061834.jpg,data/etiquetado/inat/images\inat_209124147_370061834.jpg,inat,positivo,False,inat_pos,2,inat_209124147_370061828.jpg,train
inat_209137859_370086414.jpg,data/etiquetado/inat/images\inat_209137859_370086414.jpg,inat,positivo,False,inat_pos,1,inat_209137859_370086414.jpg,val
inat_20996686_32428324.jpg,data/etiquetado/inat/images\inat_20996686_32428324.jpg,inat,positivo,False,inat_pos,1,inat_20996686_32428324.jpg,train
inat_212924159_376275303.jpg,data/etiquetado/inat/images\inat_212924159_376275303.jpg,inat,positivo,False,inat_pos,1,inat_212924159_376275303.jpg,train
inat_212924492_376275897.jpg,data/etiquetado/inat/images\inat_212924492_376275897.jpg,inat,positivo,False,inat_pos,1,inat_212924492_376275897.jpg,val
inat_214259825_378698589.jpg,data/etiquetado/inat/images\inat_214259825_378698589.jpg,inat,positivo,False,inat_pos,1,inat_214259825_378698589.jpg,train
inat_21451094_33189381.jpg,data/etiquetado/inat/images\inat_21451094_33189381.jpg,inat,positivo,False,inat_pos,1,inat_21451094_33189381.jpg,train
inat_217136302_384088043.jpg,data/etiquetado/inat/images\inat_217136302_384088043.jpg,inat,positivo,False,inat_pos,1,inat_217136302_384088043.jpg,val
inat_217731423_385212806.jpg,data/etiquetado/inat/images\inat_217731423_385212806.jpg,inat,positivo,False,inat_pos,1,inat_217731423_385212806.jpg,test
inat_219866404_389205473.jpg,data/etiquetado/inat/images\inat_219866404_389205473.jpg,inat,positivo,False,inat_pos,1,inat_219866404_389205473.jpg,test
inat_221440172_392151884.jpg,data/etiquetado/inat/images\inat_221440172_392151884.jpg,inat,positivo,False,inat_pos,1,inat_221440172_392151884.jpg,test
inat_22276563_34497962.jpg,data/etiquetado/inat/images\inat_22276563_34497962.jpg,inat,positivo,False,inat_pos,1,inat_22276563_34497962.jpg,test
inat_222900651_394888153.jpg,data/etiquetado/inat/images\inat_222900651_394888153.jpg,inat,positivo,False,inat_pos,1,inat_222900651_394888153.jpg,test
inat_224335919_397594433.jpg,data/etiquetado/inat/images\inat_224335919_397594433.jpg,inat,positivo,False,inat_pos,1,inat_224335919_397594433.jpg,train
inat_224750818_398377940.jpg,data/etiquetado/inat/images\inat_224750818_398377940.jpg,inat,positivo,False,inat_pos,1,inat_224750818_398377940.jpg,test
inat_224750911_398378148.jpg,data/etiquetado/inat/images\inat_224750911_398378148.jpg,inat,positivo,False,inat_pos,2,inat_224750911_398378148.jpg,test
inat_224913815_398689035.jpg,data/etiquetado/inat/images\inat_224913815_398689035.jpg,inat,positivo,False,inat_pos,1,inat_224913815_398689035.jpg,train
inat_224913815_398689040.jpg,data/etiquetado/inat/images\inat_224913815_398689040.jpg,inat,positivo,False,inat_pos,1,inat_224913815_398689035.jpg,train
inat_225136894_399120893.jpg,data/etiquetado/inat/images\inat_225136894_399120893.jpg,inat,positivo,False,inat_pos,1,inat_225136894_399120893.jpg,val
inat_227153601_402937708.jpg,data/etiquetado/inat/images\inat_227153601_402937708.jpg,inat,positivo,False,inat_pos,1,inat_227153601_402937708.jpg,train
inat_227170497_402966695.jpg,data/etiquetado/inat/images\inat_227170497_402966695.jpg,inat,positivo,False,inat_pos,1,inat_227170497_402966695.jpg,train
inat_227170497_402966699.jpg,data/etiquetado/inat/images\inat_227170497_402966699.jpg,inat,positivo,False,inat_pos,1,inat_227170497_402966695.jpg,train
inat_227170507_402966961.jpg,data/etiquetado/inat/images\inat_227170507_402966961.jpg,inat,positivo,False,inat_pos,1,inat_227170507_402966961.jpg,train
inat_227170507_402966966.jpg,data/etiquetado/inat/images\inat_227170507_402966966.jpg,inat,positivo,False,inat_pos,1,inat_227170507_402966961.jpg,train
inat_227614574_404251753.jpg,data/etiquetado/inat/images\inat_227614574_404251753.jpg,inat,positivo,False,inat_pos,1,inat_227614574_404251753.jpg,train
inat_227661482_403900397.jpg,data/etiquetado/inat/images\inat_227661482_403900397.jpg,inat,positivo,False,inat_pos,1,inat_227661482_403900397.jpg,train
inat_227661482_403900511.jpg,data/etiquetado/inat/images\inat_227661482_403900511.jpg,inat,positivo,False,inat_pos,1,inat_227661482_403900397.jpg,train
inat_227661482_403900512.jpg,data/etiquetado/inat/images\inat_227661482_403900512.jpg,inat,positivo,False,inat_pos,1,inat_227661482_403900397.jpg,train
inat_227661482_403900562.jpg,data/etiquetado/inat/images\inat_227661482_403900562.jpg,inat,positivo,False,inat_pos,1,inat_227661482_403900397.jpg,train
inat_227661482_403900563.jpg,data/etiquetado/inat/images\inat_227661482_403900563.jpg,inat,positivo,False,inat_pos,1,inat_227661482_403900397.jpg,train
inat_227661482_403900589.jpg,data/etiquetado/inat/images\inat_227661482_403900589.jpg,inat,positivo,False,inat_pos,1,inat_227661482_403900397.jpg,train
inat_227661482_403900591.jpg,data/etiquetado/inat/images\inat_227661482_403900591.jpg,inat,positivo,False,inat_pos,1,inat_227661482_403900397.jpg,train
inat_227661482_403900612.jpg,data/etiquetado/inat/images\inat_227661482_403900612.jpg,inat,positivo,False,inat_pos,1,inat_227661482_403900397.jpg,train
inat_227661482_403900616.jpg,data/etiquetado/inat/images\inat_227661482_403900616.jpg,inat,positivo,False,inat_pos,1,inat_227661482_403900397.jpg,train
inat_227661482_403900643.jpg,data/etiquetado/inat/images\inat_227661482_403900643.jpg,inat,positivo,False,inat_pos,1,inat_227661482_403900397.jpg,train
inat_227661482_403900661.jpg,data/etiquetado/inat/images\inat_227661482_403900661.jpg,inat,positivo,False,inat_pos,1,inat_227661482_403900397.jpg,train
inat_227661482_403900670.jpg,data/etiquetado/inat/images\inat_227661482_403900670.jpg,inat,positivo,False,inat_pos,1,inat_227661482_403900397.jpg,train
inat_227661482_403900677.jpg,data/etiquetado/inat/images\inat_227661482_403900677.jpg,inat,positivo,False,inat_pos,1,inat_227661482_403900397.jpg,train
inat_227661482_403900683.jpg,data/etiquetado/inat/images\inat_227661482_403900683.jpg,inat,positivo,False,inat_pos,1,inat_227661482_403900397.jpg,train
inat_227661482_403900694.jpg,data/etiquetado/inat/images\inat_227661482_403900694.jpg,inat,positivo,False,inat_pos,1,inat_227661482_403900397.jpg,train
inat_227661482_403900700.jpg,data/etiquetado/inat/images\inat_227661482_403900700.jpg,inat,positivo,False,inat_pos,1,inat_227661482_403900397.jpg,train
inat_227661482_403900711.jpg,data/etiquetado/inat/images\inat_227661482_403900711.jpg,inat,positivo,False,inat_pos,1,inat_227661482_403900397.jpg,train
inat_227661482_403900713.jpg,data/etiquetado/inat/images\inat_227661482_403900713.jpg,inat,positivo,False,inat_pos,1,inat_227661482_403900397.jpg,train
inat_227661482_403900722.jpg,data/etiquetado/inat/images\inat_227661482_403900722.jpg,inat,positivo,False,inat_pos,1,inat_227661482_403900397.jpg,train
inat_227661482_403900738.jpg,data/etiquetado/inat/images\inat_227661482_403900738.jpg,inat,positivo,False,inat_pos,1,inat_227661482_403900397.jpg,train
inat_227792181_404145000.jpg,data/etiquetado/inat/images\inat_227792181_404145000.jpg,inat,positivo,False,inat_pos,1,inat_227792181_404145000.jpg,train
inat_227792181_404145081.jpg,data/etiquetado/inat/images\inat_227792181_404145081.jpg,inat,positivo,False,inat_pos,1,inat_227792181_404145000.jpg,train
inat_228124855_404780754.jpg,data/etiquetado/inat/images\inat_228124855_404780754.jpg,inat,positivo,False,inat_pos,1,inat_228124855_404780754.jpg,train
inat_229584992_407539493.jpg,data/etiquetado/inat/images\inat_229584992_407539493.jpg,inat,positivo,False,inat_pos,1,inat_229584992_407539493.jpg,train
inat_229584992_407541356.jpg,data/etiquetado/inat/images\inat_229584992_407541356.jpg,inat,positivo,False,inat_pos,1,inat_229584992_407539493.jpg,train
inat_229987413_408306771.jpg,data/etiquetado/inat/images\inat_229987413_408306771.jpg,inat,positivo,False,inat_pos,1,inat_229987413_408306771.jpg,train
inat_233817249_415575053.jpg,data/etiquetado/inat/images\inat_233817249_415575053.jpg,inat,positivo,False,inat_pos,1,inat_233817249_415575053.jpg,train
inat_233817249_415575091.jpg,data/etiquetado/inat/images\inat_233817249_415575091.jpg,inat,positivo,False,inat_pos,2,inat_233817249_415575053.jpg,train
inat_235332563_418509011.jpg,data/etiquetado/inat/images\inat_235332563_418509011.jpg,inat,positivo,False,inat_pos,1,inat_235332563_418509011.jpg,val
inat_235332563_418509019.jpg,data/etiquetado/inat/images\inat_235332563_418509019.jpg,inat,positivo,False,inat_pos,1,inat_235332563_418509011.jpg,val
inat_235332563_418509059.jpg,data/etiquetado/inat/images\inat_235332563_418509059.jpg,inat,positivo,False,inat_pos,1,inat_235332563_418509011.jpg,val
inat_235344362_418531097.jpg,data/etiquetado/inat/images\inat_235344362_418531097.jpg,inat,positivo,False,inat_pos,1,inat_235344362_418531097.jpg,train
inat_235344362_418531797.jpg,data/etiquetado/inat/images\inat_235344362_418531797.jpg,inat,positivo,False,inat_pos,1,inat_235344362_418531097.jpg,train
inat_235345232_418532824.jpg,data/etiquetado/inat/images\inat_235345232_418532824.jpg,inat,positivo,False,inat_pos,1,inat_235345232_418532824.jpg,train
inat_235345232_418532869.jpg,data/etiquetado/inat/images\inat_235345232_418532869.jpg,inat,positivo,False,inat_pos,3,inat_235345232_418532824.jpg,train
inat_235345232_418532916.jpg,data/etiquetado/inat/images\inat_235345232_418532916.jpg,inat,positivo,False,inat_pos,1,inat_235345232_418532824.jpg,train
inat_235345232_418532974.jpg,data/etiquetado/inat/images\inat_235345232_418532974.jpg,inat,positivo,False,inat_pos,1,inat_235345232_418532824.jpg,train
inat_235464964_418766399.jpg,data/etiquetado/inat/images\inat_235464964_418766399.jpg,inat,positivo,False,inat_pos,1,inat_235464964_418766399.jpg,test
inat_235464964_418766462.jpg,data/etiquetado/inat/images\inat_235464964_418766462.jpg,inat,positivo,False,inat_pos,1,inat_235464964_418766399.jpg,test
inat_235464964_418766551.jpg,data/etiquetado/inat/images\inat_235464964_418766551.jpg,inat,positivo,False,inat_pos,1,inat_235464964_418766399.jpg,test
inat_238343677_424315719.jpg,data/etiquetado/inat/images\inat_238343677_424315719.jpg,inat,positivo,False,inat_pos,1,inat_238343677_424315719.jpg,train
inat_238343677_424394175.jpg,data/etiquetado/inat/images\inat_238343677_424394175.jpg,inat,positivo,False,inat_pos,1,inat_238343677_424315719.jpg,train
inat_238343677_424394390.jpg,data/etiquetado/inat/images\inat_238343677_424394390.jpg,inat,positivo,False,inat_pos,1,inat_238343677_424315719.jpg,train
inat_240838303_429114370.jpg,data/etiquetado/inat/images\inat_240838303_429114370.jpg,inat,positivo,False,inat_pos,1,inat_240838303_429114370.jpg,train
inat_244105568_435390292.jpg,data/etiquetado/inat/images\inat_244105568_435390292.jpg,inat,positivo,False,inat_pos,1,inat_244105568_435390292.jpg,val
inat_244105568_435390759.jpg,data/etiquetado/inat/images\inat_244105568_435390759.jpg,inat,positivo,False,inat_pos,1,inat_244105568_435390292.jpg,val
inat_244105709_435390868.jpg,data/etiquetado/inat/images\inat_244105709_435390868.jpg,inat,positivo,False,inat_pos,1,inat_244105709_435390868.jpg,test
inat_244105709_435391126.jpg,data/etiquetado/inat/images\inat_244105709_435391126.jpg,inat,positivo,False,inat_pos,1,inat_244105709_435390868.jpg,test
inat_24426235_37772628.jpg,data/etiquetado/inat/images\inat_24426235_37772628.jpg,inat,positivo,False,inat_pos,1,inat_24426235_37772628.jpg,train
inat_244962862_437036584.jpg,data/etiquetado/inat/images\inat_244962862_437036584.jpg,inat,positivo,False,inat_pos,2,inat_244962862_437036584.jpg,train
inat_244962862_437036628.jpg,data/etiquetado/inat/images\inat_244962862_437036628.jpg,inat,positivo,False,inat_pos,2,inat_244962862_437036584.jpg,train
inat_244962862_437036679.jpg,data/etiquetado/inat/images\inat_244962862_437036679.jpg,inat,positivo,False,inat_pos,1,inat_244962862_437036584.jpg,train
inat_244962862_437036709.jpg,data/etiquetado/inat/images\inat_244962862_437036709.jpg,inat,positivo,False,inat_pos,1,inat_244962862_437036584.jpg,train
inat_247924795_442891531.jpg,data/etiquetado/inat/images\inat_247924795_442891531.jpg,inat,positivo,False,inat_pos,1,inat_198577276_350030978.jpg,test
inat_248518633_444064470.jpg,data/etiquetado/inat/images\inat_248518633_444064470.jpg,inat,positivo,False,inat_pos,1,inat_248518633_444064470.jpg,train
inat_248518633_444064511.jpg,data/etiquetado/inat/images\inat_248518633_444064511.jpg,inat,positivo,False,inat_pos,1,inat_248518633_444064470.jpg,train
inat_249114207_445252794.jpg,data/etiquetado/inat/images\inat_249114207_445252794.jpg,inat,positivo,False,inat_pos,1,inat_249114207_445252794.jpg,train
inat_250622090_448266145.jpg,data/etiquetado/inat/images\inat_250622090_448266145.jpg,inat,positivo,False,inat_pos,1,inat_250622090_448266145.jpg,test
inat_250967820_448942886.jpg,data/etiquetado/inat/images\inat_250967820_448942886.jpg,inat,positivo,False,inat_pos,1,inat_250967820_448942886.jpg,train
inat_250967820_448942887.jpg,data/etiquetado/inat/images\inat_250967820_448942887.jpg,inat,positivo,False,inat_pos,1,inat_250967820_448942886.jpg,train
inat_250967820_448942890.jpg,data/etiquetado/inat/images\inat_250967820_448942890.jpg,inat,positivo,False,inat_pos,1,inat_250967820_448942886.jpg,train
inat_251806640_450629396.jpg,data/etiquetado/inat/images\inat_251806640_450629396.jpg,inat,positivo,False,inat_pos,1,inat_251806640_450629396.jpg,train
inat_252065744_451149625.jpg,data/etiquetado/inat/images\inat_252065744_451149625.jpg,inat,positivo,False,inat_pos,1,inat_252065744_451149625.jpg,train
inat_252065744_451149673.jpg,data/etiquetado/inat/images\inat_252065744_451149673.jpg,inat,positivo,False,inat_pos,1,inat_252065744_451149625.jpg,train
inat_252935526_452827520.jpg,data/etiquetado/inat/images\inat_252935526_452827520.jpg,inat,positivo,False,inat_pos,1,inat_252935526_452827520.jpg,test
inat_252952832_452856480.jpg,data/etiquetado/inat/images\inat_252952832_452856480.jpg,inat,positivo,False,inat_pos,1,inat_252952832_452856480.jpg,val
inat_253898562_454680396.jpg,data/etiquetado/inat/images\inat_253898562_454680396.jpg,inat,positivo,False,inat_pos,1,inat_253898562_454680396.jpg,train
inat_253898562_454680432.jpg,data/etiquetado/inat/images\inat_253898562_454680432.jpg,inat,positivo,False,inat_pos,1,inat_253898562_454680396.jpg,train
inat_253898562_454680485.jpg,data/etiquetado/inat/images\inat_253898562_454680485.jpg,inat,positivo,False,inat_pos,1,inat_253898562_454680396.jpg,train
inat_254351030_455572394.jpg,data/etiquetado/inat/images\inat_254351030_455572394.jpg,inat,positivo,False,inat_pos,2,inat_254351030_455572394.jpg,test
inat_254557459_455977439.jpg,data/etiquetado/inat/images\inat_254557459_455977439.jpg,inat,positivo,False,inat_pos,1,inat_254557459_455977439.jpg,train
inat_254557459_455977464.jpg,data/etiquetado/inat/images\inat_254557459_455977464.jpg,inat,positivo,False,inat_pos,1,inat_254557459_455977439.jpg,train
inat_254557459_455977469.jpg,data/etiquetado/inat/images\inat_254557459_455977469.jpg,inat,positivo,False,inat_pos,1,inat_254557459_455977439.jpg,train
inat_254557464_455977357.jpg,data/etiquetado/inat/images\inat_254557464_455977357.jpg,inat,positivo,False,inat_pos,1,inat_254557464_455977357.jpg,train
inat_254557464_455977379.jpg,data/etiquetado/inat/images\inat_254557464_455977379.jpg,inat,positivo,False,inat_pos,1,inat_254557464_455977357.jpg,train
inat_254557464_455977381.jpg,data/etiquetado/inat/images\inat_254557464_455977381.jpg,inat,positivo,False,inat_pos,1,inat_254557464_455977357.jpg,train
inat_254557464_455977390.jpg,data/etiquetado/inat/images\inat_254557464_455977390.jpg,inat,positivo,False,inat_pos,1,inat_254557464_455977357.jpg,train
inat_254557464_455977395.jpg,data/etiquetado/inat/images\inat_254557464_455977395.jpg,inat,positivo,False,inat_pos,1,inat_254557464_455977357.jpg,train
inat_254557464_455977405.jpg,data/etiquetado/inat/images\inat_254557464_455977405.jpg,inat,positivo,False,inat_pos,1,inat_254557464_455977357.jpg,train
inat_254557464_455977450.jpg,data/etiquetado/inat/images\inat_254557464_455977450.jpg,inat,positivo,False,inat_pos,1,inat_254557464_455977357.jpg,train
inat_254557465_455977429.jpg,data/etiquetado/inat/images\inat_254557465_455977429.jpg,inat,positivo,False,inat_pos,1,inat_254557459_455977439.jpg,train
inat_254557465_455977520.jpg,data/etiquetado/inat/images\inat_254557465_455977520.jpg,inat,positivo,False,inat_pos,1,inat_254557459_455977439.jpg,train
inat_254557465_455977526.jpg,data/etiquetado/inat/images\inat_254557465_455977526.jpg,inat,positivo,False,inat_pos,1,inat_254557459_455977439.jpg,train
inat_254557465_455977527.jpg,data/etiquetado/inat/images\inat_254557465_455977527.jpg,inat,positivo,False,inat_pos,1,inat_254557459_455977439.jpg,train
inat_254557465_455977556.jpg,data/etiquetado/inat/images\inat_254557465_455977556.jpg,inat,positivo,False,inat_pos,1,inat_254557459_455977439.jpg,train
inat_254557465_455977574.jpg,data/etiquetado/inat/images\inat_254557465_455977574.jpg,inat,positivo,False,inat_pos,1,inat_254557459_455977439.jpg,train
inat_255111054_457102130.jpg,data/etiquetado/inat/images\inat_255111054_457102130.jpg,inat,positivo,False,inat_pos,1,inat_255111054_457102130.jpg,val
inat_255542757_457966354.jpg,data/etiquetado/inat/images\inat_255542757_457966354.jpg,inat,positivo,False,inat_pos,1,inat_255542757_457966354.jpg,val
inat_2560070_2851705.jpg,data/etiquetado/inat/images\inat_2560070_2851705.jpg,inat,positivo,False,inat_pos,1,inat_2560070_2851705.jpg,train
inat_2560070_2851716.jpg,data/etiquetado/inat/images\inat_2560070_2851716.jpg,inat,positivo,False,inat_pos,1,inat_2560070_2851705.jpg,train
inat_2560070_2851717.jpg,data/etiquetado/inat/images\inat_2560070_2851717.jpg,inat,positivo,False,inat_pos,1,inat_2560070_2851705.jpg,train
inat_2560070_2851718.jpg,data/etiquetado/inat/images\inat_2560070_2851718.jpg,inat,positivo,False,inat_pos,2,inat_2560070_2851705.jpg,train
inat_2560070_2851719.jpg,data/etiquetado/inat/images\inat_2560070_2851719.jpg,inat,positivo,False,inat_pos,1,inat_2560070_2851705.jpg,train
inat_2560070_2851729.jpg,data/etiquetado/inat/images\inat_2560070_2851729.jpg,inat,positivo,False,inat_pos,1,inat_2560070_2851705.jpg,train
inat_2560070_2851730.jpg,data/etiquetado/inat/images\inat_2560070_2851730.jpg,inat,positivo,False,inat_pos,1,inat_2560070_2851705.jpg,train
inat_2560070_2851731.jpg,data/etiquetado/inat/images\inat_2560070_2851731.jpg,inat,positivo,False,inat_pos,1,inat_2560070_2851705.jpg,train
inat_256663767_460239841.jpg,data/etiquetado/inat/images\inat_256663767_460239841.jpg,inat,positivo,False,inat_pos,1,inat_256663767_460239841.jpg,train
inat_256663767_460239842.jpg,data/etiquetado/inat/images\inat_256663767_460239842.jpg,inat,positivo,False,inat_pos,1,inat_256663767_460239841.jpg,train
inat_256920636_460748167.jpg,data/etiquetado/inat/images\inat_256920636_460748167.jpg,inat,positivo,False,inat_pos,1,inat_256920636_460748167.jpg,train
inat_256920636_460748174.jpg,data/etiquetado/inat/images\inat_256920636_460748174.jpg,inat,positivo,False,inat_pos,1,inat_256920636_460748167.jpg,train
inat_256920636_460748177.jpg,data/etiquetado/inat/images\inat_256920636_460748177.jpg,inat,positivo,False,inat_pos,1,inat_256920636_460748167.jpg,train
inat_256920636_460748196.jpg,data/etiquetado/inat/images\inat_256920636_460748196.jpg,inat,positivo,False,inat_pos,1,inat_256920636_460748167.jpg,train
inat_256920636_460748203.jpg,data/etiquetado/inat/images\inat_256920636_460748203.jpg,inat,positivo,False,inat_pos,1,inat_256920636_460748167.jpg,train
inat_256920636_460748212.jpg,data/etiquetado/inat/images\inat_256920636_460748212.jpg,inat,positivo,False,inat_pos,1,inat_256920636_460748167.jpg,train
inat_256920636_460748227.jpg,data/etiquetado/inat/images\inat_256920636_460748227.jpg,inat,positivo,False,inat_pos,1,inat_256920636_460748167.jpg,train
inat_257799432_462519642.jpg,data/etiquetado/inat/images\inat_257799432_462519642.jpg,inat,positivo,False,inat_pos,1,inat_257799432_462519642.jpg,test
inat_258055864_463351279.jpg,data/etiquetado/inat/images\inat_258055864_463351279.jpg,inat,positivo,False,inat_pos,1,inat_258055864_463351279.jpg,val
inat_258055864_463351283.jpg,data/etiquetado/inat/images\inat_258055864_463351283.jpg,inat,positivo,False,inat_pos,1,inat_258055864_463351279.jpg,val
inat_258055864_463351285.jpg,data/etiquetado/inat/images\inat_258055864_463351285.jpg,inat,positivo,False,inat_pos,1,inat_258055864_463351279.jpg,val
inat_258081313_462989325.jpg,data/etiquetado/inat/images\inat_258081313_462989325.jpg,inat,positivo,False,inat_pos,1,inat_258081313_462989325.jpg,val
inat_258082272_462991145.jpg,data/etiquetado/inat/images\inat_258082272_462991145.jpg,inat,positivo,False,inat_pos,1,inat_258082272_462991145.jpg,train
inat_258741220_464302163.jpg,data/etiquetado/inat/images\inat_258741220_464302163.jpg,inat,positivo,False,inat_pos,1,inat_258741220_464302163.jpg,val
inat_258779859_464380123.jpg,data/etiquetado/inat/images\inat_258779859_464380123.jpg,inat,positivo,False,inat_pos,1,inat_258779859_464380123.jpg,train
inat_258779859_464380166.jpg,data/etiquetado/inat/images\inat_258779859_464380166.jpg,inat,positivo,False,inat_pos,1,inat_258779859_464380123.jpg,train
inat_258779859_464380187.jpg,data/etiquetado/inat/images\inat_258779859_464380187.jpg,inat,positivo,False,inat_pos,1,inat_258779859_464380123.jpg,train
inat_259056666_464944617.jpg,data/etiquetado/inat/images\inat_259056666_464944617.jpg,inat,positivo,False,inat_pos,1,inat_259056666_464944617.jpg,train
inat_259116687_465065361.jpg,data/etiquetado/inat/images\inat_259116687_465065361.jpg,inat,positivo,False,inat_pos,1,inat_259116687_465065361.jpg,train
inat_259190243_465214962.jpg,data/etiquetado/inat/images\inat_259190243_465214962.jpg,inat,positivo,False,inat_pos,1,inat_259190243_465214962.jpg,train
inat_259190243_465214963.jpg,data/etiquetado/inat/images\inat_259190243_465214963.jpg,inat,positivo,False,inat_pos,1,inat_259190243_465214962.jpg,train
inat_259190243_465214966.jpg,data/etiquetado/inat/images\inat_259190243_465214966.jpg,inat,positivo,False,inat_pos,1,inat_259190243_465214962.jpg,train
inat_259190243_465214968.jpg,data/etiquetado/inat/images\inat_259190243_465214968.jpg,inat,positivo,False,inat_pos,2,inat_259190243_465214962.jpg,train
inat_259324434_465490908.jpg,data/etiquetado/inat/images\inat_259324434_465490908.jpg,inat,positivo,False,inat_pos,1,inat_259324434_465490908.jpg,test
inat_259942471_466721805.jpg,data/etiquetado/inat/images\inat_259942471_466721805.jpg,inat,positivo,False,inat_pos,1,inat_259942471_466721805.jpg,train
inat_259993810_466822366.jpg,data/etiquetado/inat/images\inat_259993810_466822366.jpg,inat,positivo,False,inat_pos,1,inat_259993810_466822366.jpg,train
inat_261800879_470407640.jpg,data/etiquetado/inat/images\inat_261800879_470407640.jpg,inat,positivo,False,inat_pos,2,inat_261800879_470407640.jpg,train
inat_261800879_470407656.jpg,data/etiquetado/inat/images\inat_261800879_470407656.jpg,inat,positivo,False,inat_pos,2,inat_261800879_470407640.jpg,train
inat_261800879_470407661.jpg,data/etiquetado/inat/images\inat_261800879_470407661.jpg,inat,positivo,False,inat_pos,1,inat_261800879_470407640.jpg,train
inat_261800879_470407673.jpg,data/etiquetado/inat/images\inat_261800879_470407673.jpg,inat,positivo,False,inat_pos,1,inat_261800879_470407640.jpg,train
inat_262751605_471893313.jpg,data/etiquetado/inat/images\inat_262751605_471893313.jpg,inat,positivo,False,inat_pos,1,inat_262751605_471893313.jpg,train
inat_262751605_471893335.jpg,data/etiquetado/inat/images\inat_262751605_471893335.jpg,inat,positivo,False,inat_pos,1,inat_262751605_471893313.jpg,train
inat_264029265_474419386.jpg,data/etiquetado/inat/images\inat_264029265_474419386.jpg,inat,positivo,False,inat_pos,2,inat_264029265_474419386.jpg,val
inat_264998337_475917067.jpg,data/etiquetado/inat/images\inat_264998337_475917067.jpg,inat,positivo,False,inat_pos,1,inat_264998337_475917067.jpg,test
inat_264998337_475917075.jpg,data/etiquetado/inat/images\inat_264998337_475917075.jpg,inat,positivo,False,inat_pos,1,inat_264998337_475917067.jpg,test
inat_265296922_476506075.jpg,data/etiquetado/inat/images\inat_265296922_476506075.jpg,inat,positivo,False,inat_pos,1,inat_265296922_476506075.jpg,train
inat_265298117_476508500.jpg,data/etiquetado/inat/images\inat_265298117_476508500.jpg,inat,positivo,False,inat_pos,2,inat_265298117_476508500.jpg,val
inat_265299837_476512095.jpg,data/etiquetado/inat/images\inat_265299837_476512095.jpg,inat,positivo,False,inat_pos,1,inat_265299837_476512095.jpg,test
inat_265301011_476513657.jpg,data/etiquetado/inat/images\inat_265301011_476513657.jpg,inat,positivo,False,inat_pos,1,inat_265301011_476513657.jpg,val
inat_265795461_477485251.jpg,data/etiquetado/inat/images\inat_265795461_477485251.jpg,inat,positivo,False,inat_pos,1,inat_265795461_477485251.jpg,val
inat_265833436_477561438.jpg,data/etiquetado/inat/images\inat_265833436_477561438.jpg,inat,positivo,False,inat_pos,1,inat_265833436_477561438.jpg,val
inat_265870047_477630278.jpg,data/etiquetado/inat/images\inat_265870047_477630278.jpg,inat,positivo,False,inat_pos,1,inat_265870047_477630278.jpg,train
inat_266506102_478850363.jpg,data/etiquetado/inat/images\inat_266506102_478850363.jpg,inat,positivo,False,inat_pos,1,inat_266506102_478850363.jpg,train
inat_266506102_478850370.jpg,data/etiquetado/inat/images\inat_266506102_478850370.jpg,inat,positivo,False,inat_pos,1,inat_266506102_478850363.jpg,train
inat_266506102_478850392.jpg,data/etiquetado/inat/images\inat_266506102_478850392.jpg,inat,positivo,False,inat_pos,1,inat_266506102_478850363.jpg,train
inat_266506102_478850403.jpg,data/etiquetado/inat/images\inat_266506102_478850403.jpg,inat,positivo,False,inat_pos,1,inat_266506102_478850363.jpg,train
inat_266506102_478850411.jpg,data/etiquetado/inat/images\inat_266506102_478850411.jpg,inat,positivo,False,inat_pos,1,inat_266506102_478850363.jpg,train
inat_266506102_478850435.jpg,data/etiquetado/inat/images\inat_266506102_478850435.jpg,inat,positivo,False,inat_pos,1,inat_266506102_478850363.jpg,train
inat_266506102_478850468.jpg,data/etiquetado/inat/images\inat_266506102_478850468.jpg,inat,positivo,False,inat_pos,2,inat_266506102_478850363.jpg,train
inat_266506102_478850477.jpg,data/etiquetado/inat/images\inat_266506102_478850477.jpg,inat,positivo,False,inat_pos,1,inat_266506102_478850363.jpg,train
inat_266506102_478850487.jpg,data/etiquetado/inat/images\inat_266506102_478850487.jpg,inat,positivo,False,inat_pos,1,inat_266506102_478850363.jpg,train
inat_266506102_478850498.jpg,data/etiquetado/inat/images\inat_266506102_478850498.jpg,inat,positivo,False,inat_pos,1,inat_266506102_478850363.jpg,train
inat_266506102_478850506.jpg,data/etiquetado/inat/images\inat_266506102_478850506.jpg,inat,positivo,False,inat_pos,1,inat_266506102_478850363.jpg,train
inat_266506102_478850600.jpg,data/etiquetado/inat/images\inat_266506102_478850600.jpg,inat,positivo,False,inat_pos,2,inat_266506102_478850363.jpg,train
inat_266506102_482140439.jpg,data/etiquetado/inat/images\inat_266506102_482140439.jpg,inat,positivo,False,inat_pos,1,inat_266506102_478850363.jpg,train
inat_267557014_480831177.jpg,data/etiquetado/inat/images\inat_267557014_480831177.jpg,inat,positivo,False,inat_pos,2,inat_267557014_480831177.jpg,train
inat_267557014_480831191.jpg,data/etiquetado/inat/images\inat_267557014_480831191.jpg,inat,positivo,False,inat_pos,3,inat_267557014_480831177.jpg,train
inat_268470121_482565329.jpg,data/etiquetado/inat/images\inat_268470121_482565329.jpg,inat,positivo,False,inat_pos,1,inat_268470121_482565329.jpg,val
inat_268470121_482565513.jpg,data/etiquetado/inat/images\inat_268470121_482565513.jpg,inat,positivo,False,inat_pos,1,inat_268470121_482565329.jpg,val
inat_268470126_482565702.jpg,data/etiquetado/inat/images\inat_268470126_482565702.jpg,inat,positivo,False,inat_pos,1,inat_268470126_482565702.jpg,train
inat_268470424_482568294.jpg,data/etiquetado/inat/images\inat_268470424_482568294.jpg,inat,positivo,False,inat_pos,1,inat_268470424_482568294.jpg,val
inat_268470424_482568306.jpg,data/etiquetado/inat/images\inat_268470424_482568306.jpg,inat,positivo,False,inat_pos,1,inat_268470424_482568294.jpg,val
inat_268470426_482568307.jpg,data/etiquetado/inat/images\inat_268470426_482568307.jpg,inat,positivo,False,inat_pos,2,inat_268470426_482568307.jpg,train
inat_268470426_482568314.jpg,data/etiquetado/inat/images\inat_268470426_482568314.jpg,inat,positivo,False,inat_pos,1,inat_268470426_482568307.jpg,train
inat_268470426_482568326.jpg,data/etiquetado/inat/images\inat_268470426_482568326.jpg,inat,positivo,False,inat_pos,1,inat_268470426_482568307.jpg,train
inat_268470426_482568339.jpg,data/etiquetado/inat/images\inat_268470426_482568339.jpg,inat,positivo,False,inat_pos,2,inat_268470426_482568307.jpg,train
inat_268470426_482568341.jpg,data/etiquetado/inat/images\inat_268470426_482568341.jpg,inat,positivo,False,inat_pos,2,inat_268470426_482568307.jpg,train
inat_268470426_482568347.jpg,data/etiquetado/inat/images\inat_268470426_482568347.jpg,inat,positivo,False,inat_pos,1,inat_268470426_482568307.jpg,train
inat_268470426_482569047.jpg,data/etiquetado/inat/images\inat_268470426_482569047.jpg,inat,positivo,False,inat_pos,2,inat_268470426_482568307.jpg,train
inat_268470426_482569060.jpg,data/etiquetado/inat/images\inat_268470426_482569060.jpg,inat,positivo,False,inat_pos,1,inat_268470426_482568307.jpg,train
inat_268470426_482569079.jpg,data/etiquetado/inat/images\inat_268470426_482569079.jpg,inat,positivo,False,inat_pos,1,inat_268470426_482568307.jpg,train
inat_268662277_482948605.jpg,data/etiquetado/inat/images\inat_268662277_482948605.jpg,inat,positivo,False,inat_pos,1,inat_268662277_482948605.jpg,test
inat_268662277_482948665.jpg,data/etiquetado/inat/images\inat_268662277_482948665.jpg,inat,positivo,False,inat_pos,1,inat_268662277_482948605.jpg,test
inat_268662277_482948786.jpg,data/etiquetado/inat/images\inat_268662277_482948786.jpg,inat,positivo,False,inat_pos,1,inat_268662277_482948605.jpg,test
inat_268662277_482948892.jpg,data/etiquetado/inat/images\inat_268662277_482948892.jpg,inat,positivo,False,inat_pos,1,inat_268662277_482948605.jpg,test
inat_269793080_485132362.jpg,data/etiquetado/inat/images\inat_269793080_485132362.jpg,inat,positivo,False,inat_pos,1,inat_269793080_485132362.jpg,val
inat_270722673_486899149.jpg,data/etiquetado/inat/images\inat_270722673_486899149.jpg,inat,positivo,False,inat_pos,1,inat_270722673_486899149.jpg,train
inat_270722673_486899230.jpg,data/etiquetado/inat/images\inat_270722673_486899230.jpg,inat,positivo,False,inat_pos,1,inat_270722673_486899149.jpg,train
inat_270722673_486899282.jpg,data/etiquetado/inat/images\inat_270722673_486899282.jpg,inat,positivo,False,inat_pos,1,inat_270722673_486899149.jpg,train
inat_272490239_490236512.jpg,data/etiquetado/inat/images\inat_272490239_490236512.jpg,inat,positivo,False,inat_pos,1,inat_272490239_490236512.jpg,val
inat_272590682_490415245.jpg,data/etiquetado/inat/images\inat_272590682_490415245.jpg,inat,positivo,False,inat_pos,1,inat_272590682_490415245.jpg,val
inat_27421724_42666546.jpg,data/etiquetado/inat/images\inat_27421724_42666546.jpg,inat,positivo,False,inat_pos,1,inat_27421724_42666546.jpg,val
inat_27766119_43234876.jpg,data/etiquetado/inat/images\inat_27766119_43234876.jpg,inat,positivo,False,inat_pos,1,inat_27766119_43234876.jpg,train
inat_27766119_43235343.jpg,data/etiquetado/inat/images\inat_27766119_43235343.jpg,inat,positivo,False,inat_pos,1,inat_27766119_43234876.jpg,train
inat_27766119_43720909.jpg,data/etiquetado/inat/images\inat_27766119_43720909.jpg,inat,positivo,False,inat_pos,1,inat_27766119_43234876.jpg,train
inat_277766545_499235883.jpg,data/etiquetado/inat/images\inat_277766545_499235883.jpg,inat,positivo,False,inat_pos,1,inat_277766545_499235883.jpg,test
inat_277766545_499236889.jpg,data/etiquetado/inat/images\inat_277766545_499236889.jpg,inat,positivo,False,inat_pos,1,inat_277766545_499235883.jpg,test
inat_277766545_499236938.jpg,data/etiquetado/inat/images\inat_277766545_499236938.jpg,inat,positivo,False,inat_pos,1,inat_277766545_499235883.jpg,test
inat_277949312_499083372.jpg,data/etiquetado/inat/images\inat_277949312_499083372.jpg,inat,positivo,False,inat_pos,1,inat_277949312_499083372.jpg,train
inat_279694118_502274628.jpg,data/etiquetado/inat/images\inat_279694118_502274628.jpg,inat,positivo,False,inat_pos,1,inat_279694118_502274628.jpg,val
inat_280575921_503933806.jpg,data/etiquetado/inat/images\inat_280575921_503933806.jpg,inat,positivo,False,inat_pos,1,inat_280575921_503933806.jpg,train
inat_280575921_503933870.jpg,data/etiquetado/inat/images\inat_280575921_503933870.jpg,inat,positivo,False,inat_pos,1,inat_280575921_503933806.jpg,train
inat_280575921_503933974.jpg,data/etiquetado/inat/images\inat_280575921_503933974.jpg,inat,positivo,False,inat_pos,1,inat_280575921_503933806.jpg,train
inat_280575921_503934024.jpg,data/etiquetado/inat/images\inat_280575921_503934024.jpg,inat,positivo,False,inat_pos,2,inat_280575921_503933806.jpg,train
inat_280575921_503934062.jpg,data/etiquetado/inat/images\inat_280575921_503934062.jpg,inat,positivo,False,inat_pos,1,inat_280575921_503933806.jpg,train
inat_280575921_503934146.jpg,data/etiquetado/inat/images\inat_280575921_503934146.jpg,inat,positivo,False,inat_pos,2,inat_280575921_503933806.jpg,train
inat_281368015_505426966.jpg,data/etiquetado/inat/images\inat_281368015_505426966.jpg,inat,positivo,False,inat_pos,1,inat_281368015_505426966.jpg,train
inat_281368015_505426999.jpg,data/etiquetado/inat/images\inat_281368015_505426999.jpg,inat,positivo,False,inat_pos,1,inat_281368015_505426966.jpg,train
inat_282722776_507961208.jpg,data/etiquetado/inat/images\inat_282722776_507961208.jpg,inat,positivo,False,inat_pos,1,inat_282722776_507961208.jpg,train
inat_283456371_509329243.jpg,data/etiquetado/inat/images\inat_283456371_509329243.jpg,inat,positivo,False,inat_pos,1,inat_283456371_509329243.jpg,train
inat_283456371_509329246.jpg,data/etiquetado/inat/images\inat_283456371_509329246.jpg,inat,positivo,False,inat_pos,1,inat_283456371_509329243.jpg,train
inat_283456371_509329267.jpg,data/etiquetado/inat/images\inat_283456371_509329267.jpg,inat,positivo,False,inat_pos,1,inat_283456371_509329243.jpg,train
inat_283456371_509329274.jpg,data/etiquetado/inat/images\inat_283456371_509329274.jpg,inat,positivo,False,inat_pos,1,inat_283456371_509329243.jpg,train
inat_283456371_509329275.jpg,data/etiquetado/inat/images\inat_283456371_509329275.jpg,inat,positivo,False,inat_pos,1,inat_283456371_509329243.jpg,train
inat_284277908_510877837.jpg,data/etiquetado/inat/images\inat_284277908_510877837.jpg,inat,positivo,False,inat_pos,1,inat_284277908_510877837.jpg,val
inat_28433063_44323320.jpg,data/etiquetado/inat/images\inat_28433063_44323320.jpg,inat,positivo,False,inat_pos,1,inat_28433063_44323320.jpg,train
inat_284738733_511750565.jpg,data/etiquetado/inat/images\inat_284738733_511750565.jpg,inat,positivo,False,inat_pos,1,inat_284738733_511750565.jpg,train
inat_284738734_511750566.jpg,data/etiquetado/inat/images\inat_284738734_511750566.jpg,inat,positivo,False,inat_pos,1,inat_284738734_511750566.jpg,train
inat_285063137_512363563.jpg,data/etiquetado/inat/images\inat_285063137_512363563.jpg,inat,positivo,False,inat_pos,1,inat_285063137_512363563.jpg,test
inat_285074463_512384149.jpg,data/etiquetado/inat/images\inat_285074463_512384149.jpg,inat,positivo,False,inat_pos,1,inat_285074463_512384149.jpg,train
inat_285074463_512384216.jpg,data/etiquetado/inat/images\inat_285074463_512384216.jpg,inat,positivo,False,inat_pos,1,inat_285074463_512384149.jpg,train
inat_285074463_512441181.jpg,data/etiquetado/inat/images\inat_285074463_512441181.jpg,inat,positivo,False,inat_pos,1,inat_285074463_512384149.jpg,train
inat_285074463_512444036.jpg,data/etiquetado/inat/images\inat_285074463_512444036.jpg,inat,positivo,False,inat_pos,1,inat_285074463_512384149.jpg,train
inat_285144458_512510335.jpg,data/etiquetado/inat/images\inat_285144458_512510335.jpg,inat,positivo,False,inat_pos,1,inat_285144458_512510335.jpg,train
inat_285192120_512613584.jpg,data/etiquetado/inat/images\inat_285192120_512613584.jpg,inat,positivo,False,inat_pos,1,inat_285192120_512613584.jpg,test
inat_285237118_512690775.jpg,data/etiquetado/inat/images\inat_285237118_512690775.jpg,inat,positivo,False,inat_pos,1,inat_285192120_512613584.jpg,test
inat_285367347_512928443.jpg,data/etiquetado/inat/images\inat_285367347_512928443.jpg,inat,positivo,False,inat_pos,1,inat_285367347_512928443.jpg,val
inat_285367347_512930586.jpg,data/etiquetado/inat/images\inat_285367347_512930586.jpg,inat,positivo,False,inat_pos,1,inat_285367347_512928443.jpg,val
inat_285368666_512930939.jpg,data/etiquetado/inat/images\inat_285368666_512930939.jpg,inat,positivo,False,inat_pos,1,inat_285368666_512930939.jpg,val
inat_285368666_512930982.jpg,data/etiquetado/inat/images\inat_285368666_512930982.jpg,inat,positivo,False,inat_pos,1,inat_285368666_512930939.jpg,val
inat_285384907_512960923.jpg,data/etiquetado/inat/images\inat_285384907_512960923.jpg,inat,positivo,False,inat_pos,1,inat_285384907_512960923.jpg,train
inat_285946390_514008226.jpg,data/etiquetado/inat/images\inat_285946390_514008226.jpg,inat,positivo,False,inat_pos,2,inat_285946390_514008226.jpg,val
inat_286358549_514792343.jpg,data/etiquetado/inat/images\inat_286358549_514792343.jpg,inat,positivo,False,inat_pos,1,inat_286358549_514792343.jpg,train
inat_286359998_514794990.jpg,data/etiquetado/inat/images\inat_286359998_514794990.jpg,inat,positivo,False,inat_pos,1,inat_286359998_514794990.jpg,test
inat_287330384_516628710.jpg,data/etiquetado/inat/images\inat_287330384_516628710.jpg,inat,positivo,False,inat_pos,1,inat_287330384_516628710.jpg,test
inat_287330384_516628722.jpg,data/etiquetado/inat/images\inat_287330384_516628722.jpg,inat,positivo,False,inat_pos,1,inat_287330384_516628710.jpg,test
inat_287420663_516833638.jpg,data/etiquetado/inat/images\inat_287420663_516833638.jpg,inat,positivo,False,inat_pos,1,inat_287420663_516833638.jpg,train
inat_287420663_516833719.jpg,data/etiquetado/inat/images\inat_287420663_516833719.jpg,inat,positivo,False,inat_pos,1,inat_287420663_516833638.jpg,train
inat_288091427_518053917.jpg,data/etiquetado/inat/images\inat_288091427_518053917.jpg,inat,positivo,False,inat_pos,1,inat_288091427_518053917.jpg,train
inat_290515920_522621411.jpg,data/etiquetado/inat/images\inat_290515920_522621411.jpg,inat,positivo,False,inat_pos,1,inat_290515920_522621411.jpg,train
inat_290515920_522621917.jpg,data/etiquetado/inat/images\inat_290515920_522621917.jpg,inat,positivo,False,inat_pos,1,inat_290515920_522621411.jpg,train
inat_291331507_524157785.jpg,data/etiquetado/inat/images\inat_291331507_524157785.jpg,inat,positivo,False,inat_pos,1,inat_291331507_524157785.jpg,val
inat_293909205_528976191.jpg,data/etiquetado/inat/images\inat_293909205_528976191.jpg,inat,positivo,False,inat_pos,1,inat_293909205_528976191.jpg,train
inat_293909205_528976195.jpg,data/etiquetado/inat/images\inat_293909205_528976195.jpg,inat,positivo,False,inat_pos,1,inat_293909205_528976191.jpg,train
inat_293909205_528976199.jpg,data/etiquetado/inat/images\inat_293909205_528976199.jpg,inat,positivo,False,inat_pos,1,inat_293909205_528976191.jpg,train
inat_293909205_528976213.jpg,data/etiquetado/inat/images\inat_293909205_528976213.jpg,inat,positivo,False,inat_pos,1,inat_293909205_528976191.jpg,train
inat_295090976_531206083.jpg,data/etiquetado/inat/images\inat_295090976_531206083.jpg,inat,positivo,False,inat_pos,1,inat_295090976_531206083.jpg,test
inat_297975893_536680519.jpg,data/etiquetado/inat/images\inat_297975893_536680519.jpg,inat,positivo,False,inat_pos,1,inat_297975893_536680519.jpg,val
inat_298187182_537084628.jpg,data/etiquetado/inat/images\inat_298187182_537084628.jpg,inat,positivo,False,inat_pos,1,inat_298187182_537084628.jpg,train
inat_298208812_537123972.jpg,data/etiquetado/inat/images\inat_298208812_537123972.jpg,inat,positivo,False,inat_pos,1,inat_298208812_537123972.jpg,train
inat_298208812_537123982.jpg,data/etiquetado/inat/images\inat_298208812_537123982.jpg,inat,positivo,False,inat_pos,1,inat_298208812_537123972.jpg,train
inat_298208812_537123989.jpg,data/etiquetado/inat/images\inat_298208812_537123989.jpg,inat,positivo,False,inat_pos,1,inat_298208812_537123972.jpg,train
inat_298209541_537125624.jpg,data/etiquetado/inat/images\inat_298209541_537125624.jpg,inat,positivo,False,inat_pos,2,inat_298209541_537125624.jpg,val
inat_299188751_539006021.jpg,data/etiquetado/inat/images\inat_299188751_539006021.jpg,inat,positivo,False,inat_pos,1,inat_299188751_539006021.jpg,train
inat_299188902_539063411.jpg,data/etiquetado/inat/images\inat_299188902_539063411.jpg,inat,positivo,False,inat_pos,1,inat_299188902_539063411.jpg,train
inat_300220401_540915631.jpg,data/etiquetado/inat/images\inat_300220401_540915631.jpg,inat,positivo,False,inat_pos,1,inat_300220401_540915631.jpg,val
inat_300220401_540915658.jpg,data/etiquetado/inat/images\inat_300220401_540915658.jpg,inat,positivo,False,inat_pos,1,inat_300220401_540915631.jpg,val
inat_301591929_543472685.jpg,data/etiquetado/inat/images\inat_301591929_543472685.jpg,inat,positivo,False,inat_pos,1,inat_301591929_543472685.jpg,val
inat_302629230_545409424.jpg,data/etiquetado/inat/images\inat_302629230_545409424.jpg,inat,positivo,False,inat_pos,1,inat_302629230_545409424.jpg,test
inat_302629230_545409457.jpg,data/etiquetado/inat/images\inat_302629230_545409457.jpg,inat,positivo,False,inat_pos,1,inat_302629230_545409424.jpg,test
inat_302629230_545409558.jpg,data/etiquetado/inat/images\inat_302629230_545409558.jpg,inat,positivo,False,inat_pos,1,inat_302629230_545409424.jpg,test
inat_30395026_47486195.jpg,data/etiquetado/inat/images\inat_30395026_47486195.jpg,inat,positivo,False,inat_pos,1,inat_30395026_47486195.jpg,train
inat_30395026_47487220.jpg,data/etiquetado/inat/images\inat_30395026_47487220.jpg,inat,positivo,False,inat_pos,1,inat_30395026_47486195.jpg,train
inat_30395029_47486200.jpg,data/etiquetado/inat/images\inat_30395029_47486200.jpg,inat,positivo,False,inat_pos,1,inat_30395029_47486200.jpg,train
inat_30395029_47487155.jpg,data/etiquetado/inat/images\inat_30395029_47487155.jpg,inat,positivo,False,inat_pos,1,inat_30395029_47486200.jpg,train
inat_30395029_47487157.jpg,data/etiquetado/inat/images\inat_30395029_47487157.jpg,inat,positivo,False,inat_pos,1,inat_30395029_47486200.jpg,train
inat_30406242_47505659.jpg,data/etiquetado/inat/images\inat_30406242_47505659.jpg,inat,positivo,False,inat_pos,1,inat_30406242_47505659.jpg,test
inat_304138673_548222120.jpg,data/etiquetado/inat/images\inat_304138673_548222120.jpg,inat,positivo,False,inat_pos,1,inat_304138673_548222120.jpg,val
inat_30442666_47561320.jpg,data/etiquetado/inat/images\inat_30442666_47561320.jpg,inat,positivo,False,inat_pos,1,inat_30442666_47561320.jpg,train
inat_305407568_550658102.jpg,data/etiquetado/inat/images\inat_305407568_550658102.jpg,inat,positivo,False,inat_pos,1,inat_305407568_550658102.jpg,val
inat_305919474_551631851.jpg,data/etiquetado/inat/images\inat_305919474_551631851.jpg,inat,positivo,False,inat_pos,1,inat_305919474_551631851.jpg,val
inat_306237482_552237593.jpg,data/etiquetado/inat/images\inat_306237482_552237593.jpg,inat,positivo,False,inat_pos,1,inat_306237482_552237593.jpg,train
inat_306598736_552927137.jpg,data/etiquetado/inat/images\inat_306598736_552927137.jpg,inat,positivo,False,inat_pos,1,inat_306598736_552927137.jpg,val
inat_306598736_552927291.jpg,data/etiquetado/inat/images\inat_306598736_552927291.jpg,inat,positivo,False,inat_pos,1,inat_306598736_552927137.jpg,val
inat_309053072_557645904.jpg,data/etiquetado/inat/images\inat_309053072_557645904.jpg,inat,positivo,False,inat_pos,1,inat_309053072_557645904.jpg,val
inat_30943799_48379001.jpg,data/etiquetado/inat/images\inat_30943799_48379001.jpg,inat,positivo,False,inat_pos,1,inat_30943799_48379001.jpg,test
inat_30943799_48379137.jpg,data/etiquetado/inat/images\inat_30943799_48379137.jpg,inat,positivo,False,inat_pos,1,inat_30943799_48379001.jpg,test
inat_30975850_48433285.jpg,data/etiquetado/inat/images\inat_30975850_48433285.jpg,inat,positivo,False,inat_pos,1,inat_30975850_48433285.jpg,val
inat_30976331_48434188.jpg,data/etiquetado/inat/images\inat_30976331_48434188.jpg,inat,positivo,False,inat_pos,1,inat_30976331_48434188.jpg,train
inat_30976331_48434214.jpg,data/etiquetado/inat/images\inat_30976331_48434214.jpg,inat,positivo,False,inat_pos,1,inat_30976331_48434188.jpg,train
inat_30977930_48437451.jpg,data/etiquetado/inat/images\inat_30977930_48437451.jpg,inat,positivo,False,inat_pos,3,inat_30977930_48437451.jpg,train
inat_30978130_48437857.jpg,data/etiquetado/inat/images\inat_30978130_48437857.jpg,inat,positivo,False,inat_pos,1,inat_30978130_48437857.jpg,train
inat_30980753_48441294.jpg,data/etiquetado/inat/images\inat_30980753_48441294.jpg,inat,positivo,False,inat_pos,1,inat_30980753_48441294.jpg,train
inat_30980753_48441333.jpg,data/etiquetado/inat/images\inat_30980753_48441333.jpg,inat,positivo,False,inat_pos,1,inat_30980753_48441294.jpg,train
inat_30980969_48441675.jpg,data/etiquetado/inat/images\inat_30980969_48441675.jpg,inat,positivo,False,inat_pos,1,inat_30980969_48441675.jpg,val
inat_310110391_559657685.jpg,data/etiquetado/inat/images\inat_310110391_559657685.jpg,inat,positivo,False,inat_pos,3,inat_310110391_559657685.jpg,val
inat_311006082_561375836.jpg,data/etiquetado/inat/images\inat_311006082_561375836.jpg,inat,positivo,False,inat_pos,1,inat_311006082_561375836.jpg,train
inat_311006082_561375871.jpg,data/etiquetado/inat/images\inat_311006082_561375871.jpg,inat,positivo,False,inat_pos,1,inat_311006082_561375836.jpg,train
inat_311006082_561375898.jpg,data/etiquetado/inat/images\inat_311006082_561375898.jpg,inat,positivo,False,inat_pos,1,inat_311006082_561375836.jpg,train
inat_311006082_561375926.jpg,data/etiquetado/inat/images\inat_311006082_561375926.jpg,inat,positivo,False,inat_pos,1,inat_311006082_561375836.jpg,train
inat_311006082_561375951.jpg,data/etiquetado/inat/images\inat_311006082_561375951.jpg,inat,positivo,False,inat_pos,1,inat_311006082_561375836.jpg,train
inat_311006082_561375985.jpg,data/etiquetado/inat/images\inat_311006082_561375985.jpg,inat,positivo,False,inat_pos,1,inat_311006082_561375836.jpg,train
inat_311006082_561376008.jpg,data/etiquetado/inat/images\inat_311006082_561376008.jpg,inat,positivo,False,inat_pos,1,inat_311006082_561375836.jpg,train
inat_311006082_561376032.jpg,data/etiquetado/inat/images\inat_311006082_561376032.jpg,inat,positivo,False,inat_pos,1,inat_311006082_561375836.jpg,train
inat_31357205_49070123.jpg,data/etiquetado/inat/images\inat_31357205_49070123.jpg,inat,positivo,False,inat_pos,1,inat_31357205_49070123.jpg,test
inat_315133082_569257117.jpg,data/etiquetado/inat/images\inat_315133082_569257117.jpg,inat,positivo,False,inat_pos,1,inat_315133082_569257117.jpg,test
inat_315133082_569257149.jpg,data/etiquetado/inat/images\inat_315133082_569257149.jpg,inat,positivo,False,inat_pos,1,inat_315133082_569257117.jpg,test
inat_316910162_572614652.jpg,data/etiquetado/inat/images\inat_316910162_572614652.jpg,inat,positivo,False,inat_pos,1,inat_316910162_572614652.jpg,train
inat_316910162_572614762.jpg,data/etiquetado/inat/images\inat_316910162_572614762.jpg,inat,positivo,False,inat_pos,1,inat_316910162_572614652.jpg,train
inat_316910162_572614774.jpg,data/etiquetado/inat/images\inat_316910162_572614774.jpg,inat,positivo,False,inat_pos,1,inat_316910162_572614652.jpg,train
inat_320708111_579893786.jpg,data/etiquetado/inat/images\inat_320708111_579893786.jpg,inat,positivo,False,inat_pos,1,inat_320708111_579893786.jpg,train
inat_320708111_579896610.jpg,data/etiquetado/inat/images\inat_320708111_579896610.jpg,inat,positivo,False,inat_pos,1,inat_320708111_579893786.jpg,train
inat_320708111_579896629.jpg,data/etiquetado/inat/images\inat_320708111_579896629.jpg,inat,positivo,False,inat_pos,1,inat_320708111_579893786.jpg,train
inat_321953468_582329495.jpg,data/etiquetado/inat/images\inat_321953468_582329495.jpg,inat,positivo,False,inat_pos,1,inat_321953468_582329495.jpg,val
inat_321953468_582329516.jpg,data/etiquetado/inat/images\inat_321953468_582329516.jpg,inat,positivo,False,inat_pos,1,inat_321953468_582329495.jpg,val
inat_321953468_582329551.jpg,data/etiquetado/inat/images\inat_321953468_582329551.jpg,inat,positivo,False,inat_pos,1,inat_321953468_582329495.jpg,val
inat_321953468_582329598.jpg,data/etiquetado/inat/images\inat_321953468_582329598.jpg,inat,positivo,False,inat_pos,1,inat_321953468_582329495.jpg,val
inat_321953468_582329643.jpg,data/etiquetado/inat/images\inat_321953468_582329643.jpg,inat,positivo,False,inat_pos,1,inat_321953468_582329495.jpg,val
inat_321953468_582329718.jpg,data/etiquetado/inat/images\inat_321953468_582329718.jpg,inat,positivo,False,inat_pos,1,inat_321953468_582329495.jpg,val
inat_321953468_582329738.jpg,data/etiquetado/inat/images\inat_321953468_582329738.jpg,inat,positivo,False,inat_pos,1,inat_321953468_582329495.jpg,val
inat_322044251_582513627.jpg,data/etiquetado/inat/images\inat_322044251_582513627.jpg,inat,positivo,False,inat_pos,1,inat_322044251_582513627.jpg,val
inat_322661323_583741275.jpg,data/etiquetado/inat/images\inat_322661323_583741275.jpg,inat,positivo,False,inat_pos,1,inat_322661323_583741275.jpg,train
inat_322661323_583741290.jpg,data/etiquetado/inat/images\inat_322661323_583741290.jpg,inat,positivo,False,inat_pos,1,inat_322661323_583741275.jpg,train
inat_322661323_583741299.jpg,data/etiquetado/inat/images\inat_322661323_583741299.jpg,inat,positivo,False,inat_pos,1,inat_322661323_583741275.jpg,train
inat_322661323_583741301.jpg,data/etiquetado/inat/images\inat_322661323_583741301.jpg,inat,positivo,False,inat_pos,1,inat_322661323_583741275.jpg,train
inat_322661323_583741320.jpg,data/etiquetado/inat/images\inat_322661323_583741320.jpg,inat,positivo,False,inat_pos,1,inat_322661323_583741275.jpg,train
inat_322661323_583741341.jpg,data/etiquetado/inat/images\inat_322661323_583741341.jpg,inat,positivo,False,inat_pos,1,inat_322661323_583741275.jpg,train
inat_322661323_583741342.jpg,data/etiquetado/inat/images\inat_322661323_583741342.jpg,inat,positivo,False,inat_pos,1,inat_322661323_583741275.jpg,train
inat_322661323_583741348.jpg,data/etiquetado/inat/images\inat_322661323_583741348.jpg,inat,positivo,False,inat_pos,1,inat_322661323_583741275.jpg,train
inat_322661323_583741373.jpg,data/etiquetado/inat/images\inat_322661323_583741373.jpg,inat,positivo,False,inat_pos,1,inat_322661323_583741275.jpg,train
inat_322661323_583741379.jpg,data/etiquetado/inat/images\inat_322661323_583741379.jpg,inat,positivo,False,inat_pos,1,inat_322661323_583741275.jpg,train
inat_322661323_583741384.jpg,data/etiquetado/inat/images\inat_322661323_583741384.jpg,inat,positivo,False,inat_pos,1,inat_322661323_583741275.jpg,train
inat_322661323_583741397.jpg,data/etiquetado/inat/images\inat_322661323_583741397.jpg,inat,positivo,False,inat_pos,1,inat_322661323_583741275.jpg,train
inat_322661323_583741408.jpg,data/etiquetado/inat/images\inat_322661323_583741408.jpg,inat,positivo,False,inat_pos,1,inat_322661323_583741275.jpg,train
inat_322661323_583741415.jpg,data/etiquetado/inat/images\inat_322661323_583741415.jpg,inat,positivo,False,inat_pos,1,inat_322661323_583741275.jpg,train
inat_322661323_583741420.jpg,data/etiquetado/inat/images\inat_322661323_583741420.jpg,inat,positivo,False,inat_pos,1,inat_322661323_583741275.jpg,train
inat_322661323_583741439.jpg,data/etiquetado/inat/images\inat_322661323_583741439.jpg,inat,positivo,False,inat_pos,1,inat_322661323_583741275.jpg,train
inat_322661323_583741446.jpg,data/etiquetado/inat/images\inat_322661323_583741446.jpg,inat,positivo,False,inat_pos,1,inat_322661323_583741275.jpg,train
inat_322661323_583741457.jpg,data/etiquetado/inat/images\inat_322661323_583741457.jpg,inat,positivo,False,inat_pos,1,inat_322661323_583741275.jpg,train
inat_322661323_583741476.jpg,data/etiquetado/inat/images\inat_322661323_583741476.jpg,inat,positivo,False,inat_pos,1,inat_322661323_583741275.jpg,train
inat_322661323_583741486.jpg,data/etiquetado/inat/images\inat_322661323_583741486.jpg,inat,positivo,False,inat_pos,1,inat_322661323_583741275.jpg,train
inat_322664608_583749272.jpg,data/etiquetado/inat/images\inat_322664608_583749272.jpg,inat,positivo,False,inat_pos,1,inat_322664608_583749272.jpg,train
inat_322664608_583749293.jpg,data/etiquetado/inat/images\inat_322664608_583749293.jpg,inat,positivo,False,inat_pos,1,inat_322664608_583749272.jpg,train
inat_322664608_583749294.jpg,data/etiquetado/inat/images\inat_322664608_583749294.jpg,inat,positivo,False,inat_pos,1,inat_322664608_583749272.jpg,train
inat_322664608_583749307.jpg,data/etiquetado/inat/images\inat_322664608_583749307.jpg,inat,positivo,False,inat_pos,1,inat_322664608_583749272.jpg,train
inat_322664608_583749318.jpg,data/etiquetado/inat/images\inat_322664608_583749318.jpg,inat,positivo,False,inat_pos,1,inat_322664608_583749272.jpg,train
inat_322664608_583749335.jpg,data/etiquetado/inat/images\inat_322664608_583749335.jpg,inat,positivo,False,inat_pos,1,inat_322664608_583749272.jpg,train
inat_322664608_583749359.jpg,data/etiquetado/inat/images\inat_322664608_583749359.jpg,inat,positivo,False,inat_pos,1,inat_322664608_583749272.jpg,train
inat_322664608_583749378.jpg,data/etiquetado/inat/images\inat_322664608_583749378.jpg,inat,positivo,False,inat_pos,1,inat_322664608_583749272.jpg,train
inat_322664608_583749434.jpg,data/etiquetado/inat/images\inat_322664608_583749434.jpg,inat,positivo,False,inat_pos,1,inat_322664608_583749272.jpg,train
inat_322664608_583749443.jpg,data/etiquetado/inat/images\inat_322664608_583749443.jpg,inat,positivo,False,inat_pos,1,inat_322664608_583749272.jpg,train
inat_322664608_583749471.jpg,data/etiquetado/inat/images\inat_322664608_583749471.jpg,inat,positivo,False,inat_pos,1,inat_322664608_583749272.jpg,train
inat_322664608_583749513.jpg,data/etiquetado/inat/images\inat_322664608_583749513.jpg,inat,positivo,False,inat_pos,1,inat_322664608_583749272.jpg,train
inat_322664608_583749519.jpg,data/etiquetado/inat/images\inat_322664608_583749519.jpg,inat,positivo,False,inat_pos,1,inat_322664608_583749272.jpg,train
inat_322664608_583749533.jpg,data/etiquetado/inat/images\inat_322664608_583749533.jpg,inat,positivo,False,inat_pos,1,inat_322664608_583749272.jpg,train
inat_322664608_583749563.jpg,data/etiquetado/inat/images\inat_322664608_583749563.jpg,inat,positivo,False,inat_pos,1,inat_322664608_583749272.jpg,train
inat_322664608_583749596.jpg,data/etiquetado/inat/images\inat_322664608_583749596.jpg,inat,positivo,False,inat_pos,1,inat_322664608_583749272.jpg,train
inat_322664608_583749676.jpg,data/etiquetado/inat/images\inat_322664608_583749676.jpg,inat,positivo,False,inat_pos,1,inat_322664608_583749272.jpg,train
inat_322664608_583749720.jpg,data/etiquetado/inat/images\inat_322664608_583749720.jpg,inat,positivo,False,inat_pos,1,inat_322664608_583749272.jpg,train
inat_322664608_583749759.jpg,data/etiquetado/inat/images\inat_322664608_583749759.jpg,inat,positivo,False,inat_pos,1,inat_322664608_583749272.jpg,train
inat_322664608_583749766.jpg,data/etiquetado/inat/images\inat_322664608_583749766.jpg,inat,positivo,False,inat_pos,1,inat_322664608_583749272.jpg,train
inat_322824612_584059835.jpg,data/etiquetado/inat/images\inat_322824612_584059835.jpg,inat,positivo,False,inat_pos,1,inat_322824612_584059835.jpg,test
inat_324591523_587527930.jpg,data/etiquetado/inat/images\inat_324591523_587527930.jpg,inat,positivo,False,inat_pos,1,inat_324591523_587527930.jpg,test
inat_324739656_587829642.jpg,data/etiquetado/inat/images\inat_324739656_587829642.jpg,inat,positivo,False,inat_pos,1,inat_324739656_587829642.jpg,val
inat_324758885_587864225.jpg,data/etiquetado/inat/images\inat_324758885_587864225.jpg,inat,positivo,False,inat_pos,1,inat_324758885_587864225.jpg,train
inat_324758885_587864270.jpg,data/etiquetado/inat/images\inat_324758885_587864270.jpg,inat,positivo,False,inat_pos,1,inat_324758885_587864225.jpg,train
inat_324758885_587864283.jpg,data/etiquetado/inat/images\inat_324758885_587864283.jpg,inat,positivo,False,inat_pos,1,inat_324758885_587864225.jpg,train
inat_325385770_589122126.jpg,data/etiquetado/inat/images\inat_325385770_589122126.jpg,inat,positivo,False,inat_pos,1,inat_325385770_589122126.jpg,train
inat_325594503_589534011.jpg,data/etiquetado/inat/images\inat_325594503_589534011.jpg,inat,positivo,False,inat_pos,1,inat_325594503_589534011.jpg,test
inat_326027658_590399108.jpg,data/etiquetado/inat/images\inat_326027658_590399108.jpg,inat,positivo,False,inat_pos,1,inat_326027658_590399108.jpg,test
inat_326052695_590446809.jpg,data/etiquetado/inat/images\inat_326052695_590446809.jpg,inat,positivo,False,inat_pos,1,inat_326052695_590446809.jpg,train
inat_327606298_593543093.jpg,data/etiquetado/inat/images\inat_327606298_593543093.jpg,inat,positivo,False,inat_pos,2,inat_327606298_593543093.jpg,test
inat_327606298_593543114.jpg,data/etiquetado/inat/images\inat_327606298_593543114.jpg,inat,positivo,False,inat_pos,2,inat_327606298_593543093.jpg,test
inat_327606298_593543128.jpg,data/etiquetado/inat/images\inat_327606298_593543128.jpg,inat,positivo,False,inat_pos,2,inat_327606298_593543093.jpg,test
inat_327606298_593543149.jpg,data/etiquetado/inat/images\inat_327606298_593543149.jpg,inat,positivo,False,inat_pos,2,inat_327606298_593543093.jpg,test
inat_327710614_593743330.jpg,data/etiquetado/inat/images\inat_327710614_593743330.jpg,inat,positivo,False,inat_pos,1,inat_327710614_593743330.jpg,train
inat_327710614_593743365.jpg,data/etiquetado/inat/images\inat_327710614_593743365.jpg,inat,positivo,False,inat_pos,1,inat_327710614_593743330.jpg,train
inat_327792323_593894917.jpg,data/etiquetado/inat/images\inat_327792323_593894917.jpg,inat,positivo,False,inat_pos,1,inat_327792323_593894917.jpg,train
inat_327792323_593894919.jpg,data/etiquetado/inat/images\inat_327792323_593894919.jpg,inat,positivo,False,inat_pos,1,inat_327792323_593894917.jpg,train
inat_327803075_593916054.jpg,data/etiquetado/inat/images\inat_327803075_593916054.jpg,inat,positivo,False,inat_pos,1,inat_327803075_593916054.jpg,test
inat_327803154_593916857.jpg,data/etiquetado/inat/images\inat_327803154_593916857.jpg,inat,positivo,False,inat_pos,1,inat_327803154_593916857.jpg,test
inat_327848537_594008593.jpg,data/etiquetado/inat/images\inat_327848537_594008593.jpg,inat,positivo,False,inat_pos,1,inat_327848537_594008593.jpg,train
inat_327851811_597835900.jpg,data/etiquetado/inat/images\inat_327851811_597835900.jpg,inat,positivo,False,inat_pos,1,inat_327851811_597835900.jpg,train
inat_327851811_597836540.jpg,data/etiquetado/inat/images\inat_327851811_597836540.jpg,inat,positivo,False,inat_pos,1,inat_327851811_597835900.jpg,train
inat_327851811_597836655.jpg,data/etiquetado/inat/images\inat_327851811_597836655.jpg,inat,positivo,False,inat_pos,1,inat_327851811_597835900.jpg,train
inat_327851811_597836853.jpg,data/etiquetado/inat/images\inat_327851811_597836853.jpg,inat,positivo,False,inat_pos,1,inat_327851811_597835900.jpg,train
inat_327851811_597836956.jpg,data/etiquetado/inat/images\inat_327851811_597836956.jpg,inat,positivo,False,inat_pos,1,inat_327851811_597835900.jpg,train
inat_328841178_595967831.jpg,data/etiquetado/inat/images\inat_328841178_595967831.jpg,inat,positivo,False,inat_pos,1,inat_328841178_595967831.jpg,test
inat_32890636_51621012.jpg,data/etiquetado/inat/images\inat_32890636_51621012.jpg,inat,positivo,False,inat_pos,1,inat_32890636_51621012.jpg,val
inat_329334258_596954890.jpg,data/etiquetado/inat/images\inat_329334258_596954890.jpg,inat,positivo,False,inat_pos,1,inat_329334258_596954890.jpg,test
inat_329627214_597547788.jpg,data/etiquetado/inat/images\inat_329627214_597547788.jpg,inat,positivo,False,inat_pos,1,inat_329627214_597547788.jpg,val
inat_329860038_598007322.jpg,data/etiquetado/inat/images\inat_329860038_598007322.jpg,inat,positivo,False,inat_pos,1,inat_329860038_598007322.jpg,val
inat_330365668_599049003.jpg,data/etiquetado/inat/images\inat_330365668_599049003.jpg,inat,positivo,False,inat_pos,1,inat_330365668_599049003.jpg,train
inat_330524329_599375050.jpg,data/etiquetado/inat/images\inat_330524329_599375050.jpg,inat,positivo,False,inat_pos,1,inat_330524329_599375050.jpg,train
inat_330524329_599375052.jpg,data/etiquetado/inat/images\inat_330524329_599375052.jpg,inat,positivo,False,inat_pos,1,inat_330524329_599375050.jpg,train
inat_330524329_599375055.jpg,data/etiquetado/inat/images\inat_330524329_599375055.jpg,inat,positivo,False,inat_pos,1,inat_330524329_599375050.jpg,train
inat_330524329_599375056.jpg,data/etiquetado/inat/images\inat_330524329_599375056.jpg,inat,positivo,False,inat_pos,1,inat_330524329_599375050.jpg,train
inat_330524329_599375057.jpg,data/etiquetado/inat/images\inat_330524329_599375057.jpg,inat,positivo,False,inat_pos,1,inat_330524329_599375050.jpg,train
inat_330524329_599375058.jpg,data/etiquetado/inat/images\inat_330524329_599375058.jpg,inat,positivo,False,inat_pos,1,inat_330524329_599375050.jpg,train
inat_330524329_599375060.jpg,data/etiquetado/inat/images\inat_330524329_599375060.jpg,inat,positivo,False,inat_pos,1,inat_330524329_599375050.jpg,train
inat_330524329_599375061.jpg,data/etiquetado/inat/images\inat_330524329_599375061.jpg,inat,positivo,False,inat_pos,1,inat_330524329_599375050.jpg,train
inat_330524329_599375064.jpg,data/etiquetado/inat/images\inat_330524329_599375064.jpg,inat,positivo,False,inat_pos,1,inat_330524329_599375050.jpg,train
inat_330524329_599375066.jpg,data/etiquetado/inat/images\inat_330524329_599375066.jpg,inat,positivo,False,inat_pos,1,inat_330524329_599375050.jpg,train
inat_330524329_599375067.jpg,data/etiquetado/inat/images\inat_330524329_599375067.jpg,inat,positivo,False,inat_pos,1,inat_330524329_599375050.jpg,train
inat_330741656_599826523.jpg,data/etiquetado/inat/images\inat_330741656_599826523.jpg,inat,positivo,False,inat_pos,1,inat_330741656_599826523.jpg,train
inat_331410704_601204430.jpg,data/etiquetado/inat/images\inat_331410704_601204430.jpg,inat,positivo,False,inat_pos,1,inat_331410704_601204430.jpg,test
inat_331410704_601204432.jpg,data/etiquetado/inat/images\inat_331410704_601204432.jpg,inat,positivo,False,inat_pos,1,inat_331410704_601204430.jpg,test
inat_331462626_601313534.jpg,data/etiquetado/inat/images\inat_331462626_601313534.jpg,inat,positivo,False,inat_pos,1,inat_331462626_601313534.jpg,train
inat_331462626_601313553.jpg,data/etiquetado/inat/images\inat_331462626_601313553.jpg,inat,positivo,False,inat_pos,1,inat_331462626_601313534.jpg,train
inat_331462626_601313563.jpg,data/etiquetado/inat/images\inat_331462626_601313563.jpg,inat,positivo,False,inat_pos,1,inat_331462626_601313534.jpg,train
inat_331462626_601313626.jpg,data/etiquetado/inat/images\inat_331462626_601313626.jpg,inat,positivo,False,inat_pos,1,inat_331462626_601313534.jpg,train
inat_331462626_601313637.jpg,data/etiquetado/inat/images\inat_331462626_601313637.jpg,inat,positivo,False,inat_pos,1,inat_331462626_601313534.jpg,train
inat_331462626_601313658.jpg,data/etiquetado/inat/images\inat_331462626_601313658.jpg,inat,positivo,False,inat_pos,1,inat_331462626_601313534.jpg,train
inat_331462626_601313709.jpg,data/etiquetado/inat/images\inat_331462626_601313709.jpg,inat,positivo,False,inat_pos,1,inat_331462626_601313534.jpg,train
inat_331462626_601313725.jpg,data/etiquetado/inat/images\inat_331462626_601313725.jpg,inat,positivo,False,inat_pos,1,inat_331462626_601313534.jpg,train
inat_332251439_602930439.jpg,data/etiquetado/inat/images\inat_332251439_602930439.jpg,inat,positivo,False,inat_pos,1,inat_332251439_602930439.jpg,test
inat_33226643_52168792.jpg,data/etiquetado/inat/images\inat_33226643_52168792.jpg,inat,positivo,False,inat_pos,1,inat_33226643_52168792.jpg,train
inat_332286484_603092726.jpg,data/etiquetado/inat/images\inat_332286484_603092726.jpg,inat,positivo,False,inat_pos,1,inat_332286484_603092726.jpg,test
inat_332286484_603092744.jpg,data/etiquetado/inat/images\inat_332286484_603092744.jpg,inat,positivo,False,inat_pos,1,inat_332286484_603092726.jpg,test
inat_332732628_603908292.jpg,data/etiquetado/inat/images\inat_332732628_603908292.jpg,inat,positivo,False,inat_pos,1,inat_332732628_603908292.jpg,train
inat_332732628_603908305.jpg,data/etiquetado/inat/images\inat_332732628_603908305.jpg,inat,positivo,False,inat_pos,1,inat_332732628_603908292.jpg,train
inat_332732628_603908306.jpg,data/etiquetado/inat/images\inat_332732628_603908306.jpg,inat,positivo,False,inat_pos,1,inat_332732628_603908292.jpg,train
inat_332732628_603908322.jpg,data/etiquetado/inat/images\inat_332732628_603908322.jpg,inat,positivo,False,inat_pos,1,inat_332732628_603908292.jpg,train
inat_33306082_52302791.jpg,data/etiquetado/inat/images\inat_33306082_52302791.jpg,inat,positivo,False,inat_pos,1,inat_33306082_52302791.jpg,test
inat_33340910_52359720.jpg,data/etiquetado/inat/images\inat_33340910_52359720.jpg,inat,positivo,False,inat_pos,1,inat_33340910_52359720.jpg,test
inat_334286556_607031805.jpg,data/etiquetado/inat/images\inat_334286556_607031805.jpg,inat,positivo,False,inat_pos,1,inat_334286556_607031805.jpg,train
inat_334286556_607031829.jpg,data/etiquetado/inat/images\inat_334286556_607031829.jpg,inat,positivo,False,inat_pos,1,inat_334286556_607031805.jpg,train
inat_334286556_607031845.jpg,data/etiquetado/inat/images\inat_334286556_607031845.jpg,inat,positivo,False,inat_pos,2,inat_334286556_607031805.jpg,train
inat_334286556_607031858.jpg,data/etiquetado/inat/images\inat_334286556_607031858.jpg,inat,positivo,False,inat_pos,2,inat_334286556_607031805.jpg,train
inat_334286556_607031876.jpg,data/etiquetado/inat/images\inat_334286556_607031876.jpg,inat,positivo,False,inat_pos,1,inat_334286556_607031805.jpg,train
inat_334286556_607031890.jpg,data/etiquetado/inat/images\inat_334286556_607031890.jpg,inat,positivo,False,inat_pos,1,inat_334286556_607031805.jpg,train
inat_334286556_607031906.jpg,data/etiquetado/inat/images\inat_334286556_607031906.jpg,inat,positivo,False,inat_pos,2,inat_334286556_607031805.jpg,train
inat_334286556_607031924.jpg,data/etiquetado/inat/images\inat_334286556_607031924.jpg,inat,positivo,False,inat_pos,1,inat_334286556_607031805.jpg,train
inat_334450549_607365726.jpg,data/etiquetado/inat/images\inat_334450549_607365726.jpg,inat,positivo,False,inat_pos,3,inat_334450549_607365726.jpg,test
inat_334485270_607436333.jpg,data/etiquetado/inat/images\inat_334485270_607436333.jpg,inat,positivo,False,inat_pos,3,inat_334485270_607436333.jpg,train
inat_334559150_607587772.jpg,data/etiquetado/inat/images\inat_334559150_607587772.jpg,inat,positivo,False,inat_pos,3,inat_334485270_607436333.jpg,train
inat_334662218_607792042.jpg,data/etiquetado/inat/images\inat_334662218_607792042.jpg,inat,positivo,False,inat_pos,3,inat_334485270_607436333.jpg,train
inat_335428335_609592049.jpg,data/etiquetado/inat/images\inat_335428335_609592049.jpg,inat,positivo,False,inat_pos,2,inat_335428335_609592049.jpg,val
inat_335428335_609592057.jpg,data/etiquetado/inat/images\inat_335428335_609592057.jpg,inat,positivo,False,inat_pos,2,inat_335428335_609592049.jpg,val
inat_335428335_609592063.jpg,data/etiquetado/inat/images\inat_335428335_609592063.jpg,inat,positivo,False,inat_pos,2,inat_335428335_609592049.jpg,val
inat_335428335_609592077.jpg,data/etiquetado/inat/images\inat_335428335_609592077.jpg,inat,positivo,False,inat_pos,2,inat_335428335_609592049.jpg,val
inat_336086781_610673967.jpg,data/etiquetado/inat/images\inat_336086781_610673967.jpg,inat,positivo,False,inat_pos,1,inat_336086781_610673967.jpg,train
inat_336086781_611438225.jpg,data/etiquetado/inat/images\inat_336086781_611438225.jpg,inat,positivo,False,inat_pos,1,inat_336086781_610673967.jpg,train
inat_336086781_611438230.jpg,data/etiquetado/inat/images\inat_336086781_611438230.jpg,inat,positivo,False,inat_pos,1,inat_336086781_610673967.jpg,train
inat_336086781_611438239.jpg,data/etiquetado/inat/images\inat_336086781_611438239.jpg,inat,positivo,False,inat_pos,1,inat_336086781_610673967.jpg,train
inat_336086781_611438243.jpg,data/etiquetado/inat/images\inat_336086781_611438243.jpg,inat,positivo,False,inat_pos,2,inat_336086781_610673967.jpg,train
inat_336086781_611438249.jpg,data/etiquetado/inat/images\inat_336086781_611438249.jpg,inat,positivo,False,inat_pos,1,inat_336086781_610673967.jpg,train
inat_336086781_611438260.jpg,data/etiquetado/inat/images\inat_336086781_611438260.jpg,inat,positivo,False,inat_pos,1,inat_336086781_610673967.jpg,train
inat_336399806_611299207.jpg,data/etiquetado/inat/images\inat_336399806_611299207.jpg,inat,positivo,False,inat_pos,1,inat_336399806_611299207.jpg,val
inat_336399806_611299212.jpg,data/etiquetado/inat/images\inat_336399806_611299212.jpg,inat,positivo,False,inat_pos,1,inat_336399806_611299207.jpg,val
inat_337211000_612954229.jpg,data/etiquetado/inat/images\inat_337211000_612954229.jpg,inat,positivo,False,inat_pos,1,inat_337211000_612954229.jpg,val
inat_338014824_614602509.jpg,data/etiquetado/inat/images\inat_338014824_614602509.jpg,inat,positivo,False,inat_pos,1,inat_338014824_614602509.jpg,train
inat_338242610_615066857.jpg,data/etiquetado/inat/images\inat_338242610_615066857.jpg,inat,positivo,False,inat_pos,1,inat_338242610_615066857.jpg,train
inat_338242610_615068008.jpg,data/etiquetado/inat/images\inat_338242610_615068008.jpg,inat,positivo,False,inat_pos,1,inat_338242610_615066857.jpg,train
inat_338242610_615068034.jpg,data/etiquetado/inat/images\inat_338242610_615068034.jpg,inat,positivo,False,inat_pos,1,inat_338242610_615066857.jpg,train
inat_338242610_615068053.jpg,data/etiquetado/inat/images\inat_338242610_615068053.jpg,inat,positivo,False,inat_pos,1,inat_338242610_615066857.jpg,train
inat_338502989_615608476.jpg,data/etiquetado/inat/images\inat_338502989_615608476.jpg,inat,positivo,False,inat_pos,1,inat_338502989_615608476.jpg,test
inat_338911279_616416320.jpg,data/etiquetado/inat/images\inat_338911279_616416320.jpg,inat,positivo,False,inat_pos,2,inat_338911279_616416320.jpg,test
inat_339495933_617716203.jpg,data/etiquetado/inat/images\inat_339495933_617716203.jpg,inat,positivo,False,inat_pos,3,inat_339495933_617716203.jpg,train
inat_339496023_617716212.jpg,data/etiquetado/inat/images\inat_339496023_617716212.jpg,inat,positivo,False,inat_pos,1,inat_339496023_617716212.jpg,train
inat_339496023_617716218.jpg,data/etiquetado/inat/images\inat_339496023_617716218.jpg,inat,positivo,False,inat_pos,1,inat_339496023_617716212.jpg,train
inat_339496023_617716228.jpg,data/etiquetado/inat/images\inat_339496023_617716228.jpg,inat,positivo,False,inat_pos,1,inat_339496023_617716212.jpg,train
inat_339550771_617718184.jpg,data/etiquetado/inat/images\inat_339550771_617718184.jpg,inat,positivo,False,inat_pos,2,inat_339550771_617718184.jpg,train
inat_339550771_617718193.jpg,data/etiquetado/inat/images\inat_339550771_617718193.jpg,inat,positivo,False,inat_pos,2,inat_339550771_617718184.jpg,train
inat_33968556_53406948.jpg,data/etiquetado/inat/images\inat_33968556_53406948.jpg,inat,positivo,False,inat_pos,1,inat_33968556_53406948.jpg,train
inat_339794405_618207164.jpg,data/etiquetado/inat/images\inat_339794405_618207164.jpg,inat,positivo,False,inat_pos,1,inat_339794405_618207164.jpg,train
inat_339794405_618207165.jpg,data/etiquetado/inat/images\inat_339794405_618207165.jpg,inat,positivo,False,inat_pos,1,inat_339794405_618207164.jpg,train
inat_339824113_618270634.jpg,data/etiquetado/inat/images\inat_339824113_618270634.jpg,inat,positivo,False,inat_pos,1,inat_339824113_618270634.jpg,test
inat_340019034_618669461.jpg,data/etiquetado/inat/images\inat_340019034_618669461.jpg,inat,positivo,False,inat_pos,1,inat_340019034_618669461.jpg,test
inat_340019034_618669482.jpg,data/etiquetado/inat/images\inat_340019034_618669482.jpg,inat,positivo,False,inat_pos,1,inat_340019034_618669461.jpg,test
inat_340358050_619362862.jpg,data/etiquetado/inat/images\inat_340358050_619362862.jpg,inat,positivo,False,inat_pos,1,inat_340358050_619362862.jpg,train
inat_340782794_620221352.jpg,data/etiquetado/inat/images\inat_340782794_620221352.jpg,inat,positivo,False,inat_pos,1,inat_340782794_620221352.jpg,train
inat_340782794_620221353.jpg,data/etiquetado/inat/images\inat_340782794_620221353.jpg,inat,positivo,False,inat_pos,1,inat_340782794_620221352.jpg,train
inat_340782794_620221355.jpg,data/etiquetado/inat/images\inat_340782794_620221355.jpg,inat,positivo,False,inat_pos,1,inat_340782794_620221352.jpg,train
inat_340782794_620221369.jpg,data/etiquetado/inat/images\inat_340782794_620221369.jpg,inat,positivo,False,inat_pos,1,inat_340782794_620221352.jpg,train
inat_342174734_623059003.jpg,data/etiquetado/inat/images\inat_342174734_623059003.jpg,inat,positivo,False,inat_pos,2,inat_342174734_623059003.jpg,train
inat_342174734_623059082.jpg,data/etiquetado/inat/images\inat_342174734_623059082.jpg,inat,positivo,False,inat_pos,1,inat_342174734_623059003.jpg,train
inat_343009633_624726094.jpg,data/etiquetado/inat/images\inat_343009633_624726094.jpg,inat,positivo,False,inat_pos,1,inat_343009633_624726094.jpg,train
inat_343225428_625171182.jpg,data/etiquetado/inat/images\inat_343225428_625171182.jpg,inat,positivo,False,inat_pos,1,inat_343225428_625171182.jpg,train
inat_343225428_625171188.jpg,data/etiquetado/inat/images\inat_343225428_625171188.jpg,inat,positivo,False,inat_pos,1,inat_343225428_625171182.jpg,train
inat_343225428_625171226.jpg,data/etiquetado/inat/images\inat_343225428_625171226.jpg,inat,positivo,False,inat_pos,1,inat_343225428_625171182.jpg,train
inat_343225428_625171227.jpg,data/etiquetado/inat/images\inat_343225428_625171227.jpg,inat,positivo,False,inat_pos,1,inat_343225428_625171182.jpg,train
inat_344020678_626763001.jpg,data/etiquetado/inat/images\inat_344020678_626763001.jpg,inat,positivo,False,inat_pos,1,inat_344020678_626763001.jpg,train
inat_344020678_626763065.jpg,data/etiquetado/inat/images\inat_344020678_626763065.jpg,inat,positivo,False,inat_pos,1,inat_344020678_626763001.jpg,train
inat_344020678_626763408.jpg,data/etiquetado/inat/images\inat_344020678_626763408.jpg,inat,positivo,False,inat_pos,1,inat_344020678_626763001.jpg,train
inat_344020678_626763736.jpg,data/etiquetado/inat/images\inat_344020678_626763736.jpg,inat,positivo,False,inat_pos,1,inat_344020678_626763001.jpg,train
inat_344020678_626764185.jpg,data/etiquetado/inat/images\inat_344020678_626764185.jpg,inat,positivo,False,inat_pos,1,inat_344020678_626763001.jpg,train
inat_344056031_626839054.jpg,data/etiquetado/inat/images\inat_344056031_626839054.jpg,inat,positivo,False,inat_pos,1,inat_344056031_626839054.jpg,train
inat_344056031_626839097.jpg,data/etiquetado/inat/images\inat_344056031_626839097.jpg,inat,positivo,False,inat_pos,1,inat_344056031_626839054.jpg,train
inat_344697768_628011140.jpg,data/etiquetado/inat/images\inat_344697768_628011140.jpg,inat,positivo,False,inat_pos,1,inat_344697768_628011140.jpg,train
inat_344697768_628011146.jpg,data/etiquetado/inat/images\inat_344697768_628011146.jpg,inat,positivo,False,inat_pos,1,inat_344697768_628011140.jpg,train
inat_344697768_628011184.jpg,data/etiquetado/inat/images\inat_344697768_628011184.jpg,inat,positivo,False,inat_pos,1,inat_344697768_628011140.jpg,train
inat_344697768_628011188.jpg,data/etiquetado/inat/images\inat_344697768_628011188.jpg,inat,positivo,False,inat_pos,1,inat_344697768_628011140.jpg,train
inat_344697768_628011202.jpg,data/etiquetado/inat/images\inat_344697768_628011202.jpg,inat,positivo,False,inat_pos,1,inat_344697768_628011140.jpg,train
inat_344697768_628011213.jpg,data/etiquetado/inat/images\inat_344697768_628011213.jpg,inat,positivo,False,inat_pos,1,inat_344697768_628011140.jpg,train
inat_344697768_628011222.jpg,data/etiquetado/inat/images\inat_344697768_628011222.jpg,inat,positivo,False,inat_pos,1,inat_344697768_628011140.jpg,train
inat_34490534_54290036.jpg,data/etiquetado/inat/images\inat_34490534_54290036.jpg,inat,positivo,False,inat_pos,1,inat_34490534_54290036.jpg,train
inat_34490534_54290038.jpg,data/etiquetado/inat/images\inat_34490534_54290038.jpg,inat,positivo,False,inat_pos,1,inat_34490534_54290036.jpg,train
inat_344960842_628587077.jpg,data/etiquetado/inat/images\inat_344960842_628587077.jpg,inat,positivo,False,inat_pos,1,inat_344960842_628587077.jpg,val
inat_344960893_628587456.jpg,data/etiquetado/inat/images\inat_344960893_628587456.jpg,inat,positivo,False,inat_pos,1,inat_344960893_628587456.jpg,test
inat_345538681_629729280.jpg,data/etiquetado/inat/images\inat_345538681_629729280.jpg,inat,positivo,False,inat_pos,1,inat_345538681_629729280.jpg,train
inat_345538681_629729299.jpg,data/etiquetado/inat/images\inat_345538681_629729299.jpg,inat,positivo,False,inat_pos,1,inat_345538681_629729280.jpg,train
inat_345538681_629729330.jpg,data/etiquetado/inat/images\inat_345538681_629729330.jpg,inat,positivo,False,inat_pos,1,inat_345538681_629729280.jpg,train
inat_345538681_629729347.jpg,data/etiquetado/inat/images\inat_345538681_629729347.jpg,inat,positivo,False,inat_pos,1,inat_345538681_629729280.jpg,train
inat_345583106_629819962.jpg,data/etiquetado/inat/images\inat_345583106_629819962.jpg,inat,positivo,False,inat_pos,1,inat_345583106_629819962.jpg,train
inat_345583106_629820017.jpg,data/etiquetado/inat/images\inat_345583106_629820017.jpg,inat,positivo,False,inat_pos,1,inat_345583106_629819962.jpg,train
inat_345583106_629820047.jpg,data/etiquetado/inat/images\inat_345583106_629820047.jpg,inat,positivo,False,inat_pos,1,inat_345583106_629819962.jpg,train
inat_345583106_629820076.jpg,data/etiquetado/inat/images\inat_345583106_629820076.jpg,inat,positivo,False,inat_pos,1,inat_345583106_629819962.jpg,train
inat_345583106_629820109.jpg,data/etiquetado/inat/images\inat_345583106_629820109.jpg,inat,positivo,False,inat_pos,1,inat_345583106_629819962.jpg,train
inat_34878154_54948257.jpg,data/etiquetado/inat/images\inat_34878154_54948257.jpg,inat,positivo,False,inat_pos,1,inat_34878154_54948257.jpg,test
inat_349624219_637808081.jpg,data/etiquetado/inat/images\inat_349624219_637808081.jpg,inat,positivo,False,inat_pos,1,inat_349624219_637808081.jpg,train
inat_349872186_638290028.jpg,data/etiquetado/inat/images\inat_349872186_638290028.jpg,inat,positivo,False,inat_pos,1,inat_349872186_638290028.jpg,train
inat_351516123_641482041.jpg,data/etiquetado/inat/images\inat_351516123_641482041.jpg,inat,positivo,False,inat_pos,1,inat_351516123_641482041.jpg,val
inat_351516126_641482043.jpg,data/etiquetado/inat/images\inat_351516126_641482043.jpg,inat,positivo,False,inat_pos,1,inat_351516126_641482043.jpg,train
inat_351516127_641482045.jpg,data/etiquetado/inat/images\inat_351516127_641482045.jpg,inat,positivo,False,inat_pos,1,inat_351516127_641482045.jpg,test
inat_351516133_641482384.jpg,data/etiquetado/inat/images\inat_351516133_641482384.jpg,inat,positivo,False,inat_pos,1,inat_351516133_641482384.jpg,test
inat_351516135_641482403.jpg,data/etiquetado/inat/images\inat_351516135_641482403.jpg,inat,positivo,False,inat_pos,1,inat_351516135_641482403.jpg,test
inat_351516137_641482410.jpg,data/etiquetado/inat/images\inat_351516137_641482410.jpg,inat,positivo,False,inat_pos,1,inat_351516152_641483079.jpg,train
inat_351516140_641482605.jpg,data/etiquetado/inat/images\inat_351516140_641482605.jpg,inat,positivo,False,inat_pos,1,inat_351516152_641483079.jpg,train
inat_351516141_641482870.jpg,data/etiquetado/inat/images\inat_351516141_641482870.jpg,inat,positivo,False,inat_pos,1,inat_351516141_641482870.jpg,val
inat_351516142_641482787.jpg,data/etiquetado/inat/images\inat_351516142_641482787.jpg,inat,positivo,False,inat_pos,1,inat_351516152_641483079.jpg,train
inat_351516145_641482987.jpg,data/etiquetado/inat/images\inat_351516145_641482987.jpg,inat,positivo,False,inat_pos,1,inat_351516145_641482987.jpg,val
inat_351516146_641483065.jpg,data/etiquetado/inat/images\inat_351516146_641483065.jpg,inat,positivo,False,inat_pos,1,inat_351516146_641483065.jpg,train
inat_351516147_641483067.jpg,data/etiquetado/inat/images\inat_351516147_641483067.jpg,inat,positivo,False,inat_pos,1,inat_351516152_641483079.jpg,train
inat_351516152_641483079.jpg,data/etiquetado/inat/images\inat_351516152_641483079.jpg,inat,positivo,False,inat_pos,1,inat_351516152_641483079.jpg,train
inat_351516153_641483284.jpg,data/etiquetado/inat/images\inat_351516153_641483284.jpg,inat,positivo,False,inat_pos,1,inat_351516153_641483284.jpg,val
inat_351516154_641483279.jpg,data/etiquetado/inat/images\inat_351516154_641483279.jpg,inat,positivo,False,inat_pos,1,inat_351516152_641483079.jpg,train
inat_351516160_641483361.jpg,data/etiquetado/inat/images\inat_351516160_641483361.jpg,inat,positivo,False,inat_pos,1,inat_351516160_641483361.jpg,test
inat_351516161_641483285.jpg,data/etiquetado/inat/images\inat_351516161_641483285.jpg,inat,positivo,False,inat_pos,1,inat_351516161_641483285.jpg,val
inat_351516163_641483410.jpg,data/etiquetado/inat/images\inat_351516163_641483410.jpg,inat,positivo,False,inat_pos,1,inat_351516152_641483079.jpg,train
inat_351516168_641483416.jpg,data/etiquetado/inat/images\inat_351516168_641483416.jpg,inat,positivo,False,inat_pos,1,inat_351516152_641483079.jpg,train
inat_351516170_641483455.jpg,data/etiquetado/inat/images\inat_351516170_641483455.jpg,inat,positivo,False,inat_pos,1,inat_351516152_641483079.jpg,train
inat_351516171_641483525.jpg,data/etiquetado/inat/images\inat_351516171_641483525.jpg,inat,positivo,False,inat_pos,1,inat_351516171_641483525.jpg,test
inat_351516174_641483593.jpg,data/etiquetado/inat/images\inat_351516174_641483593.jpg,inat,positivo,False,inat_pos,1,inat_351516174_641483593.jpg,val
inat_351516175_641483645.jpg,data/etiquetado/inat/images\inat_351516175_641483645.jpg,inat,positivo,False,inat_pos,1,inat_351516175_641483645.jpg,train
inat_351598168_641643330.jpg,data/etiquetado/inat/images\inat_351598168_641643330.jpg,inat,positivo,False,inat_pos,2,inat_351598168_641643330.jpg,test
inat_351866524_654434663.jpg,data/etiquetado/inat/images\inat_351866524_654434663.jpg,inat,positivo,False,inat_pos,1,inat_351866524_654434663.jpg,val
inat_351866524_654434732.jpg,data/etiquetado/inat/images\inat_351866524_654434732.jpg,inat,positivo,False,inat_pos,1,inat_351866524_654434663.jpg,val
inat_351866524_654434761.jpg,data/etiquetado/inat/images\inat_351866524_654434761.jpg,inat,positivo,False,inat_pos,1,inat_351866524_654434663.jpg,val
inat_352358683_643113614.jpg,data/etiquetado/inat/images\inat_352358683_643113614.jpg,inat,positivo,False,inat_pos,1,inat_352358683_643113614.jpg,test
inat_353787379_645463093.jpg,data/etiquetado/inat/images\inat_353787379_645463093.jpg,inat,positivo,False,inat_pos,1,inat_353787379_645463093.jpg,train
inat_353787514_645568793.jpg,data/etiquetado/inat/images\inat_353787514_645568793.jpg,inat,positivo,False,inat_pos,1,inat_353787514_645568793.jpg,test
inat_354300539_646357483.jpg,data/etiquetado/inat/images\inat_354300539_646357483.jpg,inat,positivo,False,inat_pos,1,inat_354300539_646357483.jpg,test
inat_358811826_654604107.jpg,data/etiquetado/inat/images\inat_358811826_654604107.jpg,inat,positivo,False,inat_pos,1,inat_358811826_654604107.jpg,val
inat_359300782_655531384.jpg,data/etiquetado/inat/images\inat_359300782_655531384.jpg,inat,positivo,False,inat_pos,1,inat_359300782_655531384.jpg,train
inat_35977834_56807271.jpg,data/etiquetado/inat/images\inat_35977834_56807271.jpg,inat,positivo,False,inat_pos,1,inat_35977834_56807271.jpg,val
inat_360374635_657576256.jpg,data/etiquetado/inat/images\inat_360374635_657576256.jpg,inat,positivo,False,inat_pos,1,inat_360374635_657576256.jpg,test
inat_362589414_661796145.jpg,data/etiquetado/inat/images\inat_362589414_661796145.jpg,inat,positivo,False,inat_pos,1,inat_362589414_661796145.jpg,val
inat_362847370_662282417.jpg,data/etiquetado/inat/images\inat_362847370_662282417.jpg,inat,positivo,False,inat_pos,1,inat_362847370_662282417.jpg,val
inat_36352681_57456052.jpg,data/etiquetado/inat/images\inat_36352681_57456052.jpg,inat,positivo,False,inat_pos,1,inat_36352681_57456052.jpg,train
inat_36412527_57556471.jpg,data/etiquetado/inat/images\inat_36412527_57556471.jpg,inat,positivo,False,inat_pos,1,inat_36412527_57556471.jpg,train
inat_364447173_665312071.jpg,data/etiquetado/inat/images\inat_364447173_665312071.jpg,inat,positivo,False,inat_pos,1,inat_364447173_665312071.jpg,test
inat_364447173_665312103.jpg,data/etiquetado/inat/images\inat_364447173_665312103.jpg,inat,positivo,False,inat_pos,1,inat_364447173_665312071.jpg,test
inat_364447173_665312123.jpg,data/etiquetado/inat/images\inat_364447173_665312123.jpg,inat,positivo,False,inat_pos,1,inat_364447173_665312071.jpg,test
inat_364447173_665312174.jpg,data/etiquetado/inat/images\inat_364447173_665312174.jpg,inat,positivo,False,inat_pos,1,inat_364447173_665312071.jpg,test
inat_364447173_665312224.jpg,data/etiquetado/inat/images\inat_364447173_665312224.jpg,inat,positivo,False,inat_pos,1,inat_364447173_665312071.jpg,test
inat_364447173_665312248.jpg,data/etiquetado/inat/images\inat_364447173_665312248.jpg,inat,positivo,False,inat_pos,1,inat_364447173_665312071.jpg,test
inat_364447173_674992508.jpg,data/etiquetado/inat/images\inat_364447173_674992508.jpg,inat,positivo,False,inat_pos,1,inat_364447173_665312071.jpg,test
inat_364456716_665331026.jpg,data/etiquetado/inat/images\inat_364456716_665331026.jpg,inat,positivo,False,inat_pos,1,inat_364456716_665331026.jpg,test
inat_364553282_665522889.jpg,data/etiquetado/inat/images\inat_364553282_665522889.jpg,inat,positivo,False,inat_pos,1,inat_364553282_665522889.jpg,train
inat_364826385_666030987.jpg,data/etiquetado/inat/images\inat_364826385_666030987.jpg,inat,positivo,False,inat_pos,1,inat_364826385_666030987.jpg,test
inat_364998321_666364022.jpg,data/etiquetado/inat/images\inat_364998321_666364022.jpg,inat,positivo,False,inat_pos,1,inat_364998321_666364022.jpg,train
inat_367792235_671682127.jpg,data/etiquetado/inat/images\inat_367792235_671682127.jpg,inat,positivo,False,inat_pos,1,inat_367792235_671682127.jpg,test
inat_367792235_671682235.jpg,data/etiquetado/inat/images\inat_367792235_671682235.jpg,inat,positivo,False,inat_pos,1,inat_367792235_671682127.jpg,test
inat_367853632_671810104.jpg,data/etiquetado/inat/images\inat_367853632_671810104.jpg,inat,positivo,False,inat_pos,1,inat_367853632_671810104.jpg,train
inat_36801638_58233951.jpg,data/etiquetado/inat/images\inat_36801638_58233951.jpg,inat,positivo,False,inat_pos,1,inat_36801638_58233951.jpg,train
inat_368144596_672371091.jpg,data/etiquetado/inat/images\inat_368144596_672371091.jpg,inat,positivo,False,inat_pos,1,inat_368144596_672371091.jpg,train
inat_368144596_672371509.jpg,data/etiquetado/inat/images\inat_368144596_672371509.jpg,inat,positivo,False,inat_pos,1,inat_368144596_672371091.jpg,train
inat_368144596_672371969.jpg,data/etiquetado/inat/images\inat_368144596_672371969.jpg,inat,positivo,False,inat_pos,1,inat_368144596_672371091.jpg,train
inat_368144596_672372415.jpg,data/etiquetado/inat/images\inat_368144596_672372415.jpg,inat,positivo,False,inat_pos,1,inat_368144596_672371091.jpg,train
inat_368149644_672379400.jpg,data/etiquetado/inat/images\inat_368149644_672379400.jpg,inat,positivo,False,inat_pos,1,inat_368149644_672379400.jpg,train
inat_368149644_672379402.jpg,data/etiquetado/inat/images\inat_368149644_672379402.jpg,inat,positivo,False,inat_pos,1,inat_368149644_672379400.jpg,train
inat_368149644_672379407.jpg,data/etiquetado/inat/images\inat_368149644_672379407.jpg,inat,positivo,False,inat_pos,1,inat_368149644_672379400.jpg,train
inat_368149644_672379445.jpg,data/etiquetado/inat/images\inat_368149644_672379445.jpg,inat,positivo,False,inat_pos,1,inat_368149644_672379400.jpg,train
inat_368161655_682202570.jpg,data/etiquetado/inat/images\inat_368161655_682202570.jpg,inat,positivo,False,inat_pos,1,inat_368161655_682202570.jpg,val
inat_369551257_675043283.jpg,data/etiquetado/inat/images\inat_369551257_675043283.jpg,inat,positivo,False,inat_pos,1,inat_369551257_675043283.jpg,train
inat_370741557_677318315.jpg,data/etiquetado/inat/images\inat_370741557_677318315.jpg,inat,positivo,False,inat_pos,1,inat_371452062_678670667.jpg,train
inat_370741557_677318361.jpg,data/etiquetado/inat/images\inat_370741557_677318361.jpg,inat,positivo,False,inat_pos,2,inat_371452062_678670667.jpg,train
inat_370741557_677318397.jpg,data/etiquetado/inat/images\inat_370741557_677318397.jpg,inat,positivo,False,inat_pos,1,inat_371452062_678670667.jpg,train
inat_370741557_677318438.jpg,data/etiquetado/inat/images\inat_370741557_677318438.jpg,inat,positivo,False,inat_pos,1,inat_371452062_678670667.jpg,train
inat_370741557_677318467.jpg,data/etiquetado/inat/images\inat_370741557_677318467.jpg,inat,positivo,False,inat_pos,1,inat_371452062_678670667.jpg,train
inat_371116146_678043644.jpg,data/etiquetado/inat/images\inat_371116146_678043644.jpg,inat,positivo,False,inat_pos,2,inat_371116146_678043644.jpg,train
inat_371116146_678043676.jpg,data/etiquetado/inat/images\inat_371116146_678043676.jpg,inat,positivo,False,inat_pos,2,inat_371116146_678043644.jpg,train
inat_371116146_678043708.jpg,data/etiquetado/inat/images\inat_371116146_678043708.jpg,inat,positivo,False,inat_pos,2,inat_371116146_678043644.jpg,train
inat_371116146_678043726.jpg,data/etiquetado/inat/images\inat_371116146_678043726.jpg,inat,positivo,False,inat_pos,2,inat_371116146_678043644.jpg,train
inat_371116146_678043759.jpg,data/etiquetado/inat/images\inat_371116146_678043759.jpg,inat,positivo,False,inat_pos,2,inat_371116146_678043644.jpg,train
inat_371116146_678043787.jpg,data/etiquetado/inat/images\inat_371116146_678043787.jpg,inat,positivo,False,inat_pos,2,inat_371116146_678043644.jpg,train
inat_371116146_678043817.jpg,data/etiquetado/inat/images\inat_371116146_678043817.jpg,inat,positivo,False,inat_pos,2,inat_371116146_678043644.jpg,train
inat_371116146_678045686.jpg,data/etiquetado/inat/images\inat_371116146_678045686.jpg,inat,positivo,False,inat_pos,2,inat_371116146_678043644.jpg,train
inat_371377548_678526437.jpg,data/etiquetado/inat/images\inat_371377548_678526437.jpg,inat,positivo,False,inat_pos,1,inat_371377548_678526437.jpg,val
inat_371452062_678670667.jpg,data/etiquetado/inat/images\inat_371452062_678670667.jpg,inat,positivo,False,inat_pos,1,inat_371452062_678670667.jpg,train
inat_371452062_678671968.jpg,data/etiquetado/inat/images\inat_371452062_678671968.jpg,inat,positivo,False,inat_pos,2,inat_371452062_678670667.jpg,train
inat_371452062_678671969.jpg,data/etiquetado/inat/images\inat_371452062_678671969.jpg,inat,positivo,False,inat_pos,1,inat_371452062_678670667.jpg,train
inat_371766648_679268031.jpg,data/etiquetado/inat/images\inat_371766648_679268031.jpg,inat,positivo,False,inat_pos,1,inat_371452062_678670667.jpg,train
inat_371766648_679268428.jpg,data/etiquetado/inat/images\inat_371766648_679268428.jpg,inat,positivo,False,inat_pos,1,inat_371452062_678670667.jpg,train
inat_371766648_679268430.jpg,data/etiquetado/inat/images\inat_371766648_679268430.jpg,inat,positivo,False,inat_pos,1,inat_371452062_678670667.jpg,train
inat_371766648_679268441.jpg,data/etiquetado/inat/images\inat_371766648_679268441.jpg,inat,positivo,False,inat_pos,1,inat_371452062_678670667.jpg,train
inat_371766648_679268454.jpg,data/etiquetado/inat/images\inat_371766648_679268454.jpg,inat,positivo,False,inat_pos,2,inat_371452062_678670667.jpg,train
inat_371957478_679641693.jpg,data/etiquetado/inat/images\inat_371957478_679641693.jpg,inat,positivo,False,inat_pos,2,inat_371957478_679641693.jpg,val
inat_374491713_684507616_frame_001.jpg,data/etiquetado/inat/images\inat_374491713_684507616_frame_001.jpg,inat,positivo,False,inat_pos,1,inat_374491713_684507616_frame_001.jpg,train
inat_374491713_684507616_frame_013.jpg,data/etiquetado/inat/images\inat_374491713_684507616_frame_013.jpg,inat,positivo,False,inat_pos,1,inat_374491713_684507616_frame_001.jpg,train
inat_374687138_684879156.jpg,data/etiquetado/inat/images\inat_374687138_684879156.jpg,inat,positivo,False,inat_pos,1,inat_374687138_684879156.jpg,train
inat_375008924_685502111.jpg,data/etiquetado/inat/images\inat_375008924_685502111.jpg,inat,positivo,False,inat_pos,1,inat_375008924_685502111.jpg,train
inat_376144543_687693939.jpg,data/etiquetado/inat/images\inat_376144543_687693939.jpg,inat,positivo,False,inat_pos,2,inat_376144543_687693939.jpg,val
inat_380155555_695460971.jpg,data/etiquetado/inat/images\inat_380155555_695460971.jpg,inat,positivo,False,inat_pos,1,inat_380155555_695460971.jpg,val
inat_38065943_60444332.jpg,data/etiquetado/inat/images\inat_38065943_60444332.jpg,inat,positivo,False,inat_pos,1,inat_38065943_60444332.jpg,train
inat_381027924_697232827.jpg,data/etiquetado/inat/images\inat_381027924_697232827.jpg,inat,positivo,False,inat_pos,1,inat_381027924_697232827.jpg,train
inat_381027924_697232853.jpg,data/etiquetado/inat/images\inat_381027924_697232853.jpg,inat,positivo,False,inat_pos,1,inat_381027924_697232827.jpg,train
inat_381308170_697688992.jpg,data/etiquetado/inat/images\inat_381308170_697688992.jpg,inat,positivo,False,inat_pos,1,inat_381308170_697688992.jpg,train
inat_381308170_697689010.jpg,data/etiquetado/inat/images\inat_381308170_697689010.jpg,inat,positivo,False,inat_pos,1,inat_381308170_697688992.jpg,train
inat_381308170_697689011.jpg,data/etiquetado/inat/images\inat_381308170_697689011.jpg,inat,positivo,False,inat_pos,1,inat_381308170_697688992.jpg,train
inat_384029108_702929636.jpg,data/etiquetado/inat/images\inat_384029108_702929636.jpg,inat,positivo,False,inat_pos,2,inat_384029108_702929636.jpg,test
inat_384029108_702929799.jpg,data/etiquetado/inat/images\inat_384029108_702929799.jpg,inat,positivo,False,inat_pos,1,inat_384029108_702929636.jpg,test
inat_384138381_703145886.jpg,data/etiquetado/inat/images\inat_384138381_703145886.jpg,inat,positivo,False,inat_pos,1,inat_384138381_703145886.jpg,test
inat_384301806_703458405.jpg,data/etiquetado/inat/images\inat_384301806_703458405.jpg,inat,positivo,False,inat_pos,1,inat_384301806_703458405.jpg,train
inat_384301806_703458661.jpg,data/etiquetado/inat/images\inat_384301806_703458661.jpg,inat,positivo,False,inat_pos,1,inat_384301806_703458405.jpg,train
inat_384301806_703458718.jpg,data/etiquetado/inat/images\inat_384301806_703458718.jpg,inat,positivo,False,inat_pos,1,inat_384301806_703458405.jpg,train
inat_384301806_703458838.jpg,data/etiquetado/inat/images\inat_384301806_703458838.jpg,inat,positivo,False,inat_pos,1,inat_384301806_703458405.jpg,train
inat_384301806_703458897.jpg,data/etiquetado/inat/images\inat_384301806_703458897.jpg,inat,positivo,False,inat_pos,1,inat_384301806_703458405.jpg,train
inat_387762324_711210894.jpg,data/etiquetado/inat/images\inat_387762324_711210894.jpg,inat,positivo,False,inat_pos,2,inat_387762324_711210894.jpg,test
inat_390381556_715187375.jpg,data/etiquetado/inat/images\inat_390381556_715187375.jpg,inat,positivo,False,inat_pos,1,inat_390381556_715187375.jpg,train
inat_390381556_715187394.jpg,data/etiquetado/inat/images\inat_390381556_715187394.jpg,inat,positivo,False,inat_pos,1,inat_390381556_715187375.jpg,train
inat_390381556_715187427.jpg,data/etiquetado/inat/images\inat_390381556_715187427.jpg,inat,positivo,False,inat_pos,1,inat_390381556_715187375.jpg,train
inat_390381556_715187440.jpg,data/etiquetado/inat/images\inat_390381556_715187440.jpg,inat,positivo,False,inat_pos,1,inat_390381556_715187375.jpg,train
inat_391008482_716412171.jpg,data/etiquetado/inat/images\inat_391008482_716412171.jpg,inat,positivo,False,inat_pos,1,inat_391008482_716412171.jpg,train
inat_391008482_716412377.jpg,data/etiquetado/inat/images\inat_391008482_716412377.jpg,inat,positivo,False,inat_pos,1,inat_391008482_716412171.jpg,train
inat_391971517_718279343.jpg,data/etiquetado/inat/images\inat_391971517_718279343.jpg,inat,positivo,False,inat_pos,1,inat_391971517_718279343.jpg,train
inat_391971517_718279356.jpg,data/etiquetado/inat/images\inat_391971517_718279356.jpg,inat,positivo,False,inat_pos,1,inat_391971517_718279343.jpg,train
inat_392280160_718874268.jpg,data/etiquetado/inat/images\inat_392280160_718874268.jpg,inat,positivo,False,inat_pos,1,inat_392280160_718874268.jpg,train
inat_392280160_718874273.jpg,data/etiquetado/inat/images\inat_392280160_718874273.jpg,inat,positivo,False,inat_pos,1,inat_392280160_718874268.jpg,train
inat_392280160_718874282.jpg,data/etiquetado/inat/images\inat_392280160_718874282.jpg,inat,positivo,False,inat_pos,1,inat_392280160_718874268.jpg,train
inat_392991797_720245901.jpg,data/etiquetado/inat/images\inat_392991797_720245901.jpg,inat,positivo,False,inat_pos,1,inat_392991797_720245901.jpg,test
inat_39318254_62362185.jpg,data/etiquetado/inat/images\inat_39318254_62362185.jpg,inat,positivo,False,inat_pos,1,inat_39318254_62362185.jpg,val
inat_394359318_722961441.jpg,data/etiquetado/inat/images\inat_394359318_722961441.jpg,inat,positivo,False,inat_pos,2,inat_394359318_722961441.jpg,train
inat_394359318_722961443.jpg,data/etiquetado/inat/images\inat_394359318_722961443.jpg,inat,positivo,False,inat_pos,2,inat_394359318_722961441.jpg,train
inat_394359318_722961444.jpg,data/etiquetado/inat/images\inat_394359318_722961444.jpg,inat,positivo,False,inat_pos,2,inat_394359318_722961441.jpg,train
inat_394359318_722961457.jpg,data/etiquetado/inat/images\inat_394359318_722961457.jpg,inat,positivo,False,inat_pos,2,inat_394359318_722961441.jpg,train
inat_39476682_62637454.jpg,data/etiquetado/inat/images\inat_39476682_62637454.jpg,inat,positivo,False,inat_pos,1,inat_39476682_62637454.jpg,train
inat_395450065_725103486.jpg,data/etiquetado/inat/images\inat_395450065_725103486.jpg,inat,positivo,False,inat_pos,1,inat_395450065_725103486.jpg,test
inat_395847042_725864701.jpg,data/etiquetado/inat/images\inat_395847042_725864701.jpg,inat,positivo,False,inat_pos,1,inat_395847042_725864701.jpg,val
inat_395897101_725964198.jpg,data/etiquetado/inat/images\inat_395897101_725964198.jpg,inat,positivo,False,inat_pos,2,inat_395897101_725964198.jpg,train
inat_395897101_725964255.jpg,data/etiquetado/inat/images\inat_395897101_725964255.jpg,inat,positivo,False,inat_pos,2,inat_395897101_725964198.jpg,train
inat_40437497_64173882.jpg,data/etiquetado/inat/images\inat_40437497_64173882.jpg,inat,positivo,False,inat_pos,1,inat_40437497_64173882.jpg,test
inat_40690518_64503751.jpg,data/etiquetado/inat/images\inat_40690518_64503751.jpg,inat,positivo,False,inat_pos,1,inat_40690518_64503751.jpg,train
inat_40826240_64720256.jpg,data/etiquetado/inat/images\inat_40826240_64720256.jpg,inat,positivo,False,inat_pos,1,inat_40826240_64720256.jpg,train
inat_40826240_64720267.jpg,data/etiquetado/inat/images\inat_40826240_64720267.jpg,inat,positivo,False,inat_pos,1,inat_40826240_64720256.jpg,train
inat_40826240_67655132.jpg,data/etiquetado/inat/images\inat_40826240_67655132.jpg,inat,positivo,False,inat_pos,1,inat_40826240_64720256.jpg,train
inat_40826240_67655157.jpg,data/etiquetado/inat/images\inat_40826240_67655157.jpg,inat,positivo,False,inat_pos,1,inat_40826240_64720256.jpg,train
inat_40836667_64734733.jpg,data/etiquetado/inat/images\inat_40836667_64734733.jpg,inat,positivo,False,inat_pos,1,inat_40836667_64734733.jpg,train
inat_40836667_64734736.jpg,data/etiquetado/inat/images\inat_40836667_64734736.jpg,inat,positivo,False,inat_pos,2,inat_40836667_64734733.jpg,train
inat_40836667_64734745.jpg,data/etiquetado/inat/images\inat_40836667_64734745.jpg,inat,positivo,False,inat_pos,2,inat_40836667_64734733.jpg,train
inat_41835616_66382833.jpg,data/etiquetado/inat/images\inat_41835616_66382833.jpg,inat,positivo,False,inat_pos,1,inat_41835616_66382833.jpg,train
inat_41835616_66383476.jpg,data/etiquetado/inat/images\inat_41835616_66383476.jpg,inat,positivo,False,inat_pos,1,inat_41835616_66382833.jpg,train
inat_41887209_66468683.jpg,data/etiquetado/inat/images\inat_41887209_66468683.jpg,inat,positivo,False,inat_pos,1,inat_41887209_66468683.jpg,train
inat_42415614_67344971.jpg,data/etiquetado/inat/images\inat_42415614_67344971.jpg,inat,positivo,False,inat_pos,1,inat_42415614_67344971.jpg,test
inat_42415616_67345007.jpg,data/etiquetado/inat/images\inat_42415616_67345007.jpg,inat,positivo,False,inat_pos,1,inat_42415616_67345007.jpg,train
inat_42415620_67345130.jpg,data/etiquetado/inat/images\inat_42415620_67345130.jpg,inat,positivo,False,inat_pos,1,inat_42415620_67345130.jpg,val
inat_42566614_67592901.jpg,data/etiquetado/inat/images\inat_42566614_67592901.jpg,inat,positivo,False,inat_pos,1,inat_42566614_67592901.jpg,test
inat_42567797_67594777.jpg,data/etiquetado/inat/images\inat_42567797_67594777.jpg,inat,positivo,False,inat_pos,1,inat_42567797_67594777.jpg,train
inat_42568480_67595857.jpg,data/etiquetado/inat/images\inat_42568480_67595857.jpg,inat,positivo,False,inat_pos,1,inat_42568480_67595857.jpg,train
inat_42574409_67605496.jpg,data/etiquetado/inat/images\inat_42574409_67605496.jpg,inat,positivo,False,inat_pos,1,inat_42574409_67605496.jpg,train
inat_44231592_70129001.jpg,data/etiquetado/inat/images\inat_44231592_70129001.jpg,inat,positivo,False,inat_pos,1,inat_44231592_70129001.jpg,train
inat_44231592_70129556.jpg,data/etiquetado/inat/images\inat_44231592_70129556.jpg,inat,positivo,False,inat_pos,1,inat_44231592_70129001.jpg,train
inat_44299923_70163934.jpg,data/etiquetado/inat/images\inat_44299923_70163934.jpg,inat,positivo,False,inat_pos,1,inat_44299923_70163934.jpg,test
inat_45081966_71474392.jpg,data/etiquetado/inat/images\inat_45081966_71474392.jpg,inat,positivo,False,inat_pos,1,inat_45081966_71474392.jpg,test
inat_46422616_73628357.jpg,data/etiquetado/inat/images\inat_46422616_73628357.jpg,inat,positivo,False,inat_pos,1,inat_46422616_73628357.jpg,train
inat_46627161_73953094.jpg,data/etiquetado/inat/images\inat_46627161_73953094.jpg,inat,positivo,False,inat_pos,1,inat_46627161_73953094.jpg,train
inat_46652283_73990424.jpg,data/etiquetado/inat/images\inat_46652283_73990424.jpg,inat,positivo,False,inat_pos,1,inat_46652283_73990424.jpg,val
inat_46711174_74084637.jpg,data/etiquetado/inat/images\inat_46711174_74084637.jpg,inat,positivo,False,inat_pos,1,inat_46711174_74084637.jpg,train
inat_46711972_74086112.jpg,data/etiquetado/inat/images\inat_46711972_74086112.jpg,inat,positivo,False,inat_pos,1,inat_46711972_74086112.jpg,test
inat_46905601_74387694.jpg,data/etiquetado/inat/images\inat_46905601_74387694.jpg,inat,positivo,False,inat_pos,1,inat_46905601_74387694.jpg,test
inat_46905603_74388301.jpg,data/etiquetado/inat/images\inat_46905603_74388301.jpg,inat,positivo,False,inat_pos,1,inat_46905603_74388301.jpg,val
inat_47020993_74566326.jpg,data/etiquetado/inat/images\inat_47020993_74566326.jpg,inat,positivo,False,inat_pos,1,inat_47020993_74566326.jpg,train
inat_47020993_74567134.jpg,data/etiquetado/inat/images\inat_47020993_74567134.jpg,inat,positivo,False,inat_pos,1,inat_47020993_74566326.jpg,train
inat_47020993_74567159.jpg,data/etiquetado/inat/images\inat_47020993_74567159.jpg,inat,positivo,False,inat_pos,1,inat_47020993_74566326.jpg,train
inat_47020993_74569278.jpg,data/etiquetado/inat/images\inat_47020993_74569278.jpg,inat,positivo,False,inat_pos,1,inat_47020993_74566326.jpg,train
inat_47172293_74808356.jpg,data/etiquetado/inat/images\inat_47172293_74808356.jpg,inat,positivo,False,inat_pos,1,inat_47172293_74808356.jpg,test
inat_47272875_74973262.jpg,data/etiquetado/inat/images\inat_47272875_74973262.jpg,inat,positivo,False,inat_pos,1,inat_47272875_74973262.jpg,test
inat_4763347_5797828.jpg,data/etiquetado/inat/images\inat_4763347_5797828.jpg,inat,positivo,False,inat_pos,1,inat_4763347_5797828.jpg,train
inat_4763347_5797867.jpg,data/etiquetado/inat/images\inat_4763347_5797867.jpg,inat,positivo,False,inat_pos,1,inat_4763347_5797828.jpg,train
inat_48546645_77036783.jpg,data/etiquetado/inat/images\inat_48546645_77036783.jpg,inat,positivo,False,inat_pos,1,inat_48546645_77036783.jpg,train
inat_48660817_77200359.jpg,data/etiquetado/inat/images\inat_48660817_77200359.jpg,inat,positivo,False,inat_pos,1,inat_48660817_77200359.jpg,val
inat_49344081_78329193.jpg,data/etiquetado/inat/images\inat_49344081_78329193.jpg,inat,positivo,False,inat_pos,1,inat_49344081_78329193.jpg,train
inat_49344081_78329214.jpg,data/etiquetado/inat/images\inat_49344081_78329214.jpg,inat,positivo,False,inat_pos,1,inat_49344081_78329193.jpg,train
inat_49344081_78329285.jpg,data/etiquetado/inat/images\inat_49344081_78329285.jpg,inat,positivo,False,inat_pos,1,inat_49344081_78329193.jpg,train
inat_49344081_78329345.jpg,data/etiquetado/inat/images\inat_49344081_78329345.jpg,inat,positivo,False,inat_pos,1,inat_49344081_78329193.jpg,train
inat_49672975_78858104.jpg,data/etiquetado/inat/images\inat_49672975_78858104.jpg,inat,positivo,False,inat_pos,1,inat_49672975_78858104.jpg,train
inat_49672975_78858215.jpg,data/etiquetado/inat/images\inat_49672975_78858215.jpg,inat,positivo,False,inat_pos,1,inat_49672975_78858104.jpg,train
inat_49672975_78858327.jpg,data/etiquetado/inat/images\inat_49672975_78858327.jpg,inat,positivo,False,inat_pos,1,inat_49672975_78858104.jpg,train
inat_51211446_81351776.jpg,data/etiquetado/inat/images\inat_51211446_81351776.jpg,inat,positivo,False,inat_pos,1,inat_51211446_81351776.jpg,train
inat_53099915_84436898.jpg,data/etiquetado/inat/images\inat_53099915_84436898.jpg,inat,positivo,False,inat_pos,1,inat_53099915_84436898.jpg,train
inat_53181777_84570836.jpg,data/etiquetado/inat/images\inat_53181777_84570836.jpg,inat,positivo,False,inat_pos,1,inat_53181777_84570836.jpg,train
inat_55413181_88234251.jpg,data/etiquetado/inat/images\inat_55413181_88234251.jpg,inat,positivo,False,inat_pos,1,inat_55413181_88234251.jpg,train
inat_58358735_93165305.jpg,data/etiquetado/inat/images\inat_58358735_93165305.jpg,inat,positivo,False,inat_pos,1,inat_58358735_93165305.jpg,val
inat_58367708_93178554.jpg,data/etiquetado/inat/images\inat_58367708_93178554.jpg,inat,positivo,False,inat_pos,1,inat_58367708_93178554.jpg,train
inat_58367719_93180257.jpg,data/etiquetado/inat/images\inat_58367719_93180257.jpg,inat,positivo,False,inat_pos,1,inat_58367719_93180257.jpg,test
inat_58662504_93671104.jpg,data/etiquetado/inat/images\inat_58662504_93671104.jpg,inat,positivo,False,inat_pos,1,inat_58662504_93671104.jpg,test
inat_58910805_94086278.jpg,data/etiquetado/inat/images\inat_58910805_94086278.jpg,inat,positivo,False,inat_pos,1,inat_58910805_94086278.jpg,test
inat_59237210_94637576.jpg,data/etiquetado/inat/images\inat_59237210_94637576.jpg,inat,positivo,False,inat_pos,1,inat_59237210_94637576.jpg,train
inat_59237210_94637579.jpg,data/etiquetado/inat/images\inat_59237210_94637579.jpg,inat,positivo,False,inat_pos,1,inat_59237210_94637576.jpg,train
inat_59237210_94637599.jpg,data/etiquetado/inat/images\inat_59237210_94637599.jpg,inat,positivo,False,inat_pos,1,inat_59237210_94637576.jpg,train
inat_61182724_97878360.jpg,data/etiquetado/inat/images\inat_61182724_97878360.jpg,inat,positivo,False,inat_pos,2,inat_61182724_97878360.jpg,train
inat_61770689_98884410.jpg,data/etiquetado/inat/images\inat_61770689_98884410.jpg,inat,positivo,False,inat_pos,1,inat_61770689_98884410.jpg,train
inat_61770689_98884432.jpg,data/etiquetado/inat/images\inat_61770689_98884432.jpg,inat,positivo,False,inat_pos,1,inat_61770689_98884410.jpg,train
inat_61770689_98884458.jpg,data/etiquetado/inat/images\inat_61770689_98884458.jpg,inat,positivo,False,inat_pos,1,inat_61770689_98884410.jpg,train
inat_61952422_99198203.jpg,data/etiquetado/inat/images\inat_61952422_99198203.jpg,inat,positivo,False,inat_pos,1,inat_61952422_99198203.jpg,test
inat_62669810_100450669.jpg,data/etiquetado/inat/images\inat_62669810_100450669.jpg,inat,positivo,False,inat_pos,1,inat_62669810_100450669.jpg,val
inat_63502754_101921888.jpg,data/etiquetado/inat/images\inat_63502754_101921888.jpg,inat,positivo,False,inat_pos,1,inat_63502754_101921888.jpg,test
inat_63854124_102552886.jpg,data/etiquetado/inat/images\inat_63854124_102552886.jpg,inat,positivo,False,inat_pos,1,inat_63854124_102552886.jpg,train
inat_64181768_103143035.jpg,data/etiquetado/inat/images\inat_64181768_103143035.jpg,inat,positivo,False,inat_pos,1,inat_64181768_103143035.jpg,train
inat_64440045_103601814.jpg,data/etiquetado/inat/images\inat_64440045_103601814.jpg,inat,positivo,False,inat_pos,1,inat_64440045_103601814.jpg,train
inat_65040579_104654675.jpg,data/etiquetado/inat/images\inat_65040579_104654675.jpg,inat,positivo,False,inat_pos,1,inat_65040579_104654675.jpg,test
inat_65757559_105892367.jpg,data/etiquetado/inat/images\inat_65757559_105892367.jpg,inat,positivo,False,inat_pos,1,inat_65757559_105892367.jpg,train
inat_65757559_105892677.jpg,data/etiquetado/inat/images\inat_65757559_105892677.jpg,inat,positivo,False,inat_pos,1,inat_65757559_105892367.jpg,train
inat_65757866_105892957.jpg,data/etiquetado/inat/images\inat_65757866_105892957.jpg,inat,positivo,False,inat_pos,1,inat_65757866_105892957.jpg,train
inat_65758026_105893345.jpg,data/etiquetado/inat/images\inat_65758026_105893345.jpg,inat,positivo,False,inat_pos,1,inat_65758026_105893345.jpg,train
inat_65758297_105893594.jpg,data/etiquetado/inat/images\inat_65758297_105893594.jpg,inat,positivo,False,inat_pos,2,inat_65758297_105893594.jpg,train
inat_65758967_105894642.jpg,data/etiquetado/inat/images\inat_65758967_105894642.jpg,inat,positivo,False,inat_pos,1,inat_65758967_105894642.jpg,train
inat_65759134_105894914.jpg,data/etiquetado/inat/images\inat_65759134_105894914.jpg,inat,positivo,False,inat_pos,1,inat_65759134_105894914.jpg,val
inat_66042093_106382972.jpg,data/etiquetado/inat/images\inat_66042093_106382972.jpg,inat,positivo,False,inat_pos,1,inat_66042093_106382972.jpg,test
inat_66099850_106484602.jpg,data/etiquetado/inat/images\inat_66099850_106484602.jpg,inat,positivo,False,inat_pos,1,inat_66099850_106484602.jpg,val
inat_66545226_107298059.jpg,data/etiquetado/inat/images\inat_66545226_107298059.jpg,inat,positivo,False,inat_pos,1,inat_66545226_107298059.jpg,train
inat_66545226_107298070.jpg,data/etiquetado/inat/images\inat_66545226_107298070.jpg,inat,positivo,False,inat_pos,1,inat_66545226_107298059.jpg,train
inat_66545226_107298076.jpg,data/etiquetado/inat/images\inat_66545226_107298076.jpg,inat,positivo,False,inat_pos,1,inat_66545226_107298059.jpg,train
inat_66545226_107298083.jpg,data/etiquetado/inat/images\inat_66545226_107298083.jpg,inat,positivo,False,inat_pos,1,inat_66545226_107298059.jpg,train
inat_66545226_107298092.jpg,data/etiquetado/inat/images\inat_66545226_107298092.jpg,inat,positivo,False,inat_pos,1,inat_66545226_107298059.jpg,train
inat_66617503_107432313.jpg,data/etiquetado/inat/images\inat_66617503_107432313.jpg,inat,positivo,False,inat_pos,1,inat_66617503_107432313.jpg,train
inat_66617503_107432442.jpg,data/etiquetado/inat/images\inat_66617503_107432442.jpg,inat,positivo,False,inat_pos,1,inat_66617503_107432313.jpg,train
inat_67876056_109777008.jpg,data/etiquetado/inat/images\inat_67876056_109777008.jpg,inat,positivo,False,inat_pos,1,inat_67876056_109777008.jpg,train
inat_68270326_110501282.jpg,data/etiquetado/inat/images\inat_68270326_110501282.jpg,inat,positivo,False,inat_pos,1,inat_68270326_110501282.jpg,test
inat_70734170_115044458.jpg,data/etiquetado/inat/images\inat_70734170_115044458.jpg,inat,positivo,False,inat_pos,1,inat_70734170_115044458.jpg,train
inat_71771197_116903880.jpg,data/etiquetado/inat/images\inat_71771197_116903880.jpg,inat,positivo,False,inat_pos,1,inat_71771197_116903880.jpg,val
inat_7346685_9522552.jpg,data/etiquetado/inat/images\inat_7346685_9522552.jpg,inat,positivo,False,inat_pos,1,inat_7346685_9522552.jpg,test
inat_73568198_120116262.jpg,data/etiquetado/inat/images\inat_73568198_120116262.jpg,inat,positivo,False,inat_pos,1,inat_73568198_120116262.jpg,train
inat_73568198_120116278.jpg,data/etiquetado/inat/images\inat_73568198_120116278.jpg,inat,positivo,False,inat_pos,1,inat_73568198_120116262.jpg,train
inat_73568198_120116291.jpg,data/etiquetado/inat/images\inat_73568198_120116291.jpg,inat,positivo,False,inat_pos,1,inat_73568198_120116262.jpg,train
inat_73568198_120116305.jpg,data/etiquetado/inat/images\inat_73568198_120116305.jpg,inat,positivo,False,inat_pos,1,inat_73568198_120116262.jpg,train
inat_73568198_120116320.jpg,data/etiquetado/inat/images\inat_73568198_120116320.jpg,inat,positivo,False,inat_pos,1,inat_73568198_120116262.jpg,train
inat_73568198_120116331.jpg,data/etiquetado/inat/images\inat_73568198_120116331.jpg,inat,positivo,False,inat_pos,1,inat_73568198_120116262.jpg,train
inat_73568198_120116346.jpg,data/etiquetado/inat/images\inat_73568198_120116346.jpg,inat,positivo,False,inat_pos,1,inat_73568198_120116262.jpg,train
inat_73568198_120116357.jpg,data/etiquetado/inat/images\inat_73568198_120116357.jpg,inat,positivo,False,inat_pos,1,inat_73568198_120116262.jpg,train
inat_73568198_120116370.jpg,data/etiquetado/inat/images\inat_73568198_120116370.jpg,inat,positivo,False,inat_pos,1,inat_73568198_120116262.jpg,train
inat_73568198_120116378.jpg,data/etiquetado/inat/images\inat_73568198_120116378.jpg,inat,positivo,False,inat_pos,1,inat_73568198_120116262.jpg,train
inat_73568198_120116390.jpg,data/etiquetado/inat/images\inat_73568198_120116390.jpg,inat,positivo,False,inat_pos,1,inat_73568198_120116262.jpg,train
inat_73568198_120116402.jpg,data/etiquetado/inat/images\inat_73568198_120116402.jpg,inat,positivo,False,inat_pos,1,inat_73568198_120116262.jpg,train
inat_73568198_120116410.jpg,data/etiquetado/inat/images\inat_73568198_120116410.jpg,inat,positivo,False,inat_pos,1,inat_73568198_120116262.jpg,train
inat_73568198_120116424.jpg,data/etiquetado/inat/images\inat_73568198_120116424.jpg,inat,positivo,False,inat_pos,1,inat_73568198_120116262.jpg,train
inat_73568198_120116433.jpg,data/etiquetado/inat/images\inat_73568198_120116433.jpg,inat,positivo,False,inat_pos,1,inat_73568198_120116262.jpg,train
inat_73720061_120391343.jpg,data/etiquetado/inat/images\inat_73720061_120391343.jpg,inat,positivo,False,inat_pos,1,inat_73720061_120391343.jpg,train
inat_73720061_120391349.jpg,data/etiquetado/inat/images\inat_73720061_120391349.jpg,inat,positivo,False,inat_pos,1,inat_73720061_120391343.jpg,train
inat_73720061_120391361.jpg,data/etiquetado/inat/images\inat_73720061_120391361.jpg,inat,positivo,False,inat_pos,1,inat_73720061_120391343.jpg,train
inat_73720061_120391383.jpg,data/etiquetado/inat/images\inat_73720061_120391383.jpg,inat,positivo,False,inat_pos,1,inat_73720061_120391343.jpg,train
inat_73720061_120391404.jpg,data/etiquetado/inat/images\inat_73720061_120391404.jpg,inat,positivo,False,inat_pos,1,inat_73720061_120391343.jpg,train
inat_73720061_120391409.jpg,data/etiquetado/inat/images\inat_73720061_120391409.jpg,inat,positivo,False,inat_pos,1,inat_73720061_120391343.jpg,train
inat_73720061_120391413.jpg,data/etiquetado/inat/images\inat_73720061_120391413.jpg,inat,positivo,False,inat_pos,1,inat_73720061_120391343.jpg,train
inat_73720061_120391422.jpg,data/etiquetado/inat/images\inat_73720061_120391422.jpg,inat,positivo,False,inat_pos,1,inat_73720061_120391343.jpg,train
inat_73720061_120391433.jpg,data/etiquetado/inat/images\inat_73720061_120391433.jpg,inat,positivo,False,inat_pos,1,inat_73720061_120391343.jpg,train
inat_73720061_120391440.jpg,data/etiquetado/inat/images\inat_73720061_120391440.jpg,inat,positivo,False,inat_pos,1,inat_73720061_120391343.jpg,train
inat_73720061_120391444.jpg,data/etiquetado/inat/images\inat_73720061_120391444.jpg,inat,positivo,False,inat_pos,1,inat_73720061_120391343.jpg,train
inat_73720061_120391445.jpg,data/etiquetado/inat/images\inat_73720061_120391445.jpg,inat,positivo,False,inat_pos,1,inat_73720061_120391343.jpg,train
inat_73720061_120391455.jpg,data/etiquetado/inat/images\inat_73720061_120391455.jpg,inat,positivo,False,inat_pos,1,inat_73720061_120391343.jpg,train
inat_73720061_120391459.jpg,data/etiquetado/inat/images\inat_73720061_120391459.jpg,inat,positivo,False,inat_pos,1,inat_73720061_120391343.jpg,train
inat_73720061_120391466.jpg,data/etiquetado/inat/images\inat_73720061_120391466.jpg,inat,positivo,False,inat_pos,1,inat_73720061_120391343.jpg,train
inat_73720061_120391470.jpg,data/etiquetado/inat/images\inat_73720061_120391470.jpg,inat,positivo,False,inat_pos,1,inat_73720061_120391343.jpg,train
inat_73720061_120391473.jpg,data/etiquetado/inat/images\inat_73720061_120391473.jpg,inat,positivo,False,inat_pos,1,inat_73720061_120391343.jpg,train
inat_73720061_120391478.jpg,data/etiquetado/inat/images\inat_73720061_120391478.jpg,inat,positivo,False,inat_pos,1,inat_73720061_120391343.jpg,train
inat_7538062_9833482.jpg,data/etiquetado/inat/images\inat_7538062_9833482.jpg,inat,positivo,False,inat_pos,1,inat_7538062_9833482.jpg,train
inat_7538062_9835026.jpg,data/etiquetado/inat/images\inat_7538062_9835026.jpg,inat,positivo,False,inat_pos,1,inat_7538062_9833482.jpg,train
inat_7538062_9835051.jpg,data/etiquetado/inat/images\inat_7538062_9835051.jpg,inat,positivo,False,inat_pos,1,inat_7538062_9833482.jpg,train
inat_77511026_126767390.jpg,data/etiquetado/inat/images\inat_77511026_126767390.jpg,inat,positivo,False,inat_pos,1,inat_77511026_126767390.jpg,test
inat_79222935_129740683.jpg,data/etiquetado/inat/images\inat_79222935_129740683.jpg,inat,positivo,False,inat_pos,1,inat_79222935_129740683.jpg,val
inat_80101886_131257849.jpg,data/etiquetado/inat/images\inat_80101886_131257849.jpg,inat,positivo,False,inat_pos,2,inat_80101886_131257849.jpg,test
inat_83581046_137286429.jpg,data/etiquetado/inat/images\inat_83581046_137286429.jpg,inat,positivo,False,inat_pos,2,inat_83581046_137286429.jpg,val
inat_86459237_142431902.jpg,data/etiquetado/inat/images\inat_86459237_142431902.jpg,inat,positivo,False,inat_pos,1,inat_86459237_142431902.jpg,train
inat_8649458_11581021.jpg,data/etiquetado/inat/images\inat_8649458_11581021.jpg,inat,positivo,False,inat_pos,2,inat_8649458_11581021.jpg,val
inat_8649496_11581072.jpg,data/etiquetado/inat/images\inat_8649496_11581072.jpg,inat,positivo,False,inat_pos,1,inat_8649496_11581072.jpg,val
inat_87003478_143419381.jpg,data/etiquetado/inat/images\inat_87003478_143419381.jpg,inat,positivo,False,inat_pos,1,inat_87003478_143419381.jpg,test
inat_8701613_11666750.jpg,data/etiquetado/inat/images\inat_8701613_11666750.jpg,inat,positivo,False,inat_pos,1,inat_8701613_11666750.jpg,train
inat_8821614_11850866.jpg,data/etiquetado/inat/images\inat_8821614_11850866.jpg,inat,positivo,False,inat_pos,1,inat_8821614_11850866.jpg,train
inat_88943612_146818508.jpg,data/etiquetado/inat/images\inat_88943612_146818508.jpg,inat,positivo,False,inat_pos,1,inat_88943612_146818508.jpg,test
inat_88943615_146818538.jpg,data/etiquetado/inat/images\inat_88943615_146818538.jpg,inat,positivo,False,inat_pos,1,inat_88943615_146818538.jpg,val
inat_88943616_146818569.jpg,data/etiquetado/inat/images\inat_88943616_146818569.jpg,inat,positivo,False,inat_pos,1,inat_88943616_146818569.jpg,val
inat_89412031_147647268.jpg,data/etiquetado/inat/images\inat_89412031_147647268.jpg,inat,positivo,False,inat_pos,3,inat_89412031_147647268.jpg,val
inat_8993378_12120443.jpg,data/etiquetado/inat/images\inat_8993378_12120443.jpg,inat,positivo,False,inat_pos,1,inat_8993378_12120443.jpg,train
inat_90085545_148838187.jpg,data/etiquetado/inat/images\inat_90085545_148838187.jpg,inat,positivo,False,inat_pos,1,inat_90085545_148838187.jpg,train
inat_9053871_12221204.jpg,data/etiquetado/inat/images\inat_9053871_12221204.jpg,inat,positivo,False,inat_pos,2,inat_9053871_12221204.jpg,train
inat_94945335_157557814.jpg,data/etiquetado/inat/images\inat_94945335_157557814.jpg,inat,positivo,False,inat_pos,3,inat_94945335_157557814.jpg,test
inat_96432888_160206027.jpg,data/etiquetado/inat/images\inat_96432888_160206027.jpg,inat,positivo,False,inat_pos,1,inat_96432888_160206027.jpg,val
inat_97319000_161830515.jpg,data/etiquetado/inat/images\inat_97319000_161830515.jpg,inat,positivo,False,inat_pos,1,inat_97319000_161830515.jpg,train
inat_97319000_161830533.jpg,data/etiquetado/inat/images\inat_97319000_161830533.jpg,inat,positivo,False,inat_pos,1,inat_97319000_161830515.jpg,train
inat_97319000_161830557.jpg,data/etiquetado/inat/images\inat_97319000_161830557.jpg,inat,positivo,False,inat_pos,1,inat_97319000_161830515.jpg,train
inat_97319000_161830573.jpg,data/etiquetado/inat/images\inat_97319000_161830573.jpg,inat,positivo,False,inat_pos,1,inat_97319000_161830515.jpg,train
inat_97400266_161976305.jpg,data/etiquetado/inat/images\inat_97400266_161976305.jpg,inat,positivo,False,inat_pos,1,inat_97400266_161976305.jpg,val
inat_98639476_164270301.jpg,data/etiquetado/inat/images\inat_98639476_164270301.jpg,inat,positivo,False,inat_pos,1,inat_98639476_164270301.jpg,train
inat_98670528_164334614.jpg,data/etiquetado/inat/images\inat_98670528_164334614.jpg,inat,positivo,False,inat_pos,1,inat_98670528_164334614.jpg,val
inat_98670528_164334906.jpg,data/etiquetado/inat/images\inat_98670528_164334906.jpg,inat,positivo,False,inat_pos,1,inat_98670528_164334614.jpg,val
inat_99109154_165160691.jpg,data/etiquetado/inat/images\inat_99109154_165160691.jpg,inat,positivo,False,inat_pos,1,inat_99109154_165160691.jpg,test
inat_99549905_165975083.jpg,data/etiquetado/inat/images\inat_99549905_165975083.jpg,inat,positivo,False,inat_pos,1,inat_99549905_165975083.jpg,train
inat_99645347_166153700.jpg,data/etiquetado/inat/images\inat_99645347_166153700.jpg,inat,positivo,False,inat_pos,1,inat_99645347_166153700.jpg,train
inat_111974137_189082439.jpg,data/revisar/inat_sin_oso/rastro\inat_111974137_189082439.jpg,inat,negativo,False,inat_neg,0,inat_111974137_189082439.jpg,val
inat_123905284_209956411.jpg,data/revisar/inat_sin_oso/rastro\inat_123905284_209956411.jpg,inat,negativo,False,inat_neg,0,inat_123905284_209956411.jpg,test
inat_128546441_218353421.jpg,data/revisar/inat_sin_oso/rastro\inat_128546441_218353421.jpg,inat,negativo,False,inat_neg,0,inat_128546441_218353421.jpg,val
inat_135695726_231474886.jpg,data/revisar/inat_sin_oso/rastro\inat_135695726_231474886.jpg,inat,negativo,False,inat_neg,0,inat_135695726_231474886.jpg,train
inat_139213364_238069116.jpg,data/revisar/inat_sin_oso/rastro\inat_139213364_238069116.jpg,inat,negativo,False,inat_neg,0,inat_139213364_238069116.jpg,train
inat_16414340_24694642.jpg,data/revisar/inat_sin_oso/rastro\inat_16414340_24694642.jpg,inat,negativo,False,inat_neg,0,inat_16414340_24694642.jpg,train
inat_16414340_24694649.jpg,data/revisar/inat_sin_oso/rastro\inat_16414340_24694649.jpg,inat,negativo,False,inat_neg,0,inat_16414340_24694642.jpg,train
inat_173133096_300635104.jpg,data/revisar/inat_sin_oso/rastro\inat_173133096_300635104.jpg,inat,negativo,False,inat_neg,0,inat_173133096_300635104.jpg,val
inat_173133096_300635143.jpg,data/revisar/inat_sin_oso/rastro\inat_173133096_300635143.jpg,inat,negativo,False,inat_neg,0,inat_173133096_300635104.jpg,val
inat_173133096_300635189.jpg,data/revisar/inat_sin_oso/rastro\inat_173133096_300635189.jpg,inat,negativo,False,inat_neg,0,inat_173133096_300635104.jpg,val
inat_180018601_313503187.jpg,data/revisar/inat_sin_oso/rastro\inat_180018601_313503187.jpg,inat,negativo,False,inat_neg,0,inat_180018601_313503187.jpg,val
inat_186416708_325774126.jpg,data/revisar/inat_sin_oso/rastro\inat_186416708_325774126.jpg,inat,negativo,False,inat_neg,0,inat_186416708_325774126.jpg,train
inat_186416708_325774151.jpg,data/revisar/inat_sin_oso/rastro\inat_186416708_325774151.jpg,inat,negativo,False,inat_neg,0,inat_186416708_325774126.jpg,train
inat_190441996_333845066.jpg,data/revisar/inat_sin_oso/rastro\inat_190441996_333845066.jpg,inat,negativo,False,inat_neg,0,inat_190441996_333845066.jpg,train
inat_191973998_336910211.jpg,data/revisar/inat_sin_oso/rastro\inat_191973998_336910211.jpg,inat,negativo,False,inat_neg,0,inat_191973998_336910211.jpg,train
inat_192796457_338534146.jpg,data/revisar/inat_sin_oso/rastro\inat_192796457_338534146.jpg,inat,negativo,False,inat_neg,0,inat_192796457_338534146.jpg,train
inat_195012477_342957659.jpg,data/revisar/inat_sin_oso/rastro\inat_195012477_342957659.jpg,inat,negativo,False,inat_neg,0,inat_195012477_342957659.jpg,train
inat_195017238_342967437.jpg,data/revisar/inat_sin_oso/rastro\inat_195017238_342967437.jpg,inat,negativo,False,inat_neg,0,inat_195017238_342967437.jpg,test
inat_200467208_353685101.jpg,data/revisar/inat_sin_oso/rastro\inat_200467208_353685101.jpg,inat,negativo,False,inat_neg,0,inat_200467208_353685101.jpg,train
inat_20865121_32191353.jpg,data/revisar/inat_sin_oso/rastro\inat_20865121_32191353.jpg,inat,negativo,False,inat_neg,0,inat_20865121_32191353.jpg,train
inat_20865121_32191358.jpg,data/revisar/inat_sin_oso/rastro\inat_20865121_32191358.jpg,inat,negativo,False,inat_neg,0,inat_20865121_32191353.jpg,train
inat_244985427_437087319.jpg,data/revisar/inat_sin_oso/rastro\inat_244985427_437087319.jpg,inat,negativo,False,inat_neg,0,inat_244985427_437087319.jpg,train
inat_244985427_437087342.jpg,data/revisar/inat_sin_oso/rastro\inat_244985427_437087342.jpg,inat,negativo,False,inat_neg,0,inat_244985427_437087319.jpg,train
inat_244985427_437087365.jpg,data/revisar/inat_sin_oso/rastro\inat_244985427_437087365.jpg,inat,negativo,False,inat_neg,0,inat_244985427_437087319.jpg,train
inat_245850593_438783167.jpg,data/revisar/inat_sin_oso/rastro\inat_245850593_438783167.jpg,inat,negativo,False,inat_neg,0,inat_245850593_438783167.jpg,val
inat_246681174_440426943.jpg,data/revisar/inat_sin_oso/rastro\inat_246681174_440426943.jpg,inat,negativo,False,inat_neg,0,inat_246681174_440426943.jpg,val
inat_246821501_440704767.jpg,data/revisar/inat_sin_oso/rastro\inat_246821501_440704767.jpg,inat,negativo,False,inat_neg,0,inat_246821501_440704767.jpg,train
inat_246821582_440705015.jpg,data/revisar/inat_sin_oso/rastro\inat_246821582_440705015.jpg,inat,negativo,False,inat_neg,0,inat_246821582_440705015.jpg,test
inat_249785296_446585747.jpg,data/revisar/inat_sin_oso/rastro\inat_249785296_446585747.jpg,inat,negativo,False,inat_neg,0,inat_249785296_446585747.jpg,train
inat_249785296_446585759.jpg,data/revisar/inat_sin_oso/rastro\inat_249785296_446585759.jpg,inat,negativo,False,inat_neg,0,inat_249785296_446585747.jpg,train
inat_249785296_446585762.jpg,data/revisar/inat_sin_oso/rastro\inat_249785296_446585762.jpg,inat,negativo,False,inat_neg,0,inat_249785296_446585747.jpg,train
inat_250741748_448394822.jpg,data/revisar/inat_sin_oso/rastro\inat_250741748_448394822.jpg,inat,negativo,False,inat_neg,0,inat_250741748_448394822.jpg,train
inat_253316102_453547639.jpg,data/revisar/inat_sin_oso/rastro\inat_253316102_453547639.jpg,inat,negativo,False,inat_neg,0,inat_253316102_453547639.jpg,train
inat_253316102_453547661.jpg,data/revisar/inat_sin_oso/rastro\inat_253316102_453547661.jpg,inat,negativo,False,inat_neg,0,inat_253316102_453547639.jpg,train
inat_253316102_453547676.jpg,data/revisar/inat_sin_oso/rastro\inat_253316102_453547676.jpg,inat,negativo,False,inat_neg,0,inat_253316102_453547639.jpg,train
inat_254358316_455495546.jpg,data/revisar/inat_sin_oso/rastro\inat_254358316_455495546.jpg,inat,negativo,False,inat_neg,0,inat_254358316_455495546.jpg,train
inat_254540061_455949346.jpg,data/revisar/inat_sin_oso/rastro\inat_254540061_455949346.jpg,inat,negativo,False,inat_neg,0,inat_254540061_455949346.jpg,train
inat_258879470_464577541.jpg,data/revisar/inat_sin_oso/rastro\inat_258879470_464577541.jpg,inat,negativo,False,inat_neg,0,inat_258879470_464577541.jpg,train
inat_258879470_464578188.jpg,data/revisar/inat_sin_oso/rastro\inat_258879470_464578188.jpg,inat,negativo,False,inat_neg,0,inat_258879470_464577541.jpg,train
inat_259175487_465184860.jpg,data/revisar/inat_sin_oso/rastro\inat_259175487_465184860.jpg,inat,negativo,False,inat_neg,0,inat_259175487_465184860.jpg,test
inat_262025161_470823855.jpg,data/revisar/inat_sin_oso/rastro\inat_262025161_470823855.jpg,inat,negativo,False,inat_neg,0,inat_262025161_470823855.jpg,train
inat_262025161_470823865.jpg,data/revisar/inat_sin_oso/rastro\inat_262025161_470823865.jpg,inat,negativo,False,inat_neg,0,inat_262025161_470823855.jpg,train
inat_262025161_470823875.jpg,data/revisar/inat_sin_oso/rastro\inat_262025161_470823875.jpg,inat,negativo,False,inat_neg,0,inat_262025161_470823855.jpg,train
inat_275570590_495138658.jpg,data/revisar/inat_sin_oso/rastro\inat_275570590_495138658.jpg,inat,negativo,False,inat_neg,0,inat_275570590_495138658.jpg,val
inat_275570590_495138789.jpg,data/revisar/inat_sin_oso/rastro\inat_275570590_495138789.jpg,inat,negativo,False,inat_neg,0,inat_275570590_495138658.jpg,val
inat_292182342_525772695.jpg,data/revisar/inat_sin_oso/rastro\inat_292182342_525772695.jpg,inat,negativo,False,inat_neg,0,inat_292182342_525772695.jpg,val
inat_292182342_525772835.jpg,data/revisar/inat_sin_oso/rastro\inat_292182342_525772835.jpg,inat,negativo,False,inat_neg,0,inat_292182342_525772695.jpg,val
inat_292182419_525772912.jpg,data/revisar/inat_sin_oso/rastro\inat_292182419_525772912.jpg,inat,negativo,False,inat_neg,0,inat_292182419_525772912.jpg,train
inat_292936369_527205502.jpg,data/revisar/inat_sin_oso/rastro\inat_292936369_527205502.jpg,inat,negativo,False,inat_neg,0,inat_292936369_527205502.jpg,train
inat_294224586_529575447.jpg,data/revisar/inat_sin_oso/rastro\inat_294224586_529575447.jpg,inat,negativo,False,inat_neg,0,inat_294224586_529575447.jpg,val
inat_294224586_529575575.jpg,data/revisar/inat_sin_oso/rastro\inat_294224586_529575575.jpg,inat,negativo,False,inat_neg,0,inat_294224586_529575447.jpg,val
inat_296515363_533916633.jpg,data/revisar/inat_sin_oso/rastro\inat_296515363_533916633.jpg,inat,negativo,False,inat_neg,0,inat_296515363_533916633.jpg,train
inat_296515363_533916636.jpg,data/revisar/inat_sin_oso/rastro\inat_296515363_533916636.jpg,inat,negativo,False,inat_neg,0,inat_296515363_533916633.jpg,train
inat_302308533_544816107.jpg,data/revisar/inat_sin_oso/rastro\inat_302308533_544816107.jpg,inat,negativo,False,inat_neg,0,inat_302308533_544816107.jpg,train
inat_315380094_569718473.jpg,data/revisar/inat_sin_oso/rastro\inat_315380094_569718473.jpg,inat,negativo,False,inat_neg,0,inat_315380094_569718473.jpg,train
inat_315380094_569718501.jpg,data/revisar/inat_sin_oso/rastro\inat_315380094_569718501.jpg,inat,negativo,False,inat_neg,0,inat_315380094_569718473.jpg,train
inat_315380094_569718531.jpg,data/revisar/inat_sin_oso/rastro\inat_315380094_569718531.jpg,inat,negativo,False,inat_neg,0,inat_315380094_569718473.jpg,train
inat_315380094_569718551.jpg,data/revisar/inat_sin_oso/rastro\inat_315380094_569718551.jpg,inat,negativo,False,inat_neg,0,inat_315380094_569718473.jpg,train
inat_315380094_569718580.jpg,data/revisar/inat_sin_oso/rastro\inat_315380094_569718580.jpg,inat,negativo,False,inat_neg,0,inat_315380094_569718473.jpg,train
inat_323642337_585644003.jpg,data/revisar/inat_sin_oso/rastro\inat_323642337_585644003.jpg,inat,negativo,False,inat_neg,0,inat_323642337_585644003.jpg,train
inat_323642337_585644008.jpg,data/revisar/inat_sin_oso/rastro\inat_323642337_585644008.jpg,inat,negativo,False,inat_neg,0,inat_323642337_585644003.jpg,train
inat_330183261_598677885.jpg,data/revisar/inat_sin_oso/rastro\inat_330183261_598677885.jpg,inat,negativo,False,inat_neg,0,inat_330183261_598677885.jpg,train
inat_330183261_598677909.jpg,data/revisar/inat_sin_oso/rastro\inat_330183261_598677909.jpg,inat,negativo,False,inat_neg,0,inat_330183261_598677885.jpg,train
inat_337327874_613192552.jpg,data/revisar/inat_sin_oso/rastro\inat_337327874_613192552.jpg,inat,negativo,False,inat_neg,0,inat_337327874_613192552.jpg,val
inat_337404729_613351246.jpg,data/revisar/inat_sin_oso/rastro\inat_337404729_613351246.jpg,inat,negativo,False,inat_neg,0,inat_337404729_613351246.jpg,train
inat_338728748_616057244.jpg,data/revisar/inat_sin_oso/rastro\inat_338728748_616057244.jpg,inat,negativo,False,inat_neg,0,inat_338728748_616057244.jpg,train
inat_338728748_616060709.jpg,data/revisar/inat_sin_oso/rastro\inat_338728748_616060709.jpg,inat,negativo,False,inat_neg,0,inat_338728748_616057244.jpg,train
inat_344928187_628527761.jpg,data/revisar/inat_sin_oso/rastro\inat_344928187_628527761.jpg,inat,negativo,False,inat_neg,0,inat_344928187_628527761.jpg,train
inat_344928187_628527764.jpg,data/revisar/inat_sin_oso/rastro\inat_344928187_628527764.jpg,inat,negativo,False,inat_neg,0,inat_344928187_628527761.jpg,train
inat_344928187_628527765.jpg,data/revisar/inat_sin_oso/rastro\inat_344928187_628527765.jpg,inat,negativo,False,inat_neg,0,inat_344928187_628527761.jpg,train
inat_344928187_628527766.jpg,data/revisar/inat_sin_oso/rastro\inat_344928187_628527766.jpg,inat,negativo,False,inat_neg,0,inat_344928187_628527761.jpg,train
inat_347645626_633897009.jpg,data/revisar/inat_sin_oso/rastro\inat_347645626_633897009.jpg,inat,negativo,False,inat_neg,0,inat_347645626_633897009.jpg,train
inat_354510156_646699969.jpg,data/revisar/inat_sin_oso/rastro\inat_354510156_646699969.jpg,inat,negativo,False,inat_neg,0,inat_354510156_646699969.jpg,train
inat_357763747_652425775.jpg,data/revisar/inat_sin_oso/rastro\inat_357763747_652425775.jpg,inat,negativo,False,inat_neg,0,inat_357763747_652425775.jpg,train
inat_363818292_664142511.jpg,data/revisar/inat_sin_oso/rastro\inat_363818292_664142511.jpg,inat,negativo,False,inat_neg,0,inat_363818292_664142511.jpg,train
inat_36604788_57884124.jpg,data/revisar/inat_sin_oso/rastro\inat_36604788_57884124.jpg,inat,negativo,False,inat_neg,0,inat_36604788_57884124.jpg,train
inat_36604792_57884138.jpg,data/revisar/inat_sin_oso/rastro\inat_36604792_57884138.jpg,inat,negativo,False,inat_neg,0,inat_36604792_57884138.jpg,train
inat_37924789_60197776.jpg,data/revisar/inat_sin_oso/rastro\inat_37924789_60197776.jpg,inat,negativo,False,inat_neg,0,inat_37924789_60197776.jpg,train
inat_37924789_60197790.jpg,data/revisar/inat_sin_oso/rastro\inat_37924789_60197790.jpg,inat,negativo,False,inat_neg,0,inat_37924789_60197776.jpg,train
inat_389213189_712910192.jpg,data/revisar/inat_sin_oso/rastro\inat_389213189_712910192.jpg,inat,negativo,False,inat_neg,0,inat_389213189_712910192.jpg,train
inat_389213189_712910193.jpg,data/revisar/inat_sin_oso/rastro\inat_389213189_712910193.jpg,inat,negativo,False,inat_neg,0,inat_389213189_712910192.jpg,train
inat_389213189_712910200.jpg,data/revisar/inat_sin_oso/rastro\inat_389213189_712910200.jpg,inat,negativo,False,inat_neg,0,inat_389213189_712910192.jpg,train
inat_39303499_62339452.jpg,data/revisar/inat_sin_oso/rastro\inat_39303499_62339452.jpg,inat,negativo,False,inat_neg,0,inat_39303499_62339452.jpg,val
inat_3941361_4642425.jpg,data/revisar/inat_sin_oso/rastro\inat_3941361_4642425.jpg,inat,negativo,False,inat_neg,0,inat_3941361_4642425.jpg,train
inat_3949312_4653132.jpg,data/revisar/inat_sin_oso/rastro\inat_3949312_4653132.jpg,inat,negativo,False,inat_neg,0,inat_3949312_4653132.jpg,train
inat_3949312_4653133.jpg,data/revisar/inat_sin_oso/rastro\inat_3949312_4653133.jpg,inat,negativo,False,inat_neg,0,inat_3949312_4653132.jpg,train
inat_3949312_4653134.jpg,data/revisar/inat_sin_oso/rastro\inat_3949312_4653134.jpg,inat,negativo,False,inat_neg,0,inat_3949312_4653132.jpg,train
inat_39572560_62794763.jpg,data/revisar/inat_sin_oso/rastro\inat_39572560_62794763.jpg,inat,negativo,False,inat_neg,0,inat_39572560_62794763.jpg,train
inat_39572560_62794770.jpg,data/revisar/inat_sin_oso/rastro\inat_39572560_62794770.jpg,inat,negativo,False,inat_neg,0,inat_39572560_62794763.jpg,train
inat_42835772_68027161.jpg,data/revisar/inat_sin_oso/rastro\inat_42835772_68027161.jpg,inat,negativo,False,inat_neg,0,inat_42835772_68027161.jpg,train
inat_42835772_68027196.jpg,data/revisar/inat_sin_oso/rastro\inat_42835772_68027196.jpg,inat,negativo,False,inat_neg,0,inat_42835772_68027161.jpg,train
inat_42835772_68027359.jpg,data/revisar/inat_sin_oso/rastro\inat_42835772_68027359.jpg,inat,negativo,False,inat_neg,0,inat_42835772_68027161.jpg,train
inat_42835772_68027479.jpg,data/revisar/inat_sin_oso/rastro\inat_42835772_68027479.jpg,inat,negativo,False,inat_neg,0,inat_42835772_68027161.jpg,train
inat_46684391_74041659.jpg,data/revisar/inat_sin_oso/rastro\inat_46684391_74041659.jpg,inat,negativo,False,inat_neg,0,inat_46684391_74041659.jpg,val
inat_46801959_74224991.jpg,data/revisar/inat_sin_oso/rastro\inat_46801959_74224991.jpg,inat,negativo,False,inat_neg,0,inat_46801959_74224991.jpg,train
inat_52993006_84267923.jpg,data/revisar/inat_sin_oso/rastro\inat_52993006_84267923.jpg,inat,negativo,False,inat_neg,0,inat_52993006_84267923.jpg,train
inat_54076358_86025597.jpg,data/revisar/inat_sin_oso/rastro\inat_54076358_86025597.jpg,inat,negativo,False,inat_neg,0,inat_54076358_86025597.jpg,test
inat_54076972_86026776.jpg,data/revisar/inat_sin_oso/rastro\inat_54076972_86026776.jpg,inat,negativo,False,inat_neg,0,inat_54076972_86026776.jpg,train
inat_54081104_86027245.jpg,data/revisar/inat_sin_oso/rastro\inat_54081104_86027245.jpg,inat,negativo,False,inat_neg,0,inat_54081104_86027245.jpg,val
inat_61744903_98837255.jpg,data/revisar/inat_sin_oso/rastro\inat_61744903_98837255.jpg,inat,negativo,False,inat_neg,0,inat_61744903_98837255.jpg,train
inat_67243217_108592992.jpg,data/revisar/inat_sin_oso/rastro\inat_67243217_108592992.jpg,inat,negativo,False,inat_neg,0,inat_67243217_108592992.jpg,test
inat_67243217_108593637.jpg,data/revisar/inat_sin_oso/rastro\inat_67243217_108593637.jpg,inat,negativo,False,inat_neg,0,inat_67243217_108592992.jpg,test
inat_68738508_111379636.jpg,data/revisar/inat_sin_oso/rastro\inat_68738508_111379636.jpg,inat,negativo,False,inat_neg,0,inat_68738508_111379636.jpg,train
inat_68738508_111379645.jpg,data/revisar/inat_sin_oso/rastro\inat_68738508_111379645.jpg,inat,negativo,False,inat_neg,0,inat_68738508_111379636.jpg,train
inat_68738508_111379657.jpg,data/revisar/inat_sin_oso/rastro\inat_68738508_111379657.jpg,inat,negativo,False,inat_neg,0,inat_68738508_111379636.jpg,train
inat_69658628_113076093.jpg,data/revisar/inat_sin_oso/rastro\inat_69658628_113076093.jpg,inat,negativo,False,inat_neg,0,inat_69658628_113076093.jpg,train
inat_69658628_113076108.jpg,data/revisar/inat_sin_oso/rastro\inat_69658628_113076108.jpg,inat,negativo,False,inat_neg,0,inat_69658628_113076093.jpg,train
inat_69658628_113076112.jpg,data/revisar/inat_sin_oso/rastro\inat_69658628_113076112.jpg,inat,negativo,False,inat_neg,0,inat_69658628_113076093.jpg,train
inat_91872417_152032560.jpg,data/revisar/inat_sin_oso/rastro\inat_91872417_152032560.jpg,inat,negativo,False,inat_neg,0,inat_91872417_152032560.jpg,train
inat_94784968_157264487.jpg,data/revisar/inat_sin_oso/rastro\inat_94784968_157264487.jpg,inat,negativo,False,inat_neg,0,inat_94784968_157264487.jpg,train
inat_19338027_29733306.jpg,data/revisar/inat_conf_baja/rastro\inat_19338027_29733306.jpg,inat,negativo,False,inat_neg,0,inat_19338027_29733306.jpg,train
inat_222117969_393419250.jpg,data/revisar/inat_conf_baja/rastro\inat_222117969_393419250.jpg,inat,negativo,False,inat_neg,0,inat_222117969_393419250.jpg,train
inat_249785296_446585748.jpg,data/revisar/inat_conf_baja/rastro\inat_249785296_446585748.jpg,inat,negativo,False,inat_neg,0,inat_249785296_446585747.jpg,train
inat_338728748_616060781.jpg,data/revisar/inat_conf_baja/rastro\inat_338728748_616060781.jpg,inat,negativo,False,inat_neg,0,inat_338728748_616057244.jpg,train
inat_37924789_60197784.jpg,data/revisar/inat_conf_baja/rastro\inat_37924789_60197784.jpg,inat,negativo,False,inat_neg,0,inat_37924789_60197776.jpg,train
inat_42835772_68027338.jpg,data/revisar/inat_conf_baja/rastro\inat_42835772_68027338.jpg,inat,negativo,False,inat_neg,0,inat_42835772_68027161.jpg,train
inat_69658628_113075999.jpg,data/revisar/inat_conf_baja/rastro\inat_69658628_113075999.jpg,inat,negativo,False,inat_neg,0,inat_69658628_113076093.jpg,train
inat_69658628_113076001.jpg,data/revisar/inat_conf_baja/rastro\inat_69658628_113076001.jpg,inat,negativo,False,inat_neg,0,inat_69658628_113076093.jpg,train
inat_10293762_14254748.jpg,data/revisar/inat_sin_oso/sin_oso/paisaje\inat_10293762_14254748.jpg,inat,negativo,False,inat_neg,0,inat_10293762_14254748.jpg,train
inat_108510091_182707831.jpg,data/revisar/inat_sin_oso/sin_oso/paisaje\inat_108510091_182707831.jpg,inat,negativo,False,inat_neg,0,inat_108510091_182707831.jpg,train
inat_126666811_214940566.jpg,data/revisar/inat_sin_oso/sin_oso/paisaje\inat_126666811_214940566.jpg,inat,negativo,False,inat_neg,0,inat_126666811_214940566.jpg,train
inat_126666811_214940605.jpg,data/revisar/inat_sin_oso/sin_oso/paisaje\inat_126666811_214940605.jpg,inat,negativo,False,inat_neg,0,inat_126666811_214940566.jpg,train
inat_147946488_254674743.jpg,data/revisar/inat_sin_oso/sin_oso/paisaje\inat_147946488_254674743.jpg,inat,negativo,False,inat_neg,0,inat_147946488_254674743.jpg,train
inat_147946488_254674751.jpg,data/revisar/inat_sin_oso/sin_oso/paisaje\inat_147946488_254674751.jpg,inat,negativo,False,inat_neg,0,inat_147946488_254674743.jpg,train
inat_147946488_254674758.jpg,data/revisar/inat_sin_oso/sin_oso/paisaje\inat_147946488_254674758.jpg,inat,negativo,False,inat_neg,0,inat_147946488_254674743.jpg,train
inat_147946488_254674764.jpg,data/revisar/inat_sin_oso/sin_oso/paisaje\inat_147946488_254674764.jpg,inat,negativo,False,inat_neg,0,inat_147946488_254674743.jpg,train
inat_147946488_254674768.jpg,data/revisar/inat_sin_oso/sin_oso/paisaje\inat_147946488_254674768.jpg,inat,negativo,False,inat_neg,0,inat_147946488_254674743.jpg,train
inat_147946488_254674773.jpg,data/revisar/inat_sin_oso/sin_oso/paisaje\inat_147946488_254674773.jpg,inat,negativo,False,inat_neg,0,inat_147946488_254674743.jpg,train
inat_147946488_254674779.jpg,data/revisar/inat_sin_oso/sin_oso/paisaje\inat_147946488_254674779.jpg,inat,negativo,False,inat_neg,0,inat_147946488_254674743.jpg,train
inat_147946488_254674784.jpg,data/revisar/inat_sin_oso/sin_oso/paisaje\inat_147946488_254674784.jpg,inat,negativo,False,inat_neg,0,inat_147946488_254674743.jpg,train
inat_147946488_254674798.jpg,data/revisar/inat_sin_oso/sin_oso/paisaje\inat_147946488_254674798.jpg,inat,negativo,False,inat_neg,0,inat_147946488_254674743.jpg,train
inat_147946488_254674817.jpg,data/revisar/inat_sin_oso/sin_oso/paisaje\inat_147946488_254674817.jpg,inat,negativo,False,inat_neg,0,inat_147946488_254674743.jpg,train
inat_194128475_341150290.jpg,data/revisar/inat_sin_oso/sin_oso/paisaje\inat_194128475_341150290.jpg,inat,negativo,False,inat_neg,0,inat_194128475_341150290.jpg,train
inat_195010630_342953781.jpg,data/revisar/inat_sin_oso/sin_oso/paisaje\inat_195010630_342953781.jpg,inat,negativo,False,inat_neg,0,inat_195010630_342953781.jpg,val
inat_19665936_30288426.jpg,data/revisar/inat_sin_oso/sin_oso/paisaje\inat_19665936_30288426.jpg,inat,negativo,False,inat_neg,0,inat_19665936_30288426.jpg,train
inat_197839918_348550665.jpg,data/revisar/inat_sin_oso/sin_oso/paisaje\inat_197839918_348550665.jpg,inat,negativo,False,inat_neg,0,inat_197839918_348550682.jpg,train
inat_222117969_393419145.jpg,data/revisar/inat_sin_oso/sin_oso/paisaje\inat_222117969_393419145.jpg,inat,negativo,False,inat_neg,0,inat_222117969_393419250.jpg,train
inat_225244788_399332516.jpg,data/revisar/inat_sin_oso/sin_oso/paisaje\inat_225244788_399332516.jpg,inat,negativo,False,inat_neg,0,inat_225244788_399332516.jpg,val
inat_237737122_423139281.jpg,data/revisar/inat_sin_oso/sin_oso/paisaje\inat_237737122_423139281.jpg,inat,negativo,False,inat_neg,0,inat_237737122_423139281.jpg,test
inat_237737122_423139316.jpg,data/revisar/inat_sin_oso/sin_oso/paisaje\inat_237737122_423139316.jpg,inat,negativo,False,inat_neg,0,inat_237737122_423139281.jpg,test
inat_250741752_448394979.jpg,data/revisar/inat_sin_oso/sin_oso/paisaje\inat_250741752_448394979.jpg,inat,negativo,False,inat_neg,0,inat_250741752_448394979.jpg,train
inat_250741752_448394986.jpg,data/revisar/inat_sin_oso/sin_oso/paisaje\inat_250741752_448394986.jpg,inat,negativo,False,inat_neg,0,inat_250741752_448394979.jpg,train
inat_250741752_448395001.jpg,data/revisar/inat_sin_oso/sin_oso/paisaje\inat_250741752_448395001.jpg,inat,negativo,False,inat_neg,0,inat_250741752_448394979.jpg,train
inat_250741752_448395054.jpg,data/revisar/inat_sin_oso/sin_oso/paisaje\inat_250741752_448395054.jpg,inat,negativo,False,inat_neg,0,inat_250741752_448394979.jpg,train
inat_250741777_448395297.jpg,data/revisar/inat_sin_oso/sin_oso/paisaje\inat_250741777_448395297.jpg,inat,negativo,False,inat_neg,0,inat_250741777_448395297.jpg,test
inat_250741778_448395315.jpg,data/revisar/inat_sin_oso/sin_oso/paisaje\inat_250741778_448395315.jpg,inat,negativo,False,inat_neg,0,inat_250741778_448395315.jpg,train
inat_250741778_448395317.jpg,data/revisar/inat_sin_oso/sin_oso/paisaje\inat_250741778_448395317.jpg,inat,negativo,False,inat_neg,0,inat_250741778_448395315.jpg,train
inat_250741797_448395648.jpg,data/revisar/inat_sin_oso/sin_oso/paisaje\inat_250741797_448395648.jpg,inat,negativo,False,inat_neg,0,inat_250741797_448395648.jpg,val
inat_250741797_448395665.jpg,data/revisar/inat_sin_oso/sin_oso/paisaje\inat_250741797_448395665.jpg,inat,negativo,False,inat_neg,0,inat_250741797_448395648.jpg,val
inat_253875871_454653460.jpg,data/revisar/inat_sin_oso/sin_oso/paisaje\inat_253875871_454653460.jpg,inat,negativo,False,inat_neg,0,inat_253875871_454653460.jpg,test
inat_281148403_505019026.jpg,data/revisar/inat_sin_oso/sin_oso/paisaje\inat_281148403_505019026.jpg,inat,negativo,False,inat_neg,0,inat_281148403_505019026.jpg,train
inat_281148403_505019039.jpg,data/revisar/inat_sin_oso/sin_oso/paisaje\inat_281148403_505019039.jpg,inat,negativo,False,inat_neg,0,inat_281148403_505019026.jpg,train
inat_284844895_511953713.jpg,data/revisar/inat_sin_oso/sin_oso/paisaje\inat_284844895_511953713.jpg,inat,negativo,False,inat_neg,0,inat_284844895_511953713.jpg,train
inat_284844895_511953776.jpg,data/revisar/inat_sin_oso/sin_oso/paisaje\inat_284844895_511953776.jpg,inat,negativo,False,inat_neg,0,inat_284844895_511953713.jpg,train
inat_284844895_511953820.jpg,data/revisar/inat_sin_oso/sin_oso/paisaje\inat_284844895_511953820.jpg,inat,negativo,False,inat_neg,0,inat_284844895_511953713.jpg,train
inat_284844895_511953857.jpg,data/revisar/inat_sin_oso/sin_oso/paisaje\inat_284844895_511953857.jpg,inat,negativo,False,inat_neg,0,inat_284844895_511953713.jpg,train
inat_284844895_511953901.jpg,data/revisar/inat_sin_oso/sin_oso/paisaje\inat_284844895_511953901.jpg,inat,negativo,False,inat_neg,0,inat_284844895_511953713.jpg,train
inat_284844895_511953936.jpg,data/revisar/inat_sin_oso/sin_oso/paisaje\inat_284844895_511953936.jpg,inat,negativo,False,inat_neg,0,inat_284844895_511953713.jpg,train
inat_284844895_511954001.jpg,data/revisar/inat_sin_oso/sin_oso/paisaje\inat_284844895_511954001.jpg,inat,negativo,False,inat_neg,0,inat_284844895_511953713.jpg,train
inat_284844895_511954050.jpg,data/revisar/inat_sin_oso/sin_oso/paisaje\inat_284844895_511954050.jpg,inat,negativo,False,inat_neg,0,inat_284844895_511953713.jpg,train
inat_298200858_537110854.jpg,data/revisar/inat_sin_oso/sin_oso/paisaje\inat_298200858_537110854.jpg,inat,negativo,False,inat_neg,0,inat_298200858_537110854.jpg,test
inat_307858862_555349436.jpg,data/revisar/inat_sin_oso/sin_oso/paisaje\inat_307858862_555349436.jpg,inat,negativo,False,inat_neg,0,inat_307858862_555349436.jpg,train
inat_334047681_606544102.jpg,data/revisar/inat_sin_oso/sin_oso/paisaje\inat_334047681_606544102.jpg,inat,negativo,False,inat_neg,0,inat_334047681_606544102.jpg,train
inat_347645626_633899439.jpg,data/revisar/inat_sin_oso/sin_oso/paisaje\inat_347645626_633899439.jpg,inat,negativo,False,inat_neg,0,inat_347645626_633897009.jpg,train
inat_357763747_652425747.jpg,data/revisar/inat_sin_oso/sin_oso/paisaje\inat_357763747_652425747.jpg,inat,negativo,False,inat_neg,0,inat_357763747_652425775.jpg,train
inat_37769733_59936551.jpg,data/revisar/inat_sin_oso/sin_oso/paisaje\inat_37769733_59936551.jpg,inat,negativo,False,inat_neg,0,inat_37769733_59936551.jpg,train
inat_37769733_59947432.jpg,data/revisar/inat_sin_oso/sin_oso/paisaje\inat_37769733_59947432.jpg,inat,negativo,False,inat_neg,0,inat_37769733_59936551.jpg,train
inat_37769733_59947435.jpg,data/revisar/inat_sin_oso/sin_oso/paisaje\inat_37769733_59947435.jpg,inat,negativo,False,inat_neg,0,inat_37769733_59936551.jpg,train
inat_42835772_68027109.jpg,data/revisar/inat_sin_oso/sin_oso/paisaje\inat_42835772_68027109.jpg,inat,negativo,False,inat_neg,0,inat_42835772_68027161.jpg,train
inat_42835772_68027274.jpg,data/revisar/inat_sin_oso/sin_oso/paisaje\inat_42835772_68027274.jpg,inat,negativo,False,inat_neg,0,inat_42835772_68027161.jpg,train
inat_42835772_68027384.jpg,data/revisar/inat_sin_oso/sin_oso/paisaje\inat_42835772_68027384.jpg,inat,negativo,False,inat_neg,0,inat_42835772_68027161.jpg,train
inat_42835772_68027411.jpg,data/revisar/inat_sin_oso/sin_oso/paisaje\inat_42835772_68027411.jpg,inat,negativo,False,inat_neg,0,inat_42835772_68027161.jpg,train
inat_46801959_74224930.jpg,data/revisar/inat_sin_oso/sin_oso/paisaje\inat_46801959_74224930.jpg,inat,negativo,False,inat_neg,0,inat_46801959_74224991.jpg,train
inat_49478668_78544255.jpg,data/revisar/inat_sin_oso/sin_oso/paisaje\inat_49478668_78544255.jpg,inat,negativo,False,inat_neg,0,inat_49478668_78544255.jpg,train
inat_49481551_78549048.jpg,data/revisar/inat_sin_oso/sin_oso/paisaje\inat_49481551_78549048.jpg,inat,negativo,False,inat_neg,0,inat_49481551_78549048.jpg,train
inat_54074871_86022890.jpg,data/revisar/inat_sin_oso/sin_oso/paisaje\inat_54074871_86022890.jpg,inat,negativo,False,inat_neg,0,inat_54074871_86022890.jpg,test
inat_54075142_86023360.jpg,data/revisar/inat_sin_oso/sin_oso/paisaje\inat_54075142_86023360.jpg,inat,negativo,False,inat_neg,0,inat_54075142_86023360.jpg,train
inat_54075578_86023734.jpg,data/revisar/inat_sin_oso/sin_oso/paisaje\inat_54075578_86023734.jpg,inat,negativo,False,inat_neg,0,inat_54075578_86023734.jpg,val
inat_54076564_86026165.jpg,data/revisar/inat_sin_oso/sin_oso/paisaje\inat_54076564_86026165.jpg,inat,negativo,False,inat_neg,0,inat_54076564_86026165.jpg,test
inat_70571311_114748972.jpg,data/revisar/inat_sin_oso/sin_oso/paisaje\inat_70571311_114748972.jpg,inat,negativo,False,inat_neg,0,inat_70571311_114748972.jpg,test
inat_77204419_126244745.jpg,data/revisar/inat_sin_oso/sin_oso/paisaje\inat_77204419_126244745.jpg,inat,negativo,False,inat_neg,0,inat_77204419_126244745.jpg,train
inatneg_244314768_435786387.jpg,data/raw/inaturalist_negativos\inatneg_244314768_435786387.jpg,inat,negativo,False,inat_neg,0,inatneg_244314768_435786387.jpg,train
inatneg_244314768_435786388.jpg,data/raw/inaturalist_negativos\inatneg_244314768_435786388.jpg,inat,negativo,False,inat_neg,0,inatneg_244314768_435786387.jpg,train
inatneg_247481111_442013475.jpg,data/raw/inaturalist_negativos\inatneg_247481111_442013475.jpg,inat,negativo,False,inat_neg,0,inatneg_247481111_442013475.jpg,train
inatneg_247481116_442013368.jpg,data/raw/inaturalist_negativos\inatneg_247481116_442013368.jpg,inat,negativo,False,inat_neg,0,inatneg_247481116_442013368.jpg,train
inatneg_247481117_442013485.jpg,data/raw/inaturalist_negativos\inatneg_247481117_442013485.jpg,inat,negativo,False,inat_neg,0,inatneg_247481117_442013485.jpg,train
inatneg_250504276_448032493.jpg,data/raw/inaturalist_negativos\inatneg_250504276_448032493.jpg,inat,negativo,False,inat_neg,0,inatneg_250504276_448032493.jpg,train
inatneg_253503782_453924412.jpg,data/raw/inaturalist_negativos\inatneg_253503782_453924412.jpg,inat,negativo,False,inat_neg,0,inatneg_253503782_453924412.jpg,train
inatneg_253616169_454150404.jpg,data/raw/inaturalist_negativos\inatneg_253616169_454150404.jpg,inat,negativo,False,inat_neg,0,inatneg_253616169_454150404.jpg,test
inatneg_255111053_457102107.jpg,data/raw/inaturalist_negativos\inatneg_255111053_457102107.jpg,inat,negativo,False,inat_neg,0,inatneg_255111053_457102107.jpg,train
inatneg_260657729_468138729.jpg,data/raw/inaturalist_negativos\inatneg_260657729_468138729.jpg,inat,negativo,False,inat_neg,0,inatneg_260657729_468138729.jpg,val
inatneg_261072861_468961470.jpg,data/raw/inaturalist_negativos\inatneg_261072861_468961470.jpg,inat,negativo,False,inat_neg,0,inatneg_261072861_468961470.jpg,train
inatneg_261072861_468961496.jpg,data/raw/inaturalist_negativos\inatneg_261072861_468961496.jpg,inat,negativo,False,inat_neg,0,inatneg_261072861_468961470.jpg,train
inatneg_261800881_470409179.jpg,data/raw/inaturalist_negativos\inatneg_261800881_470409179.jpg,inat,negativo,False,inat_neg,0,inatneg_261800881_470409179.jpg,train
inatneg_261800881_470409184.jpg,data/raw/inaturalist_negativos\inatneg_261800881_470409184.jpg,inat,negativo,False,inat_neg,0,inatneg_261800881_470409179.jpg,train
inatneg_262938279_472270691.jpg,data/raw/inaturalist_negativos\inatneg_262938279_472270691.jpg,inat,negativo,False,inat_neg,0,inatneg_262938279_472270691.jpg,train
inatneg_262938279_472270702.jpg,data/raw/inaturalist_negativos\inatneg_262938279_472270702.jpg,inat,negativo,False,inat_neg,0,inatneg_262938279_472270691.jpg,train
inatneg_264029278_474419408.jpg,data/raw/inaturalist_negativos\inatneg_264029278_474419408.jpg,inat,negativo,False,inat_neg,0,inatneg_264029278_474419408.jpg,train
inatneg_268507329_482642099.jpg,data/raw/inaturalist_negativos\inatneg_268507329_482642099.jpg,inat,negativo,False,inat_neg,0,inatneg_268507329_482642099.jpg,val
inatneg_269634469_484820609.jpg,data/raw/inaturalist_negativos\inatneg_269634469_484820609.jpg,inat,negativo,False,inat_neg,0,inatneg_269634469_484820609.jpg,val
inatneg_271831797_488997354.jpg,data/raw/inaturalist_negativos\inatneg_271831797_488997354.jpg,inat,negativo,False,inat_neg,0,inatneg_271831797_488997354.jpg,train
inatneg_271831797_488997399.jpg,data/raw/inaturalist_negativos\inatneg_271831797_488997399.jpg,inat,negativo,False,inat_neg,0,inatneg_271831797_488997354.jpg,train
inatneg_277644701_498535112.jpg,data/raw/inaturalist_negativos\inatneg_277644701_498535112.jpg,inat,negativo,False,inat_neg,0,inatneg_277644701_498535112.jpg,test
inatneg_281076237_504879149.jpg,data/raw/inaturalist_negativos\inatneg_281076237_504879149.jpg,inat,negativo,False,inat_neg,0,inatneg_281076237_504879149.jpg,train
inatneg_283172916_508799153.jpg,data/raw/inaturalist_negativos\inatneg_283172916_508799153.jpg,inat,negativo,False,inat_neg,0,inatneg_283172916_508799153.jpg,test
inatneg_283180109_508811938.jpg,data/raw/inaturalist_negativos\inatneg_283180109_508811938.jpg,inat,negativo,False,inat_neg,0,inatneg_283180109_508811938.jpg,train
inatneg_283181157_508813786.jpg,data/raw/inaturalist_negativos\inatneg_283181157_508813786.jpg,inat,negativo,False,inat_neg,0,inatneg_283180109_508811938.jpg,train
inatneg_283183228_508817424.jpg,data/raw/inaturalist_negativos\inatneg_283183228_508817424.jpg,inat,negativo,False,inat_neg,0,inatneg_283183228_508817424.jpg,train
inatneg_284851041_511965582.jpg,data/raw/inaturalist_negativos\inatneg_284851041_511965582.jpg,inat,negativo,False,inat_neg,0,inatneg_284851041_511965582.jpg,train
inatneg_284851041_511965623.jpg,data/raw/inaturalist_negativos\inatneg_284851041_511965623.jpg,inat,negativo,False,inat_neg,0,inatneg_284851041_511965582.jpg,train
inatneg_286356520_514788400.jpg,data/raw/inaturalist_negativos\inatneg_286356520_514788400.jpg,inat,negativo,False,inat_neg,0,inatneg_286356520_514788400.jpg,train
inatneg_286356714_514788836.jpg,data/raw/inaturalist_negativos\inatneg_286356714_514788836.jpg,inat,negativo,False,inat_neg,0,inatneg_286356714_514788836.jpg,train
inatneg_286357035_514789312.jpg,data/raw/inaturalist_negativos\inatneg_286357035_514789312.jpg,inat,negativo,False,inat_neg,0,inatneg_286357035_514789312.jpg,train
inatneg_286357301_514789789.jpg,data/raw/inaturalist_negativos\inatneg_286357301_514789789.jpg,inat,negativo,False,inat_neg,0,inatneg_286357301_514789789.jpg,train
inatneg_286357513_514790392.jpg,data/raw/inaturalist_negativos\inatneg_286357513_514790392.jpg,inat,negativo,False,inat_neg,0,inatneg_286357513_514790392.jpg,train
inatneg_286357789_514790700.jpg,data/raw/inaturalist_negativos\inatneg_286357789_514790700.jpg,inat,negativo,False,inat_neg,0,inatneg_286357789_514790700.jpg,train
inatneg_286421609_514913813.jpg,data/raw/inaturalist_negativos\inatneg_286421609_514913813.jpg,inat,negativo,False,inat_neg,0,inatneg_286421609_514913813.jpg,train
inatneg_287179549_516347450.jpg,data/raw/inaturalist_negativos\inatneg_287179549_516347450.jpg,inat,negativo,False,inat_neg,0,inatneg_287179549_516347450.jpg,train
inatneg_292421946_526226208.jpg,data/raw/inaturalist_negativos\inatneg_292421946_526226208.jpg,inat,negativo,False,inat_neg,0,inatneg_292421946_526226208.jpg,train
inatneg_292883668_527106993.jpg,data/raw/inaturalist_negativos\inatneg_292883668_527106993.jpg,inat,negativo,False,inat_neg,0,inatneg_292883668_527106993.jpg,train
inatneg_294424999_529948059.jpg,data/raw/inaturalist_negativos\inatneg_294424999_529948059.jpg,inat,negativo,False,inat_neg,0,inatneg_294424999_529948059.jpg,train
inatneg_295480267_531937276.jpg,data/raw/inaturalist_negativos\inatneg_295480267_531937276.jpg,inat,negativo,False,inat_neg,0,inatneg_295480267_531937276.jpg,train
inatneg_295506754_531987764.jpg,data/raw/inaturalist_negativos\inatneg_295506754_531987764.jpg,inat,negativo,False,inat_neg,0,inatneg_295506754_531987764.jpg,val
inatneg_295665894_532291757.jpg,data/raw/inaturalist_negativos\inatneg_295665894_532291757.jpg,inat,negativo,False,inat_neg,0,inatneg_295665894_532291757.jpg,val
inatneg_295665894_532291798.jpg,data/raw/inaturalist_negativos\inatneg_295665894_532291798.jpg,inat,negativo,False,inat_neg,0,inatneg_295665894_532291757.jpg,val
inatneg_296684765_534243245.jpg,data/raw/inaturalist_negativos\inatneg_296684765_534243245.jpg,inat,negativo,False,inat_neg,0,inatneg_296684765_534243245.jpg,train
inatneg_297998410_536729801.jpg,data/raw/inaturalist_negativos\inatneg_297998410_536729801.jpg,inat,negativo,False,inat_neg,0,inatneg_297998410_536729801.jpg,train
inatneg_298324602_537351126.jpg,data/raw/inaturalist_negativos\inatneg_298324602_537351126.jpg,inat,negativo,False,inat_neg,0,inatneg_298324602_537351126.jpg,train
inatneg_303694077_547406279.jpg,data/raw/inaturalist_negativos\inatneg_303694077_547406279.jpg,inat,negativo,False,inat_neg,0,inatneg_303694077_547406279.jpg,train
inatneg_303694077_547406322.jpg,data/raw/inaturalist_negativos\inatneg_303694077_547406322.jpg,inat,negativo,False,inat_neg,0,inatneg_303694077_547406279.jpg,train
inatneg_306909419_553515742.jpg,data/raw/inaturalist_negativos\inatneg_306909419_553515742.jpg,inat,negativo,False,inat_neg,0,inatneg_306909419_553515742.jpg,test
inatneg_308832151_557219129.jpg,data/raw/inaturalist_negativos\inatneg_308832151_557219129.jpg,inat,negativo,False,inat_neg,0,inatneg_308832151_557219129.jpg,test
inatneg_310668143_560723267.jpg,data/raw/inaturalist_negativos\inatneg_310668143_560723267.jpg,inat,negativo,False,inat_neg,0,inatneg_310668143_560723267.jpg,train
inatneg_311004254_561372107.jpg,data/raw/inaturalist_negativos\inatneg_311004254_561372107.jpg,inat,negativo,False,inat_neg,0,inatneg_311004254_561372107.jpg,train
inatneg_311004254_561372144.jpg,data/raw/inaturalist_negativos\inatneg_311004254_561372144.jpg,inat,negativo,False,inat_neg,0,inatneg_311004254_561372107.jpg,train
inatneg_314792823_568594455.jpg,data/raw/inaturalist_negativos\inatneg_314792823_568594455.jpg,inat,negativo,False,inat_neg,0,inatneg_314792823_568594455.jpg,train
inatneg_316348777_571547526.jpg,data/raw/inaturalist_negativos\inatneg_316348777_571547526.jpg,inat,negativo,False,inat_neg,0,inatneg_316348777_571547526.jpg,train
inatneg_318783872_576181736.jpg,data/raw/inaturalist_negativos\inatneg_318783872_576181736.jpg,inat,negativo,False,inat_neg,0,inatneg_318783872_576181736.jpg,test
inatneg_318783872_576181739.jpg,data/raw/inaturalist_negativos\inatneg_318783872_576181739.jpg,inat,negativo,False,inat_neg,0,inatneg_318783872_576181736.jpg,test
inatneg_319639415_577815542.jpg,data/raw/inaturalist_negativos\inatneg_319639415_577815542.jpg,inat,negativo,False,inat_neg,0,inatneg_319639415_577815542.jpg,train
inatneg_321895069_582211324.jpg,data/raw/inaturalist_negativos\inatneg_321895069_582211324.jpg,inat,negativo,False,inat_neg,0,inatneg_321895069_582211324.jpg,val
inatneg_322859579_584129920.jpg,data/raw/inaturalist_negativos\inatneg_322859579_584129920.jpg,inat,negativo,False,inat_neg,0,inatneg_322859579_584129920.jpg,train
inatneg_322859579_584129929.jpg,data/raw/inaturalist_negativos\inatneg_322859579_584129929.jpg,inat,negativo,False,inat_neg,0,inatneg_322859579_584129920.jpg,train
inatneg_322860050_584131781.jpg,data/raw/inaturalist_negativos\inatneg_322860050_584131781.jpg,inat,negativo,False,inat_neg,0,inatneg_322860050_584131781.jpg,train
inatneg_325196232_588743420.jpg,data/raw/inaturalist_negativos\inatneg_325196232_588743420.jpg,inat,negativo,False,inat_neg,0,inatneg_325196232_588743420.jpg,train
inatneg_326091056_590521978.jpg,data/raw/inaturalist_negativos\inatneg_326091056_590521978.jpg,inat,negativo,False,inat_neg,0,inatneg_326091056_590521978.jpg,train
inatneg_327153260_592637296.jpg,data/raw/inaturalist_negativos\inatneg_327153260_592637296.jpg,inat,negativo,False,inat_neg,0,inatneg_327153260_592637296.jpg,train
inatneg_328932589_596142814.jpg,data/raw/inaturalist_negativos\inatneg_328932589_596142814.jpg,inat,negativo,False,inat_neg,0,inatneg_328932589_596142814.jpg,test
inatneg_329347298_596982868.jpg,data/raw/inaturalist_negativos\inatneg_329347298_596982868.jpg,inat,negativo,False,inat_neg,0,inatneg_329347298_596982868.jpg,test
inatneg_332243918_602914841.jpg,data/raw/inaturalist_negativos\inatneg_332243918_602914841.jpg,inat,negativo,False,inat_neg,0,inatneg_332243918_602914841.jpg,test
inatneg_333464688_605408035.jpg,data/raw/inaturalist_negativos\inatneg_333464688_605408035.jpg,inat,negativo,False,inat_neg,0,inatneg_333464688_605408035.jpg,test
inatneg_333464688_605408297.jpg,data/raw/inaturalist_negativos\inatneg_333464688_605408297.jpg,inat,negativo,False,inat_neg,0,inatneg_333464688_605408035.jpg,test
inatneg_335405526_609304743.jpg,data/raw/inaturalist_negativos\inatneg_335405526_609304743.jpg,inat,negativo,False,inat_neg,0,inatneg_335405526_609304743.jpg,test
inatneg_336018244_610536905.jpg,data/raw/inaturalist_negativos\inatneg_336018244_610536905.jpg,inat,negativo,False,inat_neg,0,inatneg_336018244_610536905.jpg,train
inatneg_338374880_615344572.jpg,data/raw/inaturalist_negativos\inatneg_338374880_615344572.jpg,inat,negativo,False,inat_neg,0,inatneg_338374880_615344572.jpg,test
inatneg_338374880_615344697.jpg,data/raw/inaturalist_negativos\inatneg_338374880_615344697.jpg,inat,negativo,False,inat_neg,0,inatneg_338374880_615344572.jpg,test
inatneg_338728511_616056481.jpg,data/raw/inaturalist_negativos\inatneg_338728511_616056481.jpg,inat,negativo,False,inat_neg,0,inatneg_338728511_616056481.jpg,test
inatneg_338729160_616057940.jpg,data/raw/inaturalist_negativos\inatneg_338729160_616057940.jpg,inat,negativo,False,inat_neg,0,inatneg_338729160_616057940.jpg,train
inatneg_338746760_616091877.jpg,data/raw/inaturalist_negativos\inatneg_338746760_616091877.jpg,inat,negativo,False,inat_neg,0,inatneg_338746760_616091877.jpg,train
inatneg_338746760_616091885.jpg,data/raw/inaturalist_negativos\inatneg_338746760_616091885.jpg,inat,negativo,False,inat_neg,0,inatneg_338746760_616091877.jpg,train
inatneg_339668909_617954395.jpg,data/raw/inaturalist_negativos\inatneg_339668909_617954395.jpg,inat,negativo,False,inat_neg,0,inatneg_339668909_617954395.jpg,train
inatneg_339668909_617954485.jpg,data/raw/inaturalist_negativos\inatneg_339668909_617954485.jpg,inat,negativo,False,inat_neg,0,inatneg_339668909_617954395.jpg,train
inatneg_340101602_618841632.jpg,data/raw/inaturalist_negativos\inatneg_340101602_618841632.jpg,inat,negativo,False,inat_neg,0,inatneg_340101602_618841632.jpg,train
inatneg_340106705_618853401.jpg,data/raw/inaturalist_negativos\inatneg_340106705_618853401.jpg,inat,negativo,False,inat_neg,0,inatneg_340106705_618853401.jpg,train
inatneg_340867985_620393839.jpg,data/raw/inaturalist_negativos\inatneg_340867985_620393839.jpg,inat,negativo,False,inat_neg,0,inat_133361772_227143102.jpg,test
inatneg_340867985_624635891.jpg,data/raw/inaturalist_negativos\inatneg_340867985_624635891.jpg,inat,negativo,False,inat_neg,0,inat_133361772_227143102.jpg,test
inatneg_341367682_621429530.jpg,data/raw/inaturalist_negativos\inatneg_341367682_621429530.jpg,inat,negativo,False,inat_neg,0,inatneg_341367682_621429530.jpg,test
inatneg_341400423_621494892.jpg,data/raw/inaturalist_negativos\inatneg_341400423_621494892.jpg,inat,negativo,False,inat_neg,0,inatneg_341400423_621494892.jpg,test
inatneg_342489497_623702753.jpg,data/raw/inaturalist_negativos\inatneg_342489497_623702753.jpg,inat,negativo,False,inat_neg,0,inatneg_342489497_623702753.jpg,train
inatneg_342748676_624209528.jpg,data/raw/inaturalist_negativos\inatneg_342748676_624209528.jpg,inat,negativo,False,inat_neg,0,inatneg_342748676_624209528.jpg,test
inatneg_343008842_624731284.jpg,data/raw/inaturalist_negativos\inatneg_343008842_624731284.jpg,inat,negativo,False,inat_neg,0,inatneg_343008842_624731284.jpg,train
inatneg_343303068_625330533.jpg,data/raw/inaturalist_negativos\inatneg_343303068_625330533.jpg,inat,negativo,False,inat_neg,0,inatneg_343303068_625330533.jpg,train
inatneg_343892458_626359947.jpg,data/raw/inaturalist_negativos\inatneg_343892458_626359947.jpg,inat,negativo,False,inat_neg,0,inatneg_343892458_626359947.jpg,train
inatneg_343892458_626359950.jpg,data/raw/inaturalist_negativos\inatneg_343892458_626359950.jpg,inat,negativo,False,inat_neg,0,inatneg_343892458_626359947.jpg,train
inatneg_343971442_626674525.jpg,data/raw/inaturalist_negativos\inatneg_343971442_626674525.jpg,inat,negativo,False,inat_neg,0,inatneg_343971442_626674525.jpg,train
inatneg_343971442_626674545.jpg,data/raw/inaturalist_negativos\inatneg_343971442_626674545.jpg,inat,negativo,False,inat_neg,0,inatneg_343971442_626674525.jpg,train
inatneg_344020694_626767470.jpg,data/raw/inaturalist_negativos\inatneg_344020694_626767470.jpg,inat,negativo,False,inat_neg,0,inatneg_344020694_626767470.jpg,train
inatneg_344020694_626767554.jpg,data/raw/inaturalist_negativos\inatneg_344020694_626767554.jpg,inat,negativo,False,inat_neg,0,inatneg_344020694_626767470.jpg,train
inatneg_344960860_628587267.jpg,data/raw/inaturalist_negativos\inatneg_344960860_628587267.jpg,inat,negativo,False,inat_neg,0,inatneg_344960860_628587267.jpg,train
inatneg_345006608_628681618.jpg,data/raw/inaturalist_negativos\inatneg_345006608_628681618.jpg,inat,negativo,False,inat_neg,0,inatneg_345006608_628681618.jpg,train
inatneg_345028290_628725925.jpg,data/raw/inaturalist_negativos\inatneg_345028290_628725925.jpg,inat,negativo,False,inat_neg,0,inatneg_345028290_628725925.jpg,val
inatneg_345028290_628725976.jpg,data/raw/inaturalist_negativos\inatneg_345028290_628725976.jpg,inat,negativo,False,inat_neg,0,inatneg_345028290_628725925.jpg,val
inatneg_345397573_629454019.jpg,data/raw/inaturalist_negativos\inatneg_345397573_629454019.jpg,inat,negativo,False,inat_neg,0,inatneg_345397573_629454019.jpg,val
inatneg_345413678_629488185.jpg,data/raw/inaturalist_negativos\inatneg_345413678_629488185.jpg,inat,negativo,False,inat_neg,0,inat_281148403_505019026.jpg,train
inatneg_345413678_629488217.jpg,data/raw/inaturalist_negativos\inatneg_345413678_629488217.jpg,inat,negativo,False,inat_neg,0,inat_281148403_505019026.jpg,train
inatneg_345457970_629576519.jpg,data/raw/inaturalist_negativos\inatneg_345457970_629576519.jpg,inat,negativo,False,inat_neg,0,inatneg_345457970_629576519.jpg,val
inatneg_345518842_629690507.jpg,data/raw/inaturalist_negativos\inatneg_345518842_629690507.jpg,inat,negativo,False,inat_neg,0,inatneg_345518842_629690507.jpg,train
inatneg_345546840_629672317.jpg,data/raw/inaturalist_negativos\inatneg_345546840_629672317.jpg,inat,negativo,False,inat_neg,0,inatneg_345546840_629672317.jpg,train
inatneg_345806812_630257267.jpg,data/raw/inaturalist_negativos\inatneg_345806812_630257267.jpg,inat,negativo,False,inat_neg,0,inatneg_345806812_630257267.jpg,train
inatneg_346033559_630701905.jpg,data/raw/inaturalist_negativos\inatneg_346033559_630701905.jpg,inat,negativo,False,inat_neg,0,inatneg_346033559_630701905.jpg,val
inatneg_346225495_631082645.jpg,data/raw/inaturalist_negativos\inatneg_346225495_631082645.jpg,inat,negativo,False,inat_neg,0,inatneg_346225495_631082645.jpg,test
inatneg_346704532_632027020.jpg,data/raw/inaturalist_negativos\inatneg_346704532_632027020.jpg,inat,negativo,False,inat_neg,0,inatneg_346704532_632027020.jpg,train
inatneg_346704532_632027156.jpg,data/raw/inaturalist_negativos\inatneg_346704532_632027156.jpg,inat,negativo,False,inat_neg,0,inatneg_346704532_632027020.jpg,train
inatneg_347450632_633516661.jpg,data/raw/inaturalist_negativos\inatneg_347450632_633516661.jpg,inat,negativo,False,inat_neg,0,inatneg_347450632_633516661.jpg,val
inatneg_347450632_633516664.jpg,data/raw/inaturalist_negativos\inatneg_347450632_633516664.jpg,inat,negativo,False,inat_neg,0,inatneg_347450632_633516661.jpg,val
inatneg_347796618_634204009.jpg,data/raw/inaturalist_negativos\inatneg_347796618_634204009.jpg,inat,negativo,False,inat_neg,0,inat_227661482_403900397.jpg,train
inatneg_347796618_634204063.jpg,data/raw/inaturalist_negativos\inatneg_347796618_634204063.jpg,inat,negativo,False,inat_neg,0,inat_227661482_403900397.jpg,train
inatneg_349617552_637795614.jpg,data/raw/inaturalist_negativos\inatneg_349617552_637795614.jpg,inat,negativo,False,inat_neg,0,inatneg_349617552_637795614.jpg,train
inatneg_349617552_637795623.jpg,data/raw/inaturalist_negativos\inatneg_349617552_637795623.jpg,inat,negativo,False,inat_neg,0,inatneg_349617552_637795614.jpg,train
inatneg_349626709_637811621.jpg,data/raw/inaturalist_negativos\inatneg_349626709_637811621.jpg,inat,negativo,False,inat_neg,0,inatneg_349626709_637811621.jpg,train
inatneg_349787072_638127482.jpg,data/raw/inaturalist_negativos\inatneg_349787072_638127482.jpg,inat,negativo,False,inat_neg,0,inatneg_349787072_638127482.jpg,train
inatneg_349788999_638131217.jpg,data/raw/inaturalist_negativos\inatneg_349788999_638131217.jpg,inat,negativo,False,inat_neg,0,inatneg_349788999_638131217.jpg,train
inatneg_349890396_638327196.jpg,data/raw/inaturalist_negativos\inatneg_349890396_638327196.jpg,inat,negativo,False,inat_neg,0,inatneg_349890396_638327196.jpg,test
inatneg_349914079_638372851.jpg,data/raw/inaturalist_negativos\inatneg_349914079_638372851.jpg,inat,negativo,False,inat_neg,0,inatneg_349914079_638372851.jpg,train
inatneg_350519521_639561446.jpg,data/raw/inaturalist_negativos\inatneg_350519521_639561446.jpg,inat,negativo,False,inat_neg,0,inatneg_350519521_639561446.jpg,train
inatneg_350804181_640115648.jpg,data/raw/inaturalist_negativos\inatneg_350804181_640115648.jpg,inat,negativo,False,inat_neg,0,inatneg_350804181_640115648.jpg,train
inatneg_350934564_640349457.jpg,data/raw/inaturalist_negativos\inatneg_350934564_640349457.jpg,inat,negativo,False,inat_neg,0,inatneg_350934564_640349457.jpg,train
inatneg_350934564_640349495.jpg,data/raw/inaturalist_negativos\inatneg_350934564_640349495.jpg,inat,negativo,False,inat_neg,0,inatneg_350934564_640349457.jpg,train
inatneg_351258264_640971489.jpg,data/raw/inaturalist_negativos\inatneg_351258264_640971489.jpg,inat,negativo,False,inat_neg,0,inatneg_351258264_640971489.jpg,val
inatneg_351299258_641052749.jpg,data/raw/inaturalist_negativos\inatneg_351299258_641052749.jpg,inat,negativo,False,inat_neg,0,inatneg_351299258_641052749.jpg,train
inatneg_351318077_641090052.jpg,data/raw/inaturalist_negativos\inatneg_351318077_641090052.jpg,inat,negativo,False,inat_neg,0,inatneg_351318077_641090052.jpg,train
inatneg_351583477_641614082.jpg,data/raw/inaturalist_negativos\inatneg_351583477_641614082.jpg,inat,negativo,False,inat_neg,0,inatneg_351583477_641614082.jpg,train
inatneg_351767024_641975300.jpg,data/raw/inaturalist_negativos\inatneg_351767024_641975300.jpg,inat,negativo,False,inat_neg,0,inatneg_351767024_641975300.jpg,test
inatneg_353159040_644417437.jpg,data/raw/inaturalist_negativos\inatneg_353159040_644417437.jpg,inat,negativo,False,inat_neg,0,inatneg_353159040_644417437.jpg,train
inatneg_353186255_644476650.jpg,data/raw/inaturalist_negativos\inatneg_353186255_644476650.jpg,inat,negativo,False,inat_neg,0,inatneg_353186255_644476650.jpg,train
inatneg_353273148_644628034.jpg,data/raw/inaturalist_negativos\inatneg_353273148_644628034.jpg,inat,negativo,False,inat_neg,0,inatneg_353273148_644628034.jpg,train
inatneg_354533379_646737636.jpg,data/raw/inaturalist_negativos\inatneg_354533379_646737636.jpg,inat,negativo,False,inat_neg,0,inatneg_354533379_646737636.jpg,train
inatneg_355251714_647945051.jpg,data/raw/inaturalist_negativos\inatneg_355251714_647945051.jpg,inat,negativo,False,inat_neg,0,inatneg_355251714_647945051.jpg,train
inatneg_357776888_652592459.jpg,data/raw/inaturalist_negativos\inatneg_357776888_652592459.jpg,inat,negativo,False,inat_neg,0,inatneg_357776888_652592459.jpg,train
inatneg_358392080_653790022.jpg,data/raw/inaturalist_negativos\inatneg_358392080_653790022.jpg,inat,negativo,False,inat_neg,0,inatneg_358392080_653790022.jpg,train
inatneg_358392080_653790069.jpg,data/raw/inaturalist_negativos\inatneg_358392080_653790069.jpg,inat,negativo,False,inat_neg,0,inatneg_358392080_653790022.jpg,train
inatneg_358456336_653913929.jpg,data/raw/inaturalist_negativos\inatneg_358456336_653913929.jpg,inat,negativo,False,inat_neg,0,inatneg_358456336_653913929.jpg,train
inatneg_358512341_654024251.jpg,data/raw/inaturalist_negativos\inatneg_358512341_654024251.jpg,inat,negativo,False,inat_neg,0,inatneg_358512341_654024251.jpg,val
inatneg_358764167_654509305.jpg,data/raw/inaturalist_negativos\inatneg_358764167_654509305.jpg,inat,negativo,False,inat_neg,0,inatneg_358764167_654509305.jpg,train
inatneg_358764167_654509392.jpg,data/raw/inaturalist_negativos\inatneg_358764167_654509392.jpg,inat,negativo,False,inat_neg,0,inatneg_358764167_654509305.jpg,train
inatneg_358805684_654591873.jpg,data/raw/inaturalist_negativos\inatneg_358805684_654591873.jpg,inat,negativo,False,inat_neg,0,inatneg_358805684_654591873.jpg,train
inatneg_358806971_654594830.jpg,data/raw/inaturalist_negativos\inatneg_358806971_654594830.jpg,inat,negativo,False,inat_neg,0,inatneg_358806971_654594830.jpg,train
inatneg_358807368_654595696.jpg,data/raw/inaturalist_negativos\inatneg_358807368_654595696.jpg,inat,negativo,False,inat_neg,0,inatneg_358807368_654595696.jpg,train
inatneg_358807368_654595743.jpg,data/raw/inaturalist_negativos\inatneg_358807368_654595743.jpg,inat,negativo,False,inat_neg,0,inatneg_358807368_654595696.jpg,train
inatneg_358808890_654598941.jpg,data/raw/inaturalist_negativos\inatneg_358808890_654598941.jpg,inat,negativo,False,inat_neg,0,inatneg_358808890_654598941.jpg,val
inatneg_358810675_654602079.jpg,data/raw/inaturalist_negativos\inatneg_358810675_654602079.jpg,inat,negativo,False,inat_neg,0,inatneg_358810675_654602079.jpg,train
inatneg_358815196_654610911.jpg,data/raw/inaturalist_negativos\inatneg_358815196_654610911.jpg,inat,negativo,False,inat_neg,0,inatneg_358815196_654610911.jpg,train
inatneg_359713328_656336006.jpg,data/raw/inaturalist_negativos\inatneg_359713328_656336006.jpg,inat,negativo,False,inat_neg,0,inatneg_359713328_656336006.jpg,val
inatneg_359718467_656345042.jpg,data/raw/inaturalist_negativos\inatneg_359718467_656345042.jpg,inat,negativo,False,inat_neg,0,inatneg_359718467_656345042.jpg,val
inatneg_359724462_656356703.jpg,data/raw/inaturalist_negativos\inatneg_359724462_656356703.jpg,inat,negativo,False,inat_neg,0,inatneg_359724462_656356703.jpg,train
inatneg_359724462_656356744.jpg,data/raw/inaturalist_negativos\inatneg_359724462_656356744.jpg,inat,negativo,False,inat_neg,0,inatneg_359724462_656356703.jpg,train
inatneg_359947652_656771762.jpg,data/raw/inaturalist_negativos\inatneg_359947652_656771762.jpg,inat,negativo,False,inat_neg,0,inatneg_359947652_656771762.jpg,train
inatneg_359966743_656809164.jpg,data/raw/inaturalist_negativos\inatneg_359966743_656809164.jpg,inat,negativo,False,inat_neg,0,inatneg_359966743_656809164.jpg,test
inatneg_359969905_656815879.jpg,data/raw/inaturalist_negativos\inatneg_359969905_656815879.jpg,inat,negativo,False,inat_neg,0,inatneg_359969905_656815879.jpg,train
inatneg_360010233_656892273.jpg,data/raw/inaturalist_negativos\inatneg_360010233_656892273.jpg,inat,negativo,False,inat_neg,0,inatneg_360010233_656892273.jpg,train
inatneg_360018525_656907425.jpg,data/raw/inaturalist_negativos\inatneg_360018525_656907425.jpg,inat,negativo,False,inat_neg,0,inatneg_360018525_656907425.jpg,train
inatneg_360047289_656964360.jpg,data/raw/inaturalist_negativos\inatneg_360047289_656964360.jpg,inat,negativo,False,inat_neg,0,inatneg_360047289_656964360.jpg,train
inatneg_360066492_657002689.jpg,data/raw/inaturalist_negativos\inatneg_360066492_657002689.jpg,inat,negativo,False,inat_neg,0,inatneg_360066492_657002689.jpg,train
inatneg_360076982_657024441.jpg,data/raw/inaturalist_negativos\inatneg_360076982_657024441.jpg,inat,negativo,False,inat_neg,0,inatneg_360076982_657024441.jpg,train
inatneg_360096700_657061849.jpg,data/raw/inaturalist_negativos\inatneg_360096700_657061849.jpg,inat,negativo,False,inat_neg,0,inatneg_360096700_657061849.jpg,train
inatneg_360242330_657332406.jpg,data/raw/inaturalist_negativos\inatneg_360242330_657332406.jpg,inat,negativo,False,inat_neg,0,inatneg_360242330_657332406.jpg,val
inatneg_360310924_657456462.jpg,data/raw/inaturalist_negativos\inatneg_360310924_657456462.jpg,inat,negativo,False,inat_neg,0,inatneg_360310924_657456462.jpg,val
inatneg_360317608_657468603.jpg,data/raw/inaturalist_negativos\inatneg_360317608_657468603.jpg,inat,negativo,False,inat_neg,0,inatneg_360317608_657468603.jpg,train
inatneg_360405933_657623052.jpg,data/raw/inaturalist_negativos\inatneg_360405933_657623052.jpg,inat,negativo,False,inat_neg,0,inatneg_360405933_657623052.jpg,train
inatneg_360414597_657652245.jpg,data/raw/inaturalist_negativos\inatneg_360414597_657652245.jpg,inat,negativo,False,inat_neg,0,inatneg_360414597_657652245.jpg,test
inatneg_360434847_657692284.jpg,data/raw/inaturalist_negativos\inatneg_360434847_657692284.jpg,inat,negativo,False,inat_neg,0,inatneg_360434847_657692284.jpg,train
inatneg_360452152_657728002.jpg,data/raw/inaturalist_negativos\inatneg_360452152_657728002.jpg,inat,negativo,False,inat_neg,0,inatneg_360452152_657728002.jpg,val
inatneg_360471306_657764322.jpg,data/raw/inaturalist_negativos\inatneg_360471306_657764322.jpg,inat,negativo,False,inat_neg,0,inatneg_360471306_657764322.jpg,val
inatneg_360486114_657790586.jpg,data/raw/inaturalist_negativos\inatneg_360486114_657790586.jpg,inat,negativo,False,inat_neg,0,inatneg_360486114_657790586.jpg,val
inatneg_360491107_657782291.jpg,data/raw/inaturalist_negativos\inatneg_360491107_657782291.jpg,inat,negativo,False,inat_neg,0,inatneg_360491107_657782291.jpg,train
inatneg_360657575_658114499.jpg,data/raw/inaturalist_negativos\inatneg_360657575_658114499.jpg,inat,negativo,False,inat_neg,0,inatneg_353186255_644476650.jpg,train
inatneg_360657575_658114511.jpg,data/raw/inaturalist_negativos\inatneg_360657575_658114511.jpg,inat,negativo,False,inat_neg,0,inatneg_353186255_644476650.jpg,train
inatneg_360709966_658218110.jpg,data/raw/inaturalist_negativos\inatneg_360709966_658218110.jpg,inat,negativo,False,inat_neg,0,inatneg_360709966_658218110.jpg,train
inatneg_360933794_658655744.jpg,data/raw/inaturalist_negativos\inatneg_360933794_658655744.jpg,inat,negativo,False,inat_neg,0,inatneg_360933794_658655744.jpg,train
inatneg_361028588_658838696.jpg,data/raw/inaturalist_negativos\inatneg_361028588_658838696.jpg,inat,negativo,False,inat_neg,0,inatneg_361028588_658838696.jpg,test
inatneg_361028588_658838963.jpg,data/raw/inaturalist_negativos\inatneg_361028588_658838963.jpg,inat,negativo,False,inat_neg,0,inatneg_361028588_658838696.jpg,test
inatneg_361278449_659317250.jpg,data/raw/inaturalist_negativos\inatneg_361278449_659317250.jpg,inat,negativo,False,inat_neg,0,inatneg_361278449_659317250.jpg,test
inatneg_361303520_659366961.jpg,data/raw/inaturalist_negativos\inatneg_361303520_659366961.jpg,inat,negativo,False,inat_neg,0,inatneg_361303520_659366961.jpg,test
inatneg_361303520_659368688.jpg,data/raw/inaturalist_negativos\inatneg_361303520_659368688.jpg,inat,negativo,False,inat_neg,0,inatneg_361303520_659366961.jpg,test
inatneg_361590408_659917840.jpg,data/raw/inaturalist_negativos\inatneg_361590408_659917840.jpg,inat,negativo,False,inat_neg,0,inatneg_361590408_659917840.jpg,train
inatneg_362837558_662267047.jpg,data/raw/inaturalist_negativos\inatneg_362837558_662267047.jpg,inat,negativo,False,inat_neg,0,inatneg_362837558_662267047.jpg,train
inatneg_362927059_662433437.jpg,data/raw/inaturalist_negativos\inatneg_362927059_662433437.jpg,inat,negativo,False,inat_neg,0,inatneg_362927059_662433437.jpg,train
inatneg_362927059_662433481.jpg,data/raw/inaturalist_negativos\inatneg_362927059_662433481.jpg,inat,negativo,False,inat_neg,0,inatneg_362927059_662433437.jpg,train
inatneg_363172177_662909902.jpg,data/raw/inaturalist_negativos\inatneg_363172177_662909902.jpg,inat,negativo,False,inat_neg,0,inatneg_363172177_662909902.jpg,train
inatneg_363392990_663330829.jpg,data/raw/inaturalist_negativos\inatneg_363392990_663330829.jpg,inat,negativo,False,inat_neg,0,inatneg_363392990_663330829.jpg,val
inatneg_363397903_663338544.jpg,data/raw/inaturalist_negativos\inatneg_363397903_663338544.jpg,inat,negativo,False,inat_neg,0,inatneg_363397903_663338544.jpg,val
inatneg_363863331_664226628.jpg,data/raw/inaturalist_negativos\inatneg_363863331_664226628.jpg,inat,negativo,False,inat_neg,0,inatneg_363863331_664226628.jpg,train
inatneg_364054760_664578016.jpg,data/raw/inaturalist_negativos\inatneg_364054760_664578016.jpg,inat,negativo,False,inat_neg,0,inatneg_364054760_664578016.jpg,val
inatneg_364054760_664578883.jpg,data/raw/inaturalist_negativos\inatneg_364054760_664578883.jpg,inat,negativo,False,inat_neg,0,inatneg_364054760_664578016.jpg,val
inatneg_364056275_664580758.jpg,data/raw/inaturalist_negativos\inatneg_364056275_664580758.jpg,inat,negativo,False,inat_neg,0,inatneg_364056275_664580758.jpg,val
inatneg_364056275_664580771.jpg,data/raw/inaturalist_negativos\inatneg_364056275_664580771.jpg,inat,negativo,False,inat_neg,0,inatneg_364056275_664580758.jpg,val
inatneg_364280182_665006400.jpg,data/raw/inaturalist_negativos\inatneg_364280182_665006400.jpg,inat,negativo,False,inat_neg,0,inatneg_364280182_665006400.jpg,train
inatneg_364736743_665860717.jpg,data/raw/inaturalist_negativos\inatneg_364736743_665860717.jpg,inat,negativo,False,inat_neg,0,inatneg_364736743_665860717.jpg,train
inatneg_365263782_666868282.jpg,data/raw/inaturalist_negativos\inatneg_365263782_666868282.jpg,inat,negativo,False,inat_neg,0,inatneg_365263782_666868282.jpg,test
inatneg_365276920_666892493.jpg,data/raw/inaturalist_negativos\inatneg_365276920_666892493.jpg,inat,negativo,False,inat_neg,0,inatneg_365276920_666892493.jpg,train
inatneg_365276920_666892533.jpg,data/raw/inaturalist_negativos\inatneg_365276920_666892533.jpg,inat,negativo,False,inat_neg,0,inatneg_365276920_666892493.jpg,train
inatneg_365298136_666936236.jpg,data/raw/inaturalist_negativos\inatneg_365298136_666936236.jpg,inat,negativo,False,inat_neg,0,inatneg_365298136_666936236.jpg,train
inatneg_365386610_667108836.jpg,data/raw/inaturalist_negativos\inatneg_365386610_667108836.jpg,inat,negativo,False,inat_neg,0,inatneg_365386610_667108836.jpg,train
inatneg_365386610_667108861.jpg,data/raw/inaturalist_negativos\inatneg_365386610_667108861.jpg,inat,negativo,False,inat_neg,0,inatneg_365386610_667108836.jpg,train
inatneg_365387006_667109742.jpg,data/raw/inaturalist_negativos\inatneg_365387006_667109742.jpg,inat,negativo,False,inat_neg,0,inatneg_365387006_667109742.jpg,test
inatneg_365471919_669137865.jpg,data/raw/inaturalist_negativos\inatneg_365471919_669137865.jpg,inat,negativo,False,inat_neg,0,inatneg_365471919_669137865.jpg,test
inatneg_365625895_667564948.jpg,data/raw/inaturalist_negativos\inatneg_365625895_667564948.jpg,inat,negativo,False,inat_neg,0,inatneg_365625895_667564948.jpg,train
inatneg_365625895_667564969.jpg,data/raw/inaturalist_negativos\inatneg_365625895_667564969.jpg,inat,negativo,False,inat_neg,0,inatneg_365625895_667564948.jpg,train
inatneg_365671966_667652906.jpg,data/raw/inaturalist_negativos\inatneg_365671966_667652906.jpg,inat,negativo,False,inat_neg,0,inatneg_365671966_667652906.jpg,train
inatneg_365762583_667816943.jpg,data/raw/inaturalist_negativos\inatneg_365762583_667816943.jpg,inat,negativo,False,inat_neg,0,inatneg_365762583_667816943.jpg,train
inatneg_365945056_668171281.jpg,data/raw/inaturalist_negativos\inatneg_365945056_668171281.jpg,inat,negativo,False,inat_neg,0,inatneg_365945056_668171281.jpg,val
inatneg_366028543_668331106.jpg,data/raw/inaturalist_negativos\inatneg_366028543_668331106.jpg,inat,negativo,False,inat_neg,0,inatneg_366028543_668331106.jpg,train
inatneg_366374328_668986225.jpg,data/raw/inaturalist_negativos\inatneg_366374328_668986225.jpg,inat,negativo,False,inat_neg,0,inatneg_366374328_668986225.jpg,test
inatneg_366417867_669055615.jpg,data/raw/inaturalist_negativos\inatneg_366417867_669055615.jpg,inat,negativo,False,inat_neg,0,inatneg_366417867_669055615.jpg,train
inatneg_366417870_669055622.jpg,data/raw/inaturalist_negativos\inatneg_366417870_669055622.jpg,inat,negativo,False,inat_neg,0,inatneg_366417870_669055622.jpg,train
inatneg_366515869_669259541.jpg,data/raw/inaturalist_negativos\inatneg_366515869_669259541.jpg,inat,negativo,False,inat_neg,0,inatneg_366515869_669259541.jpg,train
inatneg_366755201_669704827.jpg,data/raw/inaturalist_negativos\inatneg_366755201_669704827.jpg,inat,negativo,False,inat_neg,0,inatneg_366755201_669704827.jpg,test
inatneg_366810025_669803347.jpg,data/raw/inaturalist_negativos\inatneg_366810025_669803347.jpg,inat,negativo,False,inat_neg,0,inatneg_366810025_669803347.jpg,train
inatneg_366900679_669984252.jpg,data/raw/inaturalist_negativos\inatneg_366900679_669984252.jpg,inat,negativo,False,inat_neg,0,inatneg_366900679_669984252.jpg,train
inatneg_366916223_670015910.jpg,data/raw/inaturalist_negativos\inatneg_366916223_670015910.jpg,inat,negativo,False,inat_neg,0,inatneg_366916223_670015910.jpg,train
inatneg_366916533_670016333.jpg,data/raw/inaturalist_negativos\inatneg_366916533_670016333.jpg,inat,negativo,False,inat_neg,0,inatneg_366916533_670016333.jpg,test
inatneg_367156997_670476281.jpg,data/raw/inaturalist_negativos\inatneg_367156997_670476281.jpg,inat,negativo,False,inat_neg,0,inatneg_367156997_670476281.jpg,test
inatneg_367631450_671391073.jpg,data/raw/inaturalist_negativos\inatneg_367631450_671391073.jpg,inat,negativo,False,inat_neg,0,inatneg_367631450_671391073.jpg,train
inatneg_367724567_671568755.jpg,data/raw/inaturalist_negativos\inatneg_367724567_671568755.jpg,inat,negativo,False,inat_neg,0,inatneg_367724567_671568755.jpg,test
inatneg_367863133_671828897.jpg,data/raw/inaturalist_negativos\inatneg_367863133_671828897.jpg,inat,negativo,False,inat_neg,0,inatneg_367863133_671828897.jpg,train
inatneg_367870101_671841908.jpg,data/raw/inaturalist_negativos\inatneg_367870101_671841908.jpg,inat,negativo,False,inat_neg,0,inatneg_367870101_671841908.jpg,test
inatneg_367872726_671846414.jpg,data/raw/inaturalist_negativos\inatneg_367872726_671846414.jpg,inat,negativo,False,inat_neg,0,inatneg_367872726_671846414.jpg,train
inatneg_367873973_671848971.jpg,data/raw/inaturalist_negativos\inatneg_367873973_671848971.jpg,inat,negativo,False,inat_neg,0,inatneg_367873973_671848971.jpg,test
inatneg_367875308_671846353.jpg,data/raw/inaturalist_negativos\inatneg_367875308_671846353.jpg,inat,negativo,False,inat_neg,0,inatneg_367875308_671846353.jpg,train
inatneg_367875310_671846370.jpg,data/raw/inaturalist_negativos\inatneg_367875310_671846370.jpg,inat,negativo,False,inat_neg,0,inatneg_367875310_671846370.jpg,train
inatneg_367875318_671850579.jpg,data/raw/inaturalist_negativos\inatneg_367875318_671850579.jpg,inat,negativo,False,inat_neg,0,inatneg_367875318_671850579.jpg,test
inatneg_367877216_671855442.jpg,data/raw/inaturalist_negativos\inatneg_367877216_671855442.jpg,inat,negativo,False,inat_neg,0,inatneg_367877216_671855442.jpg,train
inatneg_367877216_671855461.jpg,data/raw/inaturalist_negativos\inatneg_367877216_671855461.jpg,inat,negativo,False,inat_neg,0,inatneg_367877216_671855442.jpg,train
inatneg_367895327_671889747.jpg,data/raw/inaturalist_negativos\inatneg_367895327_671889747.jpg,inat,negativo,False,inat_neg,0,inatneg_367895327_671889747.jpg,train
inatneg_368097345_672277806.jpg,data/raw/inaturalist_negativos\inatneg_368097345_672277806.jpg,inat,negativo,False,inat_neg,0,inatneg_368097345_672277806.jpg,train
inatneg_368936186_673871188.jpg,data/raw/inaturalist_negativos\inatneg_368936186_673871188.jpg,inat,negativo,False,inat_neg,0,inatneg_368936186_673871188.jpg,test
inatneg_369014165_674025652.jpg,data/raw/inaturalist_negativos\inatneg_369014165_674025652.jpg,inat,negativo,False,inat_neg,0,inatneg_369014165_674025652.jpg,test
inatneg_369331386_674628856.jpg,data/raw/inaturalist_negativos\inatneg_369331386_674628856.jpg,inat,negativo,False,inat_neg,0,inatneg_369331386_674628856.jpg,test
inatneg_369480308_674905105.jpg,data/raw/inaturalist_negativos\inatneg_369480308_674905105.jpg,inat,negativo,False,inat_neg,0,inatneg_369480308_674905105.jpg,val
inatneg_369593891_675129105.jpg,data/raw/inaturalist_negativos\inatneg_369593891_675129105.jpg,inat,negativo,False,inat_neg,0,inatneg_369593891_675129105.jpg,train
inatneg_369877082_675664927.jpg,data/raw/inaturalist_negativos\inatneg_369877082_675664927.jpg,inat,negativo,False,inat_neg,0,inatneg_369877082_675664927.jpg,train
inatneg_369923459_675756306.jpg,data/raw/inaturalist_negativos\inatneg_369923459_675756306.jpg,inat,negativo,False,inat_neg,0,inatneg_369923459_675756306.jpg,test
inatneg_369924096_675758396.jpg,data/raw/inaturalist_negativos\inatneg_369924096_675758396.jpg,inat,negativo,False,inat_neg,0,inatneg_369924096_675758396.jpg,train
inatneg_370365853_676600045.jpg,data/raw/inaturalist_negativos\inatneg_370365853_676600045.jpg,inat,negativo,False,inat_neg,0,inatneg_370365853_676600045.jpg,val
inatneg_370481647_676806151.jpg,data/raw/inaturalist_negativos\inatneg_370481647_676806151.jpg,inat,negativo,False,inat_neg,0,inatneg_370481647_676806151.jpg,val
inatneg_371008949_677834728.jpg,data/raw/inaturalist_negativos\inatneg_371008949_677834728.jpg,inat,negativo,False,inat_neg,0,inatneg_371008949_677834728.jpg,train
inatneg_371278178_678338975.jpg,data/raw/inaturalist_negativos\inatneg_371278178_678338975.jpg,inat,negativo,False,inat_neg,0,inatneg_371278178_678338975.jpg,train
inatneg_371288138_678358868.jpg,data/raw/inaturalist_negativos\inatneg_371288138_678358868.jpg,inat,negativo,False,inat_neg,0,inatneg_371288138_678358868.jpg,test
inatneg_371288138_678358961.jpg,data/raw/inaturalist_negativos\inatneg_371288138_678358961.jpg,inat,negativo,False,inat_neg,0,inatneg_371288138_678358868.jpg,test
inatneg_371459636_678685922.jpg,data/raw/inaturalist_negativos\inatneg_371459636_678685922.jpg,inat,negativo,False,inat_neg,0,inatneg_371459636_678685922.jpg,val
inatneg_371490572_678746811.jpg,data/raw/inaturalist_negativos\inatneg_371490572_678746811.jpg,inat,negativo,False,inat_neg,0,inatneg_371490572_678746811.jpg,val
inatneg_371632934_679017240.jpg,data/raw/inaturalist_negativos\inatneg_371632934_679017240.jpg,inat,negativo,False,inat_neg,0,inatneg_371632934_679017240.jpg,train
inatneg_371632934_679017293.jpg,data/raw/inaturalist_negativos\inatneg_371632934_679017293.jpg,inat,negativo,False,inat_neg,0,inatneg_371632934_679017240.jpg,train
inatneg_371669128_679083053.jpg,data/raw/inaturalist_negativos\inatneg_371669128_679083053.jpg,inat,negativo,False,inat_neg,0,inatneg_371669128_679083053.jpg,test
inatneg_371671044_679084386.jpg,data/raw/inaturalist_negativos\inatneg_371671044_679084386.jpg,inat,negativo,False,inat_neg,0,inatneg_371671044_679084386.jpg,train
inatneg_371929478_679589313.jpg,data/raw/inaturalist_negativos\inatneg_371929478_679589313.jpg,inat,negativo,False,inat_neg,0,inatneg_371929478_679589313.jpg,train
inatneg_371931009_679592197.jpg,data/raw/inaturalist_negativos\inatneg_371931009_679592197.jpg,inat,negativo,False,inat_neg,0,inatneg_371931009_679592197.jpg,train
inatneg_372451903_680590017.jpg,data/raw/inaturalist_negativos\inatneg_372451903_680590017.jpg,inat,negativo,False,inat_neg,0,inatneg_372451903_680590017.jpg,test
inatneg_372495661_680676308.jpg,data/raw/inaturalist_negativos\inatneg_372495661_680676308.jpg,inat,negativo,False,inat_neg,0,inatneg_372495661_680676308.jpg,train
inatneg_372495661_680676337.jpg,data/raw/inaturalist_negativos\inatneg_372495661_680676337.jpg,inat,negativo,False,inat_neg,0,inatneg_372495661_680676308.jpg,train
inatneg_372756149_681172528.jpg,data/raw/inaturalist_negativos\inatneg_372756149_681172528.jpg,inat,negativo,False,inat_neg,0,inatneg_372756149_681172528.jpg,train
inatneg_372756149_681172794.jpg,data/raw/inaturalist_negativos\inatneg_372756149_681172794.jpg,inat,negativo,False,inat_neg,0,inatneg_372756149_681172528.jpg,train
inatneg_372802582_681264094.jpg,data/raw/inaturalist_negativos\inatneg_372802582_681264094.jpg,inat,negativo,False,inat_neg,0,inatneg_372802582_681264094.jpg,test
inatneg_373449143_682497700.jpg,data/raw/inaturalist_negativos\inatneg_373449143_682497700.jpg,inat,negativo,False,inat_neg,0,inatneg_373449143_682497700.jpg,train
inatneg_373449143_682497739.jpg,data/raw/inaturalist_negativos\inatneg_373449143_682497739.jpg,inat,negativo,False,inat_neg,0,inatneg_373449143_682497700.jpg,train
inatneg_373449662_682499017.jpg,data/raw/inaturalist_negativos\inatneg_373449662_682499017.jpg,inat,negativo,False,inat_neg,0,inatneg_373449662_682499017.jpg,train
inatneg_373816127_683199296.jpg,data/raw/inaturalist_negativos\inatneg_373816127_683199296.jpg,inat,negativo,False,inat_neg,0,inatneg_373816127_683199296.jpg,test
inatneg_374059977_683662100.jpg,data/raw/inaturalist_negativos\inatneg_374059977_683662100.jpg,inat,negativo,False,inat_neg,0,inatneg_374059977_683662100.jpg,train
inatneg_374114876_683769655.jpg,data/raw/inaturalist_negativos\inatneg_374114876_683769655.jpg,inat,negativo,False,inat_neg,0,inatneg_374114876_683769655.jpg,train
inatneg_374285581_684105259.jpg,data/raw/inaturalist_negativos\inatneg_374285581_684105259.jpg,inat,negativo,False,inat_neg,0,inatneg_374285581_684105259.jpg,train
inatneg_374297765_684128114.jpg,data/raw/inaturalist_negativos\inatneg_374297765_684128114.jpg,inat,negativo,False,inat_neg,0,inatneg_374297765_684128114.jpg,train
inatneg_374339310_684208046.jpg,data/raw/inaturalist_negativos\inatneg_374339310_684208046.jpg,inat,negativo,False,inat_neg,0,inatneg_374339310_684208046.jpg,train
inatneg_375030601_685544800.jpg,data/raw/inaturalist_negativos\inatneg_375030601_685544800.jpg,inat,negativo,False,inat_neg,0,inatneg_375030601_685544800.jpg,test
inatneg_375166198_685812201.jpg,data/raw/inaturalist_negativos\inatneg_375166198_685812201.jpg,inat,negativo,False,inat_neg,0,inatneg_375166198_685812201.jpg,train
inatneg_375166198_685812208.jpg,data/raw/inaturalist_negativos\inatneg_375166198_685812208.jpg,inat,negativo,False,inat_neg,0,inatneg_375166198_685812201.jpg,train
inatneg_375562783_686589615.jpg,data/raw/inaturalist_negativos\inatneg_375562783_686589615.jpg,inat,negativo,False,inat_neg,0,inatneg_375562783_686589615.jpg,val
inatneg_375720434_686899679.jpg,data/raw/inaturalist_negativos\inatneg_375720434_686899679.jpg,inat,negativo,False,inat_neg,0,inatneg_375720434_686899679.jpg,val
inatneg_375835457_687120314.jpg,data/raw/inaturalist_negativos\inatneg_375835457_687120314.jpg,inat,negativo,False,inat_neg,0,inatneg_375835457_687120314.jpg,test
inatneg_375844774_687137091.jpg,data/raw/inaturalist_negativos\inatneg_375844774_687137091.jpg,inat,negativo,False,inat_neg,0,inatneg_375844774_687137091.jpg,train
inatneg_375885639_687212025.jpg,data/raw/inaturalist_negativos\inatneg_375885639_687212025.jpg,inat,negativo,False,inat_neg,0,inatneg_375885639_687212025.jpg,val
inatneg_376036255_687498320.jpg,data/raw/inaturalist_negativos\inatneg_376036255_687498320.jpg,inat,negativo,False,inat_neg,0,inatneg_376036255_687498320.jpg,train
inatneg_376075164_687578609.jpg,data/raw/inaturalist_negativos\inatneg_376075164_687578609.jpg,inat,negativo,False,inat_neg,0,inatneg_376075164_687578609.jpg,train
inatneg_376144523_687693730.jpg,data/raw/inaturalist_negativos\inatneg_376144523_687693730.jpg,inat,negativo,False,inat_neg,0,inatneg_376144523_687693730.jpg,train
inatneg_376144648_687694849.jpg,data/raw/inaturalist_negativos\inatneg_376144648_687694849.jpg,inat,negativo,False,inat_neg,0,inatneg_376144648_687694849.jpg,train
inatneg_376423872_688246367.jpg,data/raw/inaturalist_negativos\inatneg_376423872_688246367.jpg,inat,negativo,False,inat_neg,0,inatneg_376423872_688246367.jpg,val
inatneg_376432702_688264572.jpg,data/raw/inaturalist_negativos\inatneg_376432702_688264572.jpg,inat,negativo,False,inat_neg,0,inatneg_376432702_688264572.jpg,train
inatneg_376440609_688280323.jpg,data/raw/inaturalist_negativos\inatneg_376440609_688280323.jpg,inat,negativo,False,inat_neg,0,inatneg_376440609_688280323.jpg,test
inatneg_376631394_688648288.jpg,data/raw/inaturalist_negativos\inatneg_376631394_688648288.jpg,inat,negativo,False,inat_neg,0,inatneg_376631394_688648288.jpg,test
inatneg_376691467_688763582.jpg,data/raw/inaturalist_negativos\inatneg_376691467_688763582.jpg,inat,negativo,False,inat_neg,0,inatneg_376691467_688763582.jpg,train
inatneg_376699252_688780884.jpg,data/raw/inaturalist_negativos\inatneg_376699252_688780884.jpg,inat,negativo,False,inat_neg,0,inatneg_376699252_688780884.jpg,train
inatneg_376699252_688780911.jpg,data/raw/inaturalist_negativos\inatneg_376699252_688780911.jpg,inat,negativo,False,inat_neg,0,inatneg_376699252_688780884.jpg,train
inatneg_376858753_689088339.jpg,data/raw/inaturalist_negativos\inatneg_376858753_689088339.jpg,inat,negativo,False,inat_neg,0,inatneg_376858753_689088339.jpg,train
inatneg_376861668_689093694.jpg,data/raw/inaturalist_negativos\inatneg_376861668_689093694.jpg,inat,negativo,False,inat_neg,0,inatneg_376861668_689093694.jpg,train
inatneg_377010734_690006685.jpg,data/raw/inaturalist_negativos\inatneg_377010734_690006685.jpg,inat,negativo,False,inat_neg,0,inatneg_377010734_690006685.jpg,train
inatneg_377038491_689439498.jpg,data/raw/inaturalist_negativos\inatneg_377038491_689439498.jpg,inat,negativo,False,inat_neg,0,inatneg_377038491_689439498.jpg,train
inatneg_377261345_689862781.jpg,data/raw/inaturalist_negativos\inatneg_377261345_689862781.jpg,inat,negativo,False,inat_neg,0,inatneg_377261345_689862781.jpg,val
inatneg_377326976_689993408.jpg,data/raw/inaturalist_negativos\inatneg_377326976_689993408.jpg,inat,negativo,False,inat_neg,0,inatneg_377326976_689993408.jpg,train
inatneg_377326976_689993934.jpg,data/raw/inaturalist_negativos\inatneg_377326976_689993934.jpg,inat,negativo,False,inat_neg,0,inatneg_377326976_689993408.jpg,train
inatneg_377498408_690325683.jpg,data/raw/inaturalist_negativos\inatneg_377498408_690325683.jpg,inat,negativo,False,inat_neg,0,inatneg_377498408_690325683.jpg,train
inatneg_377594996_690516223.jpg,data/raw/inaturalist_negativos\inatneg_377594996_690516223.jpg,inat,negativo,False,inat_neg,0,inatneg_377594996_690516223.jpg,test
inatneg_377835425_690976041.jpg,data/raw/inaturalist_negativos\inatneg_377835425_690976041.jpg,inat,negativo,False,inat_neg,0,inatneg_377835425_690976041.jpg,val
inatneg_377839986_690987218.jpg,data/raw/inaturalist_negativos\inatneg_377839986_690987218.jpg,inat,negativo,False,inat_neg,0,inatneg_377839986_690987218.jpg,train
inatneg_377841017_690989343.jpg,data/raw/inaturalist_negativos\inatneg_377841017_690989343.jpg,inat,negativo,False,inat_neg,0,inatneg_377841017_690989343.jpg,val
inatneg_378212230_691699556.jpg,data/raw/inaturalist_negativos\inatneg_378212230_691699556.jpg,inat,negativo,False,inat_neg,0,inatneg_378212230_691699556.jpg,train
inatneg_378488946_692232795.jpg,data/raw/inaturalist_negativos\inatneg_378488946_692232795.jpg,inat,negativo,False,inat_neg,0,inatneg_378488946_692232795.jpg,train
inatneg_378488946_692356923.jpg,data/raw/inaturalist_negativos\inatneg_378488946_692356923.jpg,inat,negativo,False,inat_neg,0,inatneg_378488946_692232795.jpg,train
inatneg_379369840_693940322.jpg,data/raw/inaturalist_negativos\inatneg_379369840_693940322.jpg,inat,negativo,False,inat_neg,0,inatneg_379369840_693940322.jpg,train
inatneg_379543856_694272378.jpg,data/raw/inaturalist_negativos\inatneg_379543856_694272378.jpg,inat,negativo,False,inat_neg,0,inatneg_379543856_694272378.jpg,train
inatneg_379543856_694272422.jpg,data/raw/inaturalist_negativos\inatneg_379543856_694272422.jpg,inat,negativo,False,inat_neg,0,inatneg_379543856_694272378.jpg,train
inatneg_379734772_694642597.jpg,data/raw/inaturalist_negativos\inatneg_379734772_694642597.jpg,inat,negativo,False,inat_neg,0,inatneg_379734772_694642597.jpg,train
inatneg_379734772_694643113.jpg,data/raw/inaturalist_negativos\inatneg_379734772_694643113.jpg,inat,negativo,False,inat_neg,0,inatneg_379734772_694642597.jpg,train
inatneg_380108126_695363778.jpg,data/raw/inaturalist_negativos\inatneg_380108126_695363778.jpg,inat,negativo,False,inat_neg,0,inatneg_380108126_695363778.jpg,test
inatneg_380156256_695462492.jpg,data/raw/inaturalist_negativos\inatneg_380156256_695462492.jpg,inat,negativo,False,inat_neg,0,inatneg_380156256_695462492.jpg,test
inatneg_381238505_697534363.jpg,data/raw/inaturalist_negativos\inatneg_381238505_697534363.jpg,inat,negativo,False,inat_neg,0,inatneg_381238505_697534363.jpg,val
inatneg_381387828_697842961.jpg,data/raw/inaturalist_negativos\inatneg_381387828_697842961.jpg,inat,negativo,False,inat_neg,0,inatneg_381387828_697842961.jpg,train
inatneg_381941658_698922058.jpg,data/raw/inaturalist_negativos\inatneg_381941658_698922058.jpg,inat,negativo,False,inat_neg,0,inatneg_381941658_698922058.jpg,train
inatneg_382176365_699371080.jpg,data/raw/inaturalist_negativos\inatneg_382176365_699371080.jpg,inat,negativo,False,inat_neg,0,inatneg_382176365_699371080.jpg,test
inatneg_382202301_699421975.jpg,data/raw/inaturalist_negativos\inatneg_382202301_699421975.jpg,inat,negativo,False,inat_neg,0,inatneg_382202301_699421975.jpg,val
inatneg_382202303_699421972.jpg,data/raw/inaturalist_negativos\inatneg_382202303_699421972.jpg,inat,negativo,False,inat_neg,0,inatneg_382202303_699421972.jpg,val
inatneg_382314710_699634498.jpg,data/raw/inaturalist_negativos\inatneg_382314710_699634498.jpg,inat,negativo,False,inat_neg,0,inatneg_382314710_699634498.jpg,test
inatneg_382338194_699675039.jpg,data/raw/inaturalist_negativos\inatneg_382338194_699675039.jpg,inat,negativo,False,inat_neg,0,inatneg_382338194_699675039.jpg,train
inatneg_383235059_701406643.jpg,data/raw/inaturalist_negativos\inatneg_383235059_701406643.jpg,inat,negativo,False,inat_neg,0,inatneg_383235059_701406643.jpg,train
inatneg_383461503_701841500.jpg,data/raw/inaturalist_negativos\inatneg_383461503_701841500.jpg,inat,negativo,False,inat_neg,0,inatneg_383461503_701841500.jpg,train
inatneg_383824606_702535626.jpg,data/raw/inaturalist_negativos\inatneg_383824606_702535626.jpg,inat,negativo,False,inat_neg,0,inatneg_383824606_702535626.jpg,train
inatneg_384479595_703804099.jpg,data/raw/inaturalist_negativos\inatneg_384479595_703804099.jpg,inat,negativo,False,inat_neg,0,inatneg_384479595_703804099.jpg,val
inatneg_384479597_703804107.jpg,data/raw/inaturalist_negativos\inatneg_384479597_703804107.jpg,inat,negativo,False,inat_neg,0,inatneg_384479597_703804107.jpg,val
inatneg_384493628_703833895.jpg,data/raw/inaturalist_negativos\inatneg_384493628_703833895.jpg,inat,negativo,False,inat_neg,0,inatneg_384493628_703833895.jpg,train
inatneg_384995503_704790318.jpg,data/raw/inaturalist_negativos\inatneg_384995503_704790318.jpg,inat,negativo,False,inat_neg,0,inatneg_384995503_704790318.jpg,train
inatneg_384995503_704790327.jpg,data/raw/inaturalist_negativos\inatneg_384995503_704790327.jpg,inat,negativo,False,inat_neg,0,inatneg_384995503_704790318.jpg,train
inatneg_385152471_705099915.jpg,data/raw/inaturalist_negativos\inatneg_385152471_705099915.jpg,inat,negativo,False,inat_neg,0,inatneg_385152471_705099915.jpg,train
inatneg_385152471_705099943.jpg,data/raw/inaturalist_negativos\inatneg_385152471_705099943.jpg,inat,negativo,False,inat_neg,0,inatneg_385152471_705099915.jpg,train
inatneg_386272095_707230772.jpg,data/raw/inaturalist_negativos\inatneg_386272095_707230772.jpg,inat,negativo,False,inat_neg,0,inatneg_386272095_707230772.jpg,val
inatneg_386272096_707231078.jpg,data/raw/inaturalist_negativos\inatneg_386272096_707231078.jpg,inat,negativo,False,inat_neg,0,inatneg_386272096_707231078.jpg,val
inatneg_386339938_707359140.jpg,data/raw/inaturalist_negativos\inatneg_386339938_707359140.jpg,inat,negativo,False,inat_neg,0,inatneg_386339938_707359140.jpg,train
inatneg_387141560_708894568.jpg,data/raw/inaturalist_negativos\inatneg_387141560_708894568.jpg,inat,negativo,False,inat_neg,0,inatneg_387141560_708894568.jpg,train
inatneg_387338737_709271573.jpg,data/raw/inaturalist_negativos\inatneg_387338737_709271573.jpg,inat,negativo,False,inat_neg,0,inatneg_387338737_709271573.jpg,train
inatneg_387338737_709271634.jpg,data/raw/inaturalist_negativos\inatneg_387338737_709271634.jpg,inat,negativo,False,inat_neg,0,inatneg_387338737_709271573.jpg,train
inatneg_387343988_709282339.jpg,data/raw/inaturalist_negativos\inatneg_387343988_709282339.jpg,inat,negativo,False,inat_neg,0,inatneg_387338737_709271573.jpg,train
inatneg_387343988_709282716.jpg,data/raw/inaturalist_negativos\inatneg_387343988_709282716.jpg,inat,negativo,False,inat_neg,0,inatneg_387338737_709271573.jpg,train
inatneg_387344958_709284387.jpg,data/raw/inaturalist_negativos\inatneg_387344958_709284387.jpg,inat,negativo,False,inat_neg,0,inatneg_387344958_709284387.jpg,train
inatneg_387344958_709284440.jpg,data/raw/inaturalist_negativos\inatneg_387344958_709284440.jpg,inat,negativo,False,inat_neg,0,inatneg_387344958_709284387.jpg,train
inatneg_388074874_710703283.jpg,data/raw/inaturalist_negativos\inatneg_388074874_710703283.jpg,inat,negativo,False,inat_neg,0,inatneg_388074874_710703283.jpg,val
inatneg_388245321_711037815.jpg,data/raw/inaturalist_negativos\inatneg_388245321_711037815.jpg,inat,negativo,False,inat_neg,0,inatneg_388245321_711037815.jpg,train
inatneg_388245321_711037817.jpg,data/raw/inaturalist_negativos\inatneg_388245321_711037817.jpg,inat,negativo,False,inat_neg,0,inatneg_388245321_711037815.jpg,train
inatneg_388245323_711037951.jpg,data/raw/inaturalist_negativos\inatneg_388245323_711037951.jpg,inat,negativo,False,inat_neg,0,inatneg_388245323_711037951.jpg,train
inatneg_388245323_711037957.jpg,data/raw/inaturalist_negativos\inatneg_388245323_711037957.jpg,inat,negativo,False,inat_neg,0,inatneg_388245323_711037951.jpg,train
inatneg_388647302_711828707.jpg,data/raw/inaturalist_negativos\inatneg_388647302_711828707.jpg,inat,negativo,False,inat_neg,0,inatneg_388647302_711828707.jpg,train
inatneg_388647302_711828733.jpg,data/raw/inaturalist_negativos\inatneg_388647302_711828733.jpg,inat,negativo,False,inat_neg,0,inatneg_388647302_711828707.jpg,train
inatneg_388844751_712209599.jpg,data/raw/inaturalist_negativos\inatneg_388844751_712209599.jpg,inat,negativo,False,inat_neg,0,inatneg_388844751_712209599.jpg,train
inatneg_389496685_713457475.jpg,data/raw/inaturalist_negativos\inatneg_389496685_713457475.jpg,inat,negativo,False,inat_neg,0,inatneg_389496685_713457475.jpg,val
inatneg_390246154_714925660.jpg,data/raw/inaturalist_negativos\inatneg_390246154_714925660.jpg,inat,negativo,False,inat_neg,0,inatneg_390246154_714925660.jpg,train
inatneg_390246154_714925679.jpg,data/raw/inaturalist_negativos\inatneg_390246154_714925679.jpg,inat,negativo,False,inat_neg,0,inatneg_390246154_714925660.jpg,train
inatneg_390281168_714989227.jpg,data/raw/inaturalist_negativos\inatneg_390281168_714989227.jpg,inat,negativo,False,inat_neg,0,inatneg_390281168_714989227.jpg,train
inatneg_390281168_714989228.jpg,data/raw/inaturalist_negativos\inatneg_390281168_714989228.jpg,inat,negativo,False,inat_neg,0,inatneg_390281168_714989227.jpg,train
inatneg_390726121_715860689.jpg,data/raw/inaturalist_negativos\inatneg_390726121_715860689.jpg,inat,negativo,False,inat_neg,0,inatneg_390726121_715860689.jpg,train
inatneg_390726123_715860727.jpg,data/raw/inaturalist_negativos\inatneg_390726123_715860727.jpg,inat,negativo,False,inat_neg,0,inatneg_390726123_715860727.jpg,train
inatneg_391777193_717907361.jpg,data/raw/inaturalist_negativos\inatneg_391777193_717907361.jpg,inat,negativo,False,inat_neg,0,inatneg_391777193_717907361.jpg,train
inatneg_391777193_717907406.jpg,data/raw/inaturalist_negativos\inatneg_391777193_717907406.jpg,inat,negativo,False,inat_neg,0,inatneg_391777193_717907361.jpg,train
inatneg_392259134_718841965.jpg,data/raw/inaturalist_negativos\inatneg_392259134_718841965.jpg,inat,negativo,False,inat_neg,0,inatneg_392259134_718841965.jpg,train
inatneg_393683815_721627404.jpg,data/raw/inaturalist_negativos\inatneg_393683815_721627404.jpg,inat,negativo,False,inat_neg,0,inatneg_393683815_721627404.jpg,train
inatneg_393683815_721627407.jpg,data/raw/inaturalist_negativos\inatneg_393683815_721627407.jpg,inat,negativo,False,inat_neg,0,inatneg_393683815_721627404.jpg,train
inatneg_393747970_721754840.jpg,data/raw/inaturalist_negativos\inatneg_393747970_721754840.jpg,inat,negativo,False,inat_neg,0,inatneg_393747970_721754840.jpg,val
inatneg_393747983_721754919.jpg,data/raw/inaturalist_negativos\inatneg_393747983_721754919.jpg,inat,negativo,False,inat_neg,0,inatneg_393747983_721754919.jpg,val
inatneg_393747983_721754923.jpg,data/raw/inaturalist_negativos\inatneg_393747983_721754923.jpg,inat,negativo,False,inat_neg,0,inatneg_393747983_721754919.jpg,val
inatneg_394013744_722278430.jpg,data/raw/inaturalist_negativos\inatneg_394013744_722278430.jpg,inat,negativo,False,inat_neg,0,inatneg_394013744_722278430.jpg,test
inatneg_394018535_722288422.jpg,data/raw/inaturalist_negativos\inatneg_394018535_722288422.jpg,inat,negativo,False,inat_neg,0,inatneg_394018535_722288422.jpg,train
inatneg_394129037_722501820.jpg,data/raw/inaturalist_negativos\inatneg_394129037_722501820.jpg,inat,negativo,False,inat_neg,0,inatneg_394129037_722501820.jpg,train
inatneg_394129037_722501863.jpg,data/raw/inaturalist_negativos\inatneg_394129037_722501863.jpg,inat,negativo,False,inat_neg,0,inatneg_394129037_722501820.jpg,train
inatneg_394261379_722759094.jpg,data/raw/inaturalist_negativos\inatneg_394261379_722759094.jpg,inat,negativo,False,inat_neg,0,inatneg_394261379_722759094.jpg,train
inatneg_394261379_722759140.jpg,data/raw/inaturalist_negativos\inatneg_394261379_722759140.jpg,inat,negativo,False,inat_neg,0,inatneg_394261379_722759094.jpg,train
inatneg_395159422_724533046.jpg,data/raw/inaturalist_negativos\inatneg_395159422_724533046.jpg,inat,negativo,False,inat_neg,0,inatneg_395159422_724533046.jpg,train
inatneg_395890640_725951923.jpg,data/raw/inaturalist_negativos\inatneg_395890640_725951923.jpg,inat,negativo,False,inat_neg,0,inatneg_395890640_725951923.jpg,test
inatneg_395890640_725951985.jpg,data/raw/inaturalist_negativos\inatneg_395890640_725951985.jpg,inat,negativo,False,inat_neg,0,inatneg_395890640_725951923.jpg,test
inatneg_396014092_726196931.jpg,data/raw/inaturalist_negativos\inatneg_396014092_726196931.jpg,inat,negativo,False,inat_neg,0,inatneg_396014092_726196931.jpg,train
inatneg_396744680_727587694.jpg,data/raw/inaturalist_negativos\inatneg_396744680_727587694.jpg,inat,negativo,False,inat_neg,0,inatneg_396744680_727587694.jpg,train
inatneg_396744680_727587724.jpg,data/raw/inaturalist_negativos\inatneg_396744680_727587724.jpg,inat,negativo,False,inat_neg,0,inatneg_396744680_727587694.jpg,train
inatneg_397013712_728117580.jpg,data/raw/inaturalist_negativos\inatneg_397013712_728117580.jpg,inat,negativo,False,inat_neg,0,inatneg_397013712_728117580.jpg,train
inatneg_397013712_728117616.jpg,data/raw/inaturalist_negativos\inatneg_397013712_728117616.jpg,inat,negativo,False,inat_neg,0,inatneg_397013712_728117580.jpg,train
inatneg_397279195_728638074.jpg,data/raw/inaturalist_negativos\inatneg_397279195_728638074.jpg,inat,negativo,False,inat_neg,0,inatneg_397279195_728638074.jpg,train
inatneg_397312023_728708433.jpg,data/raw/inaturalist_negativos\inatneg_397312023_728708433.jpg,inat,negativo,False,inat_neg,0,inatneg_397312023_728708433.jpg,train
inatneg_397457185_728985459.jpg,data/raw/inaturalist_negativos\inatneg_397457185_728985459.jpg,inat,negativo,False,inat_neg,0,inatneg_397457185_728985459.jpg,val
inatneg_397506879_729080027.jpg,data/raw/inaturalist_negativos\inatneg_397506879_729080027.jpg,inat,negativo,False,inat_neg,0,inatneg_397506879_729080027.jpg,train
inatneg_397850443_729745483.jpg,data/raw/inaturalist_negativos\inatneg_397850443_729745483.jpg,inat,negativo,False,inat_neg,0,inatneg_397850443_729745483.jpg,test
inatneg_397903229_729852316.jpg,data/raw/inaturalist_negativos\inatneg_397903229_729852316.jpg,inat,negativo,False,inat_neg,0,inatneg_397903229_729852316.jpg,train
inatneg_397903229_729852649.jpg,data/raw/inaturalist_negativos\inatneg_397903229_729852649.jpg,inat,negativo,False,inat_neg,0,inatneg_397903229_729852316.jpg,train
inatneg_398101614_730247354.jpg,data/raw/inaturalist_negativos\inatneg_398101614_730247354.jpg,inat,negativo,False,inat_neg,0,inatneg_398101614_730247354.jpg,val
inatneg_398132609_730305283.jpg,data/raw/inaturalist_negativos\inatneg_398132609_730305283.jpg,inat,negativo,False,inat_neg,0,inatneg_398132609_730305283.jpg,train
inatneg_398449864_730930153.jpg,data/raw/inaturalist_negativos\inatneg_398449864_730930153.jpg,inat,negativo,False,inat_neg,0,inatneg_398449864_730930153.jpg,test
inatneg_398519081_731058059.jpg,data/raw/inaturalist_negativos\inatneg_398519081_731058059.jpg,inat,negativo,False,inat_neg,0,inatneg_398519081_731058059.jpg,train
inatneg_398602317_731226109.jpg,data/raw/inaturalist_negativos\inatneg_398602317_731226109.jpg,inat,negativo,False,inat_neg,0,inatneg_398602317_731226109.jpg,test
inatneg_292881576_527102340_frame_003.jpg,data/frames_gif/inat_negativas_elegidos\inatneg_292881576_527102340_frame_003.jpg,inat,negativo,False,inat_neg,0,inatneg_292881576_527102340_frame_003.jpg,train
inatneg_292882857_527104800_frame_004.jpg,data/frames_gif/inat_negativas_elegidos\inatneg_292882857_527104800_frame_004.jpg,inat,negativo,False,inat_neg,0,inatneg_292882857_527104800_frame_004.jpg,train
inatneg_292885436_527110495_frame_007.jpg,data/frames_gif/inat_negativas_elegidos\inatneg_292885436_527110495_frame_007.jpg,inat,negativo,False,inat_neg,0,inatneg_292885436_527110495_frame_007.jpg,val
inatneg_292886518_527112308_frame_007.jpg,data/frames_gif/inat_negativas_elegidos\inatneg_292886518_527112308_frame_007.jpg,inat,negativo,False,inat_neg,0,inatneg_292886518_527112308_frame_007.jpg,val
inatneg_292887212_527113506_frame_007.jpg,data/frames_gif/inat_negativas_elegidos\inatneg_292887212_527113506_frame_007.jpg,inat,negativo,False,inat_neg,0,inatneg_292887212_527113506_frame_007.jpg,train
inatneg_292888459_527115461_frame_004.jpg,data/frames_gif/inat_negativas_elegidos\inatneg_292888459_527115461_frame_004.jpg,inat,negativo,False,inat_neg,0,inatneg_292888459_527115461_frame_004.jpg,test
inatneg_292889154_527116634_frame_004.jpg,data/frames_gif/inat_negativas_elegidos\inatneg_292889154_527116634_frame_004.jpg,inat,negativo,False,inat_neg,0,inatneg_292889154_527116634_frame_004.jpg,test
inatneg_292892700_527122640_frame_004.jpg,data/frames_gif/inat_negativas_elegidos\inatneg_292892700_527122640_frame_004.jpg,inat,negativo,False,inat_neg,0,inatneg_292892700_527122640_frame_004.jpg,train
inatneg_292893040_527123602_frame_004.jpg,data/frames_gif/inat_negativas_elegidos\inatneg_292893040_527123602_frame_004.jpg,inat,negativo,False,inat_neg,0,inatneg_292893040_527123602_frame_004.jpg,train
inatneg_298945643_538537422_frame_008.jpg,data/frames_gif/inat_negativas_elegidos\inatneg_298945643_538537422_frame_008.jpg,inat,negativo,False,inat_neg,0,inatneg_298945643_538537422_frame_008.jpg,test
inatneg_300968124_542311981_frame_006.jpg,data/frames_gif/inat_negativas_elegidos\inatneg_300968124_542311981_frame_006.jpg,inat,negativo,False,inat_neg,0,inatneg_300968124_542311981_frame_006.jpg,test
inatneg_315837197_570592169_frame_006.jpg,data/frames_gif/inat_negativas_elegidos\inatneg_315837197_570592169_frame_006.jpg,inat,negativo,False,inat_neg,0,inatneg_315837197_570592169_frame_006.jpg,val
inatneg_315847055_570609741_frame_006.jpg,data/frames_gif/inat_negativas_elegidos\inatneg_315847055_570609741_frame_006.jpg,inat,negativo,False,inat_neg,0,inatneg_315847055_570609741_frame_006.jpg,train
inatneg_315848775_570613026_frame_008.jpg,data/frames_gif/inat_negativas_elegidos\inatneg_315848775_570613026_frame_008.jpg,inat,negativo,False,inat_neg,0,inatneg_315848775_570613026_frame_008.jpg,train
inatneg_318263404_575175769_frame_006.jpg,data/frames_gif/inat_negativas_elegidos\inatneg_318263404_575175769_frame_006.jpg,inat,negativo,False,inat_neg,0,inatneg_318263404_575175769_frame_006.jpg,train
inatneg_326525751_591389505_frame_006.jpg,data/frames_gif/inat_negativas_elegidos\inatneg_326525751_591389505_frame_006.jpg,inat,negativo,False,inat_neg,0,inatneg_326525751_591389505_frame_006.jpg,test
inatneg_326979936_592298213_frame_008.jpg,data/frames_gif/inat_negativas_elegidos\inatneg_326979936_592298213_frame_008.jpg,inat,negativo,False,inat_neg,0,inatneg_326979936_592298213_frame_008.jpg,val
inatneg_328521906_595321713_frame_004.jpg,data/frames_gif/inat_negativas_elegidos\inatneg_328521906_595321713_frame_004.jpg,inat,negativo,False,inat_neg,0,inatneg_328521906_595321713_frame_004.jpg,val
inatneg_328526684_595331729_frame_004.jpg,data/frames_gif/inat_negativas_elegidos\inatneg_328526684_595331729_frame_004.jpg,inat,negativo,False,inat_neg,0,inatneg_328526684_595331729_frame_004.jpg,val
inatneg_330467927_599256972_frame_005.jpg,data/frames_gif/inat_negativas_elegidos\inatneg_330467927_599256972_frame_005.jpg,inat,negativo,False,inat_neg,0,inatneg_330467927_599256972_frame_005.jpg,val
inatneg_331094592_600553370_frame_005.jpg,data/frames_gif/inat_negativas_elegidos\inatneg_331094592_600553370_frame_005.jpg,inat,negativo,False,inat_neg,0,inatneg_331094592_600553370_frame_005.jpg,train
inatneg_339342562_617292899_frame_008.jpg,data/frames_gif/inat_negativas_elegidos\inatneg_339342562_617292899_frame_008.jpg,inat,negativo,False,inat_neg,0,inatneg_339342562_617292899_frame_008.jpg,test
inatneg_349785092_638122318_frame_008.jpg,data/frames_gif/inat_negativas_elegidos\inatneg_349785092_638122318_frame_008.jpg,inat,negativo,False,inat_neg,0,inatneg_349785092_638122318_frame_008.jpg,train
inatneg_349799127_638150226_frame_008.jpg,data/frames_gif/inat_negativas_elegidos\inatneg_349799127_638150226_frame_008.jpg,inat,negativo,False,inat_neg,0,inatneg_349799127_638150226_frame_008.jpg,train
inatneg_349929007_638403104_frame_012.jpg,data/frames_gif/inat_negativas_elegidos\inatneg_349929007_638403104_frame_012.jpg,inat,negativo,False,inat_neg,0,inatneg_349929007_638403104_frame_012.jpg,test
inatneg_349933582_638412200_frame_004.jpg,data/frames_gif/inat_negativas_elegidos\inatneg_349933582_638412200_frame_004.jpg,inat,negativo,False,inat_neg,0,inatneg_349933582_638412200_frame_004.jpg,val
inatneg_365597865_667509059_frame_006.jpg,data/frames_gif/inat_negativas_elegidos\inatneg_365597865_667509059_frame_006.jpg,inat,negativo,False,inat_neg,0,inatneg_365597865_667509059_frame_006.jpg,train
inatneg_365598673_667510705_frame_006.jpg,data/frames_gif/inat_negativas_elegidos\inatneg_365598673_667510705_frame_006.jpg,inat,negativo,False,inat_neg,0,inatneg_365598673_667510705_frame_006.jpg,test
inatneg_365600259_667513880_frame_003.jpg,data/frames_gif/inat_negativas_elegidos\inatneg_365600259_667513880_frame_003.jpg,inat,negativo,False,inat_neg,0,inatneg_365600259_667513880_frame_003.jpg,train
inatneg_369871481_675652297_frame_004.jpg,data/frames_gif/inat_negativas_elegidos\inatneg_369871481_675652297_frame_004.jpg,inat,negativo,False,inat_neg,0,inatneg_369871481_675652297_frame_004.jpg,train
inatneg_369877179_675664131_frame_003.jpg,data/frames_gif/inat_negativas_elegidos\inatneg_369877179_675664131_frame_003.jpg,inat,negativo,False,inat_neg,0,inatneg_369877179_675664131_frame_003.jpg,train
inatneg_369920863_675751956_frame_010.jpg,data/frames_gif/inat_negativas_elegidos\inatneg_369920863_675751956_frame_010.jpg,inat,negativo,False,inat_neg,0,inatneg_369920863_675751956_frame_010.jpg,val
inatneg_369921373_675752710_frame_004.jpg,data/frames_gif/inat_negativas_elegidos\inatneg_369921373_675752710_frame_004.jpg,inat,negativo,False,inat_neg,0,inatneg_369921373_675752710_frame_004.jpg,train
inatneg_369921676_675753541_frame_006.jpg,data/frames_gif/inat_negativas_elegidos\inatneg_369921676_675753541_frame_006.jpg,inat,negativo,False,inat_neg,0,inatneg_369921676_675753541_frame_006.jpg,val
inatneg_369925305_675760121_frame_008.jpg,data/frames_gif/inat_negativas_elegidos\inatneg_369925305_675760121_frame_008.jpg,inat,negativo,False,inat_neg,0,inatneg_369925305_675760121_frame_008.jpg,test
inatneg_374493222_684510763_frame_006.jpg,data/frames_gif/inat_negativas_elegidos\inatneg_374493222_684510763_frame_006.jpg,inat,negativo,False,inat_neg,0,inatneg_374493222_684510763_frame_006.jpg,train
inatneg_378754321_692745196_frame_004.jpg,data/frames_gif/inat_negativas_elegidos\inatneg_378754321_692745196_frame_004.jpg,inat,negativo,False,inat_neg,0,inatneg_378754321_692745196_frame_004.jpg,train
inatneg_378756100_692748026_frame_006.jpg,data/frames_gif/inat_negativas_elegidos\inatneg_378756100_692748026_frame_006.jpg,inat,negativo,False,inat_neg,0,inatneg_378756100_692748026_frame_006.jpg,train
inatneg_378759339_692754548_frame_006.jpg,data/frames_gif/inat_negativas_elegidos\inatneg_378759339_692754548_frame_006.jpg,inat,negativo,False,inat_neg,0,inatneg_378759339_692754548_frame_006.jpg,train
inatneg_383480751_701879945_frame_004.jpg,data/frames_gif/inat_negativas_elegidos\inatneg_383480751_701879945_frame_004.jpg,inat,negativo,False,inat_neg,0,inatneg_383480751_701879945_frame_004.jpg,test
inatneg_391959695_718253835_frame_003.jpg,data/frames_gif/inat_negativas_elegidos\inatneg_391959695_718253835_frame_003.jpg,inat,negativo,False,inat_neg,0,inatneg_391959695_718253835_frame_003.jpg,train
ena24_1003.jpg,data/raw/ena24\1003.jpg,ena24,negativo,False,ena24_neg_dia,0,ena24_1003.jpg,val
ena24_1182.jpg,data/raw/ena24\1182.jpg,ena24,negativo,False,ena24_neg_dia,0,ena24_1182.jpg,test
ena24_1212.jpg,data/raw/ena24\1212.jpg,ena24,negativo,False,ena24_neg_dia,0,ena24_1212.jpg,train
ena24_1242.jpg,data/raw/ena24\1242.jpg,ena24,negativo,False,ena24_neg_dia,0,ena24_1242.jpg,test
ena24_1619.jpg,data/raw/ena24\1619.jpg,ena24,negativo,False,ena24_neg_dia,0,ena24_1619.jpg,val
ena24_1673.jpg,data/raw/ena24\1673.jpg,ena24,negativo,True,ena24_neg_noche,0,ena24_9380.jpg,train
ena24_1674.jpg,data/raw/ena24\1674.jpg,ena24,negativo,True,ena24_neg_noche,0,ena24_9380.jpg,train
ena24_1677.jpg,data/raw/ena24\1677.jpg,ena24,negativo,True,ena24_neg_noche,0,ena24_9380.jpg,train
ena24_1679.jpg,data/raw/ena24\1679.jpg,ena24,negativo,True,ena24_neg_noche,0,ena24_9380.jpg,train
ena24_1680.jpg,data/raw/ena24\1680.jpg,ena24,negativo,True,ena24_neg_noche,0,ena24_9380.jpg,train
ena24_1681.jpg,data/raw/ena24\1681.jpg,ena24,negativo,True,ena24_neg_noche,0,ena24_9380.jpg,train
ena24_1682.jpg,data/raw/ena24\1682.jpg,ena24,negativo,True,ena24_neg_noche,0,ena24_9380.jpg,train
ena24_1683.jpg,data/raw/ena24\1683.jpg,ena24,negativo,True,ena24_neg_noche,0,ena24_9380.jpg,train
ena24_1684.jpg,data/raw/ena24\1684.jpg,ena24,negativo,True,ena24_neg_noche,0,ena24_9380.jpg,train
ena24_1687.jpg,data/raw/ena24\1687.jpg,ena24,negativo,True,ena24_neg_noche,0,ena24_9380.jpg,train
ena24_1690.jpg,data/raw/ena24\1690.jpg,ena24,negativo,True,ena24_neg_noche,0,ena24_9380.jpg,train
ena24_1691.jpg,data/raw/ena24\1691.jpg,ena24,negativo,True,ena24_neg_noche,0,ena24_9380.jpg,train
ena24_1692.jpg,data/raw/ena24\1692.jpg,ena24,negativo,True,ena24_neg_noche,0,ena24_9380.jpg,train
ena24_1693.jpg,data/raw/ena24\1693.jpg,ena24,negativo,True,ena24_neg_noche,0,ena24_9380.jpg,train
ena24_1694.jpg,data/raw/ena24\1694.jpg,ena24,negativo,True,ena24_neg_noche,0,ena24_9380.jpg,train
ena24_1697.jpg,data/raw/ena24\1697.jpg,ena24,negativo,True,ena24_neg_noche,0,ena24_9380.jpg,train
ena24_1698.jpg,data/raw/ena24\1698.jpg,ena24,negativo,True,ena24_neg_noche,0,ena24_9380.jpg,train
ena24_1699.jpg,data/raw/ena24\1699.jpg,ena24,negativo,True,ena24_neg_noche,0,ena24_9380.jpg,train
ena24_1700.jpg,data/raw/ena24\1700.jpg,ena24,negativo,True,ena24_neg_noche,0,ena24_9380.jpg,train
ena24_1703.jpg,data/raw/ena24\1703.jpg,ena24,negativo,True,ena24_neg_noche,0,ena24_9380.jpg,train
ena24_1704.jpg,data/raw/ena24\1704.jpg,ena24,negativo,True,ena24_neg_noche,0,ena24_9380.jpg,train
ena24_1705.jpg,data/raw/ena24\1705.jpg,ena24,negativo,True,ena24_neg_noche,0,ena24_9380.jpg,train
ena24_1707.jpg,data/raw/ena24\1707.jpg,ena24,negativo,True,ena24_neg_noche,0,ena24_9380.jpg,train
ena24_1710.jpg,data/raw/ena24\1710.jpg,ena24,negativo,True,ena24_neg_noche,0,ena24_9380.jpg,train
ena24_1711.jpg,data/raw/ena24\1711.jpg,ena24,negativo,True,ena24_neg_noche,0,ena24_9380.jpg,train
ena24_1714.jpg,data/raw/ena24\1714.jpg,ena24,negativo,True,ena24_neg_noche,0,ena24_9380.jpg,train
ena24_1715.jpg,data/raw/ena24\1715.jpg,ena24,negativo,True,ena24_neg_noche,0,ena24_9380.jpg,train
ena24_1716.jpg,data/raw/ena24\1716.jpg,ena24,negativo,True,ena24_neg_noche,0,ena24_9380.jpg,train
ena24_1718.jpg,data/raw/ena24\1718.jpg,ena24,negativo,True,ena24_neg_noche,0,ena24_9380.jpg,train
ena24_1719.jpg,data/raw/ena24\1719.jpg,ena24,negativo,True,ena24_neg_noche,0,ena24_9380.jpg,train
ena24_1721.jpg,data/raw/ena24\1721.jpg,ena24,negativo,True,ena24_neg_noche,0,ena24_9380.jpg,train
ena24_1726.jpg,data/raw/ena24\1726.jpg,ena24,negativo,True,ena24_neg_noche,0,ena24_9380.jpg,train
ena24_1727.jpg,data/raw/ena24\1727.jpg,ena24,negativo,True,ena24_neg_noche,0,ena24_9380.jpg,train
ena24_1728.jpg,data/raw/ena24\1728.jpg,ena24,negativo,True,ena24_neg_noche,0,ena24_9380.jpg,train
ena24_1731.jpg,data/raw/ena24\1731.jpg,ena24,negativo,True,ena24_neg_noche,0,ena24_9380.jpg,train
ena24_1732.jpg,data/raw/ena24\1732.jpg,ena24,negativo,True,ena24_neg_noche,0,ena24_9380.jpg,train
ena24_1733.jpg,data/raw/ena24\1733.jpg,ena24,negativo,True,ena24_neg_noche,0,ena24_9380.jpg,train
ena24_1734.jpg,data/raw/ena24\1734.jpg,ena24,negativo,True,ena24_neg_noche,0,ena24_9380.jpg,train
ena24_1735.jpg,data/raw/ena24\1735.jpg,ena24,negativo,True,ena24_neg_noche,0,ena24_9380.jpg,train
ena24_1738.jpg,data/raw/ena24\1738.jpg,ena24,negativo,True,ena24_neg_noche,0,ena24_9380.jpg,train
ena24_1739.jpg,data/raw/ena24\1739.jpg,ena24,negativo,True,ena24_neg_noche,0,ena24_9380.jpg,train
ena24_1741.jpg,data/raw/ena24\1741.jpg,ena24,negativo,True,ena24_neg_noche,0,ena24_9380.jpg,train
ena24_1742.jpg,data/raw/ena24\1742.jpg,ena24,negativo,True,ena24_neg_noche,0,ena24_9380.jpg,train
ena24_1743.jpg,data/raw/ena24\1743.jpg,ena24,negativo,True,ena24_neg_noche,0,ena24_9380.jpg,train
ena24_1745.jpg,data/raw/ena24\1745.jpg,ena24,negativo,True,ena24_neg_noche,0,ena24_9380.jpg,train
ena24_1747.jpg,data/raw/ena24\1747.jpg,ena24,negativo,True,ena24_neg_noche,0,ena24_9380.jpg,train
ena24_1748.jpg,data/raw/ena24\1748.jpg,ena24,negativo,True,ena24_neg_noche,0,ena24_9380.jpg,train
ena24_1749.jpg,data/raw/ena24\1749.jpg,ena24,negativo,True,ena24_neg_noche,0,ena24_9380.jpg,train
ena24_1750.jpg,data/raw/ena24\1750.jpg,ena24,negativo,True,ena24_neg_noche,0,ena24_9380.jpg,train
ena24_1751.jpg,data/raw/ena24\1751.jpg,ena24,negativo,True,ena24_neg_noche,0,ena24_9380.jpg,train
ena24_1753.jpg,data/raw/ena24\1753.jpg,ena24,negativo,True,ena24_neg_noche,0,ena24_9380.jpg,train
ena24_1755.jpg,data/raw/ena24\1755.jpg,ena24,negativo,True,ena24_neg_noche,0,ena24_9380.jpg,train
ena24_1757.jpg,data/raw/ena24\1757.jpg,ena24,negativo,True,ena24_neg_noche,0,ena24_9380.jpg,train
ena24_1758.jpg,data/raw/ena24\1758.jpg,ena24,negativo,True,ena24_neg_noche,0,ena24_9380.jpg,train
ena24_1759.jpg,data/raw/ena24\1759.jpg,ena24,negativo,True,ena24_neg_noche,0,ena24_9380.jpg,train
ena24_1761.jpg,data/raw/ena24\1761.jpg,ena24,negativo,True,ena24_neg_noche,0,ena24_9380.jpg,train
ena24_1762.jpg,data/raw/ena24\1762.jpg,ena24,negativo,True,ena24_neg_noche,0,ena24_9380.jpg,train
ena24_1763.jpg,data/raw/ena24\1763.jpg,ena24,negativo,True,ena24_neg_noche,0,ena24_9380.jpg,train
ena24_1764.jpg,data/raw/ena24\1764.jpg,ena24,negativo,True,ena24_neg_noche,0,ena24_9380.jpg,train
ena24_1766.jpg,data/raw/ena24\1766.jpg,ena24,negativo,True,ena24_neg_noche,0,ena24_9380.jpg,train
ena24_1767.jpg,data/raw/ena24\1767.jpg,ena24,negativo,True,ena24_neg_noche,0,ena24_9380.jpg,train
ena24_1768.jpg,data/raw/ena24\1768.jpg,ena24,negativo,True,ena24_neg_noche,0,ena24_9380.jpg,train
ena24_1769.jpg,data/raw/ena24\1769.jpg,ena24,negativo,True,ena24_neg_noche,0,ena24_9380.jpg,train
ena24_1772.jpg,data/raw/ena24\1772.jpg,ena24,negativo,True,ena24_neg_noche,0,ena24_1772.jpg,val
ena24_1773.jpg,data/raw/ena24\1773.jpg,ena24,negativo,True,ena24_neg_noche,0,ena24_1772.jpg,val
ena24_1776.jpg,data/raw/ena24\1776.jpg,ena24,negativo,True,ena24_neg_noche,0,ena24_1772.jpg,val
ena24_1777.jpg,data/raw/ena24\1777.jpg,ena24,negativo,True,ena24_neg_noche,0,ena24_1772.jpg,val
ena24_1778.jpg,data/raw/ena24\1778.jpg,ena24,negativo,True,ena24_neg_noche,0,ena24_1772.jpg,val
ena24_1779.jpg,data/raw/ena24\1779.jpg,ena24,negativo,True,ena24_neg_noche,0,ena24_1772.jpg,val
ena24_1786.jpg,data/raw/ena24\1786.jpg,ena24,negativo,True,ena24_neg_noche,0,ena24_1786.jpg,test
ena24_1788.jpg,data/raw/ena24\1788.jpg,ena24,negativo,True,ena24_neg_noche,0,ena24_9380.jpg,train
ena24_1791.jpg,data/raw/ena24\1791.jpg,ena24,negativo,True,ena24_neg_noche,0,ena24_9380.jpg,train
ena24_1793.jpg,data/raw/ena24\1793.jpg,ena24,negativo,True,ena24_neg_noche,0,ena24_9380.jpg,train
ena24_1794.jpg,data/raw/ena24\1794.jpg,ena24,negativo,True,ena24_neg_noche,0,ena24_9380.jpg,train
ena24_1795.jpg,data/raw/ena24\1795.jpg,ena24,negativo,True,ena24_neg_noche,0,ena24_9380.jpg,train
ena24_1796.jpg,data/raw/ena24\1796.jpg,ena24,negativo,True,ena24_neg_noche,0,ena24_9380.jpg,train
ena24_1797.jpg,data/raw/ena24\1797.jpg,ena24,negativo,True,ena24_neg_noche,0,ena24_9380.jpg,train
ena24_1800.jpg,data/raw/ena24\1800.jpg,ena24,negativo,True,ena24_neg_noche,0,ena24_9380.jpg,train
ena24_1801.jpg,data/raw/ena24\1801.jpg,ena24,negativo,True,ena24_neg_noche,0,ena24_9380.jpg,train
ena24_1802.jpg,data/raw/ena24\1802.jpg,ena24,negativo,True,ena24_neg_noche,0,ena24_9380.jpg,train
ena24_1804.jpg,data/raw/ena24\1804.jpg,ena24,negativo,True,ena24_neg_noche,0,ena24_9380.jpg,train
ena24_1805.jpg,data/raw/ena24\1805.jpg,ena24,negativo,True,ena24_neg_noche,0,ena24_1805.jpg,val
ena24_1806.jpg,data/raw/ena24\1806.jpg,ena24,negativo,True,ena24_neg_noche,0,ena24_1805.jpg,val
ena24_1807.jpg,data/raw/ena24\1807.jpg,ena24,negativo,True,ena24_neg_noche,0,ena24_7425.jpg,train
ena24_1812.jpg,data/raw/ena24\1812.jpg,ena24,negativo,True,ena24_neg_noche,0,ena24_1812.jpg,val
ena24_1815.jpg,data/raw/ena24\1815.jpg,ena24,negativo,False,ena24_neg_dia,0,ena24_1815.jpg,train
ena24_1816.jpg,data/raw/ena24\1816.jpg,ena24,negativo,False,ena24_neg_dia,0,ena24_1815.jpg,train
ena24_1817.jpg,data/raw/ena24\1817.jpg,ena24,negativo,False,ena24_neg_dia,0,ena24_1815.jpg,train
ena24_1818.jpg,data/raw/ena24\1818.jpg,ena24,negativo,False,ena24_neg_dia,0,ena24_1815.jpg,train
ena24_1819.jpg,data/raw/ena24\1819.jpg,ena24,negativo,False,ena24_neg_dia,0,ena24_1815.jpg,train
ena24_1820.jpg,data/raw/ena24\1820.jpg,ena24,negativo,False,ena24_neg_dia,0,ena24_1815.jpg,train
ena24_1821.jpg,data/raw/ena24\1821.jpg,ena24,negativo,False,ena24_neg_dia,0,ena24_1815.jpg,train
ena24_1822.jpg,data/raw/ena24\1822.jpg,ena24,negativo,False,ena24_neg_dia,0,ena24_1815.jpg,train
ena24_1823.jpg,data/raw/ena24\1823.jpg,ena24,negativo,False,ena24_neg_dia,0,ena24_1815.jpg,train
ena24_1824.jpg,data/raw/ena24\1824.jpg,ena24,negativo,False,ena24_neg_dia,0,ena24_1815.jpg,train
ena24_1825.jpg,data/raw/ena24\1825.jpg,ena24,negativo,False,ena24_neg_dia,0,ena24_1815.jpg,train
ena24_1826.jpg,data/raw/ena24\1826.jpg,ena24,negativo,False,ena24_neg_dia,0,ena24_1815.jpg,train
ena24_1827.jpg,data/raw/ena24\1827.jpg,ena24,negativo,False,ena24_neg_dia,0,ena24_1815.jpg,train
ena24_1828.jpg,data/raw/ena24\1828.jpg,ena24,negativo,False,ena24_neg_dia,0,ena24_1815.jpg,train
ena24_1829.jpg,data/raw/ena24\1829.jpg,ena24,negativo,False,ena24_neg_dia,0,ena24_1815.jpg,train
ena24_1830.jpg,data/raw/ena24\1830.jpg,ena24,negativo,False,ena24_neg_dia,0,ena24_1815.jpg,train
ena24_1831.jpg,data/raw/ena24\1831.jpg,ena24,negativo,False,ena24_neg_dia,0,ena24_1815.jpg,train
ena24_1832.jpg,data/raw/ena24\1832.jpg,ena24,negativo,False,ena24_neg_dia,0,ena24_1815.jpg,train
ena24_1833.jpg,data/raw/ena24\1833.jpg,ena24,negativo,False,ena24_neg_dia,0,ena24_1815.jpg,train
ena24_1834.jpg,data/raw/ena24\1834.jpg,ena24,negativo,False,ena24_neg_dia,0,ena24_1815.jpg,train
ena24_1835.jpg,data/raw/ena24\1835.jpg,ena24,negativo,True,ena24_neg_noche,0,ena24_9380.jpg,train
ena24_1836.jpg,data/raw/ena24\1836.jpg,ena24,negativo,True,ena24_neg_noche,0,ena24_9380.jpg,train
ena24_1837.jpg,data/raw/ena24\1837.jpg,ena24,negativo,True,ena24_neg_noche,0,ena24_9380.jpg,train
ena24_1838.jpg,data/raw/ena24\1838.jpg,ena24,negativo,True,ena24_neg_noche,0,ena24_9380.jpg,train
ena24_1840.jpg,data/raw/ena24\1840.jpg,ena24,negativo,True,ena24_neg_noche,0,ena24_9380.jpg,train
ena24_1841.jpg,data/raw/ena24\1841.jpg,ena24,negativo,True,ena24_neg_noche,0,ena24_9380.jpg,train
ena24_1842.jpg,data/raw/ena24\1842.jpg,ena24,negativo,True,ena24_neg_noche,0,ena24_9380.jpg,train
ena24_1843.jpg,data/raw/ena24\1843.jpg,ena24,negativo,True,ena24_neg_noche,0,ena24_9380.jpg,train
ena24_1844.jpg,data/raw/ena24\1844.jpg,ena24,negativo,True,ena24_neg_noche,0,ena24_1844.jpg,test
ena24_1846.jpg,data/raw/ena24\1846.jpg,ena24,negativo,True,ena24_neg_noche,0,ena24_1846.jpg,train
ena24_1848.jpg,data/raw/ena24\1848.jpg,ena24,negativo,True,ena24_neg_noche,0,ena24_9380.jpg,train
ena24_1850.jpg,data/raw/ena24\1850.jpg,ena24,negativo,True,ena24_neg_noche,0,ena24_9380.jpg,train
ena24_1851.jpg,data/raw/ena24\1851.jpg,ena24,negativo,True,ena24_neg_noche,0,ena24_9380.jpg,train
ena24_1852.jpg,data/raw/ena24\1852.jpg,ena24,negativo,True,ena24_neg_noche,0,ena24_9380.jpg,train
ena24_1853.jpg,data/raw/ena24\1853.jpg,ena24,negativo,True,ena24_neg_noche,0,ena24_9380.jpg,train
ena24_1855.jpg,data/raw/ena24\1855.jpg,ena24,negativo,True,ena24_neg_noche,0,ena24_9380.jpg,train
ena24_1857.jpg,data/raw/ena24\1857.jpg,ena24,negativo,True,ena24_neg_noche,0,ena24_1857.jpg,val
ena24_1860.jpg,data/raw/ena24\1860.jpg,ena24,negativo,True,ena24_neg_noche,0,ena24_9380.jpg,train
ena24_1861.jpg,data/raw/ena24\1861.jpg,ena24,negativo,True,ena24_neg_noche,0,ena24_9380.jpg,train
ena24_1865.jpg,data/raw/ena24\1865.jpg,ena24,negativo,True,ena24_neg_noche,0,ena24_9380.jpg,train
ena24_1868.jpg,data/raw/ena24\1868.jpg,ena24,negativo,True,ena24_neg_noche,0,ena24_9380.jpg,train
ena24_1869.jpg,data/raw/ena24\1869.jpg,ena24,negativo,True,ena24_neg_noche,0,ena24_9380.jpg,train
ena24_1870.jpg,data/raw/ena24\1870.jpg,ena24,negativo,True,ena24_neg_noche,0,ena24_9380.jpg,train
ena24_1871.jpg,data/raw/ena24\1871.jpg,ena24,negativo,True,ena24_neg_noche,0,ena24_9380.jpg,train
ena24_1872.jpg,data/raw/ena24\1872.jpg,ena24,negativo,True,ena24_neg_noche,0,ena24_1872.jpg,train
ena24_1873.jpg,data/raw/ena24\1873.jpg,ena24,negativo,True,ena24_neg_noche,0,ena24_1872.jpg,train
ena24_1874.jpg,data/raw/ena24\1874.jpg,ena24,negativo,True,ena24_neg_noche,0,ena24_1872.jpg,train
ena24_1876.jpg,data/raw/ena24\1876.jpg,ena24,negativo,True,ena24_neg_noche,0,ena24_1876.jpg,train
ena24_1877.jpg,data/raw/ena24\1877.jpg,ena24,negativo,True,ena24_neg_noche,0,ena24_9380.jpg,train
ena24_1880.jpg,data/raw/ena24\1880.jpg,ena24,negativo,True,ena24_neg_noche,0,ena24_1815.jpg,train
ena24_1881.jpg,data/raw/ena24\1881.jpg,ena24,negativo,True,ena24_neg_noche,0,ena24_1815.jpg,train
ena24_1882.jpg,data/raw/ena24\1882.jpg,ena24,negativo,True,ena24_neg_noche,0,ena24_1815.jpg,train
ena24_1883.jpg,data/raw/ena24\1883.jpg,ena24,negativo,True,ena24_neg_noche,0,ena24_1815.jpg,train
ena24_1884.jpg,data/raw/ena24\1884.jpg,ena24,negativo,False,ena24_neg_dia,0,ena24_1815.jpg,train
ena24_1885.jpg,data/raw/ena24\1885.jpg,ena24,negativo,True,ena24_neg_noche,0,ena24_1815.jpg,train
ena24_1886.jpg,data/raw/ena24\1886.jpg,ena24,negativo,False,ena24_neg_dia,0,ena24_1815.jpg,train
ena24_1887.jpg,data/raw/ena24\1887.jpg,ena24,negativo,False,ena24_neg_dia,0,ena24_1815.jpg,train
ena24_1888.jpg,data/raw/ena24\1888.jpg,ena24,negativo,False,ena24_neg_dia,0,ena24_1815.jpg,train
ena24_1889.jpg,data/raw/ena24\1889.jpg,ena24,negativo,False,ena24_neg_dia,0,ena24_1815.jpg,train
ena24_1890.jpg,data/raw/ena24\1890.jpg,ena24,negativo,True,ena24_neg_noche,0,ena24_9380.jpg,train
ena24_1891.jpg,data/raw/ena24\1891.jpg,ena24,negativo,True,ena24_neg_noche,0,ena24_9380.jpg,train
ena24_1892.jpg,data/raw/ena24\1892.jpg,ena24,negativo,True,ena24_neg_noche,0,ena24_9380.jpg,train
ena24_1894.jpg,data/raw/ena24\1894.jpg,ena24,negativo,True,ena24_neg_noche,0,ena24_9380.jpg,train
ena24_1895.jpg,data/raw/ena24\1895.jpg,ena24,negativo,True,ena24_neg_noche,0,ena24_1895.jpg,test
ena24_1896.jpg,data/raw/ena24\1896.jpg,ena24,negativo,True,ena24_neg_noche,0,ena24_9380.jpg,train
ena24_1897.jpg,data/raw/ena24\1897.jpg,ena24,negativo,True,ena24_neg_noche,0,ena24_9380.jpg,train
ena24_1898.jpg,data/raw/ena24\1898.jpg,ena24,negativo,True,ena24_neg_noche,0,ena24_9380.jpg,train
ena24_1900.jpg,data/raw/ena24\1900.jpg,ena24,negativo,True,ena24_neg_noche,0,ena24_9380.jpg,train
ena24_1901.jpg,data/raw/ena24\1901.jpg,ena24,negativo,True,ena24_neg_noche,0,ena24_9380.jpg,train
ena24_1903.jpg,data/raw/ena24\1903.jpg,ena24,negativo,True,ena24_neg_noche,0,ena24_1903.jpg,test
ena24_1904.jpg,data/raw/ena24\1904.jpg,ena24,negativo,True,ena24_neg_noche,0,ena24_1904.jpg,train
ena24_1906.jpg,data/raw/ena24\1906.jpg,ena24,negativo,True,ena24_neg_noche,0,ena24_1906.jpg,val
ena24_1910.jpg,data/raw/ena24\1910.jpg,ena24,negativo,True,ena24_neg_noche,0,ena24_1910.jpg,train
ena24_1911.jpg,data/raw/ena24\1911.jpg,ena24,negativo,True,ena24_neg_noche,0,ena24_1911.jpg,train
ena24_1912.jpg,data/raw/ena24\1912.jpg,ena24,negativo,True,ena24_neg_noche,0,ena24_1912.jpg,val
ena24_1913.jpg,data/raw/ena24\1913.jpg,ena24,negativo,True,ena24_neg_noche,0,ena24_1911.jpg,train
ena24_1914.jpg,data/raw/ena24\1914.jpg,ena24,negativo,True,ena24_neg_noche,0,ena24_1911.jpg,train
ena24_1915.jpg,data/raw/ena24\1915.jpg,ena24,negativo,True,ena24_neg_noche,0,ena24_1912.jpg,val
ena24_1916.jpg,data/raw/ena24\1916.jpg,ena24,negativo,True,ena24_neg_noche,0,ena24_1916.jpg,train
ena24_1917.jpg,data/raw/ena24\1917.jpg,ena24,negativo,True,ena24_neg_noche,0,ena24_1917.jpg,train
ena24_1918.jpg,data/raw/ena24\1918.jpg,ena24,negativo,True,ena24_neg_noche,0,ena24_1918.jpg,val
ena24_1919.jpg,data/raw/ena24\1919.jpg,ena24,negativo,True,ena24_neg_noche,0,ena24_1919.jpg,val
ena24_1921.jpg,data/raw/ena24\1921.jpg,ena24,negativo,True,ena24_neg_noche,0,ena24_1921.jpg,train
ena24_1922.jpg,data/raw/ena24\1922.jpg,ena24,negativo,True,ena24_neg_noche,0,ena24_1921.jpg,train
ena24_1923.jpg,data/raw/ena24\1923.jpg,ena24,negativo,True,ena24_neg_noche,0,ena24_1923.jpg,train
ena24_1924.jpg,data/raw/ena24\1924.jpg,ena24,negativo,True,ena24_neg_noche,0,ena24_1923.jpg,train
ena24_1925.jpg,data/raw/ena24\1925.jpg,ena24,negativo,True,ena24_neg_noche,0,ena24_1925.jpg,val
ena24_1926.jpg,data/raw/ena24\1926.jpg,ena24,negativo,True,ena24_neg_noche,0,ena24_1925.jpg,val
ena24_1929.jpg,data/raw/ena24\1929.jpg,ena24,negativo,True,ena24_neg_noche,0,ena24_1925.jpg,val
ena24_1930.jpg,data/raw/ena24\1930.jpg,ena24,negativo,True,ena24_neg_noche,0,ena24_1930.jpg,val
ena24_1934.jpg,data/raw/ena24\1934.jpg,ena24,negativo,False,ena24_neg_dia,0,ena24_1934.jpg,train
ena24_1936.jpg,data/raw/ena24\1936.jpg,ena24,negativo,False,ena24_neg_dia,0,ena24_1934.jpg,train
ena24_2136.jpg,data/raw/ena24\2136.jpg,ena24,negativo,True,ena24_neg_noche,0,ena24_9380.jpg,train
ena24_214.jpg,data/raw/ena24\214.jpg,ena24,negativo,False,ena24_neg_dia,0,ena24_214.jpg,val
ena24_2490.jpg,data/raw/ena24\2490.jpg,ena24,negativo,True,ena24_neg_noche,0,ena24_9380.jpg,train
ena24_269.jpg,data/raw/ena24\269.jpg,ena24,negativo,False,ena24_neg_dia,0,ena24_269.jpg,test
ena24_3373.jpg,data/raw/ena24\3373.jpg,ena24,negativo,True,ena24_neg_noche,0,ena24_3373.jpg,val
ena24_3658.jpg,data/raw/ena24\3658.jpg,ena24,negativo,True,ena24_neg_noche,0,ena24_9380.jpg,train
ena24_3661.jpg,data/raw/ena24\3661.jpg,ena24,negativo,True,ena24_neg_noche,0,ena24_3661.jpg,test
ena24_3663.jpg,data/raw/ena24\3663.jpg,ena24,negativo,True,ena24_neg_noche,0,ena24_9380.jpg,train
ena24_3664.jpg,data/raw/ena24\3664.jpg,ena24,negativo,True,ena24_neg_noche,0,ena24_9380.jpg,train
ena24_3665.jpg,data/raw/ena24\3665.jpg,ena24,negativo,True,ena24_neg_noche,0,ena24_9380.jpg,train
ena24_443.jpg,data/raw/ena24\443.jpg,ena24,negativo,False,ena24_neg_dia,0,ena24_443.jpg,train
ena24_4667.jpg,data/raw/ena24\4667.jpg,ena24,negativo,True,ena24_neg_noche,0,ena24_4667.jpg,test
ena24_4852.jpg,data/raw/ena24\4852.jpg,ena24,negativo,False,ena24_neg_dia,0,ena24_4852.jpg,val
ena24_4855.jpg,data/raw/ena24\4855.jpg,ena24,negativo,False,ena24_neg_dia,0,ena24_4855.jpg,train
ena24_4856.jpg,data/raw/ena24\4856.jpg,ena24,negativo,False,ena24_neg_dia,0,ena24_4856.jpg,train
ena24_4862.jpg,data/raw/ena24\4862.jpg,ena24,negativo,False,ena24_neg_dia,0,ena24_4862.jpg,val
ena24_4878.jpg,data/raw/ena24\4878.jpg,ena24,negativo,False,ena24_neg_dia,0,ena24_4878.jpg,train
ena24_4924.jpg,data/raw/ena24\4924.jpg,ena24,negativo,False,ena24_neg_dia,0,ena24_4924.jpg,train
ena24_4925.jpg,data/raw/ena24\4925.jpg,ena24,negativo,False,ena24_neg_dia,0,ena24_4924.jpg,train
ena24_4926.jpg,data/raw/ena24\4926.jpg,ena24,negativo,False,ena24_neg_dia,0,ena24_4924.jpg,train
ena24_4953.jpg,data/raw/ena24\4953.jpg,ena24,negativo,True,ena24_neg_noche,0,ena24_4953.jpg,val
ena24_4969.jpg,data/raw/ena24\4969.jpg,ena24,negativo,True,ena24_neg_noche,0,ena24_9380.jpg,train
ena24_4972.jpg,data/raw/ena24\4972.jpg,ena24,negativo,True,ena24_neg_noche,0,ena24_9380.jpg,train
ena24_4973.jpg,data/raw/ena24\4973.jpg,ena24,negativo,True,ena24_neg_noche,0,ena24_9380.jpg,train
ena24_4974.jpg,data/raw/ena24\4974.jpg,ena24,negativo,True,ena24_neg_noche,0,ena24_9380.jpg,train
ena24_4975.jpg,data/raw/ena24\4975.jpg,ena24,negativo,True,ena24_neg_noche,0,ena24_9380.jpg,train
ena24_4976.jpg,data/raw/ena24\4976.jpg,ena24,negativo,True,ena24_neg_noche,0,ena24_9380.jpg,train
ena24_4977.jpg,data/raw/ena24\4977.jpg,ena24,negativo,True,ena24_neg_noche,0,ena24_9380.jpg,train
ena24_4978.jpg,data/raw/ena24\4978.jpg,ena24,negativo,True,ena24_neg_noche,0,ena24_9380.jpg,train
ena24_4980.jpg,data/raw/ena24\4980.jpg,ena24,negativo,True,ena24_neg_noche,0,ena24_9380.jpg,train
ena24_4981.jpg,data/raw/ena24\4981.jpg,ena24,negativo,True,ena24_neg_noche,0,ena24_9380.jpg,train
ena24_4982.jpg,data/raw/ena24\4982.jpg,ena24,negativo,True,ena24_neg_noche,0,ena24_9380.jpg,train
ena24_4983.jpg,data/raw/ena24\4983.jpg,ena24,negativo,True,ena24_neg_noche,0,ena24_9380.jpg,train
ena24_4984.jpg,data/raw/ena24\4984.jpg,ena24,negativo,True,ena24_neg_noche,0,ena24_9380.jpg,train
ena24_4985.jpg,data/raw/ena24\4985.jpg,ena24,negativo,True,ena24_neg_noche,0,ena24_9380.jpg,train
ena24_4986.jpg,data/raw/ena24\4986.jpg,ena24,negativo,True,ena24_neg_noche,0,ena24_9380.jpg,train
ena24_4987.jpg,data/raw/ena24\4987.jpg,ena24,negativo,True,ena24_neg_noche,0,ena24_9380.jpg,train
ena24_4988.jpg,data/raw/ena24\4988.jpg,ena24,negativo,True,ena24_neg_noche,0,ena24_9380.jpg,train
ena24_4989.jpg,data/raw/ena24\4989.jpg,ena24,negativo,True,ena24_neg_noche,0,ena24_9380.jpg,train
ena24_4990.jpg,data/raw/ena24\4990.jpg,ena24,negativo,True,ena24_neg_noche,0,ena24_9380.jpg,train
ena24_4991.jpg,data/raw/ena24\4991.jpg,ena24,negativo,True,ena24_neg_noche,0,ena24_9380.jpg,train
ena24_4992.jpg,data/raw/ena24\4992.jpg,ena24,negativo,True,ena24_neg_noche,0,ena24_9380.jpg,train
ena24_4993.jpg,data/raw/ena24\4993.jpg,ena24,negativo,True,ena24_neg_noche,0,ena24_9380.jpg,train
ena24_4994.jpg,data/raw/ena24\4994.jpg,ena24,negativo,True,ena24_neg_noche,0,ena24_9380.jpg,train
ena24_4999.jpg,data/raw/ena24\4999.jpg,ena24,negativo,False,ena24_neg_dia,0,ena24_5006.jpg,train
ena24_5000.jpg,data/raw/ena24\5000.jpg,ena24,negativo,False,ena24_neg_dia,0,ena24_5006.jpg,train
ena24_5001.jpg,data/raw/ena24\5001.jpg,ena24,negativo,False,ena24_neg_dia,0,ena24_5006.jpg,train
ena24_5004.jpg,data/raw/ena24\5004.jpg,ena24,negativo,False,ena24_neg_dia,0,ena24_5006.jpg,train
ena24_5006.jpg,data/raw/ena24\5006.jpg,ena24,negativo,False,ena24_neg_dia,0,ena24_5006.jpg,train
ena24_5007.jpg,data/raw/ena24\5007.jpg,ena24,negativo,False,ena24_neg_dia,0,ena24_5006.jpg,train
ena24_5033.jpg,data/raw/ena24\5033.jpg,ena24,negativo,False,ena24_neg_dia,0,ena24_5033.jpg,train
ena24_5034.jpg,data/raw/ena24\5034.jpg,ena24,negativo,False,ena24_neg_dia,0,ena24_5034.jpg,val
ena24_5043.jpg,data/raw/ena24\5043.jpg,ena24,negativo,False,ena24_neg_dia,0,ena24_5043.jpg,val
ena24_5044.jpg,data/raw/ena24\5044.jpg,ena24,negativo,False,ena24_neg_dia,0,ena24_5043.jpg,val
ena24_5052.jpg,data/raw/ena24\5052.jpg,ena24,negativo,False,ena24_neg_dia,0,ena24_5052.jpg,val
ena24_5053.jpg,data/raw/ena24\5053.jpg,ena24,negativo,False,ena24_neg_dia,0,ena24_5053.jpg,val
ena24_5054.jpg,data/raw/ena24\5054.jpg,ena24,negativo,False,ena24_neg_dia,0,ena24_7564.jpg,val
ena24_5064.jpg,data/raw/ena24\5064.jpg,ena24,negativo,False,ena24_neg_dia,0,ena24_5064.jpg,test
ena24_5085.jpg,data/raw/ena24\5085.jpg,ena24,negativo,False,ena24_neg_dia,0,ena24_5085.jpg,test
ena24_5086.jpg,data/raw/ena24\5086.jpg,ena24,negativo,True,ena24_neg_noche,0,ena24_9380.jpg,train
ena24_5087.jpg,data/raw/ena24\5087.jpg,ena24,negativo,True,ena24_neg_noche,0,ena24_9380.jpg,train
ena24_5088.jpg,data/raw/ena24\5088.jpg,ena24,negativo,True,ena24_neg_noche,0,ena24_9380.jpg,train
ena24_5089.jpg,data/raw/ena24\5089.jpg,ena24,negativo,True,ena24_neg_noche,0,ena24_9380.jpg,train
ena24_5090.jpg,data/raw/ena24\5090.jpg,ena24,negativo,True,ena24_neg_noche,0,ena24_9380.jpg,train
ena24_5091.jpg,data/raw/ena24\5091.jpg,ena24,negativo,True,ena24_neg_noche,0,ena24_9380.jpg,train
ena24_5092.jpg,data/raw/ena24\5092.jpg,ena24,negativo,True,ena24_neg_noche,0,ena24_9380.jpg,train
ena24_5093.jpg,data/raw/ena24\5093.jpg,ena24,negativo,True,ena24_neg_noche,0,ena24_9380.jpg,train
ena24_5094.jpg,data/raw/ena24\5094.jpg,ena24,negativo,False,ena24_neg_dia,0,ena24_5094.jpg,train
ena24_5099.jpg,data/raw/ena24\5099.jpg,ena24,negativo,False,ena24_neg_dia,0,ena24_5158.jpg,train
ena24_5104.jpg,data/raw/ena24\5104.jpg,ena24,negativo,False,ena24_neg_dia,0,ena24_5158.jpg,train
ena24_5114.jpg,data/raw/ena24\5114.jpg,ena24,negativo,False,ena24_neg_dia,0,ena24_5114.jpg,test
ena24_5120.jpg,data/raw/ena24\5120.jpg,ena24,negativo,False,ena24_neg_dia,0,ena24_5120.jpg,train
ena24_5121.jpg,data/raw/ena24\5121.jpg,ena24,negativo,False,ena24_neg_dia,0,ena24_5120.jpg,train
ena24_5124.jpg,data/raw/ena24\5124.jpg,ena24,negativo,False,ena24_neg_dia,0,ena24_5120.jpg,train
ena24_5142.jpg,data/raw/ena24\5142.jpg,ena24,negativo,False,ena24_neg_dia,0,ena24_5142.jpg,val
ena24_5144.jpg,data/raw/ena24\5144.jpg,ena24,negativo,False,ena24_neg_dia,0,ena24_5158.jpg,train
ena24_5145.jpg,data/raw/ena24\5145.jpg,ena24,negativo,False,ena24_neg_dia,0,ena24_5149.jpg,val
ena24_5146.jpg,data/raw/ena24\5146.jpg,ena24,negativo,False,ena24_neg_dia,0,ena24_5149.jpg,val
ena24_5149.jpg,data/raw/ena24\5149.jpg,ena24,negativo,False,ena24_neg_dia,0,ena24_5149.jpg,val
ena24_5152.jpg,data/raw/ena24\5152.jpg,ena24,negativo,False,ena24_neg_dia,0,ena24_5149.jpg,val
ena24_5153.jpg,data/raw/ena24\5153.jpg,ena24,negativo,False,ena24_neg_dia,0,ena24_5149.jpg,val
ena24_5155.jpg,data/raw/ena24\5155.jpg,ena24,negativo,False,ena24_neg_dia,0,ena24_5158.jpg,train
ena24_5156.jpg,data/raw/ena24\5156.jpg,ena24,negativo,False,ena24_neg_dia,0,ena24_5158.jpg,train
ena24_5158.jpg,data/raw/ena24\5158.jpg,ena24,negativo,False,ena24_neg_dia,0,ena24_5158.jpg,train
ena24_5162.jpg,data/raw/ena24\5162.jpg,ena24,negativo,False,ena24_neg_dia,0,ena24_5158.jpg,train
ena24_5163.jpg,data/raw/ena24\5163.jpg,ena24,negativo,False,ena24_neg_dia,0,ena24_5158.jpg,train
ena24_5164.jpg,data/raw/ena24\5164.jpg,ena24,negativo,False,ena24_neg_dia,0,ena24_5158.jpg,train
ena24_5166.jpg,data/raw/ena24\5166.jpg,ena24,negativo,False,ena24_neg_dia,0,ena24_5158.jpg,train
ena24_5169.jpg,data/raw/ena24\5169.jpg,ena24,negativo,False,ena24_neg_dia,0,ena24_5158.jpg,train
ena24_5171.jpg,data/raw/ena24\5171.jpg,ena24,negativo,False,ena24_neg_dia,0,ena24_5171.jpg,train
ena24_5172.jpg,data/raw/ena24\5172.jpg,ena24,negativo,False,ena24_neg_dia,0,ena24_5172.jpg,test
ena24_5186.jpg,data/raw/ena24\5186.jpg,ena24,negativo,False,ena24_neg_dia,0,ena24_5186.jpg,val
ena24_5187.jpg,data/raw/ena24\5187.jpg,ena24,negativo,False,ena24_neg_dia,0,ena24_5186.jpg,val
ena24_5194.jpg,data/raw/ena24\5194.jpg,ena24,negativo,False,ena24_neg_dia,0,ena24_5194.jpg,val
ena24_5197.jpg,data/raw/ena24\5197.jpg,ena24,negativo,False,ena24_neg_dia,0,ena24_5197.jpg,val
ena24_5200.jpg,data/raw/ena24\5200.jpg,ena24,negativo,False,ena24_neg_dia,0,ena24_5200.jpg,train
ena24_5204.jpg,data/raw/ena24\5204.jpg,ena24,negativo,False,ena24_neg_dia,0,ena24_5204.jpg,test
ena24_5208.jpg,data/raw/ena24\5208.jpg,ena24,negativo,False,ena24_neg_dia,0,ena24_5208.jpg,train
ena24_5211.jpg,data/raw/ena24\5211.jpg,ena24,negativo,False,ena24_neg_dia,0,ena24_5211.jpg,train
ena24_5212.jpg,data/raw/ena24\5212.jpg,ena24,negativo,False,ena24_neg_dia,0,ena24_5212.jpg,test
ena24_5215.jpg,data/raw/ena24\5215.jpg,ena24,negativo,False,ena24_neg_dia,0,ena24_5215.jpg,test
ena24_522.jpg,data/raw/ena24\522.jpg,ena24,negativo,False,ena24_neg_dia,0,ena24_522.jpg,val
ena24_5223.jpg,data/raw/ena24\5223.jpg,ena24,negativo,False,ena24_neg_dia,0,ena24_5223.jpg,val
ena24_5225.jpg,data/raw/ena24\5225.jpg,ena24,negativo,False,ena24_neg_dia,0,ena24_5225.jpg,val
ena24_5227.jpg,data/raw/ena24\5227.jpg,ena24,negativo,False,ena24_neg_dia,0,ena24_5227.jpg,train
ena24_5229.jpg,data/raw/ena24\5229.jpg,ena24,negativo,False,ena24_neg_dia,0,ena24_5227.jpg,train
ena24_5242.jpg,data/raw/ena24\5242.jpg,ena24,negativo,False,ena24_neg_dia,0,ena24_5242.jpg,val
ena24_5243.jpg,data/raw/ena24\5243.jpg,ena24,negativo,False,ena24_neg_dia,0,ena24_5256.jpg,train
ena24_5253.jpg,data/raw/ena24\5253.jpg,ena24,negativo,False,ena24_neg_dia,0,ena24_5256.jpg,train
ena24_5256.jpg,data/raw/ena24\5256.jpg,ena24,negativo,False,ena24_neg_dia,0,ena24_5256.jpg,train
ena24_5257.jpg,data/raw/ena24\5257.jpg,ena24,negativo,False,ena24_neg_dia,0,ena24_5256.jpg,train
ena24_5261.jpg,data/raw/ena24\5261.jpg,ena24,negativo,False,ena24_neg_dia,0,ena24_5256.jpg,train
ena24_5265.jpg,data/raw/ena24\5265.jpg,ena24,negativo,False,ena24_neg_dia,0,ena24_5265.jpg,train
ena24_5268.jpg,data/raw/ena24\5268.jpg,ena24,negativo,False,ena24_neg_dia,0,ena24_5265.jpg,train
ena24_5272.jpg,data/raw/ena24\5272.jpg,ena24,negativo,False,ena24_neg_dia,0,ena24_5265.jpg,train
ena24_5276.jpg,data/raw/ena24\5276.jpg,ena24,negativo,False,ena24_neg_dia,0,ena24_5265.jpg,train
ena24_5278.jpg,data/raw/ena24\5278.jpg,ena24,negativo,False,ena24_neg_dia,0,ena24_5278.jpg,val
ena24_5279.jpg,data/raw/ena24\5279.jpg,ena24,negativo,False,ena24_neg_dia,0,ena24_5278.jpg,val
ena24_5294.jpg,data/raw/ena24\5294.jpg,ena24,negativo,False,ena24_neg_dia,0,ena24_5278.jpg,val
ena24_5295.jpg,data/raw/ena24\5295.jpg,ena24,negativo,False,ena24_neg_dia,0,ena24_5278.jpg,val
ena24_5298.jpg,data/raw/ena24\5298.jpg,ena24,negativo,False,ena24_neg_dia,0,ena24_5278.jpg,val
ena24_5299.jpg,data/raw/ena24\5299.jpg,ena24,negativo,False,ena24_neg_dia,0,ena24_5278.jpg,val
ena24_5301.jpg,data/raw/ena24\5301.jpg,ena24,negativo,False,ena24_neg_dia,0,ena24_5278.jpg,val
ena24_5306.jpg,data/raw/ena24\5306.jpg,ena24,negativo,False,ena24_neg_dia,0,ena24_5256.jpg,train
ena24_5308.jpg,data/raw/ena24\5308.jpg,ena24,negativo,False,ena24_neg_dia,0,ena24_5256.jpg,train
ena24_5313.jpg,data/raw/ena24\5313.jpg,ena24,negativo,False,ena24_neg_dia,0,ena24_5256.jpg,train
ena24_5314.jpg,data/raw/ena24\5314.jpg,ena24,negativo,False,ena24_neg_dia,0,ena24_5256.jpg,train
ena24_5317.jpg,data/raw/ena24\5317.jpg,ena24,negativo,False,ena24_neg_dia,0,ena24_5256.jpg,train
ena24_5319.jpg,data/raw/ena24\5319.jpg,ena24,negativo,False,ena24_neg_dia,0,ena24_5256.jpg,train
ena24_5321.jpg,data/raw/ena24\5321.jpg,ena24,negativo,False,ena24_neg_dia,0,ena24_5256.jpg,train
ena24_5324.jpg,data/raw/ena24\5324.jpg,ena24,negativo,False,ena24_neg_dia,0,ena24_5256.jpg,train
ena24_5333.jpg,data/raw/ena24\5333.jpg,ena24,negativo,True,ena24_neg_noche,0,ena24_5333.jpg,test
ena24_5334.jpg,data/raw/ena24\5334.jpg,ena24,negativo,True,ena24_neg_noche,0,ena24_5333.jpg,test
ena24_5337.jpg,data/raw/ena24\5337.jpg,ena24,negativo,True,ena24_neg_noche,0,ena24_5333.jpg,test
ena24_5339.jpg,data/raw/ena24\5339.jpg,ena24,negativo,True,ena24_neg_noche,0,ena24_5333.jpg,test
ena24_5340.jpg,data/raw/ena24\5340.jpg,ena24,negativo,True,ena24_neg_noche,0,ena24_5333.jpg,test
ena24_5342.jpg,data/raw/ena24\5342.jpg,ena24,negativo,False,ena24_neg_dia,0,ena24_5256.jpg,train
ena24_5353.jpg,data/raw/ena24\5353.jpg,ena24,negativo,False,ena24_neg_dia,0,ena24_5353.jpg,train
ena24_5354.jpg,data/raw/ena24\5354.jpg,ena24,negativo,False,ena24_neg_dia,0,ena24_5353.jpg,train
ena24_5360.jpg,data/raw/ena24\5360.jpg,ena24,negativo,False,ena24_neg_dia,0,ena24_5256.jpg,train
ena24_5364.jpg,data/raw/ena24\5364.jpg,ena24,negativo,False,ena24_neg_dia,0,ena24_5256.jpg,train
ena24_5366.jpg,data/raw/ena24\5366.jpg,ena24,negativo,False,ena24_neg_dia,0,ena24_5256.jpg,train
ena24_5369.jpg,data/raw/ena24\5369.jpg,ena24,negativo,False,ena24_neg_dia,0,ena24_5256.jpg,train
ena24_5370.jpg,data/raw/ena24\5370.jpg,ena24,negativo,False,ena24_neg_dia,0,ena24_5256.jpg,train
ena24_5371.jpg,data/raw/ena24\5371.jpg,ena24,negativo,False,ena24_neg_dia,0,ena24_5256.jpg,train
ena24_5376.jpg,data/raw/ena24\5376.jpg,ena24,negativo,False,ena24_neg_dia,0,ena24_5256.jpg,train
ena24_5377.jpg,data/raw/ena24\5377.jpg,ena24,negativo,False,ena24_neg_dia,0,ena24_5256.jpg,train
ena24_5378.jpg,data/raw/ena24\5378.jpg,ena24,negativo,False,ena24_neg_dia,0,ena24_5256.jpg,train
ena24_5388.jpg,data/raw/ena24\5388.jpg,ena24,negativo,False,ena24_neg_dia,0,ena24_5256.jpg,train
ena24_5390.jpg,data/raw/ena24\5390.jpg,ena24,negativo,False,ena24_neg_dia,0,ena24_5256.jpg,train
ena24_5394.jpg,data/raw/ena24\5394.jpg,ena24,negativo,False,ena24_neg_dia,0,ena24_5256.jpg,train
ena24_5395.jpg,data/raw/ena24\5395.jpg,ena24,negativo,False,ena24_neg_dia,0,ena24_5256.jpg,train
ena24_5405.jpg,data/raw/ena24\5405.jpg,ena24,negativo,False,ena24_neg_dia,0,ena24_5405.jpg,test
ena24_5406.jpg,data/raw/ena24\5406.jpg,ena24,negativo,False,ena24_neg_dia,0,ena24_5405.jpg,test
ena24_5408.jpg,data/raw/ena24\5408.jpg,ena24,negativo,False,ena24_neg_dia,0,ena24_5405.jpg,test
ena24_5409.jpg,data/raw/ena24\5409.jpg,ena24,negativo,False,ena24_neg_dia,0,ena24_9380.jpg,train
ena24_5415.jpg,data/raw/ena24\5415.jpg,ena24,negativo,False,ena24_neg_dia,0,ena24_9380.jpg,train
ena24_5424.jpg,data/raw/ena24\5424.jpg,ena24,negativo,False,ena24_neg_dia,0,ena24_5424.jpg,train
ena24_5425.jpg,data/raw/ena24\5425.jpg,ena24,negativo,False,ena24_neg_dia,0,ena24_5425.jpg,test
ena24_5430.jpg,data/raw/ena24\5430.jpg,ena24,negativo,False,ena24_neg_dia,0,ena24_5430.jpg,train
ena24_5433.jpg,data/raw/ena24\5433.jpg,ena24,negativo,False,ena24_neg_dia,0,ena24_5430.jpg,train
ena24_5434.jpg,data/raw/ena24\5434.jpg,ena24,negativo,False,ena24_neg_dia,0,ena24_5430.jpg,train
ena24_5439.jpg,data/raw/ena24\5439.jpg,ena24,negativo,False,ena24_neg_dia,0,ena24_5430.jpg,train
ena24_5441.jpg,data/raw/ena24\5441.jpg,ena24,negativo,False,ena24_neg_dia,0,ena24_5430.jpg,train
ena24_5452.jpg,data/raw/ena24\5452.jpg,ena24,negativo,False,ena24_neg_dia,0,ena24_5452.jpg,train
ena24_5461.jpg,data/raw/ena24\5461.jpg,ena24,negativo,False,ena24_neg_dia,0,ena24_5353.jpg,train
ena24_5479.jpg,data/raw/ena24\5479.jpg,ena24,negativo,False,ena24_neg_dia,0,ena24_9380.jpg,train
ena24_5480.jpg,data/raw/ena24\5480.jpg,ena24,negativo,False,ena24_neg_dia,0,ena24_9380.jpg,train
ena24_5483.jpg,data/raw/ena24\5483.jpg,ena24,negativo,False,ena24_neg_dia,0,ena24_9380.jpg,train
ena24_5488.jpg,data/raw/ena24\5488.jpg,ena24,negativo,False,ena24_neg_dia,0,ena24_5488.jpg,test
ena24_5492.jpg,data/raw/ena24\5492.jpg,ena24,negativo,False,ena24_neg_dia,0,ena24_5517.jpg,train
ena24_5495.jpg,data/raw/ena24\5495.jpg,ena24,negativo,False,ena24_neg_dia,0,ena24_5495.jpg,train
ena24_5500.jpg,data/raw/ena24\5500.jpg,ena24,negativo,False,ena24_neg_dia,0,ena24_5495.jpg,train
ena24_5501.jpg,data/raw/ena24\5501.jpg,ena24,negativo,True,ena24_neg_noche,0,ena24_5501.jpg,test
ena24_5505.jpg,data/raw/ena24\5505.jpg,ena24,negativo,True,ena24_neg_noche,0,ena24_5517.jpg,train
ena24_5508.jpg,data/raw/ena24\5508.jpg,ena24,negativo,True,ena24_neg_noche,0,ena24_5517.jpg,train
ena24_5510.jpg,data/raw/ena24\5510.jpg,ena24,negativo,True,ena24_neg_noche,0,ena24_5501.jpg,test
ena24_5511.jpg,data/raw/ena24\5511.jpg,ena24,negativo,True,ena24_neg_noche,0,ena24_5501.jpg,test
ena24_5512.jpg,data/raw/ena24\5512.jpg,ena24,negativo,True,ena24_neg_noche,0,ena24_5501.jpg,test
ena24_5513.jpg,data/raw/ena24\5513.jpg,ena24,negativo,True,ena24_neg_noche,0,ena24_5501.jpg,test
ena24_5514.jpg,data/raw/ena24\5514.jpg,ena24,negativo,True,ena24_neg_noche,0,ena24_5501.jpg,test
ena24_5515.jpg,data/raw/ena24\5515.jpg,ena24,negativo,True,ena24_neg_noche,0,ena24_5501.jpg,test
ena24_5517.jpg,data/raw/ena24\5517.jpg,ena24,negativo,True,ena24_neg_noche,0,ena24_5517.jpg,train
ena24_5518.jpg,data/raw/ena24\5518.jpg,ena24,negativo,True,ena24_neg_noche,0,ena24_5517.jpg,train
ena24_5520.jpg,data/raw/ena24\5520.jpg,ena24,negativo,True,ena24_neg_noche,0,ena24_5520.jpg,val
ena24_5521.jpg,data/raw/ena24\5521.jpg,ena24,negativo,True,ena24_neg_noche,0,ena24_5517.jpg,train
ena24_5526.jpg,data/raw/ena24\5526.jpg,ena24,negativo,True,ena24_neg_noche,0,ena24_5517.jpg,train
ena24_5527.jpg,data/raw/ena24\5527.jpg,ena24,negativo,True,ena24_neg_noche,0,ena24_5517.jpg,train
ena24_5528.jpg,data/raw/ena24\5528.jpg,ena24,negativo,True,ena24_neg_noche,0,ena24_5517.jpg,train
ena24_5529.jpg,data/raw/ena24\5529.jpg,ena24,negativo,True,ena24_neg_noche,0,ena24_5517.jpg,train
ena24_5531.jpg,data/raw/ena24\5531.jpg,ena24,negativo,True,ena24_neg_noche,0,ena24_5517.jpg,train
ena24_5532.jpg,data/raw/ena24\5532.jpg,ena24,negativo,True,ena24_neg_noche,0,ena24_5517.jpg,train
ena24_5533.jpg,data/raw/ena24\5533.jpg,ena24,negativo,True,ena24_neg_noche,0,ena24_5520.jpg,val
ena24_5536.jpg,data/raw/ena24\5536.jpg,ena24,negativo,True,ena24_neg_noche,0,ena24_5520.jpg,val
ena24_5538.jpg,data/raw/ena24\5538.jpg,ena24,negativo,True,ena24_neg_noche,0,ena24_5520.jpg,val
ena24_5541.jpg,data/raw/ena24\5541.jpg,ena24,negativo,True,ena24_neg_noche,0,ena24_5541.jpg,train
ena24_5544.jpg,data/raw/ena24\5544.jpg,ena24,negativo,True,ena24_neg_noche,0,ena24_5541.jpg,train
ena24_5550.jpg,data/raw/ena24\5550.jpg,ena24,negativo,True,ena24_neg_noche,0,ena24_5517.jpg,train
ena24_5551.jpg,data/raw/ena24\5551.jpg,ena24,negativo,True,ena24_neg_noche,0,ena24_5517.jpg,train
ena24_5554.jpg,data/raw/ena24\5554.jpg,ena24,negativo,True,ena24_neg_noche,0,ena24_5517.jpg,train
ena24_5556.jpg,data/raw/ena24\5556.jpg,ena24,negativo,True,ena24_neg_noche,0,ena24_5517.jpg,train
ena24_5559.jpg,data/raw/ena24\5559.jpg,ena24,negativo,False,ena24_neg_dia,0,ena24_5559.jpg,val
ena24_5560.jpg,data/raw/ena24\5560.jpg,ena24,negativo,False,ena24_neg_dia,0,ena24_5559.jpg,val
ena24_5563.jpg,data/raw/ena24\5563.jpg,ena24,negativo,False,ena24_neg_dia,0,ena24_5495.jpg,train
ena24_5565.jpg,data/raw/ena24\5565.jpg,ena24,negativo,False,ena24_neg_dia,0,ena24_5495.jpg,train
ena24_5570.jpg,data/raw/ena24\5570.jpg,ena24,negativo,True,ena24_neg_noche,0,ena24_5570.jpg,train
ena24_5576.jpg,data/raw/ena24\5576.jpg,ena24,negativo,True,ena24_neg_noche,0,ena24_5541.jpg,train
ena24_5577.jpg,data/raw/ena24\5577.jpg,ena24,negativo,True,ena24_neg_noche,0,ena24_5541.jpg,train
ena24_5579.jpg,data/raw/ena24\5579.jpg,ena24,negativo,True,ena24_neg_noche,0,ena24_5541.jpg,train
ena24_5581.jpg,data/raw/ena24\5581.jpg,ena24,negativo,True,ena24_neg_noche,0,ena24_5541.jpg,train
ena24_5582.jpg,data/raw/ena24\5582.jpg,ena24,negativo,True,ena24_neg_noche,0,ena24_5541.jpg,train
ena24_5583.jpg,data/raw/ena24\5583.jpg,ena24,negativo,True,ena24_neg_noche,0,ena24_5541.jpg,train
ena24_5585.jpg,data/raw/ena24\5585.jpg,ena24,negativo,True,ena24_neg_noche,0,ena24_5585.jpg,val
ena24_5588.jpg,data/raw/ena24\5588.jpg,ena24,negativo,True,ena24_neg_noche,0,ena24_5585.jpg,val
ena24_5589.jpg,data/raw/ena24\5589.jpg,ena24,negativo,True,ena24_neg_noche,0,ena24_5585.jpg,val
ena24_5591.jpg,data/raw/ena24\5591.jpg,ena24,negativo,False,ena24_neg_dia,0,ena24_5591.jpg,test
ena24_5596.jpg,data/raw/ena24\5596.jpg,ena24,negativo,False,ena24_neg_dia,0,ena24_5596.jpg,val
ena24_5602.jpg,data/raw/ena24\5602.jpg,ena24,negativo,False,ena24_neg_dia,0,ena24_5602.jpg,test
ena24_5604.jpg,data/raw/ena24\5604.jpg,ena24,negativo,False,ena24_neg_dia,0,ena24_5604.jpg,test
ena24_5608.jpg,data/raw/ena24\5608.jpg,ena24,negativo,False,ena24_neg_dia,0,ena24_5608.jpg,train
ena24_5611.jpg,data/raw/ena24\5611.jpg,ena24,negativo,False,ena24_neg_dia,0,ena24_5611.jpg,train
ena24_5612.jpg,data/raw/ena24\5612.jpg,ena24,negativo,False,ena24_neg_dia,0,ena24_5611.jpg,train
ena24_5617.jpg,data/raw/ena24\5617.jpg,ena24,negativo,False,ena24_neg_dia,0,ena24_5617.jpg,train
ena24_5634.jpg,data/raw/ena24\5634.jpg,ena24,negativo,False,ena24_neg_dia,0,ena24_5634.jpg,val
ena24_5636.jpg,data/raw/ena24\5636.jpg,ena24,negativo,False,ena24_neg_dia,0,ena24_5634.jpg,val
ena24_5639.jpg,data/raw/ena24\5639.jpg,ena24,negativo,False,ena24_neg_dia,0,ena24_5639.jpg,train
ena24_5641.jpg,data/raw/ena24\5641.jpg,ena24,negativo,False,ena24_neg_dia,0,ena24_5639.jpg,train
ena24_5642.jpg,data/raw/ena24\5642.jpg,ena24,negativo,False,ena24_neg_dia,0,ena24_5642.jpg,test
ena24_5644.jpg,data/raw/ena24\5644.jpg,ena24,negativo,False,ena24_neg_dia,0,ena24_5644.jpg,train
ena24_5646.jpg,data/raw/ena24\5646.jpg,ena24,negativo,False,ena24_neg_dia,0,ena24_5644.jpg,train
ena24_5647.jpg,data/raw/ena24\5647.jpg,ena24,negativo,False,ena24_neg_dia,0,ena24_5647.jpg,test
ena24_5649.jpg,data/raw/ena24\5649.jpg,ena24,negativo,True,ena24_neg_noche,0,ena24_5649.jpg,test
ena24_5651.jpg,data/raw/ena24\5651.jpg,ena24,negativo,True,ena24_neg_noche,0,ena24_5649.jpg,test
ena24_5652.jpg,data/raw/ena24\5652.jpg,ena24,negativo,True,ena24_neg_noche,0,ena24_5649.jpg,test
ena24_5658.jpg,data/raw/ena24\5658.jpg,ena24,negativo,False,ena24_neg_dia,0,ena24_5658.jpg,test
ena24_5668.jpg,data/raw/ena24\5668.jpg,ena24,negativo,False,ena24_neg_dia,0,ena24_5658.jpg,test
ena24_5669.jpg,data/raw/ena24\5669.jpg,ena24,negativo,True,ena24_neg_noche,0,ena24_9434.jpg,train
ena24_5671.jpg,data/raw/ena24\5671.jpg,ena24,negativo,True,ena24_neg_noche,0,ena24_9380.jpg,train
ena24_5672.jpg,data/raw/ena24\5672.jpg,ena24,negativo,True,ena24_neg_noche,0,ena24_9434.jpg,train
ena24_5674.jpg,data/raw/ena24\5674.jpg,ena24,negativo,True,ena24_neg_noche,0,ena24_9434.jpg,train
ena24_5675.jpg,data/raw/ena24\5675.jpg,ena24,negativo,True,ena24_neg_noche,0,ena24_9434.jpg,train
ena24_5676.jpg,data/raw/ena24\5676.jpg,ena24,negativo,True,ena24_neg_noche,0,ena24_9434.jpg,train
ena24_5684.jpg,data/raw/ena24\5684.jpg,ena24,negativo,True,ena24_neg_noche,0,ena24_9434.jpg,train
ena24_5685.jpg,data/raw/ena24\5685.jpg,ena24,negativo,True,ena24_neg_noche,0,ena24_9434.jpg,train
ena24_5686.jpg,data/raw/ena24\5686.jpg,ena24,negativo,True,ena24_neg_noche,0,ena24_9434.jpg,train
ena24_5687.jpg,data/raw/ena24\5687.jpg,ena24,negativo,True,ena24_neg_noche,0,ena24_9434.jpg,train
ena24_5688.jpg,data/raw/ena24\5688.jpg,ena24,negativo,True,ena24_neg_noche,0,ena24_5688.jpg,train
ena24_5689.jpg,data/raw/ena24\5689.jpg,ena24,negativo,True,ena24_neg_noche,0,ena24_5688.jpg,train
ena24_5693.jpg,data/raw/ena24\5693.jpg,ena24,negativo,True,ena24_neg_noche,0,ena24_5688.jpg,train
ena24_5695.jpg,data/raw/ena24\5695.jpg,ena24,negativo,True,ena24_neg_noche,0,ena24_5688.jpg,train
ena24_5696.jpg,data/raw/ena24\5696.jpg,ena24,negativo,True,ena24_neg_noche,0,ena24_5688.jpg,train
ena24_5700.jpg,data/raw/ena24\5700.jpg,ena24,negativo,True,ena24_neg_noche,0,ena24_5688.jpg,train
ena24_5701.jpg,data/raw/ena24\5701.jpg,ena24,negativo,True,ena24_neg_noche,0,ena24_5688.jpg,train
ena24_5704.jpg,data/raw/ena24\5704.jpg,ena24,negativo,True,ena24_neg_noche,0,ena24_5688.jpg,train
ena24_5707.jpg,data/raw/ena24\5707.jpg,ena24,negativo,True,ena24_neg_noche,0,ena24_5688.jpg,train
ena24_5709.jpg,data/raw/ena24\5709.jpg,ena24,negativo,True,ena24_neg_noche,0,ena24_5688.jpg,train
ena24_5710.jpg,data/raw/ena24\5710.jpg,ena24,negativo,True,ena24_neg_noche,0,ena24_5688.jpg,train
ena24_5713.jpg,data/raw/ena24\5713.jpg,ena24,negativo,True,ena24_neg_noche,0,ena24_5713.jpg,test
ena24_5722.jpg,data/raw/ena24\5722.jpg,ena24,negativo,True,ena24_neg_noche,0,ena24_5688.jpg,train
ena24_5726.jpg,data/raw/ena24\5726.jpg,ena24,negativo,True,ena24_neg_noche,0,ena24_5688.jpg,train
ena24_5745.jpg,data/raw/ena24\5745.jpg,ena24,negativo,True,ena24_neg_noche,0,ena24_5688.jpg,train
ena24_5772.jpg,data/raw/ena24\5772.jpg,ena24,negativo,True,ena24_neg_noche,0,ena24_5688.jpg,train
ena24_5773.jpg,data/raw/ena24\5773.jpg,ena24,negativo,True,ena24_neg_noche,0,ena24_5773.jpg,test
ena24_5774.jpg,data/raw/ena24\5774.jpg,ena24,negativo,True,ena24_neg_noche,0,ena24_5688.jpg,train
ena24_5775.jpg,data/raw/ena24\5775.jpg,ena24,negativo,True,ena24_neg_noche,0,ena24_5775.jpg,test
ena24_5781.jpg,data/raw/ena24\5781.jpg,ena24,negativo,True,ena24_neg_noche,0,ena24_5775.jpg,test
ena24_5782.jpg,data/raw/ena24\5782.jpg,ena24,negativo,True,ena24_neg_noche,0,ena24_5775.jpg,test
ena24_5787.jpg,data/raw/ena24\5787.jpg,ena24,negativo,True,ena24_neg_noche,0,ena24_5688.jpg,train
ena24_5791.jpg,data/raw/ena24\5791.jpg,ena24,negativo,True,ena24_neg_noche,0,ena24_5688.jpg,train
ena24_5800.jpg,data/raw/ena24\5800.jpg,ena24,negativo,True,ena24_neg_noche,0,ena24_5688.jpg,train
ena24_5801.jpg,data/raw/ena24\5801.jpg,ena24,negativo,True,ena24_neg_noche,0,ena24_5688.jpg,train
ena24_5804.jpg,data/raw/ena24\5804.jpg,ena24,negativo,True,ena24_neg_noche,0,ena24_5688.jpg,train
ena24_5805.jpg,data/raw/ena24\5805.jpg,ena24,negativo,True,ena24_neg_noche,0,ena24_5688.jpg,train
ena24_5806.jpg,data/raw/ena24\5806.jpg,ena24,negativo,True,ena24_neg_noche,0,ena24_5806.jpg,train
ena24_5807.jpg,data/raw/ena24\5807.jpg,ena24,negativo,True,ena24_neg_noche,0,ena24_5806.jpg,train
ena24_5808.jpg,data/raw/ena24\5808.jpg,ena24,negativo,True,ena24_neg_noche,0,ena24_9380.jpg,train
ena24_5810.jpg,data/raw/ena24\5810.jpg,ena24,negativo,True,ena24_neg_noche,0,ena24_9380.jpg,train
ena24_5813.jpg,data/raw/ena24\5813.jpg,ena24,negativo,True,ena24_neg_noche,0,ena24_9380.jpg,train
ena24_5815.jpg,data/raw/ena24\5815.jpg,ena24,negativo,True,ena24_neg_noche,0,ena24_9380.jpg,train
ena24_5816.jpg,data/raw/ena24\5816.jpg,ena24,negativo,True,ena24_neg_noche,0,ena24_9380.jpg,train
ena24_5818.jpg,data/raw/ena24\5818.jpg,ena24,negativo,True,ena24_neg_noche,0,ena24_9380.jpg,train
ena24_5820.jpg,data/raw/ena24\5820.jpg,ena24,negativo,True,ena24_neg_noche,0,ena24_5820.jpg,train
ena24_5824.jpg,data/raw/ena24\5824.jpg,ena24,negativo,True,ena24_neg_noche,0,ena24_5824.jpg,test
ena24_5825.jpg,data/raw/ena24\5825.jpg,ena24,negativo,True,ena24_neg_noche,0,ena24_5820.jpg,train
ena24_5826.jpg,data/raw/ena24\5826.jpg,ena24,negativo,True,ena24_neg_noche,0,ena24_1772.jpg,val
ena24_5827.jpg,data/raw/ena24\5827.jpg,ena24,negativo,True,ena24_neg_noche,0,ena24_9380.jpg,train
ena24_5835.jpg,data/raw/ena24\5835.jpg,ena24,negativo,False,ena24_neg_dia,0,ena24_5835.jpg,train
ena24_5836.jpg,data/raw/ena24\5836.jpg,ena24,negativo,False,ena24_neg_dia,0,ena24_5835.jpg,train
ena24_5839.jpg,data/raw/ena24\5839.jpg,ena24,negativo,True,ena24_neg_noche,0,ena24_9662.jpg,val
ena24_5930.jpg,data/raw/ena24\5930.jpg,ena24,negativo,False,ena24_neg_dia,0,ena24_5930.jpg,val
ena24_6037.jpg,data/raw/ena24\6037.jpg,ena24,negativo,True,ena24_neg_noche,0,ena24_6037.jpg,test
ena24_6038.jpg,data/raw/ena24\6038.jpg,ena24,negativo,True,ena24_neg_noche,0,ena24_6037.jpg,test
ena24_604.jpg,data/raw/ena24\604.jpg,ena24,negativo,False,ena24_neg_dia,0,ena24_604.jpg,test
ena24_6040.jpg,data/raw/ena24\6040.jpg,ena24,negativo,True,ena24_neg_noche,0,ena24_6037.jpg,test
ena24_6043.jpg,data/raw/ena24\6043.jpg,ena24,negativo,True,ena24_neg_noche,0,ena24_6037.jpg,test
ena24_6045.jpg,data/raw/ena24\6045.jpg,ena24,negativo,True,ena24_neg_noche,0,ena24_6037.jpg,test
ena24_6047.jpg,data/raw/ena24\6047.jpg,ena24,negativo,True,ena24_neg_noche,0,ena24_6037.jpg,test
ena24_6048.jpg,data/raw/ena24\6048.jpg,ena24,negativo,True,ena24_neg_noche,0,ena24_6037.jpg,test
ena24_6051.jpg,data/raw/ena24\6051.jpg,ena24,negativo,True,ena24_neg_noche,0,ena24_6037.jpg,test
ena24_6054.jpg,data/raw/ena24\6054.jpg,ena24,negativo,True,ena24_neg_noche,0,ena24_6037.jpg,test
ena24_6055.jpg,data/raw/ena24\6055.jpg,ena24,negativo,True,ena24_neg_noche,0,ena24_6037.jpg,test
ena24_6060.jpg,data/raw/ena24\6060.jpg,ena24,negativo,True,ena24_neg_noche,0,ena24_6037.jpg,test
ena24_6061.jpg,data/raw/ena24\6061.jpg,ena24,negativo,True,ena24_neg_noche,0,ena24_6037.jpg,test
ena24_6062.jpg,data/raw/ena24\6062.jpg,ena24,negativo,True,ena24_neg_noche,0,ena24_6037.jpg,test
ena24_6066.jpg,data/raw/ena24\6066.jpg,ena24,negativo,True,ena24_neg_noche,0,ena24_6037.jpg,test
ena24_6067.jpg,data/raw/ena24\6067.jpg,ena24,negativo,True,ena24_neg_noche,0,ena24_6037.jpg,test
ena24_6068.jpg,data/raw/ena24\6068.jpg,ena24,negativo,True,ena24_neg_noche,0,ena24_6037.jpg,test
ena24_6071.jpg,data/raw/ena24\6071.jpg,ena24,negativo,True,ena24_neg_noche,0,ena24_6037.jpg,test
ena24_6072.jpg,data/raw/ena24\6072.jpg,ena24,negativo,True,ena24_neg_noche,0,ena24_6037.jpg,test
ena24_6076.jpg,data/raw/ena24\6076.jpg,ena24,negativo,True,ena24_neg_noche,0,ena24_6037.jpg,test
ena24_6077.jpg,data/raw/ena24\6077.jpg,ena24,negativo,True,ena24_neg_noche,0,ena24_6037.jpg,test
ena24_6078.jpg,data/raw/ena24\6078.jpg,ena24,negativo,True,ena24_neg_noche,0,ena24_6037.jpg,test
ena24_6082.jpg,data/raw/ena24\6082.jpg,ena24,negativo,True,ena24_neg_noche,0,ena24_6037.jpg,test
ena24_6083.jpg,data/raw/ena24\6083.jpg,ena24,negativo,True,ena24_neg_noche,0,ena24_6037.jpg,test
ena24_6088.jpg,data/raw/ena24\6088.jpg,ena24,negativo,True,ena24_neg_noche,0,ena24_6037.jpg,test
ena24_6090.jpg,data/raw/ena24\6090.jpg,ena24,negativo,True,ena24_neg_noche,0,ena24_6037.jpg,test
ena24_6091.jpg,data/raw/ena24\6091.jpg,ena24,negativo,True,ena24_neg_noche,0,ena24_6037.jpg,test
ena24_6092.jpg,data/raw/ena24\6092.jpg,ena24,negativo,False,ena24_neg_dia,0,ena24_6092.jpg,train
ena24_6093.jpg,data/raw/ena24\6093.jpg,ena24,negativo,False,ena24_neg_dia,0,ena24_6092.jpg,train
ena24_6095.jpg,data/raw/ena24\6095.jpg,ena24,negativo,False,ena24_neg_dia,0,ena24_6092.jpg,train
ena24_6096.jpg,data/raw/ena24\6096.jpg,ena24,negativo,False,ena24_neg_dia,0,ena24_6092.jpg,train
ena24_6097.jpg,data/raw/ena24\6097.jpg,ena24,negativo,False,ena24_neg_dia,0,ena24_6092.jpg,train
ena24_6098.jpg,data/raw/ena24\6098.jpg,ena24,negativo,False,ena24_neg_dia,0,ena24_6092.jpg,train
ena24_6099.jpg,data/raw/ena24\6099.jpg,ena24,negativo,False,ena24_neg_dia,0,ena24_6092.jpg,train
ena24_6100.jpg,data/raw/ena24\6100.jpg,ena24,negativo,False,ena24_neg_dia,0,ena24_6092.jpg,train
ena24_6102.jpg,data/raw/ena24\6102.jpg,ena24,negativo,False,ena24_neg_dia,0,ena24_6092.jpg,train
ena24_6105.jpg,data/raw/ena24\6105.jpg,ena24,negativo,False,ena24_neg_dia,0,ena24_6092.jpg,train
ena24_6223.jpg,data/raw/ena24\6223.jpg,ena24,negativo,False,ena24_neg_dia,0,ena24_6223.jpg,train
ena24_6349.jpg,data/raw/ena24\6349.jpg,ena24,negativo,False,ena24_neg_dia,0,ena24_6349.jpg,test
ena24_6615.jpg,data/raw/ena24\6615.jpg,ena24,negativo,False,ena24_neg_dia,0,ena24_6615.jpg,val
ena24_6616.jpg,data/raw/ena24\6616.jpg,ena24,negativo,False,ena24_neg_dia,0,ena24_6615.jpg,val
ena24_6617.jpg,data/raw/ena24\6617.jpg,ena24,negativo,False,ena24_neg_dia,0,ena24_6615.jpg,val
ena24_6618.jpg,data/raw/ena24\6618.jpg,ena24,negativo,True,ena24_neg_noche,0,ena24_6618.jpg,val
ena24_6621.jpg,data/raw/ena24\6621.jpg,ena24,negativo,False,ena24_neg_dia,0,ena24_6621.jpg,val
ena24_6622.jpg,data/raw/ena24\6622.jpg,ena24,negativo,False,ena24_neg_dia,0,ena24_6621.jpg,val
ena24_6623.jpg,data/raw/ena24\6623.jpg,ena24,negativo,False,ena24_neg_dia,0,ena24_6621.jpg,val
ena24_6624.jpg,data/raw/ena24\6624.jpg,ena24,negativo,False,ena24_neg_dia,0,ena24_6624.jpg,train
ena24_6625.jpg,data/raw/ena24\6625.jpg,ena24,negativo,False,ena24_neg_dia,0,ena24_6624.jpg,train
ena24_6628.jpg,data/raw/ena24\6628.jpg,ena24,negativo,False,ena24_neg_dia,0,ena24_6624.jpg,train
ena24_6631.jpg,data/raw/ena24\6631.jpg,ena24,negativo,False,ena24_neg_dia,0,ena24_6624.jpg,train
ena24_6632.jpg,data/raw/ena24\6632.jpg,ena24,negativo,False,ena24_neg_dia,0,ena24_6624.jpg,train
ena24_6634.jpg,data/raw/ena24\6634.jpg,ena24,negativo,False,ena24_neg_dia,0,ena24_6635.jpg,train
ena24_6635.jpg,data/raw/ena24\6635.jpg,ena24,negativo,False,ena24_neg_dia,0,ena24_6635.jpg,train
ena24_6636.jpg,data/raw/ena24\6636.jpg,ena24,negativo,False,ena24_neg_dia,0,ena24_6635.jpg,train
ena24_6638.jpg,data/raw/ena24\6638.jpg,ena24,negativo,False,ena24_neg_dia,0,ena24_6638.jpg,train
ena24_6639.jpg,data/raw/ena24\6639.jpg,ena24,negativo,False,ena24_neg_dia,0,ena24_6638.jpg,train
ena24_6640.jpg,data/raw/ena24\6640.jpg,ena24,negativo,False,ena24_neg_dia,0,ena24_6640.jpg,train
ena24_6641.jpg,data/raw/ena24\6641.jpg,ena24,negativo,False,ena24_neg_dia,0,ena24_6638.jpg,train
ena24_6642.jpg,data/raw/ena24\6642.jpg,ena24,negativo,False,ena24_neg_dia,0,ena24_6638.jpg,train
ena24_6644.jpg,data/raw/ena24\6644.jpg,ena24,negativo,True,ena24_neg_noche,0,ena24_6644.jpg,val
ena24_6645.jpg,data/raw/ena24\6645.jpg,ena24,negativo,True,ena24_neg_noche,0,ena24_6644.jpg,val
ena24_6649.jpg,data/raw/ena24\6649.jpg,ena24,negativo,True,ena24_neg_noche,0,ena24_6644.jpg,val
ena24_6651.jpg,data/raw/ena24\6651.jpg,ena24,negativo,True,ena24_neg_noche,0,ena24_6644.jpg,val
ena24_6657.jpg,data/raw/ena24\6657.jpg,ena24,negativo,True,ena24_neg_noche,0,ena24_6638.jpg,train
ena24_6658.jpg,data/raw/ena24\6658.jpg,ena24,negativo,True,ena24_neg_noche,0,ena24_6638.jpg,train
ena24_6659.jpg,data/raw/ena24\6659.jpg,ena24,negativo,True,ena24_neg_noche,0,ena24_6659.jpg,train
ena24_6660.jpg,data/raw/ena24\6660.jpg,ena24,negativo,True,ena24_neg_noche,0,ena24_6659.jpg,train
ena24_6662.jpg,data/raw/ena24\6662.jpg,ena24,negativo,True,ena24_neg_noche,0,ena24_6659.jpg,train
ena24_6671.jpg,data/raw/ena24\6671.jpg,ena24,negativo,True,ena24_neg_noche,0,ena24_6659.jpg,train
ena24_6672.jpg,data/raw/ena24\6672.jpg,ena24,negativo,True,ena24_neg_noche,0,ena24_6659.jpg,train
ena24_6676.jpg,data/raw/ena24\6676.jpg,ena24,negativo,True,ena24_neg_noche,0,ena24_6659.jpg,train
ena24_6680.jpg,data/raw/ena24\6680.jpg,ena24,negativo,True,ena24_neg_noche,0,ena24_6659.jpg,train
ena24_6681.jpg,data/raw/ena24\6681.jpg,ena24,negativo,True,ena24_neg_noche,0,ena24_6659.jpg,train
ena24_6683.jpg,data/raw/ena24\6683.jpg,ena24,negativo,True,ena24_neg_noche,0,ena24_6683.jpg,val
ena24_6685.jpg,data/raw/ena24\6685.jpg,ena24,negativo,False,ena24_neg_dia,0,ena24_6685.jpg,train
ena24_6688.jpg,data/raw/ena24\6688.jpg,ena24,negativo,False,ena24_neg_dia,0,ena24_6685.jpg,train
ena24_6689.jpg,data/raw/ena24\6689.jpg,ena24,negativo,False,ena24_neg_dia,0,ena24_6685.jpg,train
ena24_6690.jpg,data/raw/ena24\6690.jpg,ena24,negativo,False,ena24_neg_dia,0,ena24_6685.jpg,train
ena24_6691.jpg,data/raw/ena24\6691.jpg,ena24,negativo,False,ena24_neg_dia,0,ena24_6685.jpg,train
ena24_6693.jpg,data/raw/ena24\6693.jpg,ena24,negativo,False,ena24_neg_dia,0,ena24_6685.jpg,train
ena24_6696.jpg,data/raw/ena24\6696.jpg,ena24,negativo,False,ena24_neg_dia,0,ena24_6696.jpg,train
ena24_6697.jpg,data/raw/ena24\6697.jpg,ena24,negativo,False,ena24_neg_dia,0,ena24_6696.jpg,train
ena24_6698.jpg,data/raw/ena24\6698.jpg,ena24,negativo,False,ena24_neg_dia,0,ena24_6696.jpg,train
ena24_6699.jpg,data/raw/ena24\6699.jpg,ena24,negativo,False,ena24_neg_dia,0,ena24_6696.jpg,train
ena24_6700.jpg,data/raw/ena24\6700.jpg,ena24,negativo,False,ena24_neg_dia,0,ena24_6700.jpg,test
ena24_6701.jpg,data/raw/ena24\6701.jpg,ena24,negativo,False,ena24_neg_dia,0,ena24_6700.jpg,test
ena24_6703.jpg,data/raw/ena24\6703.jpg,ena24,negativo,True,ena24_neg_noche,0,ena24_9380.jpg,train
ena24_6705.jpg,data/raw/ena24\6705.jpg,ena24,negativo,True,ena24_neg_noche,0,ena24_9380.jpg,train
ena24_6708.jpg,data/raw/ena24\6708.jpg,ena24,negativo,True,ena24_neg_noche,0,ena24_6708.jpg,val
ena24_6710.jpg,data/raw/ena24\6710.jpg,ena24,negativo,True,ena24_neg_noche,0,ena24_6708.jpg,val
ena24_6711.jpg,data/raw/ena24\6711.jpg,ena24,negativo,True,ena24_neg_noche,0,ena24_6708.jpg,val
ena24_6713.jpg,data/raw/ena24\6713.jpg,ena24,negativo,True,ena24_neg_noche,0,ena24_6713.jpg,val
ena24_6714.jpg,data/raw/ena24\6714.jpg,ena24,negativo,True,ena24_neg_noche,0,ena24_6714.jpg,train
ena24_6715.jpg,data/raw/ena24\6715.jpg,ena24,negativo,True,ena24_neg_noche,0,ena24_6715.jpg,test
ena24_6718.jpg,data/raw/ena24\6718.jpg,ena24,negativo,True,ena24_neg_noche,0,ena24_6718.jpg,val
ena24_6720.jpg,data/raw/ena24\6720.jpg,ena24,negativo,True,ena24_neg_noche,0,ena24_9380.jpg,train
ena24_6723.jpg,data/raw/ena24\6723.jpg,ena24,negativo,True,ena24_neg_noche,0,ena24_6723.jpg,val
ena24_6724.jpg,data/raw/ena24\6724.jpg,ena24,negativo,True,ena24_neg_noche,0,ena24_6714.jpg,train
ena24_6725.jpg,data/raw/ena24\6725.jpg,ena24,negativo,True,ena24_neg_noche,0,ena24_6714.jpg,train
ena24_6726.jpg,data/raw/ena24\6726.jpg,ena24,negativo,True,ena24_neg_noche,0,ena24_6726.jpg,val
ena24_6729.jpg,data/raw/ena24\6729.jpg,ena24,negativo,True,ena24_neg_noche,0,ena24_6729.jpg,test
ena24_6737.jpg,data/raw/ena24\6737.jpg,ena24,negativo,True,ena24_neg_noche,0,ena24_9380.jpg,train
ena24_6739.jpg,data/raw/ena24\6739.jpg,ena24,negativo,True,ena24_neg_noche,0,ena24_9380.jpg,train
ena24_6741.jpg,data/raw/ena24\6741.jpg,ena24,negativo,True,ena24_neg_noche,0,ena24_9380.jpg,train
ena24_6742.jpg,data/raw/ena24\6742.jpg,ena24,negativo,True,ena24_neg_noche,0,ena24_9380.jpg,train
ena24_6744.jpg,data/raw/ena24\6744.jpg,ena24,negativo,True,ena24_neg_noche,0,ena24_6744.jpg,train
ena24_6747.jpg,data/raw/ena24\6747.jpg,ena24,negativo,True,ena24_neg_noche,0,ena24_6744.jpg,train
ena24_6757.jpg,data/raw/ena24\6757.jpg,ena24,negativo,True,ena24_neg_noche,0,ena24_6744.jpg,train
ena24_6763.jpg,data/raw/ena24\6763.jpg,ena24,negativo,True,ena24_neg_noche,0,ena24_6744.jpg,train
ena24_6764.jpg,data/raw/ena24\6764.jpg,ena24,negativo,True,ena24_neg_noche,0,ena24_6744.jpg,train
ena24_6771.jpg,data/raw/ena24\6771.jpg,ena24,negativo,True,ena24_neg_noche,0,ena24_6744.jpg,train
ena24_6774.jpg,data/raw/ena24\6774.jpg,ena24,negativo,True,ena24_neg_noche,0,ena24_6744.jpg,train
ena24_6775.jpg,data/raw/ena24\6775.jpg,ena24,negativo,True,ena24_neg_noche,0,ena24_6744.jpg,train
ena24_6785.jpg,data/raw/ena24\6785.jpg,ena24,negativo,True,ena24_neg_noche,0,ena24_6744.jpg,train
ena24_6787.jpg,data/raw/ena24\6787.jpg,ena24,negativo,True,ena24_neg_noche,0,ena24_6744.jpg,train
ena24_6789.jpg,data/raw/ena24\6789.jpg,ena24,negativo,True,ena24_neg_noche,0,ena24_6744.jpg,train
ena24_6792.jpg,data/raw/ena24\6792.jpg,ena24,negativo,True,ena24_neg_noche,0,ena24_6744.jpg,train
ena24_6794.jpg,data/raw/ena24\6794.jpg,ena24,negativo,True,ena24_neg_noche,0,ena24_6744.jpg,train
ena24_6796.jpg,data/raw/ena24\6796.jpg,ena24,negativo,False,ena24_neg_dia,0,ena24_6796.jpg,val
ena24_6799.jpg,data/raw/ena24\6799.jpg,ena24,negativo,False,ena24_neg_dia,0,ena24_6796.jpg,val
ena24_6805.jpg,data/raw/ena24\6805.jpg,ena24,negativo,False,ena24_neg_dia,0,ena24_6640.jpg,train
ena24_6806.jpg,data/raw/ena24\6806.jpg,ena24,negativo,False,ena24_neg_dia,0,ena24_6640.jpg,train
ena24_6807.jpg,data/raw/ena24\6807.jpg,ena24,negativo,True,ena24_neg_noche,0,ena24_9380.jpg,train
ena24_6814.jpg,data/raw/ena24\6814.jpg,ena24,negativo,True,ena24_neg_noche,0,ena24_9380.jpg,train
ena24_6815.jpg,data/raw/ena24\6815.jpg,ena24,negativo,True,ena24_neg_noche,0,ena24_9380.jpg,train
ena24_6819.jpg,data/raw/ena24\6819.jpg,ena24,negativo,True,ena24_neg_noche,0,ena24_9380.jpg,train
ena24_6820.jpg,data/raw/ena24\6820.jpg,ena24,negativo,True,ena24_neg_noche,0,ena24_9380.jpg,train
ena24_6821.jpg,data/raw/ena24\6821.jpg,ena24,negativo,True,ena24_neg_noche,0,ena24_9380.jpg,train
ena24_6823.jpg,data/raw/ena24\6823.jpg,ena24,negativo,True,ena24_neg_noche,0,ena24_9380.jpg,train
ena24_6826.jpg,data/raw/ena24\6826.jpg,ena24,negativo,True,ena24_neg_noche,0,ena24_9380.jpg,train
ena24_6829.jpg,data/raw/ena24\6829.jpg,ena24,negativo,True,ena24_neg_noche,0,ena24_9380.jpg,train
ena24_6830.jpg,data/raw/ena24\6830.jpg,ena24,negativo,True,ena24_neg_noche,0,ena24_9380.jpg,train
ena24_6831.jpg,data/raw/ena24\6831.jpg,ena24,negativo,True,ena24_neg_noche,0,ena24_9380.jpg,train
ena24_6834.jpg,data/raw/ena24\6834.jpg,ena24,negativo,True,ena24_neg_noche,0,ena24_9380.jpg,train
ena24_6836.jpg,data/raw/ena24\6836.jpg,ena24,negativo,True,ena24_neg_noche,0,ena24_9380.jpg,train
ena24_6838.jpg,data/raw/ena24\6838.jpg,ena24,negativo,True,ena24_neg_noche,0,ena24_9380.jpg,train
ena24_6839.jpg,data/raw/ena24\6839.jpg,ena24,negativo,True,ena24_neg_noche,0,ena24_9380.jpg,train
ena24_6843.jpg,data/raw/ena24\6843.jpg,ena24,negativo,True,ena24_neg_noche,0,ena24_9380.jpg,train
ena24_6844.jpg,data/raw/ena24\6844.jpg,ena24,negativo,True,ena24_neg_noche,0,ena24_9380.jpg,train
ena24_6849.jpg,data/raw/ena24\6849.jpg,ena24,negativo,True,ena24_neg_noche,0,ena24_9380.jpg,train
ena24_6859.jpg,data/raw/ena24\6859.jpg,ena24,negativo,True,ena24_neg_noche,0,ena24_9380.jpg,train
ena24_6860.jpg,data/raw/ena24\6860.jpg,ena24,negativo,True,ena24_neg_noche,0,ena24_9380.jpg,train
ena24_6863.jpg,data/raw/ena24\6863.jpg,ena24,negativo,True,ena24_neg_noche,0,ena24_9380.jpg,train
ena24_6865.jpg,data/raw/ena24\6865.jpg,ena24,negativo,True,ena24_neg_noche,0,ena24_9380.jpg,train
ena24_6866.jpg,data/raw/ena24\6866.jpg,ena24,negativo,True,ena24_neg_noche,0,ena24_9380.jpg,train
ena24_6870.jpg,data/raw/ena24\6870.jpg,ena24,negativo,True,ena24_neg_noche,0,ena24_9380.jpg,train
ena24_6873.jpg,data/raw/ena24\6873.jpg,ena24,negativo,True,ena24_neg_noche,0,ena24_9380.jpg,train
ena24_6874.jpg,data/raw/ena24\6874.jpg,ena24,negativo,True,ena24_neg_noche,0,ena24_9380.jpg,train
ena24_6875.jpg,data/raw/ena24\6875.jpg,ena24,negativo,True,ena24_neg_noche,0,ena24_9380.jpg,train
ena24_6878.jpg,data/raw/ena24\6878.jpg,ena24,negativo,True,ena24_neg_noche,0,ena24_9380.jpg,train
ena24_6879.jpg,data/raw/ena24\6879.jpg,ena24,negativo,True,ena24_neg_noche,0,ena24_9380.jpg,train
ena24_6883.jpg,data/raw/ena24\6883.jpg,ena24,negativo,True,ena24_neg_noche,0,ena24_9380.jpg,train
ena24_6885.jpg,data/raw/ena24\6885.jpg,ena24,negativo,True,ena24_neg_noche,0,ena24_9380.jpg,train
ena24_6890.jpg,data/raw/ena24\6890.jpg,ena24,negativo,True,ena24_neg_noche,0,ena24_9380.jpg,train
ena24_6895.jpg,data/raw/ena24\6895.jpg,ena24,negativo,True,ena24_neg_noche,0,ena24_9380.jpg,train
ena24_6896.jpg,data/raw/ena24\6896.jpg,ena24,negativo,True,ena24_neg_noche,0,ena24_9380.jpg,train
ena24_6898.jpg,data/raw/ena24\6898.jpg,ena24,negativo,True,ena24_neg_noche,0,ena24_9380.jpg,train
ena24_6901.jpg,data/raw/ena24\6901.jpg,ena24,negativo,True,ena24_neg_noche,0,ena24_9380.jpg,train
ena24_6902.jpg,data/raw/ena24\6902.jpg,ena24,negativo,True,ena24_neg_noche,0,ena24_6902.jpg,train
ena24_6903.jpg,data/raw/ena24\6903.jpg,ena24,negativo,True,ena24_neg_noche,0,ena24_9380.jpg,train
ena24_6905.jpg,data/raw/ena24\6905.jpg,ena24,negativo,True,ena24_neg_noche,0,ena24_6902.jpg,train
ena24_6906.jpg,data/raw/ena24\6906.jpg,ena24,negativo,True,ena24_neg_noche,0,ena24_6902.jpg,train
ena24_6908.jpg,data/raw/ena24\6908.jpg,ena24,negativo,True,ena24_neg_noche,0,ena24_9380.jpg,train
ena24_6910.jpg,data/raw/ena24\6910.jpg,ena24,negativo,True,ena24_neg_noche,0,ena24_9380.jpg,train
ena24_6912.jpg,data/raw/ena24\6912.jpg,ena24,negativo,True,ena24_neg_noche,0,ena24_9380.jpg,train
ena24_6921.jpg,data/raw/ena24\6921.jpg,ena24,negativo,True,ena24_neg_noche,0,ena24_9380.jpg,train
ena24_6922.jpg,data/raw/ena24\6922.jpg,ena24,negativo,True,ena24_neg_noche,0,ena24_9380.jpg,train
ena24_6923.jpg,data/raw/ena24\6923.jpg,ena24,negativo,True,ena24_neg_noche,0,ena24_9380.jpg,train
ena24_6924.jpg,data/raw/ena24\6924.jpg,ena24,negativo,True,ena24_neg_noche,0,ena24_9380.jpg,train
ena24_6932.jpg,data/raw/ena24\6932.jpg,ena24,negativo,False,ena24_neg_dia,0,ena24_6932.jpg,train
ena24_6933.jpg,data/raw/ena24\6933.jpg,ena24,negativo,False,ena24_neg_dia,0,ena24_6932.jpg,train
ena24_6934.jpg,data/raw/ena24\6934.jpg,ena24,negativo,False,ena24_neg_dia,0,ena24_6932.jpg,train
ena24_6935.jpg,data/raw/ena24\6935.jpg,ena24,negativo,False,ena24_neg_dia,0,ena24_6932.jpg,train
ena24_6936.jpg,data/raw/ena24\6936.jpg,ena24,negativo,False,ena24_neg_dia,0,ena24_6932.jpg,train
ena24_6937.jpg,data/raw/ena24\6937.jpg,ena24,negativo,False,ena24_neg_dia,0,ena24_6937.jpg,val
ena24_6938.jpg,data/raw/ena24\6938.jpg,ena24,negativo,False,ena24_neg_dia,0,ena24_6938.jpg,train
ena24_6943.jpg,data/raw/ena24\6943.jpg,ena24,negativo,True,ena24_neg_noche,0,ena24_9380.jpg,train
ena24_6944.jpg,data/raw/ena24\6944.jpg,ena24,negativo,True,ena24_neg_noche,0,ena24_9380.jpg,train
ena24_6945.jpg,data/raw/ena24\6945.jpg,ena24,negativo,False,ena24_neg_dia,0,ena24_6932.jpg,train
ena24_6946.jpg,data/raw/ena24\6946.jpg,ena24,negativo,False,ena24_neg_dia,0,ena24_6932.jpg,train
ena24_6947.jpg,data/raw/ena24\6947.jpg,ena24,negativo,False,ena24_neg_dia,0,ena24_6932.jpg,train
ena24_6949.jpg,data/raw/ena24\6949.jpg,ena24,negativo,False,ena24_neg_dia,0,ena24_6932.jpg,train
ena24_6950.jpg,data/raw/ena24\6950.jpg,ena24,negativo,False,ena24_neg_dia,0,ena24_6932.jpg,train
ena24_6951.jpg,data/raw/ena24\6951.jpg,ena24,negativo,False,ena24_neg_dia,0,ena24_6932.jpg,train
ena24_6952.jpg,data/raw/ena24\6952.jpg,ena24,negativo,False,ena24_neg_dia,0,ena24_6932.jpg,train
ena24_6953.jpg,data/raw/ena24\6953.jpg,ena24,negativo,False,ena24_neg_dia,0,ena24_6932.jpg,train
ena24_6955.jpg,data/raw/ena24\6955.jpg,ena24,negativo,False,ena24_neg_dia,0,ena24_6955.jpg,train
ena24_6956.jpg,data/raw/ena24\6956.jpg,ena24,negativo,False,ena24_neg_dia,0,ena24_6955.jpg,train
ena24_6957.jpg,data/raw/ena24\6957.jpg,ena24,negativo,False,ena24_neg_dia,0,ena24_6955.jpg,train
ena24_6958.jpg,data/raw/ena24\6958.jpg,ena24,negativo,False,ena24_neg_dia,0,ena24_6955.jpg,train
ena24_6959.jpg,data/raw/ena24\6959.jpg,ena24,negativo,False,ena24_neg_dia,0,ena24_6955.jpg,train
ena24_6960.jpg,data/raw/ena24\6960.jpg,ena24,negativo,False,ena24_neg_dia,0,ena24_6955.jpg,train
ena24_6962.jpg,data/raw/ena24\6962.jpg,ena24,negativo,False,ena24_neg_dia,0,ena24_6955.jpg,train
ena24_6963.jpg,data/raw/ena24\6963.jpg,ena24,negativo,False,ena24_neg_dia,0,ena24_6955.jpg,train
ena24_6964.jpg,data/raw/ena24\6964.jpg,ena24,negativo,False,ena24_neg_dia,0,ena24_6955.jpg,train
ena24_6965.jpg,data/raw/ena24\6965.jpg,ena24,negativo,False,ena24_neg_dia,0,ena24_6955.jpg,train
ena24_6966.jpg,data/raw/ena24\6966.jpg,ena24,negativo,False,ena24_neg_dia,0,ena24_6955.jpg,train
ena24_6967.jpg,data/raw/ena24\6967.jpg,ena24,negativo,False,ena24_neg_dia,0,ena24_6955.jpg,train
ena24_6971.jpg,data/raw/ena24\6971.jpg,ena24,negativo,False,ena24_neg_dia,0,ena24_6971.jpg,train
ena24_6972.jpg,data/raw/ena24\6972.jpg,ena24,negativo,False,ena24_neg_dia,0,ena24_6971.jpg,train
ena24_6973.jpg,data/raw/ena24\6973.jpg,ena24,negativo,False,ena24_neg_dia,0,ena24_6971.jpg,train
ena24_6974.jpg,data/raw/ena24\6974.jpg,ena24,negativo,False,ena24_neg_dia,0,ena24_6971.jpg,train
ena24_6975.jpg,data/raw/ena24\6975.jpg,ena24,negativo,False,ena24_neg_dia,0,ena24_6971.jpg,train
ena24_6993.jpg,data/raw/ena24\6993.jpg,ena24,negativo,True,ena24_neg_noche,0,ena24_9422.jpg,train
ena24_6994.jpg,data/raw/ena24\6994.jpg,ena24,negativo,True,ena24_neg_noche,0,ena24_9422.jpg,train
ena24_6995.jpg,data/raw/ena24\6995.jpg,ena24,negativo,True,ena24_neg_noche,0,ena24_9422.jpg,train
ena24_6998.jpg,data/raw/ena24\6998.jpg,ena24,negativo,True,ena24_neg_noche,0,ena24_9380.jpg,train
ena24_7002.jpg,data/raw/ena24\7002.jpg,ena24,negativo,False,ena24_neg_dia,0,ena24_7002.jpg,train
ena24_7003.jpg,data/raw/ena24\7003.jpg,ena24,negativo,False,ena24_neg_dia,0,ena24_7002.jpg,train
ena24_7004.jpg,data/raw/ena24\7004.jpg,ena24,negativo,False,ena24_neg_dia,0,ena24_7002.jpg,train
ena24_7005.jpg,data/raw/ena24\7005.jpg,ena24,negativo,False,ena24_neg_dia,0,ena24_7002.jpg,train
ena24_7006.jpg,data/raw/ena24\7006.jpg,ena24,negativo,False,ena24_neg_dia,0,ena24_7002.jpg,train
ena24_7007.jpg,data/raw/ena24\7007.jpg,ena24,negativo,False,ena24_neg_dia,0,ena24_7002.jpg,train
ena24_7008.jpg,data/raw/ena24\7008.jpg,ena24,negativo,True,ena24_neg_noche,0,ena24_9380.jpg,train
ena24_7009.jpg,data/raw/ena24\7009.jpg,ena24,negativo,True,ena24_neg_noche,0,ena24_9380.jpg,train
ena24_7014.jpg,data/raw/ena24\7014.jpg,ena24,negativo,False,ena24_neg_dia,0,ena24_7002.jpg,train
ena24_7015.jpg,data/raw/ena24\7015.jpg,ena24,negativo,False,ena24_neg_dia,0,ena24_7002.jpg,train
ena24_7016.jpg,data/raw/ena24\7016.jpg,ena24,negativo,False,ena24_neg_dia,0,ena24_7002.jpg,train
ena24_7017.jpg,data/raw/ena24\7017.jpg,ena24,negativo,False,ena24_neg_dia,0,ena24_7002.jpg,train
ena24_7018.jpg,data/raw/ena24\7018.jpg,ena24,negativo,False,ena24_neg_dia,0,ena24_7002.jpg,train
ena24_7021.jpg,data/raw/ena24\7021.jpg,ena24,negativo,False,ena24_neg_dia,0,ena24_7002.jpg,train
ena24_7022.jpg,data/raw/ena24\7022.jpg,ena24,negativo,False,ena24_neg_dia,0,ena24_7002.jpg,train
ena24_7023.jpg,data/raw/ena24\7023.jpg,ena24,negativo,False,ena24_neg_dia,0,ena24_7002.jpg,train
ena24_7024.jpg,data/raw/ena24\7024.jpg,ena24,negativo,False,ena24_neg_dia,0,ena24_7002.jpg,train
ena24_7025.jpg,data/raw/ena24\7025.jpg,ena24,negativo,False,ena24_neg_dia,0,ena24_7002.jpg,train
ena24_7026.jpg,data/raw/ena24\7026.jpg,ena24,negativo,False,ena24_neg_dia,0,ena24_7002.jpg,train
ena24_7027.jpg,data/raw/ena24\7027.jpg,ena24,negativo,False,ena24_neg_dia,0,ena24_7002.jpg,train
ena24_7028.jpg,data/raw/ena24\7028.jpg,ena24,negativo,False,ena24_neg_dia,0,ena24_7002.jpg,train
ena24_7029.jpg,data/raw/ena24\7029.jpg,ena24,negativo,False,ena24_neg_dia,0,ena24_7002.jpg,train
ena24_7030.jpg,data/raw/ena24\7030.jpg,ena24,negativo,False,ena24_neg_dia,0,ena24_7002.jpg,train
ena24_7031.jpg,data/raw/ena24\7031.jpg,ena24,negativo,False,ena24_neg_dia,0,ena24_7031.jpg,test
ena24_7033.jpg,data/raw/ena24\7033.jpg,ena24,negativo,True,ena24_neg_noche,0,ena24_9380.jpg,train
ena24_7037.jpg,data/raw/ena24\7037.jpg,ena24,negativo,True,ena24_neg_noche,0,ena24_9380.jpg,train
ena24_7039.jpg,data/raw/ena24\7039.jpg,ena24,negativo,True,ena24_neg_noche,0,ena24_9380.jpg,train
ena24_7042.jpg,data/raw/ena24\7042.jpg,ena24,negativo,True,ena24_neg_noche,0,ena24_9380.jpg,train
ena24_7043.jpg,data/raw/ena24\7043.jpg,ena24,negativo,True,ena24_neg_noche,0,ena24_9380.jpg,train
ena24_7044.jpg,data/raw/ena24\7044.jpg,ena24,negativo,False,ena24_neg_dia,0,ena24_7002.jpg,train
ena24_7046.jpg,data/raw/ena24\7046.jpg,ena24,negativo,False,ena24_neg_dia,0,ena24_7002.jpg,train
ena24_7047.jpg,data/raw/ena24\7047.jpg,ena24,negativo,False,ena24_neg_dia,0,ena24_7002.jpg,train
ena24_7048.jpg,data/raw/ena24\7048.jpg,ena24,negativo,False,ena24_neg_dia,0,ena24_7002.jpg,train
ena24_7049.jpg,data/raw/ena24\7049.jpg,ena24,negativo,False,ena24_neg_dia,0,ena24_7002.jpg,train
ena24_7051.jpg,data/raw/ena24\7051.jpg,ena24,negativo,True,ena24_neg_noche,0,ena24_9380.jpg,train
ena24_7052.jpg,data/raw/ena24\7052.jpg,ena24,negativo,True,ena24_neg_noche,0,ena24_9380.jpg,train
ena24_7053.jpg,data/raw/ena24\7053.jpg,ena24,negativo,True,ena24_neg_noche,0,ena24_9380.jpg,train
ena24_7056.jpg,data/raw/ena24\7056.jpg,ena24,negativo,True,ena24_neg_noche,0,ena24_9380.jpg,train
ena24_7057.jpg,data/raw/ena24\7057.jpg,ena24,negativo,False,ena24_neg_dia,0,ena24_7057.jpg,train
ena24_7064.jpg,data/raw/ena24\7064.jpg,ena24,negativo,False,ena24_neg_dia,0,ena24_7057.jpg,train
ena24_7066.jpg,data/raw/ena24\7066.jpg,ena24,negativo,False,ena24_neg_dia,0,ena24_7057.jpg,train
ena24_7068.jpg,data/raw/ena24\7068.jpg,ena24,negativo,True,ena24_neg_noche,0,ena24_9380.jpg,train
ena24_7071.jpg,data/raw/ena24\7071.jpg,ena24,negativo,True,ena24_neg_noche,0,ena24_9380.jpg,train
ena24_7074.jpg,data/raw/ena24\7074.jpg,ena24,negativo,True,ena24_neg_noche,0,ena24_9380.jpg,train
ena24_7079.jpg,data/raw/ena24\7079.jpg,ena24,negativo,True,ena24_neg_noche,0,ena24_9380.jpg,train
ena24_7082.jpg,data/raw/ena24\7082.jpg,ena24,negativo,True,ena24_neg_noche,0,ena24_9380.jpg,train
ena24_7085.jpg,data/raw/ena24\7085.jpg,ena24,negativo,True,ena24_neg_noche,0,ena24_9380.jpg,train
ena24_7091.jpg,data/raw/ena24\7091.jpg,ena24,negativo,True,ena24_neg_noche,0,ena24_9380.jpg,train
ena24_7094.jpg,data/raw/ena24\7094.jpg,ena24,negativo,True,ena24_neg_noche,0,ena24_9380.jpg,train
ena24_7095.jpg,data/raw/ena24\7095.jpg,ena24,negativo,True,ena24_neg_noche,0,ena24_9380.jpg,train
ena24_7096.jpg,data/raw/ena24\7096.jpg,ena24,negativo,True,ena24_neg_noche,0,ena24_9380.jpg,train
ena24_7098.jpg,data/raw/ena24\7098.jpg,ena24,negativo,True,ena24_neg_noche,0,ena24_9380.jpg,train
ena24_7099.jpg,data/raw/ena24\7099.jpg,ena24,negativo,True,ena24_neg_noche,0,ena24_9380.jpg,train
ena24_7100.jpg,data/raw/ena24\7100.jpg,ena24,negativo,False,ena24_neg_dia,0,ena24_7100.jpg,train
ena24_7102.jpg,data/raw/ena24\7102.jpg,ena24,negativo,True,ena24_neg_noche,0,ena24_9380.jpg,train
ena24_7104.jpg,data/raw/ena24\7104.jpg,ena24,negativo,True,ena24_neg_noche,0,ena24_9380.jpg,train
ena24_7106.jpg,data/raw/ena24\7106.jpg,ena24,negativo,True,ena24_neg_noche,0,ena24_9380.jpg,train
ena24_7107.jpg,data/raw/ena24\7107.jpg,ena24,negativo,False,ena24_neg_dia,0,ena24_7100.jpg,train
ena24_7108.jpg,data/raw/ena24\7108.jpg,ena24,negativo,False,ena24_neg_dia,0,ena24_7100.jpg,train
ena24_7109.jpg,data/raw/ena24\7109.jpg,ena24,negativo,True,ena24_neg_noche,0,ena24_9380.jpg,train
ena24_7110.jpg,data/raw/ena24\7110.jpg,ena24,negativo,True,ena24_neg_noche,0,ena24_9380.jpg,train
ena24_7111.jpg,data/raw/ena24\7111.jpg,ena24,negativo,True,ena24_neg_noche,0,ena24_9380.jpg,train
ena24_7113.jpg,data/raw/ena24\7113.jpg,ena24,negativo,True,ena24_neg_noche,0,ena24_9380.jpg,train
ena24_7114.jpg,data/raw/ena24\7114.jpg,ena24,negativo,True,ena24_neg_noche,0,ena24_9380.jpg,train
ena24_7115.jpg,data/raw/ena24\7115.jpg,ena24,negativo,True,ena24_neg_noche,0,ena24_9380.jpg,train
ena24_7116.jpg,data/raw/ena24\7116.jpg,ena24,negativo,True,ena24_neg_noche,0,ena24_9380.jpg,train
ena24_7117.jpg,data/raw/ena24\7117.jpg,ena24,negativo,True,ena24_neg_noche,0,ena24_9380.jpg,train
ena24_7120.jpg,data/raw/ena24\7120.jpg,ena24,negativo,True,ena24_neg_noche,0,ena24_7120.jpg,val
ena24_7121.jpg,data/raw/ena24\7121.jpg,ena24,negativo,True,ena24_neg_noche,0,ena24_9380.jpg,train
ena24_7122.jpg,data/raw/ena24\7122.jpg,ena24,negativo,True,ena24_neg_noche,0,ena24_7122.jpg,val
ena24_7124.jpg,data/raw/ena24\7124.jpg,ena24,negativo,True,ena24_neg_noche,0,ena24_9380.jpg,train
ena24_7125.jpg,data/raw/ena24\7125.jpg,ena24,negativo,True,ena24_neg_noche,0,ena24_9380.jpg,train
ena24_7129.jpg,data/raw/ena24\7129.jpg,ena24,negativo,True,ena24_neg_noche,0,ena24_9380.jpg,train
ena24_7131.jpg,data/raw/ena24\7131.jpg,ena24,negativo,True,ena24_neg_noche,0,ena24_9380.jpg,train
ena24_7133.jpg,data/raw/ena24\7133.jpg,ena24,negativo,True,ena24_neg_noche,0,ena24_9380.jpg,train
ena24_7134.jpg,data/raw/ena24\7134.jpg,ena24,negativo,True,ena24_neg_noche,0,ena24_9380.jpg,train
ena24_7135.jpg,data/raw/ena24\7135.jpg,ena24,negativo,True,ena24_neg_noche,0,ena24_9380.jpg,train
ena24_7136.jpg,data/raw/ena24\7136.jpg,ena24,negativo,True,ena24_neg_noche,0,ena24_9380.jpg,train
ena24_7138.jpg,data/raw/ena24\7138.jpg,ena24,negativo,True,ena24_neg_noche,0,ena24_9380.jpg,train
ena24_7139.jpg,data/raw/ena24\7139.jpg,ena24,negativo,True,ena24_neg_noche,0,ena24_9380.jpg,train
ena24_7140.jpg,data/raw/ena24\7140.jpg,ena24,negativo,True,ena24_neg_noche,0,ena24_9380.jpg,train
ena24_7141.jpg,data/raw/ena24\7141.jpg,ena24,negativo,True,ena24_neg_noche,0,ena24_9380.jpg,train
ena24_7142.jpg,data/raw/ena24\7142.jpg,ena24,negativo,True,ena24_neg_noche,0,ena24_9380.jpg,train
ena24_7143.jpg,data/raw/ena24\7143.jpg,ena24,negativo,True,ena24_neg_noche,0,ena24_9380.jpg,train
ena24_7144.jpg,data/raw/ena24\7144.jpg,ena24,negativo,True,ena24_neg_noche,0,ena24_9380.jpg,train
ena24_7146.jpg,data/raw/ena24\7146.jpg,ena24,negativo,True,ena24_neg_noche,0,ena24_9380.jpg,train
ena24_7150.jpg,data/raw/ena24\7150.jpg,ena24,negativo,True,ena24_neg_noche,0,ena24_7150.jpg,val
ena24_7151.jpg,data/raw/ena24\7151.jpg,ena24,negativo,True,ena24_neg_noche,0,ena24_9380.jpg,train
ena24_7152.jpg,data/raw/ena24\7152.jpg,ena24,negativo,True,ena24_neg_noche,0,ena24_9380.jpg,train
ena24_7153.jpg,data/raw/ena24\7153.jpg,ena24,negativo,True,ena24_neg_noche,0,ena24_9380.jpg,train
ena24_7155.jpg,data/raw/ena24\7155.jpg,ena24,negativo,True,ena24_neg_noche,0,ena24_9380.jpg,train
ena24_7156.jpg,data/raw/ena24\7156.jpg,ena24,negativo,True,ena24_neg_noche,0,ena24_9380.jpg,train
ena24_7157.jpg,data/raw/ena24\7157.jpg,ena24,negativo,True,ena24_neg_noche,0,ena24_9380.jpg,train
ena24_7158.jpg,data/raw/ena24\7158.jpg,ena24,negativo,True,ena24_neg_noche,0,ena24_9380.jpg,train
ena24_7159.jpg,data/raw/ena24\7159.jpg,ena24,negativo,True,ena24_neg_noche,0,ena24_9380.jpg,train
ena24_7160.jpg,data/raw/ena24\7160.jpg,ena24,negativo,True,ena24_neg_noche,0,ena24_9380.jpg,train
ena24_7162.jpg,data/raw/ena24\7162.jpg,ena24,negativo,True,ena24_neg_noche,0,ena24_9380.jpg,train
ena24_7164.jpg,data/raw/ena24\7164.jpg,ena24,negativo,True,ena24_neg_noche,0,ena24_9380.jpg,train
ena24_7165.jpg,data/raw/ena24\7165.jpg,ena24,negativo,True,ena24_neg_noche,0,ena24_9380.jpg,train
ena24_7166.jpg,data/raw/ena24\7166.jpg,ena24,negativo,True,ena24_neg_noche,0,ena24_1925.jpg,val
ena24_7168.jpg,data/raw/ena24\7168.jpg,ena24,negativo,True,ena24_neg_noche,0,ena24_7676.jpg,test
ena24_7169.jpg,data/raw/ena24\7169.jpg,ena24,negativo,True,ena24_neg_noche,0,ena24_7676.jpg,test
ena24_7171.jpg,data/raw/ena24\7171.jpg,ena24,negativo,True,ena24_neg_noche,0,ena24_7247.jpg,train
ena24_7172.jpg,data/raw/ena24\7172.jpg,ena24,negativo,True,ena24_neg_noche,0,ena24_7676.jpg,test
ena24_7173.jpg,data/raw/ena24\7173.jpg,ena24,negativo,True,ena24_neg_noche,0,ena24_7676.jpg,test
ena24_7174.jpg,data/raw/ena24\7174.jpg,ena24,negativo,True,ena24_neg_noche,0,ena24_7676.jpg,test
ena24_7176.jpg,data/raw/ena24\7176.jpg,ena24,negativo,True,ena24_neg_noche,0,ena24_7176.jpg,test
ena24_7177.jpg,data/raw/ena24\7177.jpg,ena24,negativo,True,ena24_neg_noche,0,ena24_7676.jpg,test
ena24_7178.jpg,data/raw/ena24\7178.jpg,ena24,negativo,True,ena24_neg_noche,0,ena24_7178.jpg,train
ena24_7180.jpg,data/raw/ena24\7180.jpg,ena24,negativo,True,ena24_neg_noche,0,ena24_7676.jpg,test
ena24_7181.jpg,data/raw/ena24\7181.jpg,ena24,negativo,True,ena24_neg_noche,0,ena24_7676.jpg,test
ena24_7185.jpg,data/raw/ena24\7185.jpg,ena24,negativo,True,ena24_neg_noche,0,ena24_7676.jpg,test
ena24_7190.jpg,data/raw/ena24\7190.jpg,ena24,negativo,True,ena24_neg_noche,0,ena24_7676.jpg,test
ena24_7191.jpg,data/raw/ena24\7191.jpg,ena24,negativo,True,ena24_neg_noche,0,ena24_7191.jpg,val
ena24_7192.jpg,data/raw/ena24\7192.jpg,ena24,negativo,True,ena24_neg_noche,0,ena24_7192.jpg,test
ena24_7193.jpg,data/raw/ena24\7193.jpg,ena24,negativo,True,ena24_neg_noche,0,ena24_7193.jpg,train
ena24_7194.jpg,data/raw/ena24\7194.jpg,ena24,negativo,True,ena24_neg_noche,0,ena24_7176.jpg,test
ena24_7200.jpg,data/raw/ena24\7200.jpg,ena24,negativo,True,ena24_neg_noche,0,ena24_7676.jpg,test
ena24_7201.jpg,data/raw/ena24\7201.jpg,ena24,negativo,True,ena24_neg_noche,0,ena24_7676.jpg,test
ena24_7202.jpg,data/raw/ena24\7202.jpg,ena24,negativo,True,ena24_neg_noche,0,ena24_7676.jpg,test
ena24_7204.jpg,data/raw/ena24\7204.jpg,ena24,negativo,True,ena24_neg_noche,0,ena24_7676.jpg,test
ena24_7205.jpg,data/raw/ena24\7205.jpg,ena24,negativo,True,ena24_neg_noche,0,ena24_7676.jpg,test
ena24_7206.jpg,data/raw/ena24\7206.jpg,ena24,negativo,True,ena24_neg_noche,0,ena24_7676.jpg,test
ena24_7207.jpg,data/raw/ena24\7207.jpg,ena24,negativo,True,ena24_neg_noche,0,ena24_7676.jpg,test
ena24_7209.jpg,data/raw/ena24\7209.jpg,ena24,negativo,True,ena24_neg_noche,0,ena24_7676.jpg,test
ena24_7211.jpg,data/raw/ena24\7211.jpg,ena24,negativo,True,ena24_neg_noche,0,ena24_7676.jpg,test
ena24_7212.jpg,data/raw/ena24\7212.jpg,ena24,negativo,True,ena24_neg_noche,0,ena24_7676.jpg,test
ena24_7214.jpg,data/raw/ena24\7214.jpg,ena24,negativo,True,ena24_neg_noche,0,ena24_7676.jpg,test
ena24_7215.jpg,data/raw/ena24\7215.jpg,ena24,negativo,True,ena24_neg_noche,0,ena24_7676.jpg,test
ena24_7216.jpg,data/raw/ena24\7216.jpg,ena24,negativo,True,ena24_neg_noche,0,ena24_7676.jpg,test
ena24_7218.jpg,data/raw/ena24\7218.jpg,ena24,negativo,True,ena24_neg_noche,0,ena24_7676.jpg,test
ena24_7219.jpg,data/raw/ena24\7219.jpg,ena24,negativo,True,ena24_neg_noche,0,ena24_7676.jpg,test
ena24_7220.jpg,data/raw/ena24\7220.jpg,ena24,negativo,True,ena24_neg_noche,0,ena24_7676.jpg,test
ena24_7223.jpg,data/raw/ena24\7223.jpg,ena24,negativo,True,ena24_neg_noche,0,ena24_7247.jpg,train
ena24_7225.jpg,data/raw/ena24\7225.jpg,ena24,negativo,True,ena24_neg_noche,0,ena24_7247.jpg,train
ena24_7228.jpg,data/raw/ena24\7228.jpg,ena24,negativo,True,ena24_neg_noche,0,ena24_7247.jpg,train
ena24_7230.jpg,data/raw/ena24\7230.jpg,ena24,negativo,True,ena24_neg_noche,0,ena24_7247.jpg,train
ena24_7231.jpg,data/raw/ena24\7231.jpg,ena24,negativo,True,ena24_neg_noche,0,ena24_7247.jpg,train
ena24_7233.jpg,data/raw/ena24\7233.jpg,ena24,negativo,True,ena24_neg_noche,0,ena24_7247.jpg,train
ena24_7235.jpg,data/raw/ena24\7235.jpg,ena24,negativo,True,ena24_neg_noche,0,ena24_7247.jpg,train
ena24_7236.jpg,data/raw/ena24\7236.jpg,ena24,negativo,True,ena24_neg_noche,0,ena24_7247.jpg,train
ena24_7237.jpg,data/raw/ena24\7237.jpg,ena24,negativo,True,ena24_neg_noche,0,ena24_7247.jpg,train
ena24_7238.jpg,data/raw/ena24\7238.jpg,ena24,negativo,True,ena24_neg_noche,0,ena24_7247.jpg,train
ena24_7242.jpg,data/raw/ena24\7242.jpg,ena24,negativo,True,ena24_neg_noche,0,ena24_7247.jpg,train
ena24_7243.jpg,data/raw/ena24\7243.jpg,ena24,negativo,True,ena24_neg_noche,0,ena24_7247.jpg,train
ena24_7244.jpg,data/raw/ena24\7244.jpg,ena24,negativo,True,ena24_neg_noche,0,ena24_7247.jpg,train
ena24_7245.jpg,data/raw/ena24\7245.jpg,ena24,negativo,True,ena24_neg_noche,0,ena24_7247.jpg,train
ena24_7246.jpg,data/raw/ena24\7246.jpg,ena24,negativo,True,ena24_neg_noche,0,ena24_7247.jpg,train
ena24_7247.jpg,data/raw/ena24\7247.jpg,ena24,negativo,True,ena24_neg_noche,0,ena24_7247.jpg,train
ena24_7248.jpg,data/raw/ena24\7248.jpg,ena24,negativo,True,ena24_neg_noche,0,ena24_7247.jpg,train
ena24_7249.jpg,data/raw/ena24\7249.jpg,ena24,negativo,True,ena24_neg_noche,0,ena24_7247.jpg,train
ena24_7250.jpg,data/raw/ena24\7250.jpg,ena24,negativo,True,ena24_neg_noche,0,ena24_7247.jpg,train
ena24_7251.jpg,data/raw/ena24\7251.jpg,ena24,negativo,True,ena24_neg_noche,0,ena24_7247.jpg,train
ena24_7252.jpg,data/raw/ena24\7252.jpg,ena24,negativo,True,ena24_neg_noche,0,ena24_7247.jpg,train
ena24_7253.jpg,data/raw/ena24\7253.jpg,ena24,negativo,True,ena24_neg_noche,0,ena24_7247.jpg,train
ena24_7254.jpg,data/raw/ena24\7254.jpg,ena24,negativo,True,ena24_neg_noche,0,ena24_7247.jpg,train
ena24_7255.jpg,data/raw/ena24\7255.jpg,ena24,negativo,False,ena24_neg_dia,0,ena24_7255.jpg,train
ena24_7256.jpg,data/raw/ena24\7256.jpg,ena24,negativo,True,ena24_neg_noche,0,ena24_7247.jpg,train
ena24_7257.jpg,data/raw/ena24\7257.jpg,ena24,negativo,True,ena24_neg_noche,0,ena24_7247.jpg,train
ena24_7259.jpg,data/raw/ena24\7259.jpg,ena24,negativo,True,ena24_neg_noche,0,ena24_7247.jpg,train
ena24_7260.jpg,data/raw/ena24\7260.jpg,ena24,negativo,True,ena24_neg_noche,0,ena24_7247.jpg,train
ena24_7262.jpg,data/raw/ena24\7262.jpg,ena24,negativo,True,ena24_neg_noche,0,ena24_7247.jpg,train
ena24_7263.jpg,data/raw/ena24\7263.jpg,ena24,negativo,True,ena24_neg_noche,0,ena24_7247.jpg,train
ena24_7265.jpg,data/raw/ena24\7265.jpg,ena24,negativo,True,ena24_neg_noche,0,ena24_7247.jpg,train
ena24_7266.jpg,data/raw/ena24\7266.jpg,ena24,negativo,True,ena24_neg_noche,0,ena24_7247.jpg,train
ena24_7269.jpg,data/raw/ena24\7269.jpg,ena24,negativo,True,ena24_neg_noche,0,ena24_7247.jpg,train
ena24_7272.jpg,data/raw/ena24\7272.jpg,ena24,negativo,True,ena24_neg_noche,0,ena24_7247.jpg,train
ena24_7273.jpg,data/raw/ena24\7273.jpg,ena24,negativo,True,ena24_neg_noche,0,ena24_7247.jpg,train
ena24_7274.jpg,data/raw/ena24\7274.jpg,ena24,negativo,True,ena24_neg_noche,0,ena24_7247.jpg,train
ena24_7278.jpg,data/raw/ena24\7278.jpg,ena24,negativo,True,ena24_neg_noche,0,ena24_7278.jpg,train
ena24_7279.jpg,data/raw/ena24\7279.jpg,ena24,negativo,True,ena24_neg_noche,0,ena24_7278.jpg,train
ena24_7281.jpg,data/raw/ena24\7281.jpg,ena24,negativo,True,ena24_neg_noche,0,ena24_7247.jpg,train
ena24_7282.jpg,data/raw/ena24\7282.jpg,ena24,negativo,True,ena24_neg_noche,0,ena24_7247.jpg,train
ena24_7284.jpg,data/raw/ena24\7284.jpg,ena24,negativo,True,ena24_neg_noche,0,ena24_7247.jpg,train
ena24_7285.jpg,data/raw/ena24\7285.jpg,ena24,negativo,True,ena24_neg_noche,0,ena24_7247.jpg,train
ena24_7286.jpg,data/raw/ena24\7286.jpg,ena24,negativo,True,ena24_neg_noche,0,ena24_7247.jpg,train
ena24_7287.jpg,data/raw/ena24\7287.jpg,ena24,negativo,True,ena24_neg_noche,0,ena24_7247.jpg,train
ena24_7290.jpg,data/raw/ena24\7290.jpg,ena24,negativo,True,ena24_neg_noche,0,ena24_7247.jpg,train
ena24_7292.jpg,data/raw/ena24\7292.jpg,ena24,negativo,True,ena24_neg_noche,0,ena24_7247.jpg,train
ena24_7293.jpg,data/raw/ena24\7293.jpg,ena24,negativo,True,ena24_neg_noche,0,ena24_7247.jpg,train
ena24_7294.jpg,data/raw/ena24\7294.jpg,ena24,negativo,True,ena24_neg_noche,0,ena24_7247.jpg,train
ena24_7296.jpg,data/raw/ena24\7296.jpg,ena24,negativo,True,ena24_neg_noche,0,ena24_7247.jpg,train
ena24_7297.jpg,data/raw/ena24\7297.jpg,ena24,negativo,True,ena24_neg_noche,0,ena24_7247.jpg,train
ena24_7298.jpg,data/raw/ena24\7298.jpg,ena24,negativo,True,ena24_neg_noche,0,ena24_7247.jpg,train
ena24_7299.jpg,data/raw/ena24\7299.jpg,ena24,negativo,True,ena24_neg_noche,0,ena24_7247.jpg,train
ena24_7300.jpg,data/raw/ena24\7300.jpg,ena24,negativo,True,ena24_neg_noche,0,ena24_7247.jpg,train
ena24_7301.jpg,data/raw/ena24\7301.jpg,ena24,negativo,True,ena24_neg_noche,0,ena24_7247.jpg,train
ena24_7302.jpg,data/raw/ena24\7302.jpg,ena24,negativo,True,ena24_neg_noche,0,ena24_7247.jpg,train
ena24_7303.jpg,data/raw/ena24\7303.jpg,ena24,negativo,True,ena24_neg_noche,0,ena24_7247.jpg,train
ena24_7305.jpg,data/raw/ena24\7305.jpg,ena24,negativo,True,ena24_neg_noche,0,ena24_7247.jpg,train
ena24_7306.jpg,data/raw/ena24\7306.jpg,ena24,negativo,True,ena24_neg_noche,0,ena24_7247.jpg,train
ena24_7307.jpg,data/raw/ena24\7307.jpg,ena24,negativo,True,ena24_neg_noche,0,ena24_7247.jpg,train
ena24_7308.jpg,data/raw/ena24\7308.jpg,ena24,negativo,True,ena24_neg_noche,0,ena24_7247.jpg,train
ena24_7309.jpg,data/raw/ena24\7309.jpg,ena24,negativo,True,ena24_neg_noche,0,ena24_7247.jpg,train
ena24_7310.jpg,data/raw/ena24\7310.jpg,ena24,negativo,True,ena24_neg_noche,0,ena24_7247.jpg,train
ena24_7311.jpg,data/raw/ena24\7311.jpg,ena24,negativo,True,ena24_neg_noche,0,ena24_1925.jpg,val
ena24_7314.jpg,data/raw/ena24\7314.jpg,ena24,negativo,True,ena24_neg_noche,0,ena24_7247.jpg,train
ena24_7316.jpg,data/raw/ena24\7316.jpg,ena24,negativo,True,ena24_neg_noche,0,ena24_7247.jpg,train
ena24_7318.jpg,data/raw/ena24\7318.jpg,ena24,negativo,True,ena24_neg_noche,0,ena24_7247.jpg,train
ena24_7319.jpg,data/raw/ena24\7319.jpg,ena24,negativo,True,ena24_neg_noche,0,ena24_7247.jpg,train
ena24_7320.jpg,data/raw/ena24\7320.jpg,ena24,negativo,True,ena24_neg_noche,0,ena24_7247.jpg,train
ena24_7321.jpg,data/raw/ena24\7321.jpg,ena24,negativo,True,ena24_neg_noche,0,ena24_7247.jpg,train
ena24_7324.jpg,data/raw/ena24\7324.jpg,ena24,negativo,True,ena24_neg_noche,0,ena24_7247.jpg,train
ena24_7325.jpg,data/raw/ena24\7325.jpg,ena24,negativo,True,ena24_neg_noche,0,ena24_7247.jpg,train
ena24_7326.jpg,data/raw/ena24\7326.jpg,ena24,negativo,True,ena24_neg_noche,0,ena24_7247.jpg,train
ena24_7327.jpg,data/raw/ena24\7327.jpg,ena24,negativo,True,ena24_neg_noche,0,ena24_7247.jpg,train
ena24_7332.jpg,data/raw/ena24\7332.jpg,ena24,negativo,True,ena24_neg_noche,0,ena24_7247.jpg,train
ena24_7334.jpg,data/raw/ena24\7334.jpg,ena24,negativo,True,ena24_neg_noche,0,ena24_1925.jpg,val
ena24_7335.jpg,data/raw/ena24\7335.jpg,ena24,negativo,True,ena24_neg_noche,0,ena24_7247.jpg,train
ena24_7336.jpg,data/raw/ena24\7336.jpg,ena24,negativo,True,ena24_neg_noche,0,ena24_1925.jpg,val
ena24_7337.jpg,data/raw/ena24\7337.jpg,ena24,negativo,True,ena24_neg_noche,0,ena24_7247.jpg,train
ena24_7338.jpg,data/raw/ena24\7338.jpg,ena24,negativo,True,ena24_neg_noche,0,ena24_7247.jpg,train
ena24_7340.jpg,data/raw/ena24\7340.jpg,ena24,negativo,True,ena24_neg_noche,0,ena24_7247.jpg,train
ena24_7341.jpg,data/raw/ena24\7341.jpg,ena24,negativo,True,ena24_neg_noche,0,ena24_7247.jpg,train
ena24_7342.jpg,data/raw/ena24\7342.jpg,ena24,negativo,True,ena24_neg_noche,0,ena24_7247.jpg,train
ena24_7343.jpg,data/raw/ena24\7343.jpg,ena24,negativo,True,ena24_neg_noche,0,ena24_7247.jpg,train
ena24_7344.jpg,data/raw/ena24\7344.jpg,ena24,negativo,True,ena24_neg_noche,0,ena24_7247.jpg,train
ena24_7346.jpg,data/raw/ena24\7346.jpg,ena24,negativo,True,ena24_neg_noche,0,ena24_7247.jpg,train
ena24_7348.jpg,data/raw/ena24\7348.jpg,ena24,negativo,True,ena24_neg_noche,0,ena24_7247.jpg,train
ena24_7349.jpg,data/raw/ena24\7349.jpg,ena24,negativo,True,ena24_neg_noche,0,ena24_7247.jpg,train
ena24_7351.jpg,data/raw/ena24\7351.jpg,ena24,negativo,True,ena24_neg_noche,0,ena24_7247.jpg,train
ena24_7352.jpg,data/raw/ena24\7352.jpg,ena24,negativo,True,ena24_neg_noche,0,ena24_7247.jpg,train
ena24_7353.jpg,data/raw/ena24\7353.jpg,ena24,negativo,True,ena24_neg_noche,0,ena24_7247.jpg,train
ena24_7354.jpg,data/raw/ena24\7354.jpg,ena24,negativo,True,ena24_neg_noche,0,ena24_7247.jpg,train
ena24_7355.jpg,data/raw/ena24\7355.jpg,ena24,negativo,True,ena24_neg_noche,0,ena24_7356.jpg,val
ena24_7356.jpg,data/raw/ena24\7356.jpg,ena24,negativo,True,ena24_neg_noche,0,ena24_7356.jpg,val
ena24_7357.jpg,data/raw/ena24\7357.jpg,ena24,negativo,False,ena24_neg_dia,0,ena24_7357.jpg,train
ena24_7358.jpg,data/raw/ena24\7358.jpg,ena24,negativo,False,ena24_neg_dia,0,ena24_7357.jpg,train
ena24_7359.jpg,data/raw/ena24\7359.jpg,ena24,negativo,False,ena24_neg_dia,0,ena24_7357.jpg,train
ena24_7360.jpg,data/raw/ena24\7360.jpg,ena24,negativo,False,ena24_neg_dia,0,ena24_7357.jpg,train
ena24_7361.jpg,data/raw/ena24\7361.jpg,ena24,negativo,False,ena24_neg_dia,0,ena24_7357.jpg,train
ena24_7362.jpg,data/raw/ena24\7362.jpg,ena24,negativo,False,ena24_neg_dia,0,ena24_7357.jpg,train
ena24_7363.jpg,data/raw/ena24\7363.jpg,ena24,negativo,False,ena24_neg_dia,0,ena24_7357.jpg,train
ena24_7364.jpg,data/raw/ena24\7364.jpg,ena24,negativo,False,ena24_neg_dia,0,ena24_7357.jpg,train
ena24_7365.jpg,data/raw/ena24\7365.jpg,ena24,negativo,False,ena24_neg_dia,0,ena24_7357.jpg,train
ena24_7366.jpg,data/raw/ena24\7366.jpg,ena24,negativo,False,ena24_neg_dia,0,ena24_7357.jpg,train
ena24_7367.jpg,data/raw/ena24\7367.jpg,ena24,negativo,True,ena24_neg_noche,0,ena24_1925.jpg,val
ena24_7368.jpg,data/raw/ena24\7368.jpg,ena24,negativo,True,ena24_neg_noche,0,ena24_1925.jpg,val
ena24_7372.jpg,data/raw/ena24\7372.jpg,ena24,negativo,True,ena24_neg_noche,0,ena24_7357.jpg,train
ena24_7373.jpg,data/raw/ena24\7373.jpg,ena24,negativo,True,ena24_neg_noche,0,ena24_7357.jpg,train
ena24_7374.jpg,data/raw/ena24\7374.jpg,ena24,negativo,True,ena24_neg_noche,0,ena24_7357.jpg,train
ena24_7375.jpg,data/raw/ena24\7375.jpg,ena24,negativo,True,ena24_neg_noche,0,ena24_7357.jpg,train
ena24_7376.jpg,data/raw/ena24\7376.jpg,ena24,negativo,True,ena24_neg_noche,0,ena24_7357.jpg,train
ena24_7379.jpg,data/raw/ena24\7379.jpg,ena24,negativo,True,ena24_neg_noche,0,ena24_7357.jpg,train
ena24_7384.jpg,data/raw/ena24\7384.jpg,ena24,negativo,True,ena24_neg_noche,0,ena24_7357.jpg,train
ena24_7386.jpg,data/raw/ena24\7386.jpg,ena24,negativo,True,ena24_neg_noche,0,ena24_7386.jpg,val
ena24_7387.jpg,data/raw/ena24\7387.jpg,ena24,negativo,True,ena24_neg_noche,0,ena24_7387.jpg,val
ena24_7388.jpg,data/raw/ena24\7388.jpg,ena24,negativo,True,ena24_neg_noche,0,ena24_7388.jpg,train
ena24_7390.jpg,data/raw/ena24\7390.jpg,ena24,negativo,True,ena24_neg_noche,0,ena24_9380.jpg,train
ena24_7391.jpg,data/raw/ena24\7391.jpg,ena24,negativo,True,ena24_neg_noche,0,ena24_9380.jpg,train
ena24_7392.jpg,data/raw/ena24\7392.jpg,ena24,negativo,True,ena24_neg_noche,0,ena24_9380.jpg,train
ena24_7393.jpg,data/raw/ena24\7393.jpg,ena24,negativo,True,ena24_neg_noche,0,ena24_9380.jpg,train
ena24_7394.jpg,data/raw/ena24\7394.jpg,ena24,negativo,True,ena24_neg_noche,0,ena24_9380.jpg,train
ena24_7395.jpg,data/raw/ena24\7395.jpg,ena24,negativo,True,ena24_neg_noche,0,ena24_9380.jpg,train
ena24_7397.jpg,data/raw/ena24\7397.jpg,ena24,negativo,True,ena24_neg_noche,0,ena24_9380.jpg,train
ena24_7398.jpg,data/raw/ena24\7398.jpg,ena24,negativo,True,ena24_neg_noche,0,ena24_9380.jpg,train
ena24_7400.jpg,data/raw/ena24\7400.jpg,ena24,negativo,True,ena24_neg_noche,0,ena24_9380.jpg,train
ena24_7401.jpg,data/raw/ena24\7401.jpg,ena24,negativo,True,ena24_neg_noche,0,ena24_9380.jpg,train
ena24_7402.jpg,data/raw/ena24\7402.jpg,ena24,negativo,True,ena24_neg_noche,0,ena24_9380.jpg,train
ena24_7405.jpg,data/raw/ena24\7405.jpg,ena24,negativo,False,ena24_neg_dia,0,ena24_7405.jpg,test
ena24_7406.jpg,data/raw/ena24\7406.jpg,ena24,negativo,False,ena24_neg_dia,0,ena24_7405.jpg,test
ena24_7409.jpg,data/raw/ena24\7409.jpg,ena24,negativo,True,ena24_neg_noche,0,ena24_9380.jpg,train
ena24_7411.jpg,data/raw/ena24\7411.jpg,ena24,negativo,True,ena24_neg_noche,0,ena24_9380.jpg,train
ena24_7412.jpg,data/raw/ena24\7412.jpg,ena24,negativo,True,ena24_neg_noche,0,ena24_9380.jpg,train
ena24_7413.jpg,data/raw/ena24\7413.jpg,ena24,negativo,True,ena24_neg_noche,0,ena24_9380.jpg,train
ena24_7419.jpg,data/raw/ena24\7419.jpg,ena24,negativo,True,ena24_neg_noche,0,ena24_9380.jpg,train
ena24_7421.jpg,data/raw/ena24\7421.jpg,ena24,negativo,True,ena24_neg_noche,0,ena24_9380.jpg,train
ena24_7422.jpg,data/raw/ena24\7422.jpg,ena24,negativo,True,ena24_neg_noche,0,ena24_9380.jpg,train
ena24_7423.jpg,data/raw/ena24\7423.jpg,ena24,negativo,True,ena24_neg_noche,0,ena24_9380.jpg,train
ena24_7424.jpg,data/raw/ena24\7424.jpg,ena24,negativo,True,ena24_neg_noche,0,ena24_9380.jpg,train
ena24_7425.jpg,data/raw/ena24\7425.jpg,ena24,negativo,True,ena24_neg_noche,0,ena24_7425.jpg,train
ena24_7426.jpg,data/raw/ena24\7426.jpg,ena24,negativo,True,ena24_neg_noche,0,ena24_7426.jpg,test
ena24_7427.jpg,data/raw/ena24\7427.jpg,ena24,negativo,True,ena24_neg_noche,0,ena24_7427.jpg,val
ena24_7428.jpg,data/raw/ena24\7428.jpg,ena24,negativo,True,ena24_neg_noche,0,ena24_7425.jpg,train
ena24_7429.jpg,data/raw/ena24\7429.jpg,ena24,negativo,True,ena24_neg_noche,0,ena24_7425.jpg,train
ena24_7430.jpg,data/raw/ena24\7430.jpg,ena24,negativo,True,ena24_neg_noche,0,ena24_7425.jpg,train
ena24_7432.jpg,data/raw/ena24\7432.jpg,ena24,negativo,True,ena24_neg_noche,0,ena24_7425.jpg,train
ena24_7433.jpg,data/raw/ena24\7433.jpg,ena24,negativo,True,ena24_neg_noche,0,ena24_7425.jpg,train
ena24_7434.jpg,data/raw/ena24\7434.jpg,ena24,negativo,True,ena24_neg_noche,0,ena24_7425.jpg,train
ena24_7436.jpg,data/raw/ena24\7436.jpg,ena24,negativo,True,ena24_neg_noche,0,ena24_7425.jpg,train
ena24_7438.jpg,data/raw/ena24\7438.jpg,ena24,negativo,True,ena24_neg_noche,0,ena24_7438.jpg,test
ena24_7439.jpg,data/raw/ena24\7439.jpg,ena24,negativo,True,ena24_neg_noche,0,ena24_7438.jpg,test
ena24_7440.jpg,data/raw/ena24\7440.jpg,ena24,negativo,True,ena24_neg_noche,0,ena24_1925.jpg,val
ena24_7442.jpg,data/raw/ena24\7442.jpg,ena24,negativo,True,ena24_neg_noche,0,ena24_1925.jpg,val
ena24_7444.jpg,data/raw/ena24\7444.jpg,ena24,negativo,True,ena24_neg_noche,0,ena24_7444.jpg,val
ena24_7445.jpg,data/raw/ena24\7445.jpg,ena24,negativo,True,ena24_neg_noche,0,ena24_7445.jpg,test
ena24_7446.jpg,data/raw/ena24\7446.jpg,ena24,negativo,True,ena24_neg_noche,0,ena24_7446.jpg,train
ena24_7447.jpg,data/raw/ena24\7447.jpg,ena24,negativo,True,ena24_neg_noche,0,ena24_7445.jpg,test
ena24_7448.jpg,data/raw/ena24\7448.jpg,ena24,negativo,True,ena24_neg_noche,0,ena24_7558.jpg,val
ena24_7449.jpg,data/raw/ena24\7449.jpg,ena24,negativo,True,ena24_neg_noche,0,ena24_7445.jpg,test
ena24_7452.jpg,data/raw/ena24\7452.jpg,ena24,negativo,True,ena24_neg_noche,0,ena24_7452.jpg,train
ena24_7454.jpg,data/raw/ena24\7454.jpg,ena24,negativo,False,ena24_neg_dia,0,ena24_7454.jpg,train
ena24_7455.jpg,data/raw/ena24\7455.jpg,ena24,negativo,False,ena24_neg_dia,0,ena24_7454.jpg,train
ena24_7456.jpg,data/raw/ena24\7456.jpg,ena24,negativo,True,ena24_neg_noche,0,ena24_7456.jpg,test
ena24_7458.jpg,data/raw/ena24\7458.jpg,ena24,negativo,True,ena24_neg_noche,0,ena24_7458.jpg,train
ena24_7459.jpg,data/raw/ena24\7459.jpg,ena24,negativo,True,ena24_neg_noche,0,ena24_7456.jpg,test
ena24_7466.jpg,data/raw/ena24\7466.jpg,ena24,negativo,True,ena24_neg_noche,0,ena24_7466.jpg,test
ena24_7468.jpg,data/raw/ena24\7468.jpg,ena24,negativo,True,ena24_neg_noche,0,ena24_7466.jpg,test
ena24_7470.jpg,data/raw/ena24\7470.jpg,ena24,negativo,False,ena24_neg_dia,0,ena24_5688.jpg,train
ena24_7471.jpg,data/raw/ena24\7471.jpg,ena24,negativo,False,ena24_neg_dia,0,ena24_5688.jpg,train
ena24_7472.jpg,data/raw/ena24\7472.jpg,ena24,negativo,True,ena24_neg_noche,0,ena24_7472.jpg,val
ena24_7473.jpg,data/raw/ena24\7473.jpg,ena24,negativo,True,ena24_neg_noche,0,ena24_7472.jpg,val
ena24_7474.jpg,data/raw/ena24\7474.jpg,ena24,negativo,True,ena24_neg_noche,0,ena24_7472.jpg,val
ena24_7476.jpg,data/raw/ena24\7476.jpg,ena24,negativo,True,ena24_neg_noche,0,ena24_7472.jpg,val
ena24_7478.jpg,data/raw/ena24\7478.jpg,ena24,negativo,True,ena24_neg_noche,0,ena24_7558.jpg,val
ena24_7480.jpg,data/raw/ena24\7480.jpg,ena24,negativo,True,ena24_neg_noche,0,ena24_7558.jpg,val
ena24_7481.jpg,data/raw/ena24\7481.jpg,ena24,negativo,True,ena24_neg_noche,0,ena24_7481.jpg,train
ena24_7482.jpg,data/raw/ena24\7482.jpg,ena24,negativo,True,ena24_neg_noche,0,ena24_7481.jpg,train
ena24_7484.jpg,data/raw/ena24\7484.jpg,ena24,negativo,True,ena24_neg_noche,0,ena24_7481.jpg,train
ena24_7487.jpg,data/raw/ena24\7487.jpg,ena24,negativo,True,ena24_neg_noche,0,ena24_9380.jpg,train
ena24_7488.jpg,data/raw/ena24\7488.jpg,ena24,negativo,True,ena24_neg_noche,0,ena24_9380.jpg,train
ena24_7491.jpg,data/raw/ena24\7491.jpg,ena24,negativo,True,ena24_neg_noche,0,ena24_9380.jpg,train
ena24_7492.jpg,data/raw/ena24\7492.jpg,ena24,negativo,True,ena24_neg_noche,0,ena24_9380.jpg,train
ena24_7493.jpg,data/raw/ena24\7493.jpg,ena24,negativo,True,ena24_neg_noche,0,ena24_9380.jpg,train
ena24_7494.jpg,data/raw/ena24\7494.jpg,ena24,negativo,True,ena24_neg_noche,0,ena24_9380.jpg,train
ena24_7495.jpg,data/raw/ena24\7495.jpg,ena24,negativo,True,ena24_neg_noche,0,ena24_9380.jpg,train
ena24_7497.jpg,data/raw/ena24\7497.jpg,ena24,negativo,True,ena24_neg_noche,0,ena24_9380.jpg,train
ena24_7498.jpg,data/raw/ena24\7498.jpg,ena24,negativo,True,ena24_neg_noche,0,ena24_9380.jpg,train
ena24_7499.jpg,data/raw/ena24\7499.jpg,ena24,negativo,True,ena24_neg_noche,0,ena24_7499.jpg,train
ena24_7500.jpg,data/raw/ena24\7500.jpg,ena24,negativo,True,ena24_neg_noche,0,ena24_7499.jpg,train
ena24_7501.jpg,data/raw/ena24\7501.jpg,ena24,negativo,True,ena24_neg_noche,0,ena24_7499.jpg,train
ena24_7502.jpg,data/raw/ena24\7502.jpg,ena24,negativo,True,ena24_neg_noche,0,ena24_7499.jpg,train
ena24_7503.jpg,data/raw/ena24\7503.jpg,ena24,negativo,False,ena24_neg_dia,0,ena24_7503.jpg,val
ena24_7504.jpg,data/raw/ena24\7504.jpg,ena24,negativo,False,ena24_neg_dia,0,ena24_7503.jpg,val
ena24_7505.jpg,data/raw/ena24\7505.jpg,ena24,negativo,False,ena24_neg_dia,0,ena24_7505.jpg,train
ena24_7506.jpg,data/raw/ena24\7506.jpg,ena24,negativo,False,ena24_neg_dia,0,ena24_7505.jpg,train
ena24_7508.jpg,data/raw/ena24\7508.jpg,ena24,negativo,False,ena24_neg_dia,0,ena24_7505.jpg,train
ena24_7509.jpg,data/raw/ena24\7509.jpg,ena24,negativo,False,ena24_neg_dia,0,ena24_7505.jpg,train
ena24_7510.jpg,data/raw/ena24\7510.jpg,ena24,negativo,False,ena24_neg_dia,0,ena24_7505.jpg,train
ena24_7511.jpg,data/raw/ena24\7511.jpg,ena24,negativo,False,ena24_neg_dia,0,ena24_7511.jpg,val
ena24_7512.jpg,data/raw/ena24\7512.jpg,ena24,negativo,False,ena24_neg_dia,0,ena24_7512.jpg,test
ena24_7513.jpg,data/raw/ena24\7513.jpg,ena24,negativo,False,ena24_neg_dia,0,ena24_7512.jpg,test
ena24_7514.jpg,data/raw/ena24\7514.jpg,ena24,negativo,False,ena24_neg_dia,0,ena24_7512.jpg,test
ena24_7515.jpg,data/raw/ena24\7515.jpg,ena24,negativo,False,ena24_neg_dia,0,ena24_7512.jpg,test
ena24_7516.jpg,data/raw/ena24\7516.jpg,ena24,negativo,False,ena24_neg_dia,0,ena24_7512.jpg,test
ena24_7517.jpg,data/raw/ena24\7517.jpg,ena24,negativo,False,ena24_neg_dia,0,ena24_7512.jpg,test
ena24_7518.jpg,data/raw/ena24\7518.jpg,ena24,negativo,False,ena24_neg_dia,0,ena24_7512.jpg,test
ena24_7519.jpg,data/raw/ena24\7519.jpg,ena24,negativo,True,ena24_neg_noche,0,ena24_9380.jpg,train
ena24_7520.jpg,data/raw/ena24\7520.jpg,ena24,negativo,True,ena24_neg_noche,0,ena24_9380.jpg,train
ena24_7522.jpg,data/raw/ena24\7522.jpg,ena24,negativo,True,ena24_neg_noche,0,ena24_9380.jpg,train
ena24_7523.jpg,data/raw/ena24\7523.jpg,ena24,negativo,True,ena24_neg_noche,0,ena24_9380.jpg,train
ena24_7524.jpg,data/raw/ena24\7524.jpg,ena24,negativo,True,ena24_neg_noche,0,ena24_9380.jpg,train
ena24_7527.jpg,data/raw/ena24\7527.jpg,ena24,negativo,True,ena24_neg_noche,0,ena24_7527.jpg,test
ena24_7528.jpg,data/raw/ena24\7528.jpg,ena24,negativo,True,ena24_neg_noche,0,ena24_7527.jpg,test
ena24_7529.jpg,data/raw/ena24\7529.jpg,ena24,negativo,True,ena24_neg_noche,0,ena24_7356.jpg,val
ena24_7530.jpg,data/raw/ena24\7530.jpg,ena24,negativo,True,ena24_neg_noche,0,ena24_7356.jpg,val
ena24_7531.jpg,data/raw/ena24\7531.jpg,ena24,negativo,True,ena24_neg_noche,0,ena24_7356.jpg,val
ena24_7534.jpg,data/raw/ena24\7534.jpg,ena24,negativo,True,ena24_neg_noche,0,ena24_7534.jpg,test
ena24_7539.jpg,data/raw/ena24\7539.jpg,ena24,negativo,True,ena24_neg_noche,0,ena24_7539.jpg,val
ena24_7542.jpg,data/raw/ena24\7542.jpg,ena24,negativo,True,ena24_neg_noche,0,ena24_7539.jpg,val
ena24_7543.jpg,data/raw/ena24\7543.jpg,ena24,negativo,True,ena24_neg_noche,0,ena24_7539.jpg,val
ena24_7547.jpg,data/raw/ena24\7547.jpg,ena24,negativo,True,ena24_neg_noche,0,ena24_9380.jpg,train
ena24_7548.jpg,data/raw/ena24\7548.jpg,ena24,negativo,True,ena24_neg_noche,0,ena24_9380.jpg,train
ena24_7549.jpg,data/raw/ena24\7549.jpg,ena24,negativo,False,ena24_neg_dia,0,ena24_7549.jpg,test
ena24_7550.jpg,data/raw/ena24\7550.jpg,ena24,negativo,False,ena24_neg_dia,0,ena24_7549.jpg,test
ena24_7558.jpg,data/raw/ena24\7558.jpg,ena24,negativo,True,ena24_neg_noche,0,ena24_7558.jpg,val
ena24_7559.jpg,data/raw/ena24\7559.jpg,ena24,negativo,True,ena24_neg_noche,0,ena24_7558.jpg,val
ena24_7560.jpg,data/raw/ena24\7560.jpg,ena24,negativo,True,ena24_neg_noche,0,ena24_7558.jpg,val
ena24_7561.jpg,data/raw/ena24\7561.jpg,ena24,negativo,True,ena24_neg_noche,0,ena24_7561.jpg,val
ena24_7562.jpg,data/raw/ena24\7562.jpg,ena24,negativo,True,ena24_neg_noche,0,ena24_7558.jpg,val
ena24_7563.jpg,data/raw/ena24\7563.jpg,ena24,negativo,False,ena24_neg_dia,0,ena24_7563.jpg,val
ena24_7564.jpg,data/raw/ena24\7564.jpg,ena24,negativo,False,ena24_neg_dia,0,ena24_7564.jpg,val
ena24_7565.jpg,data/raw/ena24\7565.jpg,ena24,negativo,False,ena24_neg_dia,0,ena24_7564.jpg,val
ena24_7567.jpg,data/raw/ena24\7567.jpg,ena24,negativo,True,ena24_neg_noche,0,ena24_7356.jpg,val
ena24_7568.jpg,data/raw/ena24\7568.jpg,ena24,negativo,True,ena24_neg_noche,0,ena24_7356.jpg,val
ena24_7569.jpg,data/raw/ena24\7569.jpg,ena24,negativo,True,ena24_neg_noche,0,ena24_7569.jpg,val
ena24_7571.jpg,data/raw/ena24\7571.jpg,ena24,negativo,True,ena24_neg_noche,0,ena24_7569.jpg,val
ena24_7572.jpg,data/raw/ena24\7572.jpg,ena24,negativo,False,ena24_neg_dia,0,ena24_7572.jpg,train
ena24_7573.jpg,data/raw/ena24\7573.jpg,ena24,negativo,False,ena24_neg_dia,0,ena24_7572.jpg,train
ena24_7574.jpg,data/raw/ena24\7574.jpg,ena24,negativo,False,ena24_neg_dia,0,ena24_7572.jpg,train
ena24_7576.jpg,data/raw/ena24\7576.jpg,ena24,negativo,True,ena24_neg_noche,0,ena24_7576.jpg,val
ena24_7577.jpg,data/raw/ena24\7577.jpg,ena24,negativo,True,ena24_neg_noche,0,ena24_7576.jpg,val
ena24_7578.jpg,data/raw/ena24\7578.jpg,ena24,negativo,True,ena24_neg_noche,0,ena24_7576.jpg,val
ena24_7579.jpg,data/raw/ena24\7579.jpg,ena24,negativo,True,ena24_neg_noche,0,ena24_7576.jpg,val
ena24_7580.jpg,data/raw/ena24\7580.jpg,ena24,negativo,True,ena24_neg_noche,0,ena24_7576.jpg,val
ena24_7581.jpg,data/raw/ena24\7581.jpg,ena24,negativo,True,ena24_neg_noche,0,ena24_7576.jpg,val
ena24_7583.jpg,data/raw/ena24\7583.jpg,ena24,negativo,True,ena24_neg_noche,0,ena24_7576.jpg,val
ena24_7584.jpg,data/raw/ena24\7584.jpg,ena24,negativo,True,ena24_neg_noche,0,ena24_7576.jpg,val
ena24_7585.jpg,data/raw/ena24\7585.jpg,ena24,negativo,True,ena24_neg_noche,0,ena24_7576.jpg,val
ena24_7586.jpg,data/raw/ena24\7586.jpg,ena24,negativo,True,ena24_neg_noche,0,ena24_7576.jpg,val
ena24_7587.jpg,data/raw/ena24\7587.jpg,ena24,negativo,True,ena24_neg_noche,0,ena24_7576.jpg,val
ena24_7588.jpg,data/raw/ena24\7588.jpg,ena24,negativo,True,ena24_neg_noche,0,ena24_7576.jpg,val
ena24_7590.jpg,data/raw/ena24\7590.jpg,ena24,negativo,True,ena24_neg_noche,0,ena24_7247.jpg,train
ena24_7591.jpg,data/raw/ena24\7591.jpg,ena24,negativo,False,ena24_neg_dia,0,ena24_9605.jpg,test
ena24_7592.jpg,data/raw/ena24\7592.jpg,ena24,negativo,False,ena24_neg_dia,0,ena24_9605.jpg,test
ena24_7593.jpg,data/raw/ena24\7593.jpg,ena24,negativo,False,ena24_neg_dia,0,ena24_9605.jpg,test
ena24_7594.jpg,data/raw/ena24\7594.jpg,ena24,negativo,False,ena24_neg_dia,0,ena24_9605.jpg,test
ena24_7595.jpg,data/raw/ena24\7595.jpg,ena24,negativo,False,ena24_neg_dia,0,ena24_9605.jpg,test
ena24_7596.jpg,data/raw/ena24\7596.jpg,ena24,negativo,False,ena24_neg_dia,0,ena24_9605.jpg,test
ena24_7597.jpg,data/raw/ena24\7597.jpg,ena24,negativo,False,ena24_neg_dia,0,ena24_7597.jpg,train
ena24_7598.jpg,data/raw/ena24\7598.jpg,ena24,negativo,False,ena24_neg_dia,0,ena24_9605.jpg,test
ena24_7599.jpg,data/raw/ena24\7599.jpg,ena24,negativo,False,ena24_neg_dia,0,ena24_7597.jpg,train
ena24_7600.jpg,data/raw/ena24\7600.jpg,ena24,negativo,False,ena24_neg_dia,0,ena24_7597.jpg,train
ena24_7601.jpg,data/raw/ena24\7601.jpg,ena24,negativo,False,ena24_neg_dia,0,ena24_7601.jpg,train
ena24_7602.jpg,data/raw/ena24\7602.jpg,ena24,negativo,False,ena24_neg_dia,0,ena24_7601.jpg,train
ena24_7603.jpg,data/raw/ena24\7603.jpg,ena24,negativo,False,ena24_neg_dia,0,ena24_7601.jpg,train
ena24_7604.jpg,data/raw/ena24\7604.jpg,ena24,negativo,False,ena24_neg_dia,0,ena24_7601.jpg,train
ena24_7605.jpg,data/raw/ena24\7605.jpg,ena24,negativo,False,ena24_neg_dia,0,ena24_7601.jpg,train
ena24_7606.jpg,data/raw/ena24\7606.jpg,ena24,negativo,False,ena24_neg_dia,0,ena24_7601.jpg,train
ena24_7607.jpg,data/raw/ena24\7607.jpg,ena24,negativo,False,ena24_neg_dia,0,ena24_7601.jpg,train
ena24_7608.jpg,data/raw/ena24\7608.jpg,ena24,negativo,False,ena24_neg_dia,0,ena24_7601.jpg,train
ena24_7609.jpg,data/raw/ena24\7609.jpg,ena24,negativo,False,ena24_neg_dia,0,ena24_7601.jpg,train
ena24_7610.jpg,data/raw/ena24\7610.jpg,ena24,negativo,False,ena24_neg_dia,0,ena24_7601.jpg,train
ena24_7611.jpg,data/raw/ena24\7611.jpg,ena24,negativo,False,ena24_neg_dia,0,ena24_7601.jpg,train
ena24_7612.jpg,data/raw/ena24\7612.jpg,ena24,negativo,False,ena24_neg_dia,0,ena24_7601.jpg,train
ena24_7614.jpg,data/raw/ena24\7614.jpg,ena24,negativo,False,ena24_neg_dia,0,ena24_7614.jpg,test
ena24_7615.jpg,data/raw/ena24\7615.jpg,ena24,negativo,True,ena24_neg_noche,0,ena24_7615.jpg,train
ena24_7616.jpg,data/raw/ena24\7616.jpg,ena24,negativo,False,ena24_neg_dia,0,ena24_7614.jpg,test
ena24_7617.jpg,data/raw/ena24\7617.jpg,ena24,negativo,False,ena24_neg_dia,0,ena24_7617.jpg,val
ena24_7618.jpg,data/raw/ena24\7618.jpg,ena24,negativo,False,ena24_neg_dia,0,ena24_7618.jpg,train
ena24_7619.jpg,data/raw/ena24\7619.jpg,ena24,negativo,False,ena24_neg_dia,0,ena24_7618.jpg,train
ena24_7620.jpg,data/raw/ena24\7620.jpg,ena24,negativo,False,ena24_neg_dia,0,ena24_7618.jpg,train
ena24_7621.jpg,data/raw/ena24\7621.jpg,ena24,negativo,False,ena24_neg_dia,0,ena24_7618.jpg,train
ena24_7622.jpg,data/raw/ena24\7622.jpg,ena24,negativo,False,ena24_neg_dia,0,ena24_7618.jpg,train
ena24_7623.jpg,data/raw/ena24\7623.jpg,ena24,negativo,False,ena24_neg_dia,0,ena24_7618.jpg,train
ena24_7624.jpg,data/raw/ena24\7624.jpg,ena24,negativo,False,ena24_neg_dia,0,ena24_7624.jpg,train
ena24_7625.jpg,data/raw/ena24\7625.jpg,ena24,negativo,False,ena24_neg_dia,0,ena24_7624.jpg,train
ena24_7626.jpg,data/raw/ena24\7626.jpg,ena24,negativo,False,ena24_neg_dia,0,ena24_9605.jpg,test
ena24_7627.jpg,data/raw/ena24\7627.jpg,ena24,negativo,False,ena24_neg_dia,0,ena24_9605.jpg,test
ena24_7628.jpg,data/raw/ena24\7628.jpg,ena24,negativo,False,ena24_neg_dia,0,ena24_9605.jpg,test
ena24_7629.jpg,data/raw/ena24\7629.jpg,ena24,negativo,False,ena24_neg_dia,0,ena24_9605.jpg,test
ena24_7630.jpg,data/raw/ena24\7630.jpg,ena24,negativo,False,ena24_neg_dia,0,ena24_9605.jpg,test
ena24_7632.jpg,data/raw/ena24\7632.jpg,ena24,negativo,True,ena24_neg_noche,0,ena24_7632.jpg,test
ena24_7633.jpg,data/raw/ena24\7633.jpg,ena24,negativo,True,ena24_neg_noche,0,ena24_7356.jpg,val
ena24_7635.jpg,data/raw/ena24\7635.jpg,ena24,negativo,True,ena24_neg_noche,0,ena24_7632.jpg,test
ena24_7636.jpg,data/raw/ena24\7636.jpg,ena24,negativo,True,ena24_neg_noche,0,ena24_7636.jpg,test
ena24_7637.jpg,data/raw/ena24\7637.jpg,ena24,negativo,True,ena24_neg_noche,0,ena24_7637.jpg,test
ena24_7638.jpg,data/raw/ena24\7638.jpg,ena24,negativo,True,ena24_neg_noche,0,ena24_9380.jpg,train
ena24_7639.jpg,data/raw/ena24\7639.jpg,ena24,negativo,True,ena24_neg_noche,0,ena24_9380.jpg,train
ena24_7643.jpg,data/raw/ena24\7643.jpg,ena24,negativo,True,ena24_neg_noche,0,ena24_9380.jpg,train
ena24_7645.jpg,data/raw/ena24\7645.jpg,ena24,negativo,False,ena24_neg_dia,0,ena24_7645.jpg,train
ena24_7649.jpg,data/raw/ena24\7649.jpg,ena24,negativo,True,ena24_neg_noche,0,ena24_7649.jpg,train
ena24_7650.jpg,data/raw/ena24\7650.jpg,ena24,negativo,True,ena24_neg_noche,0,ena24_7649.jpg,train
ena24_7651.jpg,data/raw/ena24\7651.jpg,ena24,negativo,False,ena24_neg_dia,0,ena24_7651.jpg,val
ena24_7652.jpg,data/raw/ena24\7652.jpg,ena24,negativo,True,ena24_neg_noche,0,ena24_7652.jpg,train
ena24_7654.jpg,data/raw/ena24\7654.jpg,ena24,negativo,False,ena24_neg_dia,0,ena24_7654.jpg,val
ena24_7655.jpg,data/raw/ena24\7655.jpg,ena24,negativo,True,ena24_neg_noche,0,ena24_7655.jpg,train
ena24_7656.jpg,data/raw/ena24\7656.jpg,ena24,negativo,False,ena24_neg_dia,0,ena24_7656.jpg,train
ena24_7657.jpg,data/raw/ena24\7657.jpg,ena24,negativo,False,ena24_neg_dia,0,ena24_7656.jpg,train
ena24_7658.jpg,data/raw/ena24\7658.jpg,ena24,negativo,False,ena24_neg_dia,0,ena24_7656.jpg,train
ena24_7659.jpg,data/raw/ena24\7659.jpg,ena24,negativo,False,ena24_neg_dia,0,ena24_7656.jpg,train
ena24_7660.jpg,data/raw/ena24\7660.jpg,ena24,negativo,False,ena24_neg_dia,0,ena24_7656.jpg,train
ena24_7661.jpg,data/raw/ena24\7661.jpg,ena24,negativo,False,ena24_neg_dia,0,ena24_7661.jpg,val
ena24_7662.jpg,data/raw/ena24\7662.jpg,ena24,negativo,False,ena24_neg_dia,0,ena24_7661.jpg,val
ena24_7663.jpg,data/raw/ena24\7663.jpg,ena24,negativo,False,ena24_neg_dia,0,ena24_7661.jpg,val
ena24_7664.jpg,data/raw/ena24\7664.jpg,ena24,negativo,False,ena24_neg_dia,0,ena24_7664.jpg,test
ena24_7665.jpg,data/raw/ena24\7665.jpg,ena24,negativo,False,ena24_neg_dia,0,ena24_7664.jpg,test
ena24_7667.jpg,data/raw/ena24\7667.jpg,ena24,negativo,True,ena24_neg_noche,0,ena24_7676.jpg,test
ena24_7670.jpg,data/raw/ena24\7670.jpg,ena24,negativo,True,ena24_neg_noche,0,ena24_7670.jpg,train
ena24_7671.jpg,data/raw/ena24\7671.jpg,ena24,negativo,True,ena24_neg_noche,0,ena24_7676.jpg,test
ena24_7672.jpg,data/raw/ena24\7672.jpg,ena24,negativo,True,ena24_neg_noche,0,ena24_7672.jpg,train
ena24_7673.jpg,data/raw/ena24\7673.jpg,ena24,negativo,True,ena24_neg_noche,0,ena24_7356.jpg,val
ena24_7674.jpg,data/raw/ena24\7674.jpg,ena24,negativo,True,ena24_neg_noche,0,ena24_7670.jpg,train
ena24_7675.jpg,data/raw/ena24\7675.jpg,ena24,negativo,True,ena24_neg_noche,0,ena24_7672.jpg,train
ena24_7676.jpg,data/raw/ena24\7676.jpg,ena24,negativo,True,ena24_neg_noche,0,ena24_7676.jpg,test
ena24_7678.jpg,data/raw/ena24\7678.jpg,ena24,negativo,True,ena24_neg_noche,0,ena24_7676.jpg,test
ena24_7681.jpg,data/raw/ena24\7681.jpg,ena24,negativo,False,ena24_neg_dia,0,ena24_7681.jpg,test
ena24_7682.jpg,data/raw/ena24\7682.jpg,ena24,negativo,True,ena24_neg_noche,0,ena24_7682.jpg,train
ena24_7683.jpg,data/raw/ena24\7683.jpg,ena24,negativo,False,ena24_neg_dia,0,ena24_7681.jpg,test
ena24_7684.jpg,data/raw/ena24\7684.jpg,ena24,negativo,False,ena24_neg_dia,0,ena24_7681.jpg,test
ena24_7686.jpg,data/raw/ena24\7686.jpg,ena24,negativo,True,ena24_neg_noche,0,ena24_7686.jpg,train
ena24_7687.jpg,data/raw/ena24\7687.jpg,ena24,negativo,True,ena24_neg_noche,0,ena24_7686.jpg,train
ena24_7689.jpg,data/raw/ena24\7689.jpg,ena24,negativo,True,ena24_neg_noche,0,ena24_7686.jpg,train
ena24_7691.jpg,data/raw/ena24\7691.jpg,ena24,negativo,True,ena24_neg_noche,0,ena24_7686.jpg,train
ena24_7693.jpg,data/raw/ena24\7693.jpg,ena24,negativo,False,ena24_neg_dia,0,ena24_7693.jpg,train
ena24_7694.jpg,data/raw/ena24\7694.jpg,ena24,negativo,False,ena24_neg_dia,0,ena24_7693.jpg,train
ena24_7696.jpg,data/raw/ena24\7696.jpg,ena24,negativo,False,ena24_neg_dia,0,ena24_7693.jpg,train
ena24_7697.jpg,data/raw/ena24\7697.jpg,ena24,negativo,True,ena24_neg_noche,0,ena24_7697.jpg,val
ena24_7699.jpg,data/raw/ena24\7699.jpg,ena24,negativo,True,ena24_neg_noche,0,ena24_7697.jpg,val
ena24_7700.jpg,data/raw/ena24\7700.jpg,ena24,negativo,True,ena24_neg_noche,0,ena24_7697.jpg,val
ena24_7703.jpg,data/raw/ena24\7703.jpg,ena24,negativo,True,ena24_neg_noche,0,ena24_7697.jpg,val
ena24_7704.jpg,data/raw/ena24\7704.jpg,ena24,negativo,True,ena24_neg_noche,0,ena24_7697.jpg,val
ena24_7707.jpg,data/raw/ena24\7707.jpg,ena24,negativo,True,ena24_neg_noche,0,ena24_7697.jpg,val
ena24_7708.jpg,data/raw/ena24\7708.jpg,ena24,negativo,True,ena24_neg_noche,0,ena24_7697.jpg,val
ena24_7709.jpg,data/raw/ena24\7709.jpg,ena24,negativo,True,ena24_neg_noche,0,ena24_7697.jpg,val
ena24_7710.jpg,data/raw/ena24\7710.jpg,ena24,negativo,True,ena24_neg_noche,0,ena24_7710.jpg,val
ena24_7714.jpg,data/raw/ena24\7714.jpg,ena24,negativo,True,ena24_neg_noche,0,ena24_7714.jpg,test
ena24_7716.jpg,data/raw/ena24\7716.jpg,ena24,negativo,True,ena24_neg_noche,0,ena24_7714.jpg,test
ena24_7717.jpg,data/raw/ena24\7717.jpg,ena24,negativo,True,ena24_neg_noche,0,ena24_7714.jpg,test
ena24_7719.jpg,data/raw/ena24\7719.jpg,ena24,negativo,True,ena24_neg_noche,0,ena24_7714.jpg,test
ena24_7720.jpg,data/raw/ena24\7720.jpg,ena24,negativo,True,ena24_neg_noche,0,ena24_7714.jpg,test
ena24_7728.jpg,data/raw/ena24\7728.jpg,ena24,negativo,False,ena24_neg_dia,0,ena24_7728.jpg,train
ena24_7729.jpg,data/raw/ena24\7729.jpg,ena24,negativo,False,ena24_neg_dia,0,ena24_7728.jpg,train
ena24_7731.jpg,data/raw/ena24\7731.jpg,ena24,negativo,False,ena24_neg_dia,0,ena24_7564.jpg,val
ena24_7732.jpg,data/raw/ena24\7732.jpg,ena24,negativo,False,ena24_neg_dia,0,ena24_7564.jpg,val
ena24_7733.jpg,data/raw/ena24\7733.jpg,ena24,negativo,False,ena24_neg_dia,0,ena24_9572.jpg,train
ena24_7734.jpg,data/raw/ena24\7734.jpg,ena24,negativo,False,ena24_neg_dia,0,ena24_9572.jpg,train
ena24_7735.jpg,data/raw/ena24\7735.jpg,ena24,negativo,False,ena24_neg_dia,0,ena24_9572.jpg,train
ena24_7736.jpg,data/raw/ena24\7736.jpg,ena24,negativo,False,ena24_neg_dia,0,ena24_9572.jpg,train
ena24_7737.jpg,data/raw/ena24\7737.jpg,ena24,negativo,False,ena24_neg_dia,0,ena24_9572.jpg,train
ena24_7738.jpg,data/raw/ena24\7738.jpg,ena24,negativo,False,ena24_neg_dia,0,ena24_9572.jpg,train
ena24_7739.jpg,data/raw/ena24\7739.jpg,ena24,negativo,False,ena24_neg_dia,0,ena24_7739.jpg,test
ena24_7740.jpg,data/raw/ena24\7740.jpg,ena24,negativo,False,ena24_neg_dia,0,ena24_7739.jpg,test
ena24_7741.jpg,data/raw/ena24\7741.jpg,ena24,negativo,False,ena24_neg_dia,0,ena24_7739.jpg,test
ena24_7745.jpg,data/raw/ena24\7745.jpg,ena24,negativo,True,ena24_neg_noche,0,ena24_7745.jpg,val
ena24_7748.jpg,data/raw/ena24\7748.jpg,ena24,negativo,True,ena24_neg_noche,0,ena24_7745.jpg,val
ena24_7750.jpg,data/raw/ena24\7750.jpg,ena24,negativo,True,ena24_neg_noche,0,ena24_7745.jpg,val
ena24_7751.jpg,data/raw/ena24\7751.jpg,ena24,negativo,True,ena24_neg_noche,0,ena24_7751.jpg,test
ena24_7754.jpg,data/raw/ena24\7754.jpg,ena24,negativo,True,ena24_neg_noche,0,ena24_7754.jpg,val
ena24_7756.jpg,data/raw/ena24\7756.jpg,ena24,negativo,True,ena24_neg_noche,0,ena24_7754.jpg,val
ena24_7758.jpg,data/raw/ena24\7758.jpg,ena24,negativo,True,ena24_neg_noche,0,ena24_7754.jpg,val
ena24_7759.jpg,data/raw/ena24\7759.jpg,ena24,negativo,True,ena24_neg_noche,0,ena24_7558.jpg,val
ena24_7760.jpg,data/raw/ena24\7760.jpg,ena24,negativo,True,ena24_neg_noche,0,ena24_7558.jpg,val
ena24_7764.jpg,data/raw/ena24\7764.jpg,ena24,negativo,True,ena24_neg_noche,0,ena24_7558.jpg,val
ena24_7765.jpg,data/raw/ena24\7765.jpg,ena24,negativo,True,ena24_neg_noche,0,ena24_7558.jpg,val
ena24_7766.jpg,data/raw/ena24\7766.jpg,ena24,negativo,True,ena24_neg_noche,0,ena24_7558.jpg,val
ena24_7767.jpg,data/raw/ena24\7767.jpg,ena24,negativo,True,ena24_neg_noche,0,ena24_7558.jpg,val
ena24_7768.jpg,data/raw/ena24\7768.jpg,ena24,negativo,True,ena24_neg_noche,0,ena24_1925.jpg,val
ena24_7876.jpg,data/raw/ena24\7876.jpg,ena24,negativo,False,ena24_neg_dia,0,ena24_7876.jpg,test
ena24_7899.jpg,data/raw/ena24\7899.jpg,ena24,negativo,False,ena24_neg_dia,0,ena24_7564.jpg,val
ena24_7941.jpg,data/raw/ena24\7941.jpg,ena24,negativo,False,ena24_neg_dia,0,ena24_9627.jpg,train
ena24_7942.jpg,data/raw/ena24\7942.jpg,ena24,negativo,False,ena24_neg_dia,0,ena24_9627.jpg,train
ena24_7943.jpg,data/raw/ena24\7943.jpg,ena24,negativo,False,ena24_neg_dia,0,ena24_9627.jpg,train
ena24_7944.jpg,data/raw/ena24\7944.jpg,ena24,negativo,False,ena24_neg_dia,0,ena24_9627.jpg,train
ena24_7945.jpg,data/raw/ena24\7945.jpg,ena24,negativo,False,ena24_neg_dia,0,ena24_9627.jpg,train
ena24_7946.jpg,data/raw/ena24\7946.jpg,ena24,negativo,False,ena24_neg_dia,0,ena24_9627.jpg,train
ena24_7952.jpg,data/raw/ena24\7952.jpg,ena24,negativo,False,ena24_neg_dia,0,ena24_9627.jpg,train
ena24_8398.jpg,data/raw/ena24\8398.jpg,ena24,negativo,False,ena24_neg_dia,0,ena24_8398.jpg,test
ena24_850.jpg,data/raw/ena24\850.jpg,ena24,negativo,True,ena24_neg_noche,0,ena24_9380.jpg,train
ena24_8622.jpg,data/raw/ena24\8622.jpg,ena24,negativo,False,ena24_neg_dia,0,ena24_8622.jpg,train
ena24_8718.jpg,data/raw/ena24\8718.jpg,ena24,negativo,True,ena24_neg_noche,0,ena24_8718.jpg,val
ena24_8784.jpg,data/raw/ena24\8784.jpg,ena24,positivo,False,ena24_pos_dia,1,ena24_8784.jpg,train
ena24_8785.jpg,data/raw/ena24\8785.jpg,ena24,positivo,False,ena24_pos_dia,1,ena24_8784.jpg,train
ena24_8786.jpg,data/raw/ena24\8786.jpg,ena24,positivo,True,ena24_pos_noche,1,ena24_8786.jpg,train
ena24_8787.jpg,data/raw/ena24\8787.jpg,ena24,positivo,False,ena24_pos_dia,1,ena24_8784.jpg,train
ena24_8788.jpg,data/raw/ena24\8788.jpg,ena24,positivo,False,ena24_pos_dia,1,ena24_8784.jpg,train
ena24_8789.jpg,data/raw/ena24\8789.jpg,ena24,positivo,False,ena24_pos_dia,1,ena24_8784.jpg,train
ena24_8790.jpg,data/raw/ena24\8790.jpg,ena24,positivo,False,ena24_pos_dia,1,ena24_8784.jpg,train
ena24_8791.jpg,data/raw/ena24\8791.jpg,ena24,positivo,False,ena24_pos_dia,1,ena24_8784.jpg,train
ena24_8792.jpg,data/raw/ena24\8792.jpg,ena24,positivo,False,ena24_pos_dia,1,ena24_8784.jpg,train
ena24_8793.jpg,data/raw/ena24\8793.jpg,ena24,positivo,True,ena24_pos_noche,1,ena24_8786.jpg,train
ena24_8794.jpg,data/raw/ena24\8794.jpg,ena24,positivo,True,ena24_pos_noche,1,ena24_8786.jpg,train
ena24_8795.jpg,data/raw/ena24\8795.jpg,ena24,positivo,False,ena24_pos_dia,1,ena24_8795.jpg,test
ena24_8796.jpg,data/raw/ena24\8796.jpg,ena24,positivo,True,ena24_pos_noche,1,ena24_8786.jpg,train
ena24_8797.jpg,data/raw/ena24\8797.jpg,ena24,positivo,True,ena24_pos_noche,1,ena24_8786.jpg,train
ena24_8798.jpg,data/raw/ena24\8798.jpg,ena24,positivo,True,ena24_pos_noche,1,ena24_8786.jpg,train
ena24_8799.jpg,data/raw/ena24\8799.jpg,ena24,positivo,True,ena24_pos_noche,1,ena24_8799.jpg,test
ena24_8800.jpg,data/raw/ena24\8800.jpg,ena24,positivo,True,ena24_pos_noche,1,ena24_8800.jpg,val
ena24_8801.jpg,data/raw/ena24\8801.jpg,ena24,positivo,True,ena24_pos_noche,1,ena24_8801.jpg,test
ena24_8802.jpg,data/raw/ena24\8802.jpg,ena24,positivo,True,ena24_pos_noche,1,ena24_8801.jpg,test
ena24_8803.jpg,data/raw/ena24\8803.jpg,ena24,positivo,False,ena24_pos_dia,1,ena24_8803.jpg,train
ena24_8804.jpg,data/raw/ena24\8804.jpg,ena24,positivo,False,ena24_pos_dia,1,ena24_8795.jpg,test
ena24_8805.jpg,data/raw/ena24\8805.jpg,ena24,positivo,False,ena24_pos_dia,1,ena24_8805.jpg,val
ena24_8806.jpg,data/raw/ena24\8806.jpg,ena24,positivo,False,ena24_pos_dia,1,ena24_8806.jpg,val
ena24_8807.jpg,data/raw/ena24\8807.jpg,ena24,positivo,False,ena24_pos_dia,1,ena24_8807.jpg,train
ena24_8808.jpg,data/raw/ena24\8808.jpg,ena24,positivo,False,ena24_pos_dia,1,ena24_8807.jpg,train
ena24_8809.jpg,data/raw/ena24\8809.jpg,ena24,positivo,False,ena24_pos_dia,1,ena24_8807.jpg,train
ena24_8810.jpg,data/raw/ena24\8810.jpg,ena24,positivo,False,ena24_pos_dia,1,ena24_8807.jpg,train
ena24_8811.jpg,data/raw/ena24\8811.jpg,ena24,positivo,False,ena24_pos_dia,1,ena24_8833.jpg,train
ena24_8812.jpg,data/raw/ena24\8812.jpg,ena24,positivo,False,ena24_pos_dia,1,ena24_8833.jpg,train
ena24_8813.jpg,data/raw/ena24\8813.jpg,ena24,positivo,False,ena24_pos_dia,1,ena24_8833.jpg,train
ena24_8814.jpg,data/raw/ena24\8814.jpg,ena24,positivo,False,ena24_pos_dia,1,ena24_8833.jpg,train
ena24_8815.jpg,data/raw/ena24\8815.jpg,ena24,positivo,False,ena24_pos_dia,1,ena24_8833.jpg,train
ena24_8816.jpg,data/raw/ena24\8816.jpg,ena24,positivo,False,ena24_pos_dia,1,ena24_8833.jpg,train
ena24_8817.jpg,data/raw/ena24\8817.jpg,ena24,positivo,False,ena24_pos_dia,1,ena24_8833.jpg,train
ena24_8818.jpg,data/raw/ena24\8818.jpg,ena24,positivo,False,ena24_pos_dia,1,ena24_8818.jpg,test
ena24_8819.jpg,data/raw/ena24\8819.jpg,ena24,positivo,False,ena24_pos_dia,1,ena24_8833.jpg,train
ena24_8820.jpg,data/raw/ena24\8820.jpg,ena24,positivo,False,ena24_pos_dia,1,ena24_8833.jpg,train
ena24_8821.jpg,data/raw/ena24\8821.jpg,ena24,positivo,False,ena24_pos_dia,1,ena24_8833.jpg,train
ena24_8822.jpg,data/raw/ena24\8822.jpg,ena24,positivo,False,ena24_pos_dia,1,ena24_8822.jpg,test
ena24_8823.jpg,data/raw/ena24\8823.jpg,ena24,positivo,False,ena24_pos_dia,1,ena24_8833.jpg,train
ena24_8824.jpg,data/raw/ena24\8824.jpg,ena24,positivo,False,ena24_pos_dia,1,ena24_8833.jpg,train
ena24_8825.jpg,data/raw/ena24\8825.jpg,ena24,positivo,False,ena24_pos_dia,1,ena24_8825.jpg,train
ena24_8826.jpg,data/raw/ena24\8826.jpg,ena24,positivo,False,ena24_pos_dia,1,ena24_8822.jpg,test
ena24_8827.jpg,data/raw/ena24\8827.jpg,ena24,positivo,False,ena24_pos_dia,1,ena24_8827.jpg,train
ena24_8828.jpg,data/raw/ena24\8828.jpg,ena24,positivo,False,ena24_pos_dia,1,ena24_8827.jpg,train
ena24_8829.jpg,data/raw/ena24\8829.jpg,ena24,positivo,False,ena24_pos_dia,1,ena24_8827.jpg,train
ena24_8830.jpg,data/raw/ena24\8830.jpg,ena24,positivo,False,ena24_pos_dia,1,ena24_8822.jpg,test
ena24_8831.jpg,data/raw/ena24\8831.jpg,ena24,positivo,False,ena24_pos_dia,1,ena24_8833.jpg,train
ena24_8832.jpg,data/raw/ena24\8832.jpg,ena24,positivo,False,ena24_pos_dia,1,ena24_8833.jpg,train
ena24_8833.jpg,data/raw/ena24\8833.jpg,ena24,positivo,False,ena24_pos_dia,1,ena24_8833.jpg,train
ena24_8834.jpg,data/raw/ena24\8834.jpg,ena24,positivo,False,ena24_pos_dia,1,ena24_8833.jpg,train
ena24_8835.jpg,data/raw/ena24\8835.jpg,ena24,positivo,False,ena24_pos_dia,1,ena24_8833.jpg,train
ena24_8836.jpg,data/raw/ena24\8836.jpg,ena24,positivo,False,ena24_pos_dia,1,ena24_8833.jpg,train
ena24_8837.jpg,data/raw/ena24\8837.jpg,ena24,positivo,False,ena24_pos_dia,1,ena24_8837.jpg,val
ena24_8838.jpg,data/raw/ena24\8838.jpg,ena24,positivo,False,ena24_pos_dia,1,ena24_8837.jpg,val
ena24_8839.jpg,data/raw/ena24\8839.jpg,ena24,positivo,False,ena24_pos_dia,1,ena24_8839.jpg,val
ena24_8840.jpg,data/raw/ena24\8840.jpg,ena24,positivo,False,ena24_pos_dia,1,ena24_8840.jpg,test
ena24_8841.jpg,data/raw/ena24\8841.jpg,ena24,positivo,False,ena24_pos_dia,1,ena24_8841.jpg,val
ena24_8842.jpg,data/raw/ena24\8842.jpg,ena24,positivo,False,ena24_pos_dia,1,ena24_8842.jpg,val
ena24_8843.jpg,data/raw/ena24\8843.jpg,ena24,positivo,False,ena24_pos_dia,1,ena24_8843.jpg,train
ena24_8844.jpg,data/raw/ena24\8844.jpg,ena24,positivo,False,ena24_pos_dia,1,ena24_8844.jpg,test
ena24_8845.jpg,data/raw/ena24\8845.jpg,ena24,positivo,False,ena24_pos_dia,1,ena24_9163.jpg,train
ena24_8846.jpg,data/raw/ena24\8846.jpg,ena24,positivo,False,ena24_pos_dia,1,ena24_8846.jpg,train
ena24_8847.jpg,data/raw/ena24\8847.jpg,ena24,positivo,False,ena24_pos_dia,1,ena24_8847.jpg,train
ena24_8848.jpg,data/raw/ena24\8848.jpg,ena24,positivo,False,ena24_pos_dia,1,ena24_8846.jpg,train
ena24_8849.jpg,data/raw/ena24\8849.jpg,ena24,positivo,False,ena24_pos_dia,1,ena24_9163.jpg,train
ena24_8850.jpg,data/raw/ena24\8850.jpg,ena24,positivo,False,ena24_pos_dia,1,ena24_9163.jpg,train
ena24_8851.jpg,data/raw/ena24\8851.jpg,ena24,positivo,False,ena24_pos_dia,1,ena24_8851.jpg,test
ena24_8852.jpg,data/raw/ena24\8852.jpg,ena24,positivo,False,ena24_pos_dia,1,ena24_8852.jpg,val
ena24_8853.jpg,data/raw/ena24\8853.jpg,ena24,positivo,False,ena24_pos_dia,1,ena24_8851.jpg,test
ena24_8854.jpg,data/raw/ena24\8854.jpg,ena24,positivo,False,ena24_pos_dia,1,ena24_8854.jpg,train
ena24_8855.jpg,data/raw/ena24\8855.jpg,ena24,positivo,False,ena24_pos_dia,1,ena24_8851.jpg,test
ena24_8856.jpg,data/raw/ena24\8856.jpg,ena24,positivo,True,ena24_pos_noche,1,ena24_8856.jpg,train
ena24_8857.jpg,data/raw/ena24\8857.jpg,ena24,positivo,True,ena24_pos_noche,1,ena24_8857.jpg,test
ena24_8858.jpg,data/raw/ena24\8858.jpg,ena24,positivo,True,ena24_pos_noche,1,ena24_8851.jpg,test
ena24_8859.jpg,data/raw/ena24\8859.jpg,ena24,positivo,True,ena24_pos_noche,1,ena24_8859.jpg,train
ena24_8860.jpg,data/raw/ena24\8860.jpg,ena24,positivo,True,ena24_pos_noche,1,ena24_8860.jpg,train
ena24_8861.jpg,data/raw/ena24\8861.jpg,ena24,positivo,True,ena24_pos_noche,1,ena24_8861.jpg,train
ena24_8862.jpg,data/raw/ena24\8862.jpg,ena24,positivo,True,ena24_pos_noche,1,ena24_8862.jpg,val
ena24_8863.jpg,data/raw/ena24\8863.jpg,ena24,positivo,True,ena24_pos_noche,2,ena24_8863.jpg,val
ena24_8864.jpg,data/raw/ena24\8864.jpg,ena24,positivo,True,ena24_pos_noche,1,ena24_8864.jpg,train
ena24_8865.jpg,data/raw/ena24\8865.jpg,ena24,positivo,True,ena24_pos_noche,1,ena24_8865.jpg,train
ena24_8866.jpg,data/raw/ena24\8866.jpg,ena24,positivo,True,ena24_pos_noche,1,ena24_8864.jpg,train
ena24_8867.jpg,data/raw/ena24\8867.jpg,ena24,positivo,True,ena24_pos_noche,1,ena24_8867.jpg,train
ena24_8868.jpg,data/raw/ena24\8868.jpg,ena24,positivo,True,ena24_pos_noche,1,ena24_8868.jpg,test
ena24_8869.jpg,data/raw/ena24\8869.jpg,ena24,positivo,True,ena24_pos_noche,2,ena24_8869.jpg,test
ena24_8870.jpg,data/raw/ena24\8870.jpg,ena24,positivo,True,ena24_pos_noche,1,ena24_8870.jpg,test
ena24_8871.jpg,data/raw/ena24\8871.jpg,ena24,positivo,True,ena24_pos_noche,1,ena24_9434.jpg,train
ena24_8872.jpg,data/raw/ena24\8872.jpg,ena24,positivo,True,ena24_pos_noche,1,ena24_8872.jpg,train
ena24_8873.jpg,data/raw/ena24\8873.jpg,ena24,positivo,True,ena24_pos_noche,2,ena24_9434.jpg,train
ena24_8874.jpg,data/raw/ena24\8874.jpg,ena24,positivo,True,ena24_pos_noche,2,ena24_8874.jpg,val
ena24_8875.jpg,data/raw/ena24\8875.jpg,ena24,positivo,True,ena24_pos_noche,1,ena24_9434.jpg,train
ena24_8876.jpg,data/raw/ena24\8876.jpg,ena24,positivo,True,ena24_pos_noche,1,ena24_9434.jpg,train
ena24_8877.jpg,data/raw/ena24\8877.jpg,ena24,positivo,True,ena24_pos_noche,1,ena24_9434.jpg,train
ena24_8878.jpg,data/raw/ena24\8878.jpg,ena24,positivo,True,ena24_pos_noche,1,ena24_9434.jpg,train
ena24_8879.jpg,data/raw/ena24\8879.jpg,ena24,positivo,True,ena24_pos_noche,1,ena24_9434.jpg,train
ena24_8880.jpg,data/raw/ena24\8880.jpg,ena24,positivo,True,ena24_pos_noche,1,ena24_9434.jpg,train
ena24_8881.jpg,data/raw/ena24\8881.jpg,ena24,positivo,True,ena24_pos_noche,1,ena24_9434.jpg,train
ena24_8882.jpg,data/raw/ena24\8882.jpg,ena24,positivo,True,ena24_pos_noche,1,ena24_9434.jpg,train
ena24_8883.jpg,data/raw/ena24\8883.jpg,ena24,positivo,True,ena24_pos_noche,1,ena24_9434.jpg,train
ena24_8884.jpg,data/raw/ena24\8884.jpg,ena24,positivo,True,ena24_pos_noche,1,ena24_9434.jpg,train
ena24_8885.jpg,data/raw/ena24\8885.jpg,ena24,positivo,True,ena24_pos_noche,1,ena24_9434.jpg,train
ena24_8886.jpg,data/raw/ena24\8886.jpg,ena24,positivo,True,ena24_pos_noche,1,ena24_9434.jpg,train
ena24_8887.jpg,data/raw/ena24\8887.jpg,ena24,positivo,True,ena24_pos_noche,1,ena24_9434.jpg,train
ena24_8888.jpg,data/raw/ena24\8888.jpg,ena24,positivo,True,ena24_pos_noche,1,ena24_9434.jpg,train
ena24_8889.jpg,data/raw/ena24\8889.jpg,ena24,positivo,True,ena24_pos_noche,1,ena24_9434.jpg,train
ena24_8890.jpg,data/raw/ena24\8890.jpg,ena24,positivo,True,ena24_pos_noche,1,ena24_9434.jpg,train
ena24_8891.jpg,data/raw/ena24\8891.jpg,ena24,positivo,True,ena24_pos_noche,1,ena24_9434.jpg,train
ena24_8892.jpg,data/raw/ena24\8892.jpg,ena24,positivo,True,ena24_pos_noche,1,ena24_9434.jpg,train
ena24_8893.jpg,data/raw/ena24\8893.jpg,ena24,positivo,True,ena24_pos_noche,1,ena24_9434.jpg,train
ena24_8894.jpg,data/raw/ena24\8894.jpg,ena24,positivo,True,ena24_pos_noche,1,ena24_9434.jpg,train
ena24_8895.jpg,data/raw/ena24\8895.jpg,ena24,positivo,True,ena24_pos_noche,1,ena24_9434.jpg,train
ena24_8896.jpg,data/raw/ena24\8896.jpg,ena24,positivo,True,ena24_pos_noche,1,ena24_9434.jpg,train
ena24_8897.jpg,data/raw/ena24\8897.jpg,ena24,positivo,True,ena24_pos_noche,1,ena24_9434.jpg,train
ena24_8898.jpg,data/raw/ena24\8898.jpg,ena24,positivo,True,ena24_pos_noche,1,ena24_9434.jpg,train
ena24_8899.jpg,data/raw/ena24\8899.jpg,ena24,positivo,True,ena24_pos_noche,1,ena24_9434.jpg,train
ena24_8900.jpg,data/raw/ena24\8900.jpg,ena24,positivo,True,ena24_pos_noche,1,ena24_8900.jpg,train
ena24_8901.jpg,data/raw/ena24\8901.jpg,ena24,positivo,True,ena24_pos_noche,1,ena24_8900.jpg,train
ena24_8902.jpg,data/raw/ena24\8902.jpg,ena24,positivo,True,ena24_pos_noche,1,ena24_8900.jpg,train
ena24_8903.jpg,data/raw/ena24\8903.jpg,ena24,positivo,True,ena24_pos_noche,1,ena24_8900.jpg,train
ena24_8904.jpg,data/raw/ena24\8904.jpg,ena24,positivo,True,ena24_pos_noche,1,ena24_8900.jpg,train
ena24_8905.jpg,data/raw/ena24\8905.jpg,ena24,positivo,True,ena24_pos_noche,1,ena24_8900.jpg,train
ena24_8906.jpg,data/raw/ena24\8906.jpg,ena24,positivo,True,ena24_pos_noche,1,ena24_8906.jpg,val
ena24_8907.jpg,data/raw/ena24\8907.jpg,ena24,positivo,True,ena24_pos_noche,1,ena24_8900.jpg,train
ena24_8908.jpg,data/raw/ena24\8908.jpg,ena24,positivo,True,ena24_pos_noche,1,ena24_8900.jpg,train
ena24_8909.jpg,data/raw/ena24\8909.jpg,ena24,positivo,True,ena24_pos_noche,1,ena24_8900.jpg,train
ena24_8910.jpg,data/raw/ena24\8910.jpg,ena24,positivo,True,ena24_pos_noche,1,ena24_8906.jpg,val
ena24_8911.jpg,data/raw/ena24\8911.jpg,ena24,positivo,True,ena24_pos_noche,1,ena24_8911.jpg,val
ena24_8912.jpg,data/raw/ena24\8912.jpg,ena24,positivo,True,ena24_pos_noche,1,ena24_8912.jpg,train
ena24_8913.jpg,data/raw/ena24\8913.jpg,ena24,positivo,True,ena24_pos_noche,1,ena24_8913.jpg,test
ena24_8914.jpg,data/raw/ena24\8914.jpg,ena24,positivo,True,ena24_pos_noche,1,ena24_8914.jpg,test
ena24_8915.jpg,data/raw/ena24\8915.jpg,ena24,positivo,False,ena24_pos_dia,1,ena24_8915.jpg,test
ena24_8916.jpg,data/raw/ena24\8916.jpg,ena24,positivo,False,ena24_pos_dia,1,ena24_8915.jpg,test
ena24_8917.jpg,data/raw/ena24\8917.jpg,ena24,positivo,False,ena24_pos_dia,1,ena24_8915.jpg,test
ena24_8918.jpg,data/raw/ena24\8918.jpg,ena24,positivo,True,ena24_pos_noche,1,ena24_8918.jpg,test
ena24_8919.jpg,data/raw/ena24\8919.jpg,ena24,positivo,False,ena24_pos_dia,1,ena24_8919.jpg,train
ena24_8920.jpg,data/raw/ena24\8920.jpg,ena24,positivo,False,ena24_pos_dia,1,ena24_8915.jpg,test
ena24_8921.jpg,data/raw/ena24\8921.jpg,ena24,positivo,False,ena24_pos_dia,1,ena24_8915.jpg,test
ena24_8922.jpg,data/raw/ena24\8922.jpg,ena24,positivo,False,ena24_pos_dia,1,ena24_8915.jpg,test
ena24_8923.jpg,data/raw/ena24\8923.jpg,ena24,positivo,False,ena24_pos_dia,1,ena24_8915.jpg,test
ena24_8924.jpg,data/raw/ena24\8924.jpg,ena24,positivo,False,ena24_pos_dia,1,ena24_8919.jpg,train
ena24_8925.jpg,data/raw/ena24\8925.jpg,ena24,positivo,True,ena24_pos_noche,1,ena24_8925.jpg,train
ena24_8926.jpg,data/raw/ena24\8926.jpg,ena24,positivo,False,ena24_pos_dia,1,ena24_8919.jpg,train
ena24_8927.jpg,data/raw/ena24\8927.jpg,ena24,positivo,True,ena24_pos_noche,1,ena24_9380.jpg,train
ena24_8928.jpg,data/raw/ena24\8928.jpg,ena24,positivo,True,ena24_pos_noche,1,ena24_9380.jpg,train
ena24_8929.jpg,data/raw/ena24\8929.jpg,ena24,positivo,True,ena24_pos_noche,1,ena24_9380.jpg,train
ena24_8930.jpg,data/raw/ena24\8930.jpg,ena24,positivo,True,ena24_pos_noche,1,ena24_8930.jpg,val
ena24_8931.jpg,data/raw/ena24\8931.jpg,ena24,positivo,True,ena24_pos_noche,1,ena24_9380.jpg,train
ena24_8932.jpg,data/raw/ena24\8932.jpg,ena24,positivo,True,ena24_pos_noche,1,ena24_9380.jpg,train
ena24_8933.jpg,data/raw/ena24\8933.jpg,ena24,positivo,True,ena24_pos_noche,1,ena24_8933.jpg,val
ena24_8934.jpg,data/raw/ena24\8934.jpg,ena24,positivo,True,ena24_pos_noche,1,ena24_9380.jpg,train
ena24_8935.jpg,data/raw/ena24\8935.jpg,ena24,positivo,True,ena24_pos_noche,1,ena24_9380.jpg,train
ena24_8936.jpg,data/raw/ena24\8936.jpg,ena24,positivo,True,ena24_pos_noche,1,ena24_9380.jpg,train
ena24_8937.jpg,data/raw/ena24\8937.jpg,ena24,positivo,True,ena24_pos_noche,1,ena24_9380.jpg,train
ena24_8938.jpg,data/raw/ena24\8938.jpg,ena24,positivo,True,ena24_pos_noche,1,ena24_9380.jpg,train
ena24_8939.jpg,data/raw/ena24\8939.jpg,ena24,positivo,True,ena24_pos_noche,1,ena24_9380.jpg,train
ena24_8940.jpg,data/raw/ena24\8940.jpg,ena24,positivo,True,ena24_pos_noche,1,ena24_9380.jpg,train
ena24_8941.jpg,data/raw/ena24\8941.jpg,ena24,positivo,True,ena24_pos_noche,1,ena24_9380.jpg,train
ena24_8942.jpg,data/raw/ena24\8942.jpg,ena24,positivo,True,ena24_pos_noche,1,ena24_9380.jpg,train
ena24_8943.jpg,data/raw/ena24\8943.jpg,ena24,positivo,True,ena24_pos_noche,1,ena24_9380.jpg,train
ena24_8944.jpg,data/raw/ena24\8944.jpg,ena24,positivo,True,ena24_pos_noche,1,ena24_9380.jpg,train
ena24_8945.jpg,data/raw/ena24\8945.jpg,ena24,positivo,True,ena24_pos_noche,1,ena24_9380.jpg,train
ena24_8946.jpg,data/raw/ena24\8946.jpg,ena24,positivo,True,ena24_pos_noche,1,ena24_9380.jpg,train
ena24_8947.jpg,data/raw/ena24\8947.jpg,ena24,positivo,True,ena24_pos_noche,1,ena24_8947.jpg,val
ena24_8948.jpg,data/raw/ena24\8948.jpg,ena24,positivo,True,ena24_pos_noche,1,ena24_8948.jpg,test
ena24_8949.jpg,data/raw/ena24\8949.jpg,ena24,positivo,True,ena24_pos_noche,1,ena24_8949.jpg,test
ena24_8950.jpg,data/raw/ena24\8950.jpg,ena24,positivo,True,ena24_pos_noche,1,ena24_8950.jpg,train
ena24_8951.jpg,data/raw/ena24\8951.jpg,ena24,positivo,True,ena24_pos_noche,2,ena24_9380.jpg,train
ena24_8952.jpg,data/raw/ena24\8952.jpg,ena24,positivo,True,ena24_pos_noche,2,ena24_8952.jpg,val
ena24_8953.jpg,data/raw/ena24\8953.jpg,ena24,positivo,True,ena24_pos_noche,2,ena24_8930.jpg,val
ena24_8954.jpg,data/raw/ena24\8954.jpg,ena24,positivo,True,ena24_pos_noche,2,ena24_8954.jpg,train
ena24_8955.jpg,data/raw/ena24\8955.jpg,ena24,positivo,True,ena24_pos_noche,1,ena24_9380.jpg,train
ena24_8956.jpg,data/raw/ena24\8956.jpg,ena24,positivo,True,ena24_pos_noche,2,ena24_9380.jpg,train
ena24_8957.jpg,data/raw/ena24\8957.jpg,ena24,positivo,True,ena24_pos_noche,1,ena24_9380.jpg,train
ena24_8958.jpg,data/raw/ena24\8958.jpg,ena24,positivo,True,ena24_pos_noche,1,ena24_9380.jpg,train
ena24_8959.jpg,data/raw/ena24\8959.jpg,ena24,positivo,True,ena24_pos_noche,1,ena24_9380.jpg,train
ena24_8960.jpg,data/raw/ena24\8960.jpg,ena24,positivo,True,ena24_pos_noche,1,ena24_9380.jpg,train
ena24_8961.jpg,data/raw/ena24\8961.jpg,ena24,positivo,True,ena24_pos_noche,1,ena24_8930.jpg,val
ena24_8962.jpg,data/raw/ena24\8962.jpg,ena24,positivo,True,ena24_pos_noche,1,ena24_8925.jpg,train
ena24_8963.jpg,data/raw/ena24\8963.jpg,ena24,positivo,True,ena24_pos_noche,1,ena24_8963.jpg,train
ena24_8964.jpg,data/raw/ena24\8964.jpg,ena24,positivo,True,ena24_pos_noche,1,ena24_9380.jpg,train
ena24_8965.jpg,data/raw/ena24\8965.jpg,ena24,positivo,True,ena24_pos_noche,1,ena24_9080.jpg,train
ena24_8966.jpg,data/raw/ena24\8966.jpg,ena24,positivo,True,ena24_pos_noche,1,ena24_9380.jpg,train
ena24_8967.jpg,data/raw/ena24\8967.jpg,ena24,positivo,True,ena24_pos_noche,1,ena24_9080.jpg,train
ena24_8968.jpg,data/raw/ena24\8968.jpg,ena24,positivo,True,ena24_pos_noche,1,ena24_9080.jpg,train
ena24_8969.jpg,data/raw/ena24\8969.jpg,ena24,positivo,True,ena24_pos_noche,1,ena24_9080.jpg,train
ena24_8970.jpg,data/raw/ena24\8970.jpg,ena24,positivo,True,ena24_pos_noche,1,ena24_9080.jpg,train
ena24_8971.jpg,data/raw/ena24\8971.jpg,ena24,positivo,True,ena24_pos_noche,1,ena24_9080.jpg,train
ena24_8972.jpg,data/raw/ena24\8972.jpg,ena24,positivo,False,ena24_pos_dia,1,ena24_8972.jpg,train
ena24_8973.jpg,data/raw/ena24\8973.jpg,ena24,positivo,True,ena24_pos_noche,1,ena24_9080.jpg,train
ena24_8974.jpg,data/raw/ena24\8974.jpg,ena24,positivo,False,ena24_pos_dia,1,ena24_8972.jpg,train
ena24_8975.jpg,data/raw/ena24\8975.jpg,ena24,positivo,False,ena24_pos_dia,1,ena24_8972.jpg,train
ena24_8976.jpg,data/raw/ena24\8976.jpg,ena24,positivo,True,ena24_pos_noche,1,ena24_7564.jpg,val
ena24_8977.jpg,data/raw/ena24\8977.jpg,ena24,positivo,False,ena24_pos_dia,1,ena24_8972.jpg,train
ena24_8978.jpg,data/raw/ena24\8978.jpg,ena24,positivo,False,ena24_pos_dia,1,ena24_8972.jpg,train
ena24_8979.jpg,data/raw/ena24\8979.jpg,ena24,positivo,False,ena24_pos_dia,1,ena24_8972.jpg,train
ena24_8980.jpg,data/raw/ena24\8980.jpg,ena24,positivo,True,ena24_pos_noche,1,ena24_8980.jpg,train
ena24_8981.jpg,data/raw/ena24\8981.jpg,ena24,positivo,True,ena24_pos_noche,1,ena24_8981.jpg,train
ena24_8982.jpg,data/raw/ena24\8982.jpg,ena24,positivo,True,ena24_pos_noche,1,ena24_7564.jpg,val
ena24_8983.jpg,data/raw/ena24\8983.jpg,ena24,positivo,True,ena24_pos_noche,1,ena24_8981.jpg,train
ena24_8984.jpg,data/raw/ena24\8984.jpg,ena24,positivo,True,ena24_pos_noche,1,ena24_7564.jpg,val
ena24_8985.jpg,data/raw/ena24\8985.jpg,ena24,positivo,True,ena24_pos_noche,1,ena24_8985.jpg,train
ena24_8986.jpg,data/raw/ena24\8986.jpg,ena24,positivo,True,ena24_pos_noche,1,ena24_8985.jpg,train
ena24_8987.jpg,data/raw/ena24\8987.jpg,ena24,positivo,True,ena24_pos_noche,1,ena24_8985.jpg,train
ena24_8988.jpg,data/raw/ena24\8988.jpg,ena24,positivo,False,ena24_pos_dia,1,ena24_7564.jpg,val
ena24_8989.jpg,data/raw/ena24\8989.jpg,ena24,positivo,False,ena24_pos_dia,1,ena24_7564.jpg,val
ena24_8990.jpg,data/raw/ena24\8990.jpg,ena24,positivo,False,ena24_pos_dia,1,ena24_7564.jpg,val
ena24_8991.jpg,data/raw/ena24\8991.jpg,ena24,positivo,False,ena24_pos_dia,1,ena24_7564.jpg,val
ena24_8992.jpg,data/raw/ena24\8992.jpg,ena24,positivo,False,ena24_pos_dia,1,ena24_7564.jpg,val
ena24_8993.jpg,data/raw/ena24\8993.jpg,ena24,positivo,False,ena24_pos_dia,1,ena24_7564.jpg,val
ena24_8994.jpg,data/raw/ena24\8994.jpg,ena24,positivo,True,ena24_pos_noche,1,ena24_7564.jpg,val
ena24_8995.jpg,data/raw/ena24\8995.jpg,ena24,positivo,True,ena24_pos_noche,1,ena24_7564.jpg,val
ena24_8996.jpg,data/raw/ena24\8996.jpg,ena24,positivo,True,ena24_pos_noche,1,ena24_7564.jpg,val
ena24_8997.jpg,data/raw/ena24\8997.jpg,ena24,positivo,True,ena24_pos_noche,1,ena24_7564.jpg,val
ena24_8998.jpg,data/raw/ena24\8998.jpg,ena24,positivo,True,ena24_pos_noche,1,ena24_7564.jpg,val
ena24_8999.jpg,data/raw/ena24\8999.jpg,ena24,positivo,True,ena24_pos_noche,1,ena24_7564.jpg,val
ena24_9000.jpg,data/raw/ena24\9000.jpg,ena24,positivo,True,ena24_pos_noche,1,ena24_7564.jpg,val
ena24_9001.jpg,data/raw/ena24\9001.jpg,ena24,positivo,True,ena24_pos_noche,1,ena24_7564.jpg,val
ena24_9002.jpg,data/raw/ena24\9002.jpg,ena24,positivo,True,ena24_pos_noche,1,ena24_7564.jpg,val
ena24_9003.jpg,data/raw/ena24\9003.jpg,ena24,positivo,True,ena24_pos_noche,1,ena24_7564.jpg,val
ena24_9004.jpg,data/raw/ena24\9004.jpg,ena24,positivo,True,ena24_pos_noche,1,ena24_7564.jpg,val
ena24_9005.jpg,data/raw/ena24\9005.jpg,ena24,positivo,True,ena24_pos_noche,1,ena24_9005.jpg,train
ena24_9006.jpg,data/raw/ena24\9006.jpg,ena24,positivo,True,ena24_pos_noche,1,ena24_7564.jpg,val
ena24_9007.jpg,data/raw/ena24\9007.jpg,ena24,positivo,True,ena24_pos_noche,1,ena24_9007.jpg,test
ena24_9008.jpg,data/raw/ena24\9008.jpg,ena24,positivo,True,ena24_pos_noche,1,ena24_9007.jpg,test
ena24_9009.jpg,data/raw/ena24\9009.jpg,ena24,positivo,True,ena24_pos_noche,1,ena24_9009.jpg,train
ena24_9010.jpg,data/raw/ena24\9010.jpg,ena24,positivo,True,ena24_pos_noche,1,ena24_9010.jpg,train
ena24_9011.jpg,data/raw/ena24\9011.jpg,ena24,positivo,True,ena24_pos_noche,1,ena24_9011.jpg,train
ena24_9012.jpg,data/raw/ena24\9012.jpg,ena24,positivo,True,ena24_pos_noche,1,ena24_9012.jpg,train
ena24_9013.jpg,data/raw/ena24\9013.jpg,ena24,positivo,True,ena24_pos_noche,1,ena24_9013.jpg,train
ena24_9014.jpg,data/raw/ena24\9014.jpg,ena24,positivo,True,ena24_pos_noche,1,ena24_9011.jpg,train
ena24_9015.jpg,data/raw/ena24\9015.jpg,ena24,positivo,False,ena24_pos_dia,1,ena24_9015.jpg,val
ena24_9016.jpg,data/raw/ena24\9016.jpg,ena24,positivo,False,ena24_pos_dia,1,ena24_9016.jpg,test
ena24_9017.jpg,data/raw/ena24\9017.jpg,ena24,positivo,False,ena24_pos_dia,1,ena24_9017.jpg,val
ena24_9018.jpg,data/raw/ena24\9018.jpg,ena24,positivo,False,ena24_pos_dia,1,ena24_9016.jpg,test
ena24_9019.jpg,data/raw/ena24\9019.jpg,ena24,positivo,True,ena24_pos_noche,1,ena24_9019.jpg,train
ena24_9020.jpg,data/raw/ena24\9020.jpg,ena24,positivo,True,ena24_pos_noche,1,ena24_9020.jpg,train
ena24_9021.jpg,data/raw/ena24\9021.jpg,ena24,positivo,True,ena24_pos_noche,1,ena24_9011.jpg,train
ena24_9022.jpg,data/raw/ena24\9022.jpg,ena24,positivo,True,ena24_pos_noche,1,ena24_9011.jpg,train
ena24_9023.jpg,data/raw/ena24\9023.jpg,ena24,positivo,True,ena24_pos_noche,1,ena24_9023.jpg,train
ena24_9024.jpg,data/raw/ena24\9024.jpg,ena24,positivo,True,ena24_pos_noche,1,ena24_9011.jpg,train
ena24_9025.jpg,data/raw/ena24\9025.jpg,ena24,positivo,True,ena24_pos_noche,1,ena24_9011.jpg,train
ena24_9026.jpg,data/raw/ena24\9026.jpg,ena24,positivo,True,ena24_pos_noche,1,ena24_9026.jpg,train
ena24_9027.jpg,data/raw/ena24\9027.jpg,ena24,positivo,True,ena24_pos_noche,1,ena24_9011.jpg,train
ena24_9028.jpg,data/raw/ena24\9028.jpg,ena24,positivo,True,ena24_pos_noche,1,ena24_9026.jpg,train
ena24_9029.jpg,data/raw/ena24\9029.jpg,ena24,positivo,True,ena24_pos_noche,1,ena24_9026.jpg,train
ena24_9030.jpg,data/raw/ena24\9030.jpg,ena24,positivo,True,ena24_pos_noche,1,ena24_9026.jpg,train
ena24_9031.jpg,data/raw/ena24\9031.jpg,ena24,positivo,True,ena24_pos_noche,1,ena24_9026.jpg,train
ena24_9032.jpg,data/raw/ena24\9032.jpg,ena24,positivo,True,ena24_pos_noche,1,ena24_9026.jpg,train
ena24_9033.jpg,data/raw/ena24\9033.jpg,ena24,positivo,True,ena24_pos_noche,1,ena24_7425.jpg,train
ena24_9034.jpg,data/raw/ena24\9034.jpg,ena24,positivo,True,ena24_pos_noche,1,ena24_9026.jpg,train
ena24_9035.jpg,data/raw/ena24\9035.jpg,ena24,positivo,True,ena24_pos_noche,1,ena24_7425.jpg,train
ena24_9036.jpg,data/raw/ena24\9036.jpg,ena24,positivo,True,ena24_pos_noche,1,ena24_7425.jpg,train
ena24_9037.jpg,data/raw/ena24\9037.jpg,ena24,positivo,True,ena24_pos_noche,1,ena24_5052.jpg,val
ena24_9038.jpg,data/raw/ena24\9038.jpg,ena24,positivo,True,ena24_pos_noche,1,ena24_5052.jpg,val
ena24_9039.jpg,data/raw/ena24\9039.jpg,ena24,positivo,True,ena24_pos_noche,1,ena24_5052.jpg,val
ena24_9040.jpg,data/raw/ena24\9040.jpg,ena24,positivo,True,ena24_pos_noche,1,ena24_9380.jpg,train
ena24_9041.jpg,data/raw/ena24\9041.jpg,ena24,positivo,True,ena24_pos_noche,1,ena24_9380.jpg,train
ena24_9042.jpg,data/raw/ena24\9042.jpg,ena24,positivo,True,ena24_pos_noche,1,ena24_9380.jpg,train
ena24_9043.jpg,data/raw/ena24\9043.jpg,ena24,positivo,True,ena24_pos_noche,1,ena24_9380.jpg,train
ena24_9044.jpg,data/raw/ena24\9044.jpg,ena24,positivo,True,ena24_pos_noche,1,ena24_9380.jpg,train
ena24_9045.jpg,data/raw/ena24\9045.jpg,ena24,positivo,True,ena24_pos_noche,1,ena24_9380.jpg,train
ena24_9046.jpg,data/raw/ena24\9046.jpg,ena24,positivo,True,ena24_pos_noche,1,ena24_9380.jpg,train
ena24_9047.jpg,data/raw/ena24\9047.jpg,ena24,positivo,True,ena24_pos_noche,1,ena24_9047.jpg,train
ena24_9048.jpg,data/raw/ena24\9048.jpg,ena24,positivo,True,ena24_pos_noche,1,ena24_9048.jpg,train
ena24_9049.jpg,data/raw/ena24\9049.jpg,ena24,positivo,True,ena24_pos_noche,1,ena24_9049.jpg,train
ena24_9050.jpg,data/raw/ena24\9050.jpg,ena24,positivo,True,ena24_pos_noche,1,ena24_9050.jpg,val
ena24_9051.jpg,data/raw/ena24\9051.jpg,ena24,positivo,True,ena24_pos_noche,1,ena24_9051.jpg,train
ena24_9052.jpg,data/raw/ena24\9052.jpg,ena24,positivo,True,ena24_pos_noche,1,ena24_9052.jpg,test
ena24_9053.jpg,data/raw/ena24\9053.jpg,ena24,positivo,True,ena24_pos_noche,1,ena24_9380.jpg,train
ena24_9054.jpg,data/raw/ena24\9054.jpg,ena24,positivo,True,ena24_pos_noche,1,ena24_9380.jpg,train
ena24_9055.jpg,data/raw/ena24\9055.jpg,ena24,positivo,True,ena24_pos_noche,1,ena24_9380.jpg,train
ena24_9056.jpg,data/raw/ena24\9056.jpg,ena24,positivo,True,ena24_pos_noche,1,ena24_9380.jpg,train
ena24_9057.jpg,data/raw/ena24\9057.jpg,ena24,positivo,True,ena24_pos_noche,1,ena24_9380.jpg,train
ena24_9058.jpg,data/raw/ena24\9058.jpg,ena24,positivo,True,ena24_pos_noche,1,ena24_9380.jpg,train
ena24_9059.jpg,data/raw/ena24\9059.jpg,ena24,positivo,True,ena24_pos_noche,1,ena24_9380.jpg,train
ena24_9060.jpg,data/raw/ena24\9060.jpg,ena24,positivo,True,ena24_pos_noche,1,ena24_9380.jpg,train
ena24_9061.jpg,data/raw/ena24\9061.jpg,ena24,positivo,True,ena24_pos_noche,1,ena24_9380.jpg,train
ena24_9062.jpg,data/raw/ena24\9062.jpg,ena24,positivo,True,ena24_pos_noche,1,ena24_9380.jpg,train
ena24_9063.jpg,data/raw/ena24\9063.jpg,ena24,positivo,True,ena24_pos_noche,1,ena24_9380.jpg,train
ena24_9064.jpg,data/raw/ena24\9064.jpg,ena24,positivo,True,ena24_pos_noche,1,ena24_9380.jpg,train
ena24_9065.jpg,data/raw/ena24\9065.jpg,ena24,positivo,True,ena24_pos_noche,1,ena24_9380.jpg,train
ena24_9066.jpg,data/raw/ena24\9066.jpg,ena24,positivo,True,ena24_pos_noche,1,ena24_9066.jpg,train
ena24_9067.jpg,data/raw/ena24\9067.jpg,ena24,positivo,True,ena24_pos_noche,1,ena24_9066.jpg,train
ena24_9068.jpg,data/raw/ena24\9068.jpg,ena24,positivo,True,ena24_pos_noche,1,ena24_9066.jpg,train
ena24_9069.jpg,data/raw/ena24\9069.jpg,ena24,positivo,True,ena24_pos_noche,1,ena24_9066.jpg,train
ena24_9070.jpg,data/raw/ena24\9070.jpg,ena24,positivo,True,ena24_pos_noche,1,ena24_9066.jpg,train
ena24_9071.jpg,data/raw/ena24\9071.jpg,ena24,positivo,True,ena24_pos_noche,1,ena24_9066.jpg,train
ena24_9072.jpg,data/raw/ena24\9072.jpg,ena24,positivo,True,ena24_pos_noche,1,ena24_9066.jpg,train
ena24_9073.jpg,data/raw/ena24\9073.jpg,ena24,positivo,True,ena24_pos_noche,1,ena24_9066.jpg,train
ena24_9074.jpg,data/raw/ena24\9074.jpg,ena24,positivo,True,ena24_pos_noche,1,ena24_9066.jpg,train
ena24_9075.jpg,data/raw/ena24\9075.jpg,ena24,positivo,True,ena24_pos_noche,1,ena24_9066.jpg,train
ena24_9076.jpg,data/raw/ena24\9076.jpg,ena24,positivo,True,ena24_pos_noche,1,ena24_9066.jpg,train
ena24_9077.jpg,data/raw/ena24\9077.jpg,ena24,positivo,True,ena24_pos_noche,1,ena24_9066.jpg,train
ena24_9078.jpg,data/raw/ena24\9078.jpg,ena24,positivo,True,ena24_pos_noche,1,ena24_9066.jpg,train
ena24_9079.jpg,data/raw/ena24\9079.jpg,ena24,positivo,True,ena24_pos_noche,1,ena24_9066.jpg,train
ena24_9080.jpg,data/raw/ena24\9080.jpg,ena24,positivo,True,ena24_pos_noche,1,ena24_9080.jpg,train
ena24_9081.jpg,data/raw/ena24\9081.jpg,ena24,positivo,True,ena24_pos_noche,1,ena24_9080.jpg,train
ena24_9082.jpg,data/raw/ena24\9082.jpg,ena24,positivo,True,ena24_pos_noche,1,ena24_9080.jpg,train
ena24_9083.jpg,data/raw/ena24\9083.jpg,ena24,positivo,True,ena24_pos_noche,1,ena24_9080.jpg,train
ena24_9084.jpg,data/raw/ena24\9084.jpg,ena24,positivo,True,ena24_pos_noche,1,ena24_9084.jpg,train
ena24_9085.jpg,data/raw/ena24\9085.jpg,ena24,positivo,True,ena24_pos_noche,1,ena24_9084.jpg,train
ena24_9086.jpg,data/raw/ena24\9086.jpg,ena24,positivo,True,ena24_pos_noche,1,ena24_9084.jpg,train
ena24_9087.jpg,data/raw/ena24\9087.jpg,ena24,positivo,True,ena24_pos_noche,1,ena24_9087.jpg,train
ena24_9088.jpg,data/raw/ena24\9088.jpg,ena24,positivo,True,ena24_pos_noche,1,ena24_9087.jpg,train
ena24_9089.jpg,data/raw/ena24\9089.jpg,ena24,positivo,True,ena24_pos_noche,1,ena24_9087.jpg,train
ena24_9090.jpg,data/raw/ena24\9090.jpg,ena24,positivo,True,ena24_pos_noche,1,ena24_9090.jpg,train
ena24_9091.jpg,data/raw/ena24\9091.jpg,ena24,positivo,True,ena24_pos_noche,1,ena24_9091.jpg,test
ena24_9092.jpg,data/raw/ena24\9092.jpg,ena24,positivo,True,ena24_pos_noche,1,ena24_9090.jpg,train
ena24_9093.jpg,data/raw/ena24\9093.jpg,ena24,positivo,True,ena24_pos_noche,1,ena24_9093.jpg,test
ena24_9094.jpg,data/raw/ena24\9094.jpg,ena24,positivo,True,ena24_pos_noche,1,ena24_9094.jpg,test
ena24_9095.jpg,data/raw/ena24\9095.jpg,ena24,positivo,True,ena24_pos_noche,1,ena24_9093.jpg,test
ena24_9096.jpg,data/raw/ena24\9096.jpg,ena24,positivo,False,ena24_pos_dia,1,ena24_9096.jpg,train
ena24_9097.jpg,data/raw/ena24\9097.jpg,ena24,positivo,False,ena24_pos_dia,1,ena24_9097.jpg,train
ena24_9098.jpg,data/raw/ena24\9098.jpg,ena24,positivo,False,ena24_pos_dia,1,ena24_9096.jpg,train
ena24_9099.jpg,data/raw/ena24\9099.jpg,ena24,positivo,False,ena24_pos_dia,1,ena24_9097.jpg,train
ena24_9100.jpg,data/raw/ena24\9100.jpg,ena24,positivo,False,ena24_pos_dia,1,ena24_9100.jpg,train
ena24_9101.jpg,data/raw/ena24\9101.jpg,ena24,positivo,False,ena24_pos_dia,1,ena24_9101.jpg,test
ena24_9102.jpg,data/raw/ena24\9102.jpg,ena24,positivo,False,ena24_pos_dia,1,ena24_9102.jpg,val
ena24_9103.jpg,data/raw/ena24\9103.jpg,ena24,positivo,True,ena24_pos_noche,1,ena24_9103.jpg,test
ena24_9104.jpg,data/raw/ena24\9104.jpg,ena24,positivo,True,ena24_pos_noche,1,ena24_9103.jpg,test
ena24_9105.jpg,data/raw/ena24\9105.jpg,ena24,positivo,False,ena24_pos_dia,1,ena24_9105.jpg,test
ena24_9106.jpg,data/raw/ena24\9106.jpg,ena24,positivo,False,ena24_pos_dia,1,ena24_9105.jpg,test
ena24_9107.jpg,data/raw/ena24\9107.jpg,ena24,positivo,True,ena24_pos_noche,1,ena24_9107.jpg,val
ena24_9108.jpg,data/raw/ena24\9108.jpg,ena24,positivo,True,ena24_pos_noche,1,ena24_9107.jpg,val
ena24_9109.jpg,data/raw/ena24\9109.jpg,ena24,positivo,True,ena24_pos_noche,1,ena24_9107.jpg,val
ena24_9110.jpg,data/raw/ena24\9110.jpg,ena24,positivo,True,ena24_pos_noche,1,ena24_9107.jpg,val
ena24_9111.jpg,data/raw/ena24\9111.jpg,ena24,positivo,True,ena24_pos_noche,1,ena24_9107.jpg,val
ena24_9112.jpg,data/raw/ena24\9112.jpg,ena24,positivo,True,ena24_pos_noche,1,ena24_9107.jpg,val
ena24_9113.jpg,data/raw/ena24\9113.jpg,ena24,positivo,True,ena24_pos_noche,1,ena24_9113.jpg,test
ena24_9114.jpg,data/raw/ena24\9114.jpg,ena24,positivo,True,ena24_pos_noche,1,ena24_9114.jpg,train
ena24_9115.jpg,data/raw/ena24\9115.jpg,ena24,positivo,True,ena24_pos_noche,1,ena24_9107.jpg,val
ena24_9116.jpg,data/raw/ena24\9116.jpg,ena24,positivo,True,ena24_pos_noche,1,ena24_9116.jpg,test
ena24_9117.jpg,data/raw/ena24\9117.jpg,ena24,positivo,True,ena24_pos_noche,1,ena24_9117.jpg,val
ena24_9118.jpg,data/raw/ena24\9118.jpg,ena24,positivo,True,ena24_pos_noche,1,ena24_9118.jpg,val
ena24_9119.jpg,data/raw/ena24\9119.jpg,ena24,positivo,True,ena24_pos_noche,1,ena24_9119.jpg,test
ena24_9120.jpg,data/raw/ena24\9120.jpg,ena24,positivo,False,ena24_pos_dia,1,ena24_9120.jpg,test
ena24_9121.jpg,data/raw/ena24\9121.jpg,ena24,positivo,True,ena24_pos_noche,1,ena24_9121.jpg,val
ena24_9122.jpg,data/raw/ena24\9122.jpg,ena24,positivo,False,ena24_pos_dia,1,ena24_9122.jpg,train
ena24_9123.jpg,data/raw/ena24\9123.jpg,ena24,positivo,False,ena24_pos_dia,1,ena24_9123.jpg,train
ena24_9124.jpg,data/raw/ena24\9124.jpg,ena24,positivo,False,ena24_pos_dia,1,ena24_9123.jpg,train
ena24_9125.jpg,data/raw/ena24\9125.jpg,ena24,positivo,False,ena24_pos_dia,1,ena24_9122.jpg,train
ena24_9126.jpg,data/raw/ena24\9126.jpg,ena24,positivo,False,ena24_pos_dia,1,ena24_9123.jpg,train
ena24_9127.jpg,data/raw/ena24\9127.jpg,ena24,positivo,True,ena24_pos_noche,1,ena24_9127.jpg,test
ena24_9128.jpg,data/raw/ena24\9128.jpg,ena24,positivo,False,ena24_pos_dia,1,ena24_9123.jpg,train
ena24_9129.jpg,data/raw/ena24\9129.jpg,ena24,positivo,False,ena24_pos_dia,1,ena24_9123.jpg,train
ena24_9130.jpg,data/raw/ena24\9130.jpg,ena24,positivo,True,ena24_pos_noche,1,ena24_9130.jpg,val
ena24_9131.jpg,data/raw/ena24\9131.jpg,ena24,positivo,True,ena24_pos_noche,1,ena24_9127.jpg,test
ena24_9132.jpg,data/raw/ena24\9132.jpg,ena24,positivo,True,ena24_pos_noche,1,ena24_9132.jpg,val
ena24_9133.jpg,data/raw/ena24\9133.jpg,ena24,positivo,True,ena24_pos_noche,1,ena24_9133.jpg,train
ena24_9134.jpg,data/raw/ena24\9134.jpg,ena24,positivo,True,ena24_pos_noche,1,ena24_9134.jpg,test
ena24_9135.jpg,data/raw/ena24\9135.jpg,ena24,positivo,True,ena24_pos_noche,1,ena24_9127.jpg,test
ena24_9136.jpg,data/raw/ena24\9136.jpg,ena24,positivo,True,ena24_pos_noche,1,ena24_9136.jpg,train
ena24_9137.jpg,data/raw/ena24\9137.jpg,ena24,positivo,True,ena24_pos_noche,1,ena24_9136.jpg,train
ena24_9138.jpg,data/raw/ena24\9138.jpg,ena24,positivo,True,ena24_pos_noche,1,ena24_9136.jpg,train
ena24_9139.jpg,data/raw/ena24\9139.jpg,ena24,positivo,True,ena24_pos_noche,1,ena24_9136.jpg,train
ena24_9140.jpg,data/raw/ena24\9140.jpg,ena24,positivo,True,ena24_pos_noche,1,ena24_9136.jpg,train
ena24_9141.jpg,data/raw/ena24\9141.jpg,ena24,positivo,True,ena24_pos_noche,1,ena24_9136.jpg,train
ena24_9142.jpg,data/raw/ena24\9142.jpg,ena24,positivo,True,ena24_pos_noche,1,ena24_9136.jpg,train
ena24_9143.jpg,data/raw/ena24\9143.jpg,ena24,positivo,False,ena24_pos_dia,1,ena24_9143.jpg,train
ena24_9144.jpg,data/raw/ena24\9144.jpg,ena24,positivo,False,ena24_pos_dia,1,ena24_9143.jpg,train
ena24_9145.jpg,data/raw/ena24\9145.jpg,ena24,positivo,True,ena24_pos_noche,1,ena24_9145.jpg,test
ena24_9146.jpg,data/raw/ena24\9146.jpg,ena24,positivo,True,ena24_pos_noche,1,ena24_9143.jpg,train
ena24_9147.jpg,data/raw/ena24\9147.jpg,ena24,positivo,True,ena24_pos_noche,1,ena24_9147.jpg,train
ena24_9148.jpg,data/raw/ena24\9148.jpg,ena24,positivo,True,ena24_pos_noche,1,ena24_9148.jpg,val
ena24_9149.jpg,data/raw/ena24\9149.jpg,ena24,positivo,True,ena24_pos_noche,1,ena24_9149.jpg,test
ena24_9150.jpg,data/raw/ena24\9150.jpg,ena24,positivo,True,ena24_pos_noche,1,ena24_9149.jpg,test
ena24_9151.jpg,data/raw/ena24\9151.jpg,ena24,positivo,True,ena24_pos_noche,1,ena24_9151.jpg,test
ena24_9152.jpg,data/raw/ena24\9152.jpg,ena24,positivo,True,ena24_pos_noche,1,ena24_9152.jpg,val
ena24_9153.jpg,data/raw/ena24\9153.jpg,ena24,positivo,True,ena24_pos_noche,1,ena24_9153.jpg,test
ena24_9154.jpg,data/raw/ena24\9154.jpg,ena24,positivo,False,ena24_pos_dia,1,ena24_9154.jpg,val
ena24_9155.jpg,data/raw/ena24\9155.jpg,ena24,positivo,True,ena24_pos_noche,1,ena24_9155.jpg,val
ena24_9156.jpg,data/raw/ena24\9156.jpg,ena24,positivo,False,ena24_pos_dia,1,ena24_9156.jpg,train
ena24_9157.jpg,data/raw/ena24\9157.jpg,ena24,positivo,False,ena24_pos_dia,1,ena24_9157.jpg,train
ena24_9158.jpg,data/raw/ena24\9158.jpg,ena24,positivo,True,ena24_pos_noche,1,ena24_9380.jpg,train
ena24_9159.jpg,data/raw/ena24\9159.jpg,ena24,positivo,False,ena24_pos_dia,1,ena24_9159.jpg,test
ena24_9160.jpg,data/raw/ena24\9160.jpg,ena24,positivo,True,ena24_pos_noche,1,ena24_9160.jpg,test
ena24_9161.jpg,data/raw/ena24\9161.jpg,ena24,positivo,True,ena24_pos_noche,1,ena24_9380.jpg,train
ena24_9162.jpg,data/raw/ena24\9162.jpg,ena24,positivo,True,ena24_pos_noche,1,ena24_9162.jpg,test
ena24_9163.jpg,data/raw/ena24\9163.jpg,ena24,positivo,True,ena24_pos_noche,1,ena24_9163.jpg,train
ena24_9164.jpg,data/raw/ena24\9164.jpg,ena24,positivo,True,ena24_pos_noche,1,ena24_9163.jpg,train
ena24_9165.jpg,data/raw/ena24\9165.jpg,ena24,positivo,True,ena24_pos_noche,1,ena24_9163.jpg,train
ena24_9166.jpg,data/raw/ena24\9166.jpg,ena24,positivo,True,ena24_pos_noche,1,ena24_9163.jpg,train
ena24_9167.jpg,data/raw/ena24\9167.jpg,ena24,positivo,True,ena24_pos_noche,1,ena24_9163.jpg,train
ena24_9168.jpg,data/raw/ena24\9168.jpg,ena24,positivo,True,ena24_pos_noche,1,ena24_9163.jpg,train
ena24_9169.jpg,data/raw/ena24\9169.jpg,ena24,positivo,True,ena24_pos_noche,1,ena24_9163.jpg,train
ena24_9170.jpg,data/raw/ena24\9170.jpg,ena24,positivo,True,ena24_pos_noche,1,ena24_9163.jpg,train
ena24_9171.jpg,data/raw/ena24\9171.jpg,ena24,positivo,True,ena24_pos_noche,1,ena24_9171.jpg,test
ena24_9172.jpg,data/raw/ena24\9172.jpg,ena24,positivo,True,ena24_pos_noche,1,ena24_9163.jpg,train
ena24_9173.jpg,data/raw/ena24\9173.jpg,ena24,positivo,True,ena24_pos_noche,1,ena24_9163.jpg,train
ena24_9174.jpg,data/raw/ena24\9174.jpg,ena24,positivo,True,ena24_pos_noche,1,ena24_9380.jpg,train
ena24_9175.jpg,data/raw/ena24\9175.jpg,ena24,positivo,True,ena24_pos_noche,1,ena24_9380.jpg,train
ena24_9176.jpg,data/raw/ena24\9176.jpg,ena24,positivo,True,ena24_pos_noche,1,ena24_9380.jpg,train
ena24_9177.jpg,data/raw/ena24\9177.jpg,ena24,positivo,True,ena24_pos_noche,1,ena24_9380.jpg,train
ena24_9178.jpg,data/raw/ena24\9178.jpg,ena24,positivo,True,ena24_pos_noche,1,ena24_9380.jpg,train
ena24_9179.jpg,data/raw/ena24\9179.jpg,ena24,positivo,True,ena24_pos_noche,1,ena24_9380.jpg,train
ena24_9180.jpg,data/raw/ena24\9180.jpg,ena24,positivo,True,ena24_pos_noche,1,ena24_9380.jpg,train
ena24_9181.jpg,data/raw/ena24\9181.jpg,ena24,positivo,True,ena24_pos_noche,1,ena24_9181.jpg,val
ena24_9182.jpg,data/raw/ena24\9182.jpg,ena24,positivo,True,ena24_pos_noche,1,ena24_9380.jpg,train
ena24_9183.jpg,data/raw/ena24\9183.jpg,ena24,positivo,False,ena24_pos_dia,1,ena24_9190.jpg,train
ena24_9184.jpg,data/raw/ena24\9184.jpg,ena24,positivo,True,ena24_pos_noche,1,ena24_9380.jpg,train
ena24_9185.jpg,data/raw/ena24\9185.jpg,ena24,positivo,True,ena24_pos_noche,1,ena24_9380.jpg,train
ena24_9186.jpg,data/raw/ena24\9186.jpg,ena24,positivo,False,ena24_pos_dia,1,ena24_9143.jpg,train
ena24_9187.jpg,data/raw/ena24\9187.jpg,ena24,positivo,False,ena24_pos_dia,1,ena24_9143.jpg,train
ena24_9188.jpg,data/raw/ena24\9188.jpg,ena24,positivo,False,ena24_pos_dia,1,ena24_9143.jpg,train
ena24_9189.jpg,data/raw/ena24\9189.jpg,ena24,positivo,False,ena24_pos_dia,1,ena24_9143.jpg,train
ena24_9190.jpg,data/raw/ena24\9190.jpg,ena24,positivo,False,ena24_pos_dia,1,ena24_9190.jpg,train
ena24_9191.jpg,data/raw/ena24\9191.jpg,ena24,positivo,False,ena24_pos_dia,1,ena24_9190.jpg,train
ena24_9192.jpg,data/raw/ena24\9192.jpg,ena24,positivo,False,ena24_pos_dia,1,ena24_9190.jpg,train
ena24_9193.jpg,data/raw/ena24\9193.jpg,ena24,positivo,False,ena24_pos_dia,1,ena24_9193.jpg,train
ena24_9194.jpg,data/raw/ena24\9194.jpg,ena24,positivo,False,ena24_pos_dia,1,ena24_9193.jpg,train
ena24_9195.jpg,data/raw/ena24\9195.jpg,ena24,positivo,False,ena24_pos_dia,1,ena24_9195.jpg,test
ena24_9196.jpg,data/raw/ena24\9196.jpg,ena24,positivo,False,ena24_pos_dia,1,ena24_9196.jpg,test
ena24_9197.jpg,data/raw/ena24\9197.jpg,ena24,positivo,False,ena24_pos_dia,1,ena24_9197.jpg,val
ena24_9198.jpg,data/raw/ena24\9198.jpg,ena24,positivo,True,ena24_pos_noche,1,ena24_9198.jpg,test
ena24_9199.jpg,data/raw/ena24\9199.jpg,ena24,positivo,False,ena24_pos_dia,1,ena24_9199.jpg,test
ena24_9200.jpg,data/raw/ena24\9200.jpg,ena24,positivo,True,ena24_pos_noche,1,ena24_9200.jpg,train
ena24_9201.jpg,data/raw/ena24\9201.jpg,ena24,positivo,True,ena24_pos_noche,1,ena24_9201.jpg,train
ena24_9202.jpg,data/raw/ena24\9202.jpg,ena24,positivo,True,ena24_pos_noche,1,ena24_9202.jpg,test
ena24_9203.jpg,data/raw/ena24\9203.jpg,ena24,positivo,True,ena24_pos_noche,1,ena24_9203.jpg,test
ena24_9204.jpg,data/raw/ena24\9204.jpg,ena24,positivo,True,ena24_pos_noche,1,ena24_9204.jpg,val
ena24_9205.jpg,data/raw/ena24\9205.jpg,ena24,positivo,True,ena24_pos_noche,1,ena24_9205.jpg,test
ena24_9206.jpg,data/raw/ena24\9206.jpg,ena24,positivo,True,ena24_pos_noche,1,ena24_9206.jpg,train
ena24_9207.jpg,data/raw/ena24\9207.jpg,ena24,positivo,True,ena24_pos_noche,1,ena24_9207.jpg,train
ena24_9208.jpg,data/raw/ena24\9208.jpg,ena24,positivo,True,ena24_pos_noche,1,ena24_9208.jpg,train
ena24_9209.jpg,data/raw/ena24\9209.jpg,ena24,positivo,True,ena24_pos_noche,1,ena24_9209.jpg,test
ena24_9210.jpg,data/raw/ena24\9210.jpg,ena24,positivo,True,ena24_pos_noche,1,ena24_9210.jpg,train
ena24_9211.jpg,data/raw/ena24\9211.jpg,ena24,positivo,False,ena24_pos_dia,1,ena24_9211.jpg,train
ena24_9212.jpg,data/raw/ena24\9212.jpg,ena24,positivo,True,ena24_pos_noche,1,ena24_9212.jpg,val
ena24_9213.jpg,data/raw/ena24\9213.jpg,ena24,positivo,False,ena24_pos_dia,1,ena24_9214.jpg,val
ena24_9214.jpg,data/raw/ena24\9214.jpg,ena24,positivo,False,ena24_pos_dia,1,ena24_9214.jpg,val
ena24_9215.jpg,data/raw/ena24\9215.jpg,ena24,positivo,False,ena24_pos_dia,1,ena24_9214.jpg,val
ena24_9216.jpg,data/raw/ena24\9216.jpg,ena24,positivo,True,ena24_pos_noche,1,ena24_9216.jpg,test
ena24_9217.jpg,data/raw/ena24\9217.jpg,ena24,positivo,True,ena24_pos_noche,1,ena24_9217.jpg,train
ena24_9218.jpg,data/raw/ena24\9218.jpg,ena24,positivo,True,ena24_pos_noche,1,ena24_9218.jpg,train
ena24_9219.jpg,data/raw/ena24\9219.jpg,ena24,positivo,True,ena24_pos_noche,1,ena24_9218.jpg,train
ena24_9220.jpg,data/raw/ena24\9220.jpg,ena24,positivo,True,ena24_pos_noche,1,ena24_9220.jpg,train
ena24_9221.jpg,data/raw/ena24\9221.jpg,ena24,positivo,True,ena24_pos_noche,1,ena24_9221.jpg,train
ena24_9222.jpg,data/raw/ena24\9222.jpg,ena24,positivo,True,ena24_pos_noche,1,ena24_9222.jpg,test
ena24_9223.jpg,data/raw/ena24\9223.jpg,ena24,positivo,True,ena24_pos_noche,1,ena24_9218.jpg,train
ena24_9224.jpg,data/raw/ena24\9224.jpg,ena24,positivo,True,ena24_pos_noche,1,ena24_9218.jpg,train
ena24_9225.jpg,data/raw/ena24\9225.jpg,ena24,positivo,True,ena24_pos_noche,1,ena24_9218.jpg,train
ena24_9226.jpg,data/raw/ena24\9226.jpg,ena24,positivo,True,ena24_pos_noche,1,ena24_9218.jpg,train
ena24_9227.jpg,data/raw/ena24\9227.jpg,ena24,positivo,False,ena24_pos_dia,1,ena24_9227.jpg,train
ena24_9228.jpg,data/raw/ena24\9228.jpg,ena24,positivo,True,ena24_pos_noche,1,ena24_9228.jpg,train
ena24_9229.jpg,data/raw/ena24\9229.jpg,ena24,positivo,False,ena24_pos_dia,1,ena24_9229.jpg,test
ena24_9230.jpg,data/raw/ena24\9230.jpg,ena24,positivo,False,ena24_pos_dia,1,ena24_9230.jpg,val
ena24_9231.jpg,data/raw/ena24\9231.jpg,ena24,positivo,False,ena24_pos_dia,1,ena24_9231.jpg,test
ena24_9232.jpg,data/raw/ena24\9232.jpg,ena24,positivo,False,ena24_pos_dia,1,ena24_9232.jpg,train
ena24_9233.jpg,data/raw/ena24\9233.jpg,ena24,positivo,False,ena24_pos_dia,1,ena24_9233.jpg,test
ena24_9234.jpg,data/raw/ena24\9234.jpg,ena24,positivo,False,ena24_pos_dia,1,ena24_9216.jpg,test
ena24_9235.jpg,data/raw/ena24\9235.jpg,ena24,positivo,False,ena24_pos_dia,1,ena24_9235.jpg,val
ena24_9236.jpg,data/raw/ena24\9236.jpg,ena24,positivo,True,ena24_pos_noche,1,ena24_9422.jpg,train
ena24_9237.jpg,data/raw/ena24\9237.jpg,ena24,positivo,True,ena24_pos_noche,1,ena24_9422.jpg,train
ena24_9238.jpg,data/raw/ena24\9238.jpg,ena24,positivo,True,ena24_pos_noche,1,ena24_9422.jpg,train
ena24_9239.jpg,data/raw/ena24\9239.jpg,ena24,positivo,True,ena24_pos_noche,1,ena24_9422.jpg,train
ena24_9240.jpg,data/raw/ena24\9240.jpg,ena24,positivo,True,ena24_pos_noche,1,ena24_9422.jpg,train
ena24_9241.jpg,data/raw/ena24\9241.jpg,ena24,positivo,True,ena24_pos_noche,1,ena24_9422.jpg,train
ena24_9242.jpg,data/raw/ena24\9242.jpg,ena24,positivo,False,ena24_pos_dia,1,ena24_9242.jpg,test
ena24_9243.jpg,data/raw/ena24\9243.jpg,ena24,positivo,True,ena24_pos_noche,1,ena24_9243.jpg,val
ena24_9244.jpg,data/raw/ena24\9244.jpg,ena24,positivo,True,ena24_pos_noche,1,ena24_9244.jpg,test
ena24_9245.jpg,data/raw/ena24\9245.jpg,ena24,positivo,True,ena24_pos_noche,1,ena24_9245.jpg,train
ena24_9246.jpg,data/raw/ena24\9246.jpg,ena24,positivo,True,ena24_pos_noche,1,ena24_9246.jpg,train
ena24_9247.jpg,data/raw/ena24\9247.jpg,ena24,positivo,False,ena24_pos_dia,1,ena24_9422.jpg,train
ena24_9248.jpg,data/raw/ena24\9248.jpg,ena24,positivo,False,ena24_pos_dia,1,ena24_9422.jpg,train
ena24_9249.jpg,data/raw/ena24\9249.jpg,ena24,positivo,False,ena24_pos_dia,1,ena24_9422.jpg,train
ena24_9250.jpg,data/raw/ena24\9250.jpg,ena24,positivo,False,ena24_pos_dia,1,ena24_9422.jpg,train
ena24_9251.jpg,data/raw/ena24\9251.jpg,ena24,positivo,False,ena24_pos_dia,1,ena24_9251.jpg,train
ena24_9252.jpg,data/raw/ena24\9252.jpg,ena24,positivo,False,ena24_pos_dia,1,ena24_9422.jpg,train
ena24_9253.jpg,data/raw/ena24\9253.jpg,ena24,positivo,False,ena24_pos_dia,1,ena24_9422.jpg,train
ena24_9254.jpg,data/raw/ena24\9254.jpg,ena24,positivo,False,ena24_pos_dia,1,ena24_9422.jpg,train
ena24_9255.jpg,data/raw/ena24\9255.jpg,ena24,positivo,False,ena24_pos_dia,1,ena24_9422.jpg,train
ena24_9256.jpg,data/raw/ena24\9256.jpg,ena24,positivo,True,ena24_pos_noche,1,ena24_9422.jpg,train
ena24_9257.jpg,data/raw/ena24\9257.jpg,ena24,positivo,False,ena24_pos_dia,1,ena24_9422.jpg,train
ena24_9258.jpg,data/raw/ena24\9258.jpg,ena24,positivo,False,ena24_pos_dia,1,ena24_9422.jpg,train
ena24_9259.jpg,data/raw/ena24\9259.jpg,ena24,positivo,True,ena24_pos_noche,2,ena24_9422.jpg,train
ena24_9260.jpg,data/raw/ena24\9260.jpg,ena24,positivo,True,ena24_pos_noche,1,ena24_9422.jpg,train
ena24_9261.jpg,data/raw/ena24\9261.jpg,ena24,positivo,True,ena24_pos_noche,2,ena24_9422.jpg,train
ena24_9262.jpg,data/raw/ena24\9262.jpg,ena24,positivo,True,ena24_pos_noche,2,ena24_9422.jpg,train
ena24_9263.jpg,data/raw/ena24\9263.jpg,ena24,positivo,True,ena24_pos_noche,2,ena24_9422.jpg,train
ena24_9264.jpg,data/raw/ena24\9264.jpg,ena24,positivo,True,ena24_pos_noche,2,ena24_9422.jpg,train
ena24_9265.jpg,data/raw/ena24\9265.jpg,ena24,positivo,True,ena24_pos_noche,2,ena24_9422.jpg,train
ena24_9266.jpg,data/raw/ena24\9266.jpg,ena24,positivo,True,ena24_pos_noche,3,ena24_9422.jpg,train
ena24_9267.jpg,data/raw/ena24\9267.jpg,ena24,positivo,True,ena24_pos_noche,1,ena24_9422.jpg,train
ena24_9268.jpg,data/raw/ena24\9268.jpg,ena24,positivo,True,ena24_pos_noche,1,ena24_9422.jpg,train
ena24_9269.jpg,data/raw/ena24\9269.jpg,ena24,positivo,True,ena24_pos_noche,1,ena24_9422.jpg,train
ena24_9270.jpg,data/raw/ena24\9270.jpg,ena24,positivo,True,ena24_pos_noche,2,ena24_9422.jpg,train
ena24_9271.jpg,data/raw/ena24\9271.jpg,ena24,positivo,True,ena24_pos_noche,2,ena24_9422.jpg,train
ena24_9272.jpg,data/raw/ena24\9272.jpg,ena24,positivo,True,ena24_pos_noche,2,ena24_9422.jpg,train
ena24_9273.jpg,data/raw/ena24\9273.jpg,ena24,positivo,True,ena24_pos_noche,3,ena24_9422.jpg,train
ena24_9274.jpg,data/raw/ena24\9274.jpg,ena24,positivo,True,ena24_pos_noche,3,ena24_9422.jpg,train
ena24_9275.jpg,data/raw/ena24\9275.jpg,ena24,positivo,True,ena24_pos_noche,3,ena24_9422.jpg,train
ena24_9276.jpg,data/raw/ena24\9276.jpg,ena24,positivo,True,ena24_pos_noche,1,ena24_9422.jpg,train
ena24_9277.jpg,data/raw/ena24\9277.jpg,ena24,positivo,True,ena24_pos_noche,2,ena24_9422.jpg,train
ena24_9278.jpg,data/raw/ena24\9278.jpg,ena24,positivo,True,ena24_pos_noche,3,ena24_9422.jpg,train
ena24_9279.jpg,data/raw/ena24\9279.jpg,ena24,positivo,True,ena24_pos_noche,3,ena24_9422.jpg,train
ena24_9280.jpg,data/raw/ena24\9280.jpg,ena24,positivo,True,ena24_pos_noche,1,ena24_9422.jpg,train
ena24_9281.jpg,data/raw/ena24\9281.jpg,ena24,positivo,True,ena24_pos_noche,1,ena24_9422.jpg,train
ena24_9282.jpg,data/raw/ena24\9282.jpg,ena24,positivo,True,ena24_pos_noche,2,ena24_9282.jpg,val
ena24_9283.jpg,data/raw/ena24\9283.jpg,ena24,positivo,True,ena24_pos_noche,2,ena24_9283.jpg,val
ena24_9284.jpg,data/raw/ena24\9284.jpg,ena24,positivo,True,ena24_pos_noche,2,ena24_9422.jpg,train
ena24_9285.jpg,data/raw/ena24\9285.jpg,ena24,positivo,True,ena24_pos_noche,2,ena24_9422.jpg,train
ena24_9286.jpg,data/raw/ena24\9286.jpg,ena24,positivo,True,ena24_pos_noche,2,ena24_9422.jpg,train
ena24_9287.jpg,data/raw/ena24\9287.jpg,ena24,positivo,True,ena24_pos_noche,2,ena24_9422.jpg,train
ena24_9288.jpg,data/raw/ena24\9288.jpg,ena24,positivo,True,ena24_pos_noche,2,ena24_9422.jpg,train
ena24_9289.jpg,data/raw/ena24\9289.jpg,ena24,positivo,True,ena24_pos_noche,2,ena24_9422.jpg,train
ena24_9290.jpg,data/raw/ena24\9290.jpg,ena24,positivo,True,ena24_pos_noche,2,ena24_9422.jpg,train
ena24_9291.jpg,data/raw/ena24\9291.jpg,ena24,positivo,True,ena24_pos_noche,1,ena24_9422.jpg,train
ena24_9292.jpg,data/raw/ena24\9292.jpg,ena24,positivo,True,ena24_pos_noche,2,ena24_9422.jpg,train
ena24_9293.jpg,data/raw/ena24\9293.jpg,ena24,positivo,True,ena24_pos_noche,1,ena24_9422.jpg,train
ena24_9294.jpg,data/raw/ena24\9294.jpg,ena24,positivo,True,ena24_pos_noche,1,ena24_9422.jpg,train
ena24_9295.jpg,data/raw/ena24\9295.jpg,ena24,positivo,True,ena24_pos_noche,1,ena24_9422.jpg,train
ena24_9296.jpg,data/raw/ena24\9296.jpg,ena24,positivo,True,ena24_pos_noche,1,ena24_9296.jpg,test
ena24_9297.jpg,data/raw/ena24\9297.jpg,ena24,positivo,True,ena24_pos_noche,1,ena24_9422.jpg,train
ena24_9298.jpg,data/raw/ena24\9298.jpg,ena24,positivo,True,ena24_pos_noche,1,ena24_9422.jpg,train
ena24_9299.jpg,data/raw/ena24\9299.jpg,ena24,positivo,True,ena24_pos_noche,1,ena24_9422.jpg,train
ena24_9300.jpg,data/raw/ena24\9300.jpg,ena24,positivo,True,ena24_pos_noche,1,ena24_9422.jpg,train
ena24_9301.jpg,data/raw/ena24\9301.jpg,ena24,positivo,True,ena24_pos_noche,1,ena24_9301.jpg,test
ena24_9302.jpg,data/raw/ena24\9302.jpg,ena24,positivo,True,ena24_pos_noche,1,ena24_9301.jpg,test
ena24_9303.jpg,data/raw/ena24\9303.jpg,ena24,positivo,True,ena24_pos_noche,1,ena24_9301.jpg,test
ena24_9304.jpg,data/raw/ena24\9304.jpg,ena24,positivo,True,ena24_pos_noche,1,ena24_9304.jpg,val
ena24_9305.jpg,data/raw/ena24\9305.jpg,ena24,positivo,True,ena24_pos_noche,1,ena24_9305.jpg,test
ena24_9306.jpg,data/raw/ena24\9306.jpg,ena24,positivo,True,ena24_pos_noche,1,ena24_9306.jpg,train
ena24_9307.jpg,data/raw/ena24\9307.jpg,ena24,positivo,True,ena24_pos_noche,1,ena24_9307.jpg,val
ena24_9308.jpg,data/raw/ena24\9308.jpg,ena24,positivo,True,ena24_pos_noche,1,ena24_9308.jpg,test
ena24_9309.jpg,data/raw/ena24\9309.jpg,ena24,positivo,True,ena24_pos_noche,1,ena24_9422.jpg,train
ena24_9310.jpg,data/raw/ena24\9310.jpg,ena24,positivo,True,ena24_pos_noche,1,ena24_9422.jpg,train
ena24_9311.jpg,data/raw/ena24\9311.jpg,ena24,positivo,True,ena24_pos_noche,1,ena24_9422.jpg,train
ena24_9312.jpg,data/raw/ena24\9312.jpg,ena24,positivo,True,ena24_pos_noche,1,ena24_9422.jpg,train
ena24_9313.jpg,data/raw/ena24\9313.jpg,ena24,positivo,True,ena24_pos_noche,1,ena24_9422.jpg,train
ena24_9314.jpg,data/raw/ena24\9314.jpg,ena24,positivo,True,ena24_pos_noche,1,ena24_9422.jpg,train
ena24_9315.jpg,data/raw/ena24\9315.jpg,ena24,positivo,True,ena24_pos_noche,1,ena24_9422.jpg,train
ena24_9316.jpg,data/raw/ena24\9316.jpg,ena24,positivo,True,ena24_pos_noche,1,ena24_9422.jpg,train
ena24_9317.jpg,data/raw/ena24\9317.jpg,ena24,positivo,True,ena24_pos_noche,1,ena24_9422.jpg,train
ena24_9318.jpg,data/raw/ena24\9318.jpg,ena24,positivo,True,ena24_pos_noche,1,ena24_9422.jpg,train
ena24_9319.jpg,data/raw/ena24\9319.jpg,ena24,positivo,True,ena24_pos_noche,1,ena24_9422.jpg,train
ena24_9320.jpg,data/raw/ena24\9320.jpg,ena24,positivo,True,ena24_pos_noche,1,ena24_9320.jpg,val
ena24_9321.jpg,data/raw/ena24\9321.jpg,ena24,positivo,True,ena24_pos_noche,1,ena24_9422.jpg,train
ena24_9322.jpg,data/raw/ena24\9322.jpg,ena24,positivo,True,ena24_pos_noche,1,ena24_9422.jpg,train
ena24_9323.jpg,data/raw/ena24\9323.jpg,ena24,positivo,True,ena24_pos_noche,1,ena24_9422.jpg,train
ena24_9324.jpg,data/raw/ena24\9324.jpg,ena24,positivo,True,ena24_pos_noche,1,ena24_9422.jpg,train
ena24_9325.jpg,data/raw/ena24\9325.jpg,ena24,positivo,True,ena24_pos_noche,1,ena24_9422.jpg,train
ena24_9326.jpg,data/raw/ena24\9326.jpg,ena24,positivo,True,ena24_pos_noche,1,ena24_9422.jpg,train
ena24_9327.jpg,data/raw/ena24\9327.jpg,ena24,positivo,True,ena24_pos_noche,1,ena24_9422.jpg,train
ena24_9328.jpg,data/raw/ena24\9328.jpg,ena24,positivo,True,ena24_pos_noche,1,ena24_9422.jpg,train
ena24_9329.jpg,data/raw/ena24\9329.jpg,ena24,positivo,True,ena24_pos_noche,1,ena24_9422.jpg,train
ena24_9330.jpg,data/raw/ena24\9330.jpg,ena24,positivo,True,ena24_pos_noche,1,ena24_9422.jpg,train
ena24_9331.jpg,data/raw/ena24\9331.jpg,ena24,positivo,True,ena24_pos_noche,1,ena24_9422.jpg,train
ena24_9332.jpg,data/raw/ena24\9332.jpg,ena24,positivo,True,ena24_pos_noche,1,ena24_9332.jpg,train
ena24_9333.jpg,data/raw/ena24\9333.jpg,ena24,positivo,True,ena24_pos_noche,1,ena24_9422.jpg,train
ena24_9334.jpg,data/raw/ena24\9334.jpg,ena24,positivo,True,ena24_pos_noche,1,ena24_9334.jpg,val
ena24_9335.jpg,data/raw/ena24\9335.jpg,ena24,positivo,True,ena24_pos_noche,1,ena24_9335.jpg,val
ena24_9336.jpg,data/raw/ena24\9336.jpg,ena24,positivo,True,ena24_pos_noche,1,ena24_9336.jpg,test
ena24_9337.jpg,data/raw/ena24\9337.jpg,ena24,positivo,True,ena24_pos_noche,1,ena24_9337.jpg,train
ena24_9338.jpg,data/raw/ena24\9338.jpg,ena24,positivo,True,ena24_pos_noche,1,ena24_9338.jpg,val
ena24_9339.jpg,data/raw/ena24\9339.jpg,ena24,positivo,True,ena24_pos_noche,1,ena24_9422.jpg,train
ena24_9340.jpg,data/raw/ena24\9340.jpg,ena24,positivo,True,ena24_pos_noche,1,ena24_9422.jpg,train
ena24_9341.jpg,data/raw/ena24\9341.jpg,ena24,positivo,True,ena24_pos_noche,1,ena24_9422.jpg,train
ena24_9342.jpg,data/raw/ena24\9342.jpg,ena24,positivo,True,ena24_pos_noche,1,ena24_9342.jpg,test
ena24_9343.jpg,data/raw/ena24\9343.jpg,ena24,positivo,True,ena24_pos_noche,1,ena24_9422.jpg,train
ena24_9344.jpg,data/raw/ena24\9344.jpg,ena24,positivo,True,ena24_pos_noche,1,ena24_9422.jpg,train
ena24_9345.jpg,data/raw/ena24\9345.jpg,ena24,positivo,True,ena24_pos_noche,1,ena24_9422.jpg,train
ena24_9346.jpg,data/raw/ena24\9346.jpg,ena24,positivo,True,ena24_pos_noche,1,ena24_9422.jpg,train
ena24_9347.jpg,data/raw/ena24\9347.jpg,ena24,positivo,True,ena24_pos_noche,1,ena24_9347.jpg,test
ena24_9348.jpg,data/raw/ena24\9348.jpg,ena24,positivo,True,ena24_pos_noche,1,ena24_9422.jpg,train
ena24_9349.jpg,data/raw/ena24\9349.jpg,ena24,positivo,True,ena24_pos_noche,1,ena24_9422.jpg,train
ena24_9350.jpg,data/raw/ena24\9350.jpg,ena24,positivo,True,ena24_pos_noche,1,ena24_9422.jpg,train
ena24_9351.jpg,data/raw/ena24\9351.jpg,ena24,positivo,True,ena24_pos_noche,1,ena24_9422.jpg,train
ena24_9352.jpg,data/raw/ena24\9352.jpg,ena24,positivo,True,ena24_pos_noche,1,ena24_9422.jpg,train
ena24_9353.jpg,data/raw/ena24\9353.jpg,ena24,positivo,True,ena24_pos_noche,1,ena24_9422.jpg,train
ena24_9354.jpg,data/raw/ena24\9354.jpg,ena24,positivo,True,ena24_pos_noche,1,ena24_9422.jpg,train
ena24_9355.jpg,data/raw/ena24\9355.jpg,ena24,positivo,True,ena24_pos_noche,1,ena24_9422.jpg,train
ena24_9356.jpg,data/raw/ena24\9356.jpg,ena24,positivo,True,ena24_pos_noche,1,ena24_9422.jpg,train
ena24_9357.jpg,data/raw/ena24\9357.jpg,ena24,positivo,True,ena24_pos_noche,1,ena24_9422.jpg,train
ena24_9358.jpg,data/raw/ena24\9358.jpg,ena24,positivo,True,ena24_pos_noche,1,ena24_9422.jpg,train
ena24_9359.jpg,data/raw/ena24\9359.jpg,ena24,positivo,True,ena24_pos_noche,1,ena24_9422.jpg,train
ena24_9360.jpg,data/raw/ena24\9360.jpg,ena24,positivo,True,ena24_pos_noche,1,ena24_9422.jpg,train
ena24_9361.jpg,data/raw/ena24\9361.jpg,ena24,positivo,True,ena24_pos_noche,1,ena24_9422.jpg,train
ena24_9362.jpg,data/raw/ena24\9362.jpg,ena24,positivo,True,ena24_pos_noche,1,ena24_9422.jpg,train
ena24_9363.jpg,data/raw/ena24\9363.jpg,ena24,positivo,True,ena24_pos_noche,1,ena24_9422.jpg,train
ena24_9364.jpg,data/raw/ena24\9364.jpg,ena24,positivo,True,ena24_pos_noche,1,ena24_9422.jpg,train
ena24_9365.jpg,data/raw/ena24\9365.jpg,ena24,positivo,True,ena24_pos_noche,1,ena24_9422.jpg,train
ena24_9366.jpg,data/raw/ena24\9366.jpg,ena24,positivo,True,ena24_pos_noche,1,ena24_9380.jpg,train
ena24_9367.jpg,data/raw/ena24\9367.jpg,ena24,positivo,True,ena24_pos_noche,1,ena24_9380.jpg,train
ena24_9368.jpg,data/raw/ena24\9368.jpg,ena24,positivo,True,ena24_pos_noche,1,ena24_9380.jpg,train
ena24_9369.jpg,data/raw/ena24\9369.jpg,ena24,positivo,True,ena24_pos_noche,1,ena24_9380.jpg,train
ena24_9370.jpg,data/raw/ena24\9370.jpg,ena24,positivo,True,ena24_pos_noche,1,ena24_9380.jpg,train
ena24_9371.jpg,data/raw/ena24\9371.jpg,ena24,positivo,True,ena24_pos_noche,1,ena24_9380.jpg,train
ena24_9372.jpg,data/raw/ena24\9372.jpg,ena24,positivo,True,ena24_pos_noche,1,ena24_9380.jpg,train
ena24_9373.jpg,data/raw/ena24\9373.jpg,ena24,positivo,True,ena24_pos_noche,1,ena24_9380.jpg,train
ena24_9374.jpg,data/raw/ena24\9374.jpg,ena24,positivo,True,ena24_pos_noche,1,ena24_9380.jpg,train
ena24_9375.jpg,data/raw/ena24\9375.jpg,ena24,positivo,False,ena24_pos_dia,2,ena24_9375.jpg,test
ena24_9376.jpg,data/raw/ena24\9376.jpg,ena24,positivo,True,ena24_pos_noche,1,ena24_9380.jpg,train
ena24_9377.jpg,data/raw/ena24\9377.jpg,ena24,positivo,True,ena24_pos_noche,1,ena24_9380.jpg,train
ena24_9378.jpg,data/raw/ena24\9378.jpg,ena24,positivo,True,ena24_pos_noche,1,ena24_9378.jpg,train
ena24_9379.jpg,data/raw/ena24\9379.jpg,ena24,positivo,False,ena24_pos_dia,2,ena24_9385.jpg,train
ena24_9380.jpg,data/raw/ena24\9380.jpg,ena24,positivo,False,ena24_pos_dia,1,ena24_9380.jpg,train
ena24_9381.jpg,data/raw/ena24\9381.jpg,ena24,positivo,False,ena24_pos_dia,1,ena24_9385.jpg,train
ena24_9382.jpg,data/raw/ena24\9382.jpg,ena24,positivo,True,ena24_pos_noche,1,ena24_9378.jpg,train
ena24_9383.jpg,data/raw/ena24\9383.jpg,ena24,positivo,False,ena24_pos_dia,1,ena24_9380.jpg,train
ena24_9384.jpg,data/raw/ena24\9384.jpg,ena24,positivo,False,ena24_pos_dia,2,ena24_9380.jpg,train
ena24_9385.jpg,data/raw/ena24\9385.jpg,ena24,positivo,False,ena24_pos_dia,1,ena24_9385.jpg,train
ena24_9386.jpg,data/raw/ena24\9386.jpg,ena24,positivo,False,ena24_pos_dia,2,ena24_9380.jpg,train
ena24_9387.jpg,data/raw/ena24\9387.jpg,ena24,positivo,False,ena24_pos_dia,2,ena24_9380.jpg,train
ena24_9388.jpg,data/raw/ena24\9388.jpg,ena24,positivo,False,ena24_pos_dia,1,ena24_9385.jpg,train
ena24_9389.jpg,data/raw/ena24\9389.jpg,ena24,positivo,False,ena24_pos_dia,1,ena24_9385.jpg,train
ena24_9390.jpg,data/raw/ena24\9390.jpg,ena24,positivo,False,ena24_pos_dia,1,ena24_9385.jpg,train
ena24_9391.jpg,data/raw/ena24\9391.jpg,ena24,positivo,False,ena24_pos_dia,2,ena24_9385.jpg,train
ena24_9392.jpg,data/raw/ena24\9392.jpg,ena24,positivo,False,ena24_pos_dia,2,ena24_9385.jpg,train
ena24_9393.jpg,data/raw/ena24\9393.jpg,ena24,positivo,True,ena24_pos_noche,1,ena24_9393.jpg,train
ena24_9394.jpg,data/raw/ena24\9394.jpg,ena24,positivo,False,ena24_pos_dia,2,ena24_9385.jpg,train
ena24_9395.jpg,data/raw/ena24\9395.jpg,ena24,positivo,False,ena24_pos_dia,2,ena24_9385.jpg,train
ena24_9396.jpg,data/raw/ena24\9396.jpg,ena24,positivo,False,ena24_pos_dia,1,ena24_9396.jpg,train
ena24_9397.jpg,data/raw/ena24\9397.jpg,ena24,positivo,True,ena24_pos_noche,1,ena24_9397.jpg,test
ena24_9398.jpg,data/raw/ena24\9398.jpg,ena24,positivo,False,ena24_pos_dia,1,ena24_9398.jpg,train
ena24_9399.jpg,data/raw/ena24\9399.jpg,ena24,positivo,False,ena24_pos_dia,1,ena24_9385.jpg,train
ena24_9400.jpg,data/raw/ena24\9400.jpg,ena24,positivo,False,ena24_pos_dia,1,ena24_9385.jpg,train
ena24_9401.jpg,data/raw/ena24\9401.jpg,ena24,positivo,True,ena24_pos_noche,1,ena24_9401.jpg,test
ena24_9402.jpg,data/raw/ena24\9402.jpg,ena24,positivo,True,ena24_pos_noche,1,ena24_9401.jpg,test
ena24_9403.jpg,data/raw/ena24\9403.jpg,ena24,positivo,True,ena24_pos_noche,1,ena24_9401.jpg,test
ena24_9404.jpg,data/raw/ena24\9404.jpg,ena24,positivo,True,ena24_pos_noche,1,ena24_9422.jpg,train
ena24_9405.jpg,data/raw/ena24\9405.jpg,ena24,positivo,True,ena24_pos_noche,1,ena24_9422.jpg,train
ena24_9406.jpg,data/raw/ena24\9406.jpg,ena24,positivo,True,ena24_pos_noche,1,ena24_9422.jpg,train
ena24_9407.jpg,data/raw/ena24\9407.jpg,ena24,positivo,True,ena24_pos_noche,1,ena24_9407.jpg,train
ena24_9408.jpg,data/raw/ena24\9408.jpg,ena24,positivo,True,ena24_pos_noche,1,ena24_9422.jpg,train
ena24_9409.jpg,data/raw/ena24\9409.jpg,ena24,positivo,True,ena24_pos_noche,1,ena24_9422.jpg,train
ena24_9410.jpg,data/raw/ena24\9410.jpg,ena24,positivo,True,ena24_pos_noche,1,ena24_9407.jpg,train
ena24_9411.jpg,data/raw/ena24\9411.jpg,ena24,positivo,True,ena24_pos_noche,1,ena24_9407.jpg,train
ena24_9412.jpg,data/raw/ena24\9412.jpg,ena24,positivo,False,ena24_pos_dia,1,ena24_9412.jpg,val
ena24_9413.jpg,data/raw/ena24\9413.jpg,ena24,positivo,True,ena24_pos_noche,1,ena24_9413.jpg,test
ena24_9414.jpg,data/raw/ena24\9414.jpg,ena24,positivo,True,ena24_pos_noche,1,ena24_9413.jpg,test
ena24_9415.jpg,data/raw/ena24\9415.jpg,ena24,positivo,False,ena24_pos_dia,1,ena24_9415.jpg,train
ena24_9416.jpg,data/raw/ena24\9416.jpg,ena24,positivo,False,ena24_pos_dia,1,ena24_9416.jpg,train
ena24_9417.jpg,data/raw/ena24\9417.jpg,ena24,positivo,False,ena24_pos_dia,1,ena24_9416.jpg,train
ena24_9418.jpg,data/raw/ena24\9418.jpg,ena24,positivo,False,ena24_pos_dia,1,ena24_9412.jpg,val
ena24_9419.jpg,data/raw/ena24\9419.jpg,ena24,positivo,False,ena24_pos_dia,1,ena24_9419.jpg,test
ena24_9420.jpg,data/raw/ena24\9420.jpg,ena24,positivo,False,ena24_pos_dia,1,ena24_9419.jpg,test
ena24_9421.jpg,data/raw/ena24\9421.jpg,ena24,positivo,False,ena24_pos_dia,1,ena24_9422.jpg,train
ena24_9422.jpg,data/raw/ena24\9422.jpg,ena24,positivo,False,ena24_pos_dia,1,ena24_9422.jpg,train
ena24_9423.jpg,data/raw/ena24\9423.jpg,ena24,positivo,False,ena24_pos_dia,1,ena24_9422.jpg,train
ena24_9424.jpg,data/raw/ena24\9424.jpg,ena24,positivo,False,ena24_pos_dia,1,ena24_9422.jpg,train
ena24_9425.jpg,data/raw/ena24\9425.jpg,ena24,positivo,False,ena24_pos_dia,1,ena24_9422.jpg,train
ena24_9426.jpg,data/raw/ena24\9426.jpg,ena24,positivo,False,ena24_pos_dia,1,ena24_9422.jpg,train
ena24_9427.jpg,data/raw/ena24\9427.jpg,ena24,positivo,False,ena24_pos_dia,1,ena24_9422.jpg,train
ena24_9428.jpg,data/raw/ena24\9428.jpg,ena24,positivo,False,ena24_pos_dia,1,ena24_9422.jpg,train
ena24_9429.jpg,data/raw/ena24\9429.jpg,ena24,positivo,False,ena24_pos_dia,1,ena24_9422.jpg,train
ena24_9430.jpg,data/raw/ena24\9430.jpg,ena24,positivo,True,ena24_pos_noche,1,ena24_9434.jpg,train
ena24_9431.jpg,data/raw/ena24\9431.jpg,ena24,positivo,True,ena24_pos_noche,1,ena24_9434.jpg,train
ena24_9432.jpg,data/raw/ena24\9432.jpg,ena24,positivo,True,ena24_pos_noche,1,ena24_9432.jpg,test
ena24_9433.jpg,data/raw/ena24\9433.jpg,ena24,positivo,True,ena24_pos_noche,1,ena24_9434.jpg,train
ena24_9434.jpg,data/raw/ena24\9434.jpg,ena24,positivo,True,ena24_pos_noche,1,ena24_9434.jpg,train
ena24_9435.jpg,data/raw/ena24\9435.jpg,ena24,positivo,True,ena24_pos_noche,1,ena24_9434.jpg,train
ena24_9436.jpg,data/raw/ena24\9436.jpg,ena24,positivo,True,ena24_pos_noche,1,ena24_9434.jpg,train
ena24_9437.jpg,data/raw/ena24\9437.jpg,ena24,positivo,False,ena24_pos_dia,1,ena24_7564.jpg,val
ena24_9438.jpg,data/raw/ena24\9438.jpg,ena24,positivo,False,ena24_pos_dia,1,ena24_9438.jpg,test
ena24_9439.jpg,data/raw/ena24\9439.jpg,ena24,positivo,False,ena24_pos_dia,1,ena24_9439.jpg,val
ena24_9440.jpg,data/raw/ena24\9440.jpg,ena24,positivo,True,ena24_pos_noche,1,ena24_9380.jpg,train
ena24_9441.jpg,data/raw/ena24\9441.jpg,ena24,positivo,True,ena24_pos_noche,1,ena24_9380.jpg,train
ena24_9442.jpg,data/raw/ena24\9442.jpg,ena24,positivo,True,ena24_pos_noche,1,ena24_9380.jpg,train
ena24_9443.jpg,data/raw/ena24\9443.jpg,ena24,positivo,True,ena24_pos_noche,2,ena24_9380.jpg,train
ena24_9444.jpg,data/raw/ena24\9444.jpg,ena24,positivo,True,ena24_pos_noche,2,ena24_9380.jpg,train
ena24_9445.jpg,data/raw/ena24\9445.jpg,ena24,positivo,True,ena24_pos_noche,1,ena24_9380.jpg,train
ena24_9446.jpg,data/raw/ena24\9446.jpg,ena24,positivo,True,ena24_pos_noche,1,ena24_9380.jpg,train
ena24_9447.jpg,data/raw/ena24\9447.jpg,ena24,positivo,True,ena24_pos_noche,2,ena24_9380.jpg,train
ena24_9448.jpg,data/raw/ena24\9448.jpg,ena24,positivo,True,ena24_pos_noche,2,ena24_9380.jpg,train
ena24_9449.jpg,data/raw/ena24\9449.jpg,ena24,positivo,True,ena24_pos_noche,1,ena24_9380.jpg,train
ena24_9450.jpg,data/raw/ena24\9450.jpg,ena24,positivo,True,ena24_pos_noche,1,ena24_9380.jpg,train
ena24_9451.jpg,data/raw/ena24\9451.jpg,ena24,positivo,True,ena24_pos_noche,1,ena24_9380.jpg,train
ena24_9452.jpg,data/raw/ena24\9452.jpg,ena24,positivo,True,ena24_pos_noche,1,ena24_9380.jpg,train
ena24_9453.jpg,data/raw/ena24\9453.jpg,ena24,positivo,True,ena24_pos_noche,1,ena24_9380.jpg,train
ena24_9454.jpg,data/raw/ena24\9454.jpg,ena24,positivo,True,ena24_pos_noche,3,ena24_9456.jpg,test
ena24_9455.jpg,data/raw/ena24\9455.jpg,ena24,positivo,True,ena24_pos_noche,3,ena24_9456.jpg,test
ena24_9456.jpg,data/raw/ena24\9456.jpg,ena24,positivo,True,ena24_pos_noche,3,ena24_9456.jpg,test
ena24_9457.jpg,data/raw/ena24\9457.jpg,ena24,positivo,True,ena24_pos_noche,3,ena24_9456.jpg,test
ena24_9458.jpg,data/raw/ena24\9458.jpg,ena24,positivo,True,ena24_pos_noche,2,ena24_9456.jpg,test
ena24_9459.jpg,data/raw/ena24\9459.jpg,ena24,positivo,True,ena24_pos_noche,2,ena24_9456.jpg,test
ena24_9460.jpg,data/raw/ena24\9460.jpg,ena24,positivo,True,ena24_pos_noche,2,ena24_9456.jpg,test
ena24_9461.jpg,data/raw/ena24\9461.jpg,ena24,positivo,True,ena24_pos_noche,1,ena24_9456.jpg,test
ena24_9462.jpg,data/raw/ena24\9462.jpg,ena24,positivo,True,ena24_pos_noche,2,ena24_9456.jpg,test
ena24_9463.jpg,data/raw/ena24\9463.jpg,ena24,positivo,True,ena24_pos_noche,1,ena24_9456.jpg,test
ena24_9464.jpg,data/raw/ena24\9464.jpg,ena24,positivo,True,ena24_pos_noche,1,ena24_9464.jpg,train
ena24_9465.jpg,data/raw/ena24\9465.jpg,ena24,positivo,True,ena24_pos_noche,1,ena24_9465.jpg,train
ena24_9466.jpg,data/raw/ena24\9466.jpg,ena24,positivo,True,ena24_pos_noche,1,ena24_9466.jpg,train
ena24_9467.jpg,data/raw/ena24\9467.jpg,ena24,positivo,True,ena24_pos_noche,1,ena24_9467.jpg,train
ena24_9468.jpg,data/raw/ena24\9468.jpg,ena24,positivo,False,ena24_pos_dia,1,ena24_9470.jpg,val
ena24_9469.jpg,data/raw/ena24\9469.jpg,ena24,positivo,False,ena24_pos_dia,1,ena24_9469.jpg,test
ena24_9470.jpg,data/raw/ena24\9470.jpg,ena24,positivo,False,ena24_pos_dia,1,ena24_9470.jpg,val
ena24_9471.jpg,data/raw/ena24\9471.jpg,ena24,positivo,False,ena24_pos_dia,1,ena24_9471.jpg,train
ena24_9472.jpg,data/raw/ena24\9472.jpg,ena24,positivo,False,ena24_pos_dia,1,ena24_9470.jpg,val
ena24_9473.jpg,data/raw/ena24\9473.jpg,ena24,positivo,False,ena24_pos_dia,1,ena24_9473.jpg,train
ena24_9474.jpg,data/raw/ena24\9474.jpg,ena24,positivo,False,ena24_pos_dia,1,ena24_9474.jpg,val
ena24_9475.jpg,data/raw/ena24\9475.jpg,ena24,positivo,False,ena24_pos_dia,1,ena24_9475.jpg,train
ena24_9476.jpg,data/raw/ena24\9476.jpg,ena24,positivo,False,ena24_pos_dia,1,ena24_9476.jpg,train
ena24_9477.jpg,data/raw/ena24\9477.jpg,ena24,positivo,False,ena24_pos_dia,1,ena24_9475.jpg,train
ena24_9478.jpg,data/raw/ena24\9478.jpg,ena24,positivo,False,ena24_pos_dia,1,ena24_9478.jpg,train
ena24_9479.jpg,data/raw/ena24\9479.jpg,ena24,positivo,True,ena24_pos_noche,1,ena24_9479.jpg,train
ena24_9480.jpg,data/raw/ena24\9480.jpg,ena24,positivo,False,ena24_pos_dia,1,ena24_9475.jpg,train
ena24_9481.jpg,data/raw/ena24\9481.jpg,ena24,positivo,True,ena24_pos_noche,1,ena24_9479.jpg,train
ena24_9482.jpg,data/raw/ena24\9482.jpg,ena24,positivo,True,ena24_pos_noche,1,ena24_9479.jpg,train
ena24_9483.jpg,data/raw/ena24\9483.jpg,ena24,positivo,False,ena24_pos_dia,1,ena24_9483.jpg,val
ena24_9484.jpg,data/raw/ena24\9484.jpg,ena24,positivo,False,ena24_pos_dia,1,ena24_9483.jpg,val
ena24_9485.jpg,data/raw/ena24\9485.jpg,ena24,positivo,False,ena24_pos_dia,1,ena24_9483.jpg,val
ena24_9486.jpg,data/raw/ena24\9486.jpg,ena24,positivo,False,ena24_pos_dia,1,ena24_9478.jpg,train
ena24_9487.jpg,data/raw/ena24\9487.jpg,ena24,positivo,False,ena24_pos_dia,1,ena24_9478.jpg,train
ena24_9488.jpg,data/raw/ena24\9488.jpg,ena24,positivo,False,ena24_pos_dia,1,ena24_9478.jpg,train
ena24_9489.jpg,data/raw/ena24\9489.jpg,ena24,positivo,False,ena24_pos_dia,1,ena24_9478.jpg,train
ena24_9490.jpg,data/raw/ena24\9490.jpg,ena24,positivo,False,ena24_pos_dia,1,ena24_7564.jpg,val
ena24_9491.jpg,data/raw/ena24\9491.jpg,ena24,positivo,False,ena24_pos_dia,1,ena24_9478.jpg,train
ena24_9492.jpg,data/raw/ena24\9492.jpg,ena24,positivo,False,ena24_pos_dia,1,ena24_7564.jpg,val
ena24_9493.jpg,data/raw/ena24\9493.jpg,ena24,positivo,False,ena24_pos_dia,1,ena24_7564.jpg,val
ena24_9494.jpg,data/raw/ena24\9494.jpg,ena24,positivo,False,ena24_pos_dia,1,ena24_7564.jpg,val
ena24_9495.jpg,data/raw/ena24\9495.jpg,ena24,positivo,True,ena24_pos_noche,1,ena24_9495.jpg,test
ena24_9496.jpg,data/raw/ena24\9496.jpg,ena24,positivo,False,ena24_pos_dia,1,ena24_9496.jpg,train
ena24_9497.jpg,data/raw/ena24\9497.jpg,ena24,positivo,False,ena24_pos_dia,1,ena24_9496.jpg,train
ena24_9498.jpg,data/raw/ena24\9498.jpg,ena24,positivo,False,ena24_pos_dia,1,ena24_9496.jpg,train
ena24_9499.jpg,data/raw/ena24\9499.jpg,ena24,positivo,False,ena24_pos_dia,1,ena24_9496.jpg,train
ena24_9500.jpg,data/raw/ena24\9500.jpg,ena24,positivo,False,ena24_pos_dia,1,ena24_9496.jpg,train
ena24_9501.jpg,data/raw/ena24\9501.jpg,ena24,positivo,False,ena24_pos_dia,1,ena24_9496.jpg,train
ena24_9502.jpg,data/raw/ena24\9502.jpg,ena24,positivo,False,ena24_pos_dia,1,ena24_9496.jpg,train
ena24_9503.jpg,data/raw/ena24\9503.jpg,ena24,positivo,False,ena24_pos_dia,1,ena24_9496.jpg,train
ena24_9504.jpg,data/raw/ena24\9504.jpg,ena24,positivo,False,ena24_pos_dia,1,ena24_9496.jpg,train
ena24_9505.jpg,data/raw/ena24\9505.jpg,ena24,positivo,False,ena24_pos_dia,1,ena24_9496.jpg,train
ena24_9506.jpg,data/raw/ena24\9506.jpg,ena24,positivo,False,ena24_pos_dia,1,ena24_9496.jpg,train
ena24_9507.jpg,data/raw/ena24\9507.jpg,ena24,positivo,False,ena24_pos_dia,1,ena24_9496.jpg,train
ena24_9508.jpg,data/raw/ena24\9508.jpg,ena24,positivo,False,ena24_pos_dia,1,ena24_9496.jpg,train
ena24_9509.jpg,data/raw/ena24\9509.jpg,ena24,positivo,False,ena24_pos_dia,1,ena24_9496.jpg,train
ena24_9510.jpg,data/raw/ena24\9510.jpg,ena24,positivo,False,ena24_pos_dia,1,ena24_9496.jpg,train
ena24_9511.jpg,data/raw/ena24\9511.jpg,ena24,positivo,False,ena24_pos_dia,1,ena24_9496.jpg,train
ena24_9512.jpg,data/raw/ena24\9512.jpg,ena24,positivo,False,ena24_pos_dia,1,ena24_9496.jpg,train
ena24_9513.jpg,data/raw/ena24\9513.jpg,ena24,positivo,False,ena24_pos_dia,1,ena24_9496.jpg,train
ena24_9514.jpg,data/raw/ena24\9514.jpg,ena24,positivo,False,ena24_pos_dia,1,ena24_9496.jpg,train
ena24_9515.jpg,data/raw/ena24\9515.jpg,ena24,positivo,False,ena24_pos_dia,1,ena24_9496.jpg,train
ena24_9516.jpg,data/raw/ena24\9516.jpg,ena24,positivo,False,ena24_pos_dia,1,ena24_9496.jpg,train
ena24_9517.jpg,data/raw/ena24\9517.jpg,ena24,positivo,False,ena24_pos_dia,1,ena24_9496.jpg,train
ena24_9518.jpg,data/raw/ena24\9518.jpg,ena24,positivo,False,ena24_pos_dia,1,ena24_9496.jpg,train
ena24_9519.jpg,data/raw/ena24\9519.jpg,ena24,positivo,False,ena24_pos_dia,1,ena24_9496.jpg,train
ena24_9520.jpg,data/raw/ena24\9520.jpg,ena24,positivo,False,ena24_pos_dia,1,ena24_9496.jpg,train
ena24_9521.jpg,data/raw/ena24\9521.jpg,ena24,positivo,False,ena24_pos_dia,1,ena24_9521.jpg,train
ena24_9522.jpg,data/raw/ena24\9522.jpg,ena24,positivo,False,ena24_pos_dia,1,ena24_9522.jpg,train
ena24_9523.jpg,data/raw/ena24\9523.jpg,ena24,positivo,False,ena24_pos_dia,1,ena24_9521.jpg,train
ena24_9524.jpg,data/raw/ena24\9524.jpg,ena24,positivo,False,ena24_pos_dia,1,ena24_9522.jpg,train
ena24_9525.jpg,data/raw/ena24\9525.jpg,ena24,positivo,False,ena24_pos_dia,1,ena24_9522.jpg,train
ena24_9526.jpg,data/raw/ena24\9526.jpg,ena24,positivo,False,ena24_pos_dia,1,ena24_9522.jpg,train
ena24_9527.jpg,data/raw/ena24\9527.jpg,ena24,positivo,False,ena24_pos_dia,1,ena24_9527.jpg,train
ena24_9528.jpg,data/raw/ena24\9528.jpg,ena24,positivo,False,ena24_pos_dia,1,ena24_9527.jpg,train
ena24_9529.jpg,data/raw/ena24\9529.jpg,ena24,positivo,False,ena24_pos_dia,1,ena24_9527.jpg,train
ena24_9530.jpg,data/raw/ena24\9530.jpg,ena24,positivo,False,ena24_pos_dia,1,ena24_9530.jpg,val
ena24_9531.jpg,data/raw/ena24\9531.jpg,ena24,positivo,False,ena24_pos_dia,1,ena24_9531.jpg,train
ena24_9532.jpg,data/raw/ena24\9532.jpg,ena24,positivo,True,ena24_pos_noche,1,ena24_9531.jpg,train
ena24_9533.jpg,data/raw/ena24\9533.jpg,ena24,positivo,False,ena24_pos_dia,1,ena24_9531.jpg,train
ena24_9534.jpg,data/raw/ena24\9534.jpg,ena24,positivo,False,ena24_pos_dia,1,ena24_9531.jpg,train
ena24_9535.jpg,data/raw/ena24\9535.jpg,ena24,positivo,False,ena24_pos_dia,1,ena24_9531.jpg,train
ena24_9536.jpg,data/raw/ena24\9536.jpg,ena24,positivo,False,ena24_pos_dia,1,ena24_9531.jpg,train
ena24_9537.jpg,data/raw/ena24\9537.jpg,ena24,positivo,True,ena24_pos_noche,1,ena24_9537.jpg,test
ena24_9538.jpg,data/raw/ena24\9538.jpg,ena24,positivo,True,ena24_pos_noche,1,ena24_9531.jpg,train
ena24_9539.jpg,data/raw/ena24\9539.jpg,ena24,positivo,True,ena24_pos_noche,1,ena24_9539.jpg,val
ena24_9540.jpg,data/raw/ena24\9540.jpg,ena24,positivo,True,ena24_pos_noche,1,ena24_9540.jpg,test
ena24_9541.jpg,data/raw/ena24\9541.jpg,ena24,positivo,True,ena24_pos_noche,1,ena24_9540.jpg,test
ena24_9542.jpg,data/raw/ena24\9542.jpg,ena24,positivo,True,ena24_pos_noche,1,ena24_9542.jpg,val
ena24_9543.jpg,data/raw/ena24\9543.jpg,ena24,positivo,True,ena24_pos_noche,1,ena24_9543.jpg,train
ena24_9544.jpg,data/raw/ena24\9544.jpg,ena24,positivo,True,ena24_pos_noche,1,ena24_9544.jpg,val
ena24_9545.jpg,data/raw/ena24\9545.jpg,ena24,positivo,True,ena24_pos_noche,1,ena24_9545.jpg,train
ena24_9546.jpg,data/raw/ena24\9546.jpg,ena24,positivo,True,ena24_pos_noche,1,ena24_9544.jpg,val
ena24_9547.jpg,data/raw/ena24\9547.jpg,ena24,positivo,True,ena24_pos_noche,1,ena24_9542.jpg,val
ena24_9548.jpg,data/raw/ena24\9548.jpg,ena24,positivo,True,ena24_pos_noche,1,ena24_9548.jpg,train
ena24_9549.jpg,data/raw/ena24\9549.jpg,ena24,positivo,True,ena24_pos_noche,1,ena24_9548.jpg,train
ena24_9550.jpg,data/raw/ena24\9550.jpg,ena24,positivo,True,ena24_pos_noche,1,ena24_9548.jpg,train
ena24_9551.jpg,data/raw/ena24\9551.jpg,ena24,positivo,True,ena24_pos_noche,1,ena24_9551.jpg,train
ena24_9552.jpg,data/raw/ena24\9552.jpg,ena24,positivo,True,ena24_pos_noche,1,ena24_9552.jpg,test
ena24_9553.jpg,data/raw/ena24\9553.jpg,ena24,positivo,True,ena24_pos_noche,1,ena24_9553.jpg,test
ena24_9554.jpg,data/raw/ena24\9554.jpg,ena24,positivo,True,ena24_pos_noche,1,ena24_9554.jpg,train
ena24_9555.jpg,data/raw/ena24\9555.jpg,ena24,positivo,True,ena24_pos_noche,1,ena24_9555.jpg,test
ena24_9556.jpg,data/raw/ena24\9556.jpg,ena24,positivo,True,ena24_pos_noche,1,ena24_9556.jpg,val
ena24_9557.jpg,data/raw/ena24\9557.jpg,ena24,positivo,False,ena24_pos_dia,1,ena24_9557.jpg,val
ena24_9558.jpg,data/raw/ena24\9558.jpg,ena24,positivo,False,ena24_pos_dia,1,ena24_9558.jpg,train
ena24_9559.jpg,data/raw/ena24\9559.jpg,ena24,positivo,False,ena24_pos_dia,1,ena24_9559.jpg,train
ena24_9560.jpg,data/raw/ena24\9560.jpg,ena24,positivo,False,ena24_pos_dia,1,ena24_9560.jpg,test
ena24_9561.jpg,data/raw/ena24\9561.jpg,ena24,positivo,False,ena24_pos_dia,1,ena24_9560.jpg,test
ena24_9562.jpg,data/raw/ena24\9562.jpg,ena24,positivo,False,ena24_pos_dia,1,ena24_9567.jpg,train
ena24_9563.jpg,data/raw/ena24\9563.jpg,ena24,positivo,False,ena24_pos_dia,1,ena24_9560.jpg,test
ena24_9564.jpg,data/raw/ena24\9564.jpg,ena24,positivo,False,ena24_pos_dia,1,ena24_9560.jpg,test
ena24_9565.jpg,data/raw/ena24\9565.jpg,ena24,positivo,False,ena24_pos_dia,1,ena24_9565.jpg,train
ena24_9566.jpg,data/raw/ena24\9566.jpg,ena24,positivo,True,ena24_pos_noche,1,ena24_9566.jpg,train
ena24_9567.jpg,data/raw/ena24\9567.jpg,ena24,positivo,False,ena24_pos_dia,1,ena24_9567.jpg,train
ena24_9568.jpg,data/raw/ena24\9568.jpg,ena24,positivo,False,ena24_pos_dia,1,ena24_9567.jpg,train
ena24_9569.jpg,data/raw/ena24\9569.jpg,ena24,positivo,False,ena24_pos_dia,1,ena24_9569.jpg,train
ena24_9570.jpg,data/raw/ena24\9570.jpg,ena24,positivo,True,ena24_pos_noche,1,ena24_9570.jpg,train
ena24_9571.jpg,data/raw/ena24\9571.jpg,ena24,positivo,True,ena24_pos_noche,1,ena24_9571.jpg,train
ena24_9572.jpg,data/raw/ena24\9572.jpg,ena24,positivo,False,ena24_pos_dia,1,ena24_9572.jpg,train
ena24_9573.jpg,data/raw/ena24\9573.jpg,ena24,positivo,True,ena24_pos_noche,1,ena24_9573.jpg,test
ena24_9574.jpg,data/raw/ena24\9574.jpg,ena24,positivo,True,ena24_pos_noche,1,ena24_9574.jpg,val
ena24_9575.jpg,data/raw/ena24\9575.jpg,ena24,positivo,True,ena24_pos_noche,1,ena24_9575.jpg,test
ena24_9576.jpg,data/raw/ena24\9576.jpg,ena24,positivo,True,ena24_pos_noche,1,ena24_9576.jpg,val
ena24_9577.jpg,data/raw/ena24\9577.jpg,ena24,positivo,True,ena24_pos_noche,1,ena24_9577.jpg,test
ena24_9578.jpg,data/raw/ena24\9578.jpg,ena24,positivo,True,ena24_pos_noche,1,ena24_9578.jpg,train
ena24_9579.jpg,data/raw/ena24\9579.jpg,ena24,positivo,True,ena24_pos_noche,1,ena24_9579.jpg,test
ena24_9580.jpg,data/raw/ena24\9580.jpg,ena24,positivo,True,ena24_pos_noche,1,ena24_9580.jpg,train
ena24_9581.jpg,data/raw/ena24\9581.jpg,ena24,positivo,False,ena24_pos_dia,1,ena24_9581.jpg,test
ena24_9582.jpg,data/raw/ena24\9582.jpg,ena24,positivo,False,ena24_pos_dia,1,ena24_9582.jpg,test
ena24_9583.jpg,data/raw/ena24\9583.jpg,ena24,positivo,False,ena24_pos_dia,1,ena24_9569.jpg,train
ena24_9584.jpg,data/raw/ena24\9584.jpg,ena24,positivo,False,ena24_pos_dia,1,ena24_9572.jpg,train
ena24_9585.jpg,data/raw/ena24\9585.jpg,ena24,positivo,False,ena24_pos_dia,1,ena24_9572.jpg,train
ena24_9586.jpg,data/raw/ena24\9586.jpg,ena24,positivo,False,ena24_pos_dia,1,ena24_9582.jpg,test
ena24_9587.jpg,data/raw/ena24\9587.jpg,ena24,positivo,True,ena24_pos_noche,1,ena24_9587.jpg,test
ena24_9588.jpg,data/raw/ena24\9588.jpg,ena24,positivo,True,ena24_pos_noche,1,ena24_9588.jpg,train
ena24_9589.jpg,data/raw/ena24\9589.jpg,ena24,positivo,True,ena24_pos_noche,1,ena24_9589.jpg,train
ena24_9590.jpg,data/raw/ena24\9590.jpg,ena24,positivo,True,ena24_pos_noche,1,ena24_9590.jpg,val
ena24_9591.jpg,data/raw/ena24\9591.jpg,ena24,positivo,True,ena24_pos_noche,1,ena24_9591.jpg,val
ena24_9592.jpg,data/raw/ena24\9592.jpg,ena24,positivo,True,ena24_pos_noche,1,ena24_9592.jpg,val
ena24_9593.jpg,data/raw/ena24\9593.jpg,ena24,positivo,True,ena24_pos_noche,1,ena24_9593.jpg,train
ena24_9594.jpg,data/raw/ena24\9594.jpg,ena24,positivo,True,ena24_pos_noche,1,ena24_9593.jpg,train
ena24_9595.jpg,data/raw/ena24\9595.jpg,ena24,positivo,False,ena24_pos_dia,1,ena24_9595.jpg,train
ena24_9596.jpg,data/raw/ena24\9596.jpg,ena24,positivo,True,ena24_pos_noche,1,ena24_9596.jpg,test
ena24_9597.jpg,data/raw/ena24\9597.jpg,ena24,positivo,True,ena24_pos_noche,1,ena24_9593.jpg,train
ena24_9598.jpg,data/raw/ena24\9598.jpg,ena24,positivo,True,ena24_pos_noche,1,ena24_9598.jpg,val
ena24_9599.jpg,data/raw/ena24\9599.jpg,ena24,positivo,True,ena24_pos_noche,1,ena24_9599.jpg,val
ena24_9600.jpg,data/raw/ena24\9600.jpg,ena24,positivo,True,ena24_pos_noche,1,ena24_9600.jpg,val
ena24_9601.jpg,data/raw/ena24\9601.jpg,ena24,positivo,True,ena24_pos_noche,1,ena24_9600.jpg,val
ena24_9602.jpg,data/raw/ena24\9602.jpg,ena24,positivo,True,ena24_pos_noche,1,ena24_9600.jpg,val
ena24_9603.jpg,data/raw/ena24\9603.jpg,ena24,positivo,False,ena24_pos_dia,1,ena24_9603.jpg,train
ena24_9604.jpg,data/raw/ena24\9604.jpg,ena24,positivo,False,ena24_pos_dia,1,ena24_9595.jpg,train
ena24_9605.jpg,data/raw/ena24\9605.jpg,ena24,positivo,False,ena24_pos_dia,1,ena24_9605.jpg,test
ena24_9606.jpg,data/raw/ena24\9606.jpg,ena24,positivo,False,ena24_pos_dia,1,ena24_9606.jpg,val
ena24_9607.jpg,data/raw/ena24\9607.jpg,ena24,positivo,False,ena24_pos_dia,1,ena24_9607.jpg,test
ena24_9608.jpg,data/raw/ena24\9608.jpg,ena24,positivo,True,ena24_pos_noche,1,ena24_9608.jpg,train
ena24_9609.jpg,data/raw/ena24\9609.jpg,ena24,positivo,False,ena24_pos_dia,1,ena24_9605.jpg,test
ena24_9610.jpg,data/raw/ena24\9610.jpg,ena24,positivo,False,ena24_pos_dia,1,ena24_9605.jpg,test
ena24_9611.jpg,data/raw/ena24\9611.jpg,ena24,positivo,False,ena24_pos_dia,1,ena24_9605.jpg,test
ena24_9612.jpg,data/raw/ena24\9612.jpg,ena24,positivo,False,ena24_pos_dia,1,ena24_9605.jpg,test
ena24_9613.jpg,data/raw/ena24\9613.jpg,ena24,positivo,False,ena24_pos_dia,1,ena24_9605.jpg,test
ena24_9614.jpg,data/raw/ena24\9614.jpg,ena24,positivo,False,ena24_pos_dia,1,ena24_9605.jpg,test
ena24_9615.jpg,data/raw/ena24\9615.jpg,ena24,positivo,False,ena24_pos_dia,1,ena24_9605.jpg,test
ena24_9616.jpg,data/raw/ena24\9616.jpg,ena24,positivo,False,ena24_pos_dia,1,ena24_9605.jpg,test
ena24_9617.jpg,data/raw/ena24\9617.jpg,ena24,positivo,False,ena24_pos_dia,1,ena24_9617.jpg,train
ena24_9618.jpg,data/raw/ena24\9618.jpg,ena24,positivo,False,ena24_pos_dia,1,ena24_9618.jpg,val
ena24_9619.jpg,data/raw/ena24\9619.jpg,ena24,positivo,False,ena24_pos_dia,1,ena24_9605.jpg,test
ena24_9620.jpg,data/raw/ena24\9620.jpg,ena24,positivo,True,ena24_pos_noche,1,ena24_9620.jpg,train
ena24_9621.jpg,data/raw/ena24\9621.jpg,ena24,positivo,False,ena24_pos_dia,1,ena24_9605.jpg,test
ena24_9622.jpg,data/raw/ena24\9622.jpg,ena24,positivo,True,ena24_pos_noche,1,ena24_9622.jpg,val
ena24_9623.jpg,data/raw/ena24\9623.jpg,ena24,positivo,False,ena24_pos_dia,1,ena24_9623.jpg,train
ena24_9624.jpg,data/raw/ena24\9624.jpg,ena24,positivo,False,ena24_pos_dia,1,ena24_9624.jpg,val
ena24_9625.jpg,data/raw/ena24\9625.jpg,ena24,positivo,True,ena24_pos_noche,1,ena24_9622.jpg,val
ena24_9626.jpg,data/raw/ena24\9626.jpg,ena24,positivo,False,ena24_pos_dia,1,ena24_9626.jpg,train
ena24_9627.jpg,data/raw/ena24\9627.jpg,ena24,positivo,False,ena24_pos_dia,1,ena24_9627.jpg,train
ena24_9628.jpg,data/raw/ena24\9628.jpg,ena24,positivo,False,ena24_pos_dia,1,ena24_9627.jpg,train
ena24_9629.jpg,data/raw/ena24\9629.jpg,ena24,positivo,False,ena24_pos_dia,1,ena24_9627.jpg,train
ena24_9630.jpg,data/raw/ena24\9630.jpg,ena24,positivo,False,ena24_pos_dia,1,ena24_9630.jpg,test
ena24_9631.jpg,data/raw/ena24\9631.jpg,ena24,positivo,False,ena24_pos_dia,1,ena24_9631.jpg,train
ena24_9632.jpg,data/raw/ena24\9632.jpg,ena24,positivo,False,ena24_pos_dia,1,ena24_9632.jpg,train
ena24_9633.jpg,data/raw/ena24\9633.jpg,ena24,positivo,False,ena24_pos_dia,1,ena24_9633.jpg,test
ena24_9634.jpg,data/raw/ena24\9634.jpg,ena24,positivo,False,ena24_pos_dia,1,ena24_9634.jpg,val
ena24_9635.jpg,data/raw/ena24\9635.jpg,ena24,positivo,False,ena24_pos_dia,1,ena24_9635.jpg,val
ena24_9636.jpg,data/raw/ena24\9636.jpg,ena24,positivo,False,ena24_pos_dia,1,ena24_9636.jpg,val
ena24_9637.jpg,data/raw/ena24\9637.jpg,ena24,positivo,False,ena24_pos_dia,1,ena24_9636.jpg,val
ena24_9638.jpg,data/raw/ena24\9638.jpg,ena24,positivo,False,ena24_pos_dia,1,ena24_9636.jpg,val
ena24_9639.jpg,data/raw/ena24\9639.jpg,ena24,positivo,False,ena24_pos_dia,1,ena24_9636.jpg,val
ena24_9640.jpg,data/raw/ena24\9640.jpg,ena24,positivo,False,ena24_pos_dia,1,ena24_9636.jpg,val
ena24_9641.jpg,data/raw/ena24\9641.jpg,ena24,positivo,False,ena24_pos_dia,1,ena24_9636.jpg,val
ena24_9642.jpg,data/raw/ena24\9642.jpg,ena24,positivo,True,ena24_pos_noche,1,ena24_9662.jpg,val
ena24_9643.jpg,data/raw/ena24\9643.jpg,ena24,positivo,True,ena24_pos_noche,1,ena24_9662.jpg,val
ena24_9644.jpg,data/raw/ena24\9644.jpg,ena24,positivo,True,ena24_pos_noche,1,ena24_9662.jpg,val
ena24_9645.jpg,data/raw/ena24\9645.jpg,ena24,positivo,True,ena24_pos_noche,1,ena24_9662.jpg,val
ena24_9646.jpg,data/raw/ena24\9646.jpg,ena24,positivo,True,ena24_pos_noche,1,ena24_9662.jpg,val
ena24_9647.jpg,data/raw/ena24\9647.jpg,ena24,positivo,True,ena24_pos_noche,1,ena24_9662.jpg,val
ena24_9648.jpg,data/raw/ena24\9648.jpg,ena24,positivo,True,ena24_pos_noche,1,ena24_9648.jpg,train
ena24_9649.jpg,data/raw/ena24\9649.jpg,ena24,positivo,True,ena24_pos_noche,1,ena24_9649.jpg,train
ena24_9650.jpg,data/raw/ena24\9650.jpg,ena24,positivo,True,ena24_pos_noche,1,ena24_9662.jpg,val
ena24_9651.jpg,data/raw/ena24\9651.jpg,ena24,positivo,True,ena24_pos_noche,1,ena24_9662.jpg,val
ena24_9652.jpg,data/raw/ena24\9652.jpg,ena24,positivo,True,ena24_pos_noche,1,ena24_9662.jpg,val
ena24_9653.jpg,data/raw/ena24\9653.jpg,ena24,positivo,True,ena24_pos_noche,1,ena24_9653.jpg,train
ena24_9654.jpg,data/raw/ena24\9654.jpg,ena24,positivo,True,ena24_pos_noche,1,ena24_9662.jpg,val
ena24_9655.jpg,data/raw/ena24\9655.jpg,ena24,positivo,True,ena24_pos_noche,1,ena24_9662.jpg,val
ena24_9656.jpg,data/raw/ena24\9656.jpg,ena24,positivo,True,ena24_pos_noche,1,ena24_9662.jpg,val
ena24_9657.jpg,data/raw/ena24\9657.jpg,ena24,positivo,True,ena24_pos_noche,1,ena24_9657.jpg,test
ena24_9658.jpg,data/raw/ena24\9658.jpg,ena24,positivo,True,ena24_pos_noche,1,ena24_9662.jpg,val
ena24_9659.jpg,data/raw/ena24\9659.jpg,ena24,positivo,True,ena24_pos_noche,1,ena24_9662.jpg,val
ena24_9660.jpg,data/raw/ena24\9660.jpg,ena24,positivo,True,ena24_pos_noche,1,ena24_9660.jpg,test
ena24_9661.jpg,data/raw/ena24\9661.jpg,ena24,positivo,True,ena24_pos_noche,1,ena24_9662.jpg,val
ena24_9662.jpg,data/raw/ena24\9662.jpg,ena24,positivo,True,ena24_pos_noche,1,ena24_9662.jpg,val
ena24_9663.jpg,data/raw/ena24\9663.jpg,ena24,positivo,True,ena24_pos_noche,1,ena24_9653.jpg,train
ena24_9664.jpg,data/raw/ena24\9664.jpg,ena24,positivo,True,ena24_pos_noche,1,ena24_9653.jpg,train
ena24_9665.jpg,data/raw/ena24\9665.jpg,ena24,positivo,True,ena24_pos_noche,1,ena24_9653.jpg,train
ena24_9666.jpg,data/raw/ena24\9666.jpg,ena24,positivo,True,ena24_pos_noche,1,ena24_9662.jpg,val
ena24_9667.jpg,data/raw/ena24\9667.jpg,ena24,positivo,True,ena24_pos_noche,1,ena24_9662.jpg,val
ena24_9668.jpg,data/raw/ena24\9668.jpg,ena24,positivo,True,ena24_pos_noche,1,ena24_9662.jpg,val
ena24_9669.jpg,data/raw/ena24\9669.jpg,ena24,positivo,True,ena24_pos_noche,1,ena24_9662.jpg,val
ena24_9670.jpg,data/raw/ena24\9670.jpg,ena24,positivo,True,ena24_pos_noche,1,ena24_9662.jpg,val
ena24_9671.jpg,data/raw/ena24\9671.jpg,ena24,positivo,True,ena24_pos_noche,1,ena24_9662.jpg,val
ena24_9672.jpg,data/raw/ena24\9672.jpg,ena24,positivo,True,ena24_pos_noche,1,ena24_9662.jpg,val
ena24_9673.jpg,data/raw/ena24\9673.jpg,ena24,positivo,True,ena24_pos_noche,1,ena24_9662.jpg,val
ena24_9674.jpg,data/raw/ena24\9674.jpg,ena24,positivo,True,ena24_pos_noche,1,ena24_9662.jpg,val
ena24_9675.jpg,data/raw/ena24\9675.jpg,ena24,positivo,True,ena24_pos_noche,1,ena24_9662.jpg,val
ena24_9676.jpg,data/raw/ena24\9676.jpg,ena24,positivo,True,ena24_pos_noche,1,ena24_9662.jpg,val
