archivo,observacion_id,foto_id,licencia,estado_previo,estado_final,motivo_descarte,n_cajas_pre,n_cajas,cajas_sin_cambio,cajas_ajustadas,cajas_eliminadas,cajas_nuevas
inat_101293546_169152786.jpg,101293546,169152786,cc-by-nc,positivo_conf_alta_sin_revisar,etiquetada,,1,1,1,0,0,0
inat_101293546_169152801.jpg,101293546,169152801,cc-by-nc,positivo_conf_alta_sin_revisar,etiquetada,,1,1,1,0,0,0
inat_101541869_169590449.jpg,101541869,169590449,cc-by-nc,positivo_conf_alta_sin_revisar,etiquetada,,1,1,1,0,0,0
inat_101728832_169919723.jpg,101728832,169919723,cc-by-nc,positivo_conf_alta_sin_revisar,etiquetada,,2,2,2,0,0,0
inat_101728832_169922803.jpg,101728832,169922803,cc-by-nc,positivo_conf_alta_sin_revisar,etiquetada,,1,2,1,0,0,1
inat_101823394_170091049.jpg,101823394,170091049,cc-by-nc,positivo_conf_alta_sin_revisar,etiquetada,,1,1,1,0,0,0
inat_102298789_170973074.jpg,102298789,170973074,cc-by-nc,positivo_conf_alta_sin_revisar,etiquetada,,1,1,1,0,0,0
inat_102352111_171071810.jpg,102352111,171071810,cc-by-nc,positivo_conf_alta_sin_revisar,etiquetada,,1,1,1,0,0,0
inat_102630828_171604260.jpg,102630828,171604260,cc-by-nc,positivo_conf_alta_sin_revisar,etiquetada,,2,1,1,0,1,0
inat_102630828_171604266.jpg,102630828,171604266,cc-by-nc,positivo,etiquetada,,0,1,0,0,0,1
inat_102630828_171604278.jpg,102630828,171604278,cc-by-nc,positivo_conf_alta_sin_revisar,etiquetada,,1,1,1,0,0,0
inat_103617339_173423568.jpg,103617339,173423568,cc-by-nc,positivo,etiquetada,,2,1,1,0,1,0
inat_104436233_174991867.jpg,104436233,174991867,cc-by-nc,positivo_conf_alta_sin_revisar,etiquetada,,1,1,0,1,0,0
inat_104436233_174994135.jpg,104436233,174994135,cc-by-nc,positivo_conf_alta_sin_revisar,etiquetada,,1,1,1,0,0,0
inat_104436233_174994137.jpg,104436233,174994137,cc-by-nc,positivo_conf_alta_sin_revisar,etiquetada,,1,1,1,0,0,0
inat_104572898_175251947.jpg,104572898,175251947,cc-by-nc,positivo_conf_alta_sin_revisar,etiquetada,,1,1,1,0,0,0
inat_104572899_175251949.jpg,104572899,175251949,cc-by-nc,positivo,etiquetada,,1,1,1,0,0,0
inat_104887017_175852607.jpg,104887017,175852607,cc-by-nc,positivo,etiquetada,,1,1,0,1,0,0
inat_107670892_181136391.jpg,107670892,181136391,cc-by-nc,positivo_conf_alta_sin_revisar,etiquetada,,1,1,1,0,0,0
inat_108196234_182120433.jpg,108196234,182120433,cc-by-nc,positivo,etiquetada,,0,1,0,0,0,1
inat_108196234_182120447.jpg,108196234,182120447,cc-by-nc,positivo,etiquetada,,0,1,0,0,0,1
inat_108196234_182120560.jpg,108196234,182120560,cc-by-nc,positivo,etiquetada,,0,1,0,0,0,1
inat_108694340_183055262.jpg,108694340,183055262,cc-by-nc,positivo_conf_alta_sin_revisar,etiquetada,,1,1,1,0,0,0
inat_108751448_183162795.jpg,108751448,183162795,cc-by-nc,positivo_conf_alta_sin_revisar,etiquetada,,1,1,0,1,0,0
inat_108751448_183162806.jpg,108751448,183162806,cc-by-nc,positivo_conf_alta_sin_revisar,etiquetada,,2,1,0,1,1,0
inat_108751448_183162812.jpg,108751448,183162812,cc-by-nc,positivo_conf_alta_sin_revisar,etiquetada,,1,1,0,1,0,0
inat_108764701_183188138.jpg,108764701,183188138,cc-by-nc,positivo,etiquetada,,0,1,0,0,0,1
inat_108967364_183567257.jpg,108967364,183567257,cc-by-nc,positivo,etiquetada,,0,1,0,0,0,1
inat_108967364_183567380.jpg,108967364,183567380,cc-by-nc,positivo_conf_alta_sin_revisar,etiquetada,,1,1,1,0,0,0
inat_109296502_184185034.jpg,109296502,184185034,cc-by-nc,positivo_conf_alta_sin_revisar,etiquetada,,1,1,1,0,0,0
inat_109296502_184185045.jpg,109296502,184185045,cc-by-nc,positivo_conf_alta_sin_revisar,etiquetada,,1,1,1,0,0,0
inat_109334179_184255102.jpg,109334179,184255102,cc-by-nc,positivo_conf_alta_sin_revisar,etiquetada,,2,1,1,0,1,0
inat_109334179_184255110.jpg,109334179,184255110,cc-by-nc,positivo_conf_alta_sin_revisar,etiquetada,,1,1,1,0,0,0
inat_109393417_184365586.jpg,109393417,184365586,cc-by-nc,positivo_conf_alta_sin_revisar,etiquetada,,1,1,1,0,0,0
inat_11011377_15522572.jpg,11011377,15522572,cc-by-nc,positivo_conf_alta_sin_revisar,etiquetada,,1,1,1,0,0,0
inat_111313948_187898989.jpg,111313948,187898989,cc-by-nc,positivo_conf_alta_sin_revisar,etiquetada,,1,1,1,0,0,0
inat_111406007_188064919.jpg,111406007,188064919,cc-by-nc,positivo,etiquetada,,1,1,1,0,0,0
inat_111707116_188602366.jpg,111707116,188602366,cc-by-nc,positivo_conf_alta_sin_revisar,etiquetada,,1,1,1,0,0,0
inat_112237124_189572353.jpg,112237124,189572353,cc-by-nc,positivo_conf_alta_sin_revisar,etiquetada,,1,1,1,0,0,0
inat_112237124_189572362.jpg,112237124,189572362,cc-by-nc,positivo_conf_alta_sin_revisar,etiquetada,,1,1,0,1,0,0
inat_116757332_197115720.jpg,116757332,197115720,cc-by-nc,positivo_conf_alta_sin_revisar,etiquetada,,1,1,1,0,0,0
inat_116757332_197115733.jpg,116757332,197115733,cc-by-nc,positivo_conf_alta_sin_revisar,etiquetada,,1,1,1,0,0,0
inat_117944758_199230228.jpg,117944758,199230228,cc-by,positivo_conf_alta_sin_revisar,etiquetada,,1,1,1,0,0,0
inat_117944758_199230452.jpg,117944758,199230452,cc-by,positivo,etiquetada,,0,1,0,0,0,1
inat_120446902_203713164.jpg,120446902,203713164,cc-by-nc,positivo_conf_alta_sin_revisar,etiquetada,,1,1,1,0,0,0
inat_12360432_17804066.jpg,12360432,17804066,cc-by-nc,positivo,etiquetada,,2,1,0,1,1,0
inat_128542087_218349836.jpg,128542087,218349836,cc-by-nc,positivo_conf_alta_sin_revisar,etiquetada,,2,3,1,1,0,1
inat_131403325_223613368.jpg,131403325,223613368,cc-by-nc,positivo_conf_alta_sin_revisar,etiquetada,,1,1,1,0,0,0
inat_131403325_223613635.jpg,131403325,223613635,cc-by-nc,positivo_conf_alta_sin_revisar,etiquetada,,3,2,2,0,1,0
inat_131403325_223613707.jpg,131403325,223613707,cc-by-nc,positivo_conf_alta_sin_revisar,etiquetada,,1,2,0,1,0,1
inat_133281813_227003139.jpg,133281813,227003139,cc-by-nc,positivo,etiquetada,,0,1,0,0,0,1
inat_133361772_227143102.jpg,133361772,227143102,cc0,positivo,etiquetada,,0,1,0,0,0,1
inat_136649140_233244898.jpg,136649140,233244898,cc-by-nc,positivo_conf_alta_sin_revisar,etiquetada,,1,1,1,0,0,0
inat_136766218_233468247.jpg,136766218,233468247,cc-by-nc,positivo,etiquetada,,0,1,0,0,0,1
inat_139469902_243492616.jpg,139469902,243492616,cc-by-nc,positivo_conf_alta_sin_revisar,etiquetada,,1,1,1,0,0,0
inat_139469902_243924669.jpg,139469902,243924669,cc-by-nc,positivo_conf_alta_sin_revisar,etiquetada,,1,1,1,0,0,0
inat_139761947_239109191.jpg,139761947,239109191,cc-by-nc,positivo,etiquetada,,0,1,0,0,0,1
inat_139761947_239109207.jpg,139761947,239109207,cc-by-nc,positivo,etiquetada,,0,1,0,0,0,1
inat_139971714_239512537.jpg,139971714,239512537,cc-by-nc,positivo_conf_alta_sin_revisar,etiquetada,,1,1,0,1,0,0
inat_139978264_239521771.jpg,139978264,239521771,cc-by-nc,positivo_conf_alta_sin_revisar,etiquetada,,1,1,1,0,0,0
inat_139978264_239521818.jpg,139978264,239521818,cc-by-nc,positivo_conf_alta_sin_revisar,etiquetada,,1,1,1,0,0,0
inat_139978264_239521845.jpg,139978264,239521845,cc-by-nc,positivo_conf_alta_sin_revisar,etiquetada,,1,1,1,0,0,0
inat_139978264_239521901.jpg,139978264,239521901,cc-by-nc,positivo_conf_alta_sin_revisar,etiquetada,,1,1,1,0,0,0
inat_141614165_242647339.jpg,141614165,242647339,cc-by,positivo,etiquetada,,2,1,1,0,1,0
inat_141672989_242758733.jpg,141672989,242758733,cc0,positivo,etiquetada,,1,1,1,0,0,0
inat_141672991_242758748.jpg,141672991,242758748,cc0,positivo_conf_alta_sin_revisar,etiquetada,,1,1,1,0,0,0
inat_141675849_242767426.jpg,141675849,242767426,cc-by-nc,positivo,etiquetada,,0,1,0,0,0,1
inat_141675849_242953837.jpg,141675849,242953837,cc-by-nc,positivo,etiquetada,,1,1,1,0,0,0
inat_141675849_242953840.jpg,141675849,242953840,cc-by-nc,positivo_conf_alta_sin_revisar,etiquetada,,1,1,0,0,1,1
inat_141675849_242953841.jpg,141675849,242953841,cc-by-nc,positivo,etiquetada,,1,1,1,0,0,0
inat_141675852_242767437.jpg,141675852,242767437,cc-by-nc,positivo,etiquetada,,1,1,0,0,1,1
inat_141675854_242767458.jpg,141675854,242767458,cc-by-nc,positivo,etiquetada,,0,1,0,0,0,1
inat_141675854_242955263.jpg,141675854,242955263,cc-by-nc,positivo,etiquetada,,1,1,1,0,0,0
inat_141675854_242955265.jpg,141675854,242955265,cc-by-nc,positivo_conf_alta_sin_revisar,etiquetada,,1,1,0,0,1,1
inat_141675854_242955266.jpg,141675854,242955266,cc-by-nc,positivo,etiquetada,,2,1,0,1,1,0
inat_141675854_242955267.jpg,141675854,242955267,cc-by-nc,positivo,etiquetada,,0,1,0,0,0,1
inat_141675854_242955269.jpg,141675854,242955269,cc-by-nc,positivo,etiquetada,,0,1,0,0,0,1
inat_141675854_242955270.jpg,141675854,242955270,cc-by-nc,positivo_conf_alta_sin_revisar,etiquetada,,1,1,1,0,0,0
inat_141675854_242955271.jpg,141675854,242955271,cc-by-nc,positivo,etiquetada,,0,1,0,0,0,1
inat_141675854_242955272.jpg,141675854,242955272,cc-by-nc,positivo,etiquetada,,0,1,0,0,0,1
inat_141675855_242767473.jpg,141675855,242767473,cc-by-nc,positivo,etiquetada,,3,1,1,0,2,0
inat_141675855_242956060.jpg,141675855,242956060,cc-by-nc,positivo,etiquetada,,0,1,0,0,0,1
inat_141675855_242956061.jpg,141675855,242956061,cc-by-nc,positivo,etiquetada,,0,1,0,0,0,1
inat_141675855_242956065.jpg,141675855,242956065,cc-by-nc,positivo,etiquetada,,1,1,0,1,0,0
inat_141675855_242956067.jpg,141675855,242956067,cc-by-nc,positivo,etiquetada,,0,1,0,0,0,1
inat_141675855_242956068.jpg,141675855,242956068,cc-by-nc,positivo,etiquetada,,3,1,1,0,2,0
inat_141675855_242956072.jpg,141675855,242956072,cc-by-nc,positivo,etiquetada,,0,1,0,0,0,1
inat_141675855_242956076.jpg,141675855,242956076,cc-by-nc,positivo,etiquetada,,1,1,0,1,0,0
inat_141675855_242956080.jpg,141675855,242956080,cc-by-nc,positivo,etiquetada,,0,1,0,0,0,1
inat_141675855_242956086.jpg,141675855,242956086,cc-by-nc,positivo,etiquetada,,0,1,0,0,0,1
inat_141675855_242956088.jpg,141675855,242956088,cc-by-nc,positivo,etiquetada,,0,1,0,0,0,1
inat_141675855_242956090.jpg,141675855,242956090,cc-by-nc,positivo,etiquetada,,0,1,0,0,0,1
inat_141675855_242956092.jpg,141675855,242956092,cc-by-nc,positivo,etiquetada,,0,1,0,0,0,1
inat_141675855_242956094.jpg,141675855,242956094,cc-by-nc,positivo,etiquetada,,0,1,0,0,0,1
inat_141675855_242956098.jpg,141675855,242956098,cc-by-nc,positivo,etiquetada,,1,1,1,0,0,0
inat_141675855_242956102.jpg,141675855,242956102,cc-by-nc,positivo,etiquetada,,0,1,0,0,0,1
inat_142108447_243585528.jpg,142108447,243585528,cc-by-nc,positivo_conf_alta_sin_revisar,etiquetada,,2,1,1,0,1,0
inat_142108447_243585536.jpg,142108447,243585536,cc-by-nc,positivo_conf_alta_sin_revisar,etiquetada,,1,1,1,0,0,0
inat_142108447_243586202.jpg,142108447,243586202,cc-by-nc,positivo_conf_alta_sin_revisar,etiquetada,,1,1,1,0,0,0
inat_142112350_243592605.jpg,142112350,243592605,cc-by-nc,positivo_conf_alta_sin_revisar,etiquetada,,1,1,1,0,0,0
inat_142112350_243602294.jpg,142112350,243602294,cc-by-nc,positivo_conf_alta_sin_revisar,etiquetada,,1,1,1,0,0,0
inat_143217786_245594569.jpg,143217786,245594569,cc-by-nc,positivo,etiquetada,,0,1,0,0,0,1
inat_143217786_245594579.jpg,143217786,245594579,cc-by-nc,positivo,etiquetada,,2,2,2,0,0,0
inat_143402188_245923509.jpg,143402188,245923509,cc-by-nc,positivo_conf_alta_sin_revisar,etiquetada,,1,1,1,0,0,0
inat_143831934_246743032.jpg,143831934,246743032,cc-by-nc,positivo_conf_alta_sin_revisar,etiquetada,,1,1,1,0,0,0
inat_143831934_246743413.jpg,143831934,246743413,cc-by-nc,positivo,etiquetada,,2,1,1,0,1,0
inat_143831934_246743435.jpg,143831934,246743435,cc-by-nc,positivo,etiquetada,,1,1,0,1,0,0
inat_143831934_246743498.jpg,143831934,246743498,cc-by-nc,positivo_conf_alta_sin_revisar,etiquetada,,1,1,1,0,0,0
inat_144551812_248116202.jpg,144551812,248116202,cc0,positivo_conf_alta_sin_revisar,etiquetada,,1,1,1,0,0,0
inat_144551812_248116233.jpg,144551812,248116233,cc0,positivo_conf_alta_sin_revisar,etiquetada,,1,1,1,0,0,0
inat_144824209_248650196.jpg,144824209,248650196,cc-by-nc,positivo,etiquetada,,0,1,0,0,0,1
inat_144824209_248650204.jpg,144824209,248650204,cc-by-nc,positivo,etiquetada,,2,1,1,0,1,0
inat_145193495_249363593.jpg,145193495,249363593,cc-by-nc,positivo_conf_alta_sin_revisar,etiquetada,,1,1,1,0,0,0
inat_145193495_249363606.jpg,145193495,249363606,cc-by-nc,positivo_conf_alta_sin_revisar,etiquetada,,1,1,1,0,0,0
inat_145193495_249363619.jpg,145193495,249363619,cc-by-nc,positivo_conf_alta_sin_revisar,etiquetada,,1,1,1,0,0,0
inat_145193495_249363638.jpg,145193495,249363638,cc-by-nc,positivo,etiquetada,,0,1,0,0,0,1
inat_146487727_251859171.jpg,146487727,251859171,cc-by-nc,positivo_conf_alta_sin_revisar,etiquetada,,2,3,1,0,1,2
inat_146487727_251859188.jpg,146487727,251859188,cc-by-nc,positivo_conf_alta_sin_revisar,etiquetada,,1,1,1,0,0,0
inat_148292942_255340654.jpg,148292942,255340654,cc-by,positivo,etiquetada,,0,1,0,0,0,1
inat_150079865_258713910.jpg,150079865,258713910,cc0,positivo_conf_alta_sin_revisar,etiquetada,,1,1,1,0,0,0
inat_150079865_258715043.jpg,150079865,258715043,cc0,positivo_conf_alta_sin_revisar,etiquetada,,2,2,0,0,2,2
inat_150079865_258715044.jpg,150079865,258715044,cc0,positivo_conf_alta_sin_revisar,etiquetada,,3,2,2,0,1,0
inat_150079865_258715045.jpg,150079865,258715045,cc0,positivo_conf_alta_sin_revisar,etiquetada,,3,3,2,0,1,1
inat_150079865_258715046.jpg,150079865,258715046,cc0,positivo_conf_alta_sin_revisar,etiquetada,,3,3,1,0,2,2
inat_150079865_258715048.jpg,150079865,258715048,cc0,positivo_conf_alta_sin_revisar,etiquetada,,1,2,1,0,0,1
inat_150079865_258715054.jpg,150079865,258715054,cc0,positivo,etiquetada,,3,2,1,0,2,1
inat_150079865_258715066.jpg,150079865,258715066,cc0,positivo,etiquetada,,0,2,0,0,0,2
inat_150079865_258715068.jpg,150079865,258715068,cc0,positivo,etiquetada,,0,1,0,0,0,1
inat_150079865_258715069.jpg,150079865,258715069,cc0,positivo,etiquetada,,1,1,0,0,1,1
inat_150079865_258715087.jpg,150079865,258715087,cc0,positivo,etiquetada,,1,1,1,0,0,0
inat_150079865_258715091.jpg,150079865,258715091,cc0,positivo_conf_alta_sin_revisar,etiquetada,,1,1,1,0,0,0
inat_150079865_258715092.jpg,150079865,258715092,cc0,positivo_conf_alta_sin_revisar,etiquetada,,1,1,1,0,0,0
inat_150079865_258715094.jpg,150079865,258715094,cc0,positivo_conf_alta_sin_revisar,etiquetada,,1,1,1,0,0,0
inat_150079865_258715095.jpg,150079865,258715095,cc0,positivo_conf_alta_sin_revisar,etiquetada,,1,1,1,0,0,0
inat_150079865_258715097.jpg,150079865,258715097,cc0,positivo_conf_alta_sin_revisar,etiquetada,,1,1,1,0,0,0
inat_150412310_259354700.jpg,150412310,259354700,cc-by-nc,positivo_conf_alta_sin_revisar,etiquetada,,1,1,1,0,0,0
inat_150412310_259354707.jpg,150412310,259354707,cc-by-nc,positivo_conf_alta_sin_revisar,etiquetada,,1,1,1,0,0,0
inat_150681077_259868943.jpg,150681077,259868943,cc-by-nc,positivo,etiquetada,,1,1,1,0,0,0
inat_151151422_260754717.jpg,151151422,260754717,cc-by-nc,positivo_conf_alta_sin_revisar,etiquetada,,1,2,0,1,0,1
inat_151151422_260754729.jpg,151151422,260754729,cc-by-nc,positivo_conf_alta_sin_revisar,etiquetada,,1,1,1,0,0,0
inat_151151422_260754752.jpg,151151422,260754752,cc-by-nc,positivo_conf_alta_sin_revisar,etiquetada,,1,1,1,0,0,0
inat_151151422_260754764.jpg,151151422,260754764,cc-by-nc,positivo_conf_alta_sin_revisar,etiquetada,,1,3,0,1,0,2
inat_151151422_260754775.jpg,151151422,260754775,cc-by-nc,positivo_conf_alta_sin_revisar,etiquetada,,1,1,1,0,0,0
inat_152077156_262484454.jpg,152077156,262484454,cc-by-nc,positivo_conf_alta_sin_revisar,etiquetada,,1,1,1,0,0,0
inat_152077156_262484474.jpg,152077156,262484474,cc-by-nc,positivo_conf_alta_sin_revisar,etiquetada,,1,1,1,0,0,0
inat_152077156_262484491.jpg,152077156,262484491,cc-by-nc,positivo_conf_alta_sin_revisar,etiquetada,,1,1,1,0,0,0
inat_152171127_262647845.jpg,152171127,262647845,cc-by-nc,positivo_conf_alta_sin_revisar,etiquetada,,1,1,1,0,0,0
inat_152171127_262647862.jpg,152171127,262647862,cc-by-nc,positivo_conf_alta_sin_revisar,etiquetada,,1,1,0,1,0,0
inat_152171127_262647907.jpg,152171127,262647907,cc-by-nc,positivo_conf_alta_sin_revisar,etiquetada,,1,1,1,0,0,0
inat_152339767_262970622.jpg,152339767,262970622,cc-by-nc,positivo,etiquetada,,1,1,1,0,0,0
inat_152899586_264006998.jpg,152899586,264006998,cc-by,positivo_conf_alta_sin_revisar,etiquetada,,3,3,3,0,0,0
inat_152899586_264007021.jpg,152899586,264007021,cc-by,positivo,etiquetada,,0,2,0,0,0,2
inat_152988146_264163297.jpg,152988146,264163297,cc-by-nc,positivo,etiquetada,,0,2,0,0,0,2
inat_152988146_264163305.jpg,152988146,264163305,cc-by-nc,positivo_conf_alta_sin_revisar,etiquetada,,1,1,1,0,0,0
inat_152988146_264163315.jpg,152988146,264163315,cc-by-nc,positivo_conf_alta_sin_revisar,etiquetada,,2,1,1,0,1,0
inat_152988146_264163326.jpg,152988146,264163326,cc-by-nc,positivo,etiquetada,,1,1,0,0,1,1
inat_153335505_264823132.jpg,153335505,264823132,cc-by-nc,positivo,etiquetada,,0,1,0,0,0,1
inat_153335505_264823164.jpg,153335505,264823164,cc-by-nc,positivo,etiquetada,,0,1,0,0,0,1
inat_153335505_264823182.jpg,153335505,264823182,cc-by-nc,positivo,etiquetada,,0,1,0,0,0,1
inat_154433438_266843511.jpg,154433438,266843511,cc-by-nc,positivo,etiquetada,,1,1,1,0,0,0
inat_161011841_278271142.jpg,161011841,278271142,cc-by-nc,positivo_conf_alta_sin_revisar,etiquetada,,1,1,1,0,0,0
inat_161078514_278398046.jpg,161078514,278398046,cc-by-nc,positivo_conf_alta_sin_revisar,etiquetada,,1,1,1,0,0,0
inat_161078722_278398382.jpg,161078722,278398382,cc-by-nc,positivo,etiquetada,,0,1,0,0,0,1
inat_161078722_278398397.jpg,161078722,278398397,cc-by-nc,positivo,etiquetada,,0,1,0,0,0,1
inat_162413684_280829430.jpg,162413684,280829430,cc-by-nc,positivo_conf_alta_sin_revisar,etiquetada,,1,1,0,1,0,0
inat_165618594_286706998.jpg,165618594,286706998,cc-by-nc,positivo_conf_alta_sin_revisar,etiquetada,,1,1,1,0,0,0
inat_167356662_289908557.jpg,167356662,289908557,cc-by-nc,positivo_conf_alta_sin_revisar,etiquetada,,1,1,1,0,0,0
inat_167356664_289908566.jpg,167356664,289908566,cc-by-nc,positivo_conf_alta_sin_revisar,etiquetada,,1,1,0,1,0,0
inat_167356669_289908571.jpg,167356669,289908571,cc-by-nc,positivo,etiquetada,,1,1,1,0,0,0
inat_167356670_289908582.jpg,167356670,289908582,cc-by-nc,positivo_conf_alta_sin_revisar,etiquetada,,1,1,1,0,0,0
inat_167356671_289908593.jpg,167356671,289908593,cc-by-nc,positivo,etiquetada,,1,1,1,0,0,0
inat_167356673_289908609.jpg,167356673,289908609,cc-by-nc,positivo,etiquetada,,1,1,0,1,0,0
inat_167380575_289948357.jpg,167380575,289948357,cc-by,positivo_conf_alta_sin_revisar,etiquetada,,1,1,0,1,0,0
inat_167380575_289948384.jpg,167380575,289948384,cc-by,positivo_conf_alta_sin_revisar,etiquetada,,1,1,1,0,0,0
inat_167380575_289948407.jpg,167380575,289948407,cc-by,positivo_conf_alta_sin_revisar,etiquetada,,1,1,1,0,0,0
inat_168819965_292621345.jpg,168819965,292621345,cc-by-nc,positivo_conf_alta_sin_revisar,etiquetada,,1,1,1,0,0,0
inat_168819968_292621393.jpg,168819968,292621393,cc-by-nc,positivo,etiquetada,,1,1,1,0,0,0
inat_168819970_292621446.jpg,168819970,292621446,cc-by-nc,positivo_conf_alta_sin_revisar,etiquetada,,1,1,1,0,0,0
inat_168819979_292621563.jpg,168819979,292621563,cc-by-nc,positivo_conf_alta_sin_revisar,etiquetada,,1,1,1,0,0,0
inat_170940246_296561476.jpg,170940246,296561476,cc-by-nc,positivo_conf_alta_sin_revisar,etiquetada,,1,1,1,0,0,0
inat_170940246_296561499.jpg,170940246,296561499,cc-by-nc,positivo_conf_alta_sin_revisar,etiquetada,,1,1,1,0,0,0
inat_170940246_296561530.jpg,170940246,296561530,cc-by-nc,positivo_conf_alta_sin_revisar,etiquetada,,1,1,1,0,0,0
inat_170940246_296561558.jpg,170940246,296561558,cc-by-nc,positivo_conf_alta_sin_revisar,etiquetada,,1,1,1,0,0,0
inat_170940246_296561583.jpg,170940246,296561583,cc-by-nc,positivo_conf_alta_sin_revisar,etiquetada,,1,1,1,0,0,0
inat_170940246_296561602.jpg,170940246,296561602,cc-by-nc,positivo_conf_alta_sin_revisar,etiquetada,,1,1,1,0,0,0
inat_170940246_296561623.jpg,170940246,296561623,cc-by-nc,positivo_conf_alta_sin_revisar,etiquetada,,1,1,1,0,0,0
inat_170940246_296561642.jpg,170940246,296561642,cc-by-nc,positivo_conf_alta_sin_revisar,etiquetada,,1,1,1,0,0,0
inat_171567436_297727331.jpg,171567436,297727331,cc-by-nc,positivo_conf_alta_sin_revisar,etiquetada,,2,2,2,0,0,0
inat_173296416_300932597.jpg,173296416,300932597,cc-by-nc,positivo_conf_alta_sin_revisar,etiquetada,,1,1,1,0,0,0
inat_173296416_300932667.jpg,173296416,300932667,cc-by-nc,positivo_conf_alta_sin_revisar,etiquetada,,1,1,1,0,0,0
inat_173296416_300932744.jpg,173296416,300932744,cc-by-nc,positivo_conf_alta_sin_revisar,etiquetada,,1,1,1,0,0,0
inat_174381180_302938670.jpg,174381180,302938670,cc-by-nc,positivo_conf_alta_sin_revisar,etiquetada,,1,1,1,0,0,0
inat_175460020_304936637.jpg,175460020,304936637,cc-by-nc,positivo,etiquetada,,0,1,0,0,0,1
inat_175460020_304936660.jpg,175460020,304936660,cc-by-nc,positivo,etiquetada,,0,1,0,0,0,1
inat_175487199_304987098.jpg,175487199,304987098,cc-by-nc,positivo,etiquetada,,1,1,1,0,0,0
inat_182167210_317571726.jpg,182167210,317571726,cc-by-nc,positivo_conf_alta_sin_revisar,etiquetada,,1,1,1,0,0,0
inat_182167210_317571727.jpg,182167210,317571727,cc-by-nc,positivo_conf_alta_sin_revisar,etiquetada,,1,1,1,0,0,0
inat_182824046_318839266.jpg,182824046,318839266,cc-by-nc,positivo_conf_alta_sin_revisar,etiquetada,,1,1,1,0,0,0
inat_18304924_27968259.jpg,18304924,27968259,cc-by-nc,positivo_conf_alta_sin_revisar,etiquetada,,1,1,1,0,0,0
inat_18304927_27968301.jpg,18304927,27968301,cc-by-nc,positivo_conf_alta_sin_revisar,etiquetada,,1,1,1,0,0,0
inat_18304929_27968315.jpg,18304929,27968315,cc-by-nc,positivo_conf_alta_sin_revisar,etiquetada,,1,1,1,0,0,0
inat_184930345_322866890.jpg,184930345,322866890,cc-by-nc,positivo_conf_alta_sin_revisar,etiquetada,,2,1,1,0,1,0
inat_185165510_323340869.jpg,185165510,323340869,cc-by-nc,positivo_conf_alta_sin_revisar,etiquetada,,1,1,1,0,0,0
inat_185426608_323841091.jpg,185426608,323841091,cc-by-nc,positivo_conf_alta_sin_revisar,etiquetada,,3,1,1,0,2,0
inat_185509729_323996904.jpg,185509729,323996904,cc-by-nc,positivo_conf_alta_sin_revisar,etiquetada,,1,1,1,0,0,0
inat_18877345_28925395.jpg,18877345,28925395,cc-by-nc,positivo_conf_alta_sin_revisar,etiquetada,,1,1,1,0,0,0
inat_188886269_330732669.jpg,188886269,330732669,cc-by-nc,positivo_conf_alta_sin_revisar,etiquetada,,2,1,1,0,1,0
inat_189167054_331299048.jpg,189167054,331299048,cc-by-nc,positivo,etiquetada,,1,1,1,0,0,0
inat_189349548_331675662.jpg,189349548,331675662,cc-by-nc,positivo_conf_alta_sin_revisar,etiquetada,,1,1,1,0,0,0
inat_189472885_331930279.jpg,189472885,331930279,cc-by-nc,positivo,etiquetada,,0,1,0,0,0,1
inat_190068938_333113479.jpg,190068938,333113479,cc-by-nc,positivo_conf_alta_sin_revisar,etiquetada,,1,1,1,0,0,0
inat_190362112_333687325.jpg,190362112,333687325,cc-by-nc,positivo_conf_alta_sin_revisar,etiquetada,,1,1,1,0,0,0
inat_190412124_333788182_frame_000.jpg,190412124,333788182,cc-by-nc,positivo,etiquetada,,0,1,0,0,0,1
inat_190431127_333826343.jpg,190431127,333826343,cc-by-nc,positivo_conf_alta_sin_revisar,etiquetada,,2,1,1,0,1,0
inat_190431127_333826430.jpg,190431127,333826430,cc-by-nc,positivo_conf_alta_sin_revisar,etiquetada,,1,1,1,0,0,0
inat_190728161_334419616.jpg,190728161,334419616,cc-by-nc,positivo_conf_alta_sin_revisar,etiquetada,,1,1,0,1,0,0
inat_191714320_336389367.jpg,191714320,336389367,cc-by-nc,positivo,etiquetada,,1,1,0,0,1,1
inat_192459874_337861721.jpg,192459874,337861721,cc-by-nc,positivo_conf_alta_sin_revisar,etiquetada,,1,1,1,0,0,0
inat_193563889_340040527.jpg,193563889,340040527,cc-by-nc,positivo_conf_alta_sin_revisar,etiquetada,,1,1,1,0,0,0
inat_193563889_340040541.jpg,193563889,340040541,cc-by-nc,positivo,etiquetada,,0,1,0,0,0,1
inat_193563889_340040550.jpg,193563889,340040550,cc-by-nc,positivo,etiquetada,,1,1,1,0,0,0
inat_193563889_340040562.jpg,193563889,340040562,cc-by-nc,positivo,etiquetada,,1,1,0,1,0,0
inat_193563889_340040573.jpg,193563889,340040573,cc-by-nc,positivo,etiquetada,,0,1,0,0,0,1
inat_193563889_340040592.jpg,193563889,340040592,cc-by-nc,positivo,etiquetada,,0,1,0,0,0,1
inat_193988354_340871805.jpg,193988354,340871805,cc-by,positivo,etiquetada,,1,1,1,0,0,0
inat_193988354_340871808.jpg,193988354,340871808,cc-by,positivo,etiquetada,,0,1,0,0,0,1
inat_194197261_341291670.jpg,194197261,341291670,cc-by-nc,positivo_conf_alta_sin_revisar,etiquetada,,1,1,1,0,0,0
inat_194197261_341291687.jpg,194197261,341291687,cc-by-nc,positivo_conf_alta_sin_revisar,etiquetada,,1,1,1,0,0,0
inat_194934340_342795704.jpg,194934340,342795704,cc-by,positivo_conf_alta_sin_revisar,etiquetada,,1,1,1,0,0,0
inat_194934340_342795782.jpg,194934340,342795782,cc-by,positivo_conf_alta_sin_revisar,etiquetada,,1,1,1,0,0,0
inat_194934340_342795811.jpg,194934340,342795811,cc-by,positivo_conf_alta_sin_revisar,etiquetada,,1,1,0,1,0,0
inat_194934340_342795855.jpg,194934340,342795855,cc-by,positivo_conf_alta_sin_revisar,etiquetada,,1,1,1,0,0,0
inat_194934340_342795909.jpg,194934340,342795909,cc-by,positivo_conf_alta_sin_revisar,etiquetada,,1,1,1,0,0,0
inat_194934340_342795938.jpg,194934340,342795938,cc-by,positivo,etiquetada,,0,1,0,0,0,1
inat_194934340_342796026.jpg,194934340,342796026,cc-by,positivo_conf_alta_sin_revisar,etiquetada,,1,1,1,0,0,0
inat_195559045_344072676.jpg,195559045,344072676,cc-by,positivo_conf_alta_sin_revisar,etiquetada,,1,1,1,0,0,0
inat_195559045_344074298.jpg,195559045,344074298,cc-by,positivo,etiquetada,,0,1,0,0,0,1
inat_195579802_344114384.jpg,195579802,344114384,cc-by-nc,positivo_conf_alta_sin_revisar,etiquetada,,1,1,1,0,0,0
inat_195579802_344114399.jpg,195579802,344114399,cc-by-nc,positivo_conf_alta_sin_revisar,etiquetada,,1,1,1,0,0,0
inat_195579802_344114414.jpg,195579802,344114414,cc-by-nc,positivo_conf_alta_sin_revisar,etiquetada,,1,1,1,0,0,0
inat_195579802_344114436.jpg,195579802,344114436,cc-by-nc,positivo_conf_alta_sin_revisar,etiquetada,,1,1,1,0,0,0
inat_195817525_344593084.jpg,195817525,344593084,cc-by,positivo_conf_alta_sin_revisar,etiquetada,,1,1,1,0,0,0
inat_195817525_344593087.jpg,195817525,344593087,cc-by,positivo_conf_alta_sin_revisar,etiquetada,,1,1,1,0,0,0
inat_19606548_30185734.jpg,19606548,30185734,cc-by-nc,positivo_conf_alta_sin_revisar,etiquetada,,1,1,1,0,0,0
inat_19606548_30185737.jpg,19606548,30185737,cc-by-nc,positivo_conf_alta_sin_revisar,etiquetada,,1,1,1,0,0,0
inat_196124797_345208668.jpg,196124797,345208668,cc-by-nc,positivo,etiquetada,,0,1,0,0,0,1
inat_196124797_345208705.jpg,196124797,345208705,cc-by-nc,positivo,etiquetada,,0,1,0,0,0,1
inat_196859657_346571726_frame_000.jpg,196859657,346571726,cc-by-nc,positivo,etiquetada,,1,1,1,0,0,0
inat_196859657_346571726_frame_009.jpg,196859657,346571726,cc-by-nc,positivo,etiquetada,,1,1,0,1,0,0
inat_196860866_346574052.jpg,196860866,346574052,cc-by-nc,positivo_conf_alta_sin_revisar,etiquetada,,2,1,1,0,1,0
inat_196917960_346688999.jpg,196917960,346688999,cc-by-nc,positivo_conf_alta_sin_revisar,etiquetada,,1,1,1,0,0,0
inat_196918298_346691190_frame_001.jpg,196918298,346691190,cc-by-nc,positivo,etiquetada,,0,1,0,0,0,1
inat_196918298_346691190_frame_018.jpg,196918298,346691190,cc-by-nc,positivo,etiquetada,,0,1,0,0,0,1
inat_197070185_347000902_frame_000.jpg,197070185,347000902,cc-by-nc,positivo,etiquetada,,1,1,1,0,0,0
inat_197070185_347000902_frame_007.jpg,197070185,347000902,cc-by-nc,positivo,etiquetada,,0,1,0,0,0,1
inat_197070185_347000902_frame_009.jpg,197070185,347000902,cc-by-nc,positivo,etiquetada,,1,1,1,0,0,0
inat_197070875_347002485_frame_003.jpg,197070875,347002485,cc-by-nc,positivo,etiquetada,,0,1,0,0,0,1
inat_197070875_347002485_frame_038.jpg,197070875,347002485,cc-by-nc,positivo,etiquetada,,1,1,1,0,0,0
inat_197070875_347002485_frame_061.jpg,197070875,347002485,cc-by-nc,positivo,etiquetada,,1,1,1,0,0,0
inat_197071131_347003626.jpg,197071131,347003626,cc-by-nc,positivo_conf_alta_sin_revisar,etiquetada,,2,1,0,1,1,0
inat_197223589_347309107.jpg,197223589,347309107,cc-by-nc,positivo,etiquetada,,0,1,0,0,0,1
inat_197231536_347322704.jpg,197231536,347322704,cc-by-nc,positivo_conf_alta_sin_revisar,etiquetada,,1,1,1,0,0,0
inat_197231536_347322731.jpg,197231536,347322731,cc-by-nc,positivo_conf_alta_sin_revisar,etiquetada,,1,1,1,0,0,0
inat_197402719_347670771.jpg,197402719,347670771,cc-by-nc,positivo_conf_alta_sin_revisar,etiquetada,,1,1,1,0,0,0
inat_197402920_347671298.jpg,197402920,347671298,cc-by-nc,positivo_conf_alta_sin_revisar,etiquetada,,1,1,0,1,0,0
inat_197499498_347866473.jpg,197499498,347866473,cc-by-nc,positivo_conf_alta_sin_revisar,etiquetada,,1,1,1,0,0,0
inat_197499498_347866482.jpg,197499498,347866482,cc-by-nc,positivo_conf_alta_sin_revisar,etiquetada,,1,1,1,0,0,0
inat_197839918_348550682.jpg,197839918,348550682,cc-by,positivo,etiquetada,,0,1,0,0,0,1
inat_197839918_351831068.jpg,197839918,351831068,cc-by,positivo_conf_alta_sin_revisar,etiquetada,,2,1,1,0,1,0
inat_198577276_350030978.jpg,198577276,350030978,cc-by-nc,positivo_conf_alta_sin_revisar,etiquetada,,1,1,1,0,0,0
inat_198695778_350264124.jpg,198695778,350264124,cc-by-nc,positivo_conf_alta_sin_revisar,etiquetada,,1,1,1,0,0,0
inat_19930100_30745666.jpg,19930100,30745666,cc-by-nc,positivo,etiquetada,,0,1,0,0,0,1
inat_199368482_351583542.jpg,199368482,351583542,cc-by-nc,positivo_conf_alta_sin_revisar,etiquetada,,2,3,2,0,0,1
inat_199368552_351584124.jpg,199368552,351584124,cc-by-nc,positivo_conf_alta_sin_revisar,etiquetada,,1,1,1,0,0,0
inat_19947593_30777867.jpg,19947593,30777867,cc-by-nc,positivo_conf_alta_sin_revisar,etiquetada,,1,1,0,1,0,0
inat_199573459_351971525.jpg,199573459,351971525,cc-by-nc,positivo,etiquetada,,0,1,0,0,0,1
inat_199573459_351971596.jpg,199573459,351971596,cc-by-nc,positivo_conf_alta_sin_revisar,etiquetada,,1,1,1,0,0,0
inat_200322984_353408850.jpg,200322984,353408850,cc-by-nc,positivo_conf_alta_sin_revisar,etiquetada,,1,1,1,0,0,0
inat_201164936_355055168.jpg,201164936,355055168,cc-by,positivo_conf_alta_sin_revisar,etiquetada,,1,1,1,0,0,0
inat_201164936_355055203.jpg,201164936,355055203,cc-by,positivo_conf_alta_sin_revisar,etiquetada,,1,1,1,0,0,0
inat_20131658_31047441.jpg,20131658,31047441,cc-by-nc,positivo_conf_alta_sin_revisar,etiquetada,,1,1,1,0,0,0
inat_202007115_356690340.jpg,202007115,356690340,cc-by-nc,positivo_conf_alta_sin_revisar,etiquetada,,2,1,1,0,1,0
inat_202169168_357006903.jpg,202169168,357006903,cc-by-nc,positivo_conf_alta_sin_revisar,etiquetada,,1,1,1,0,0,0
inat_202169436_357007614.jpg,202169436,357007614,cc-by-nc,positivo_conf_alta_sin_revisar,etiquetada,,1,1,1,0,0,0
inat_202169795_357008330_frame_003.jpg,202169795,357008330,cc-by-nc,positivo,etiquetada,,1,1,1,0,0,0
inat_202169795_357008330_frame_010.jpg,202169795,357008330,cc-by-nc,positivo,etiquetada,,1,1,1,0,0,0
inat_202169795_357008330_frame_014.jpg,202169795,357008330,cc-by-nc,positivo,etiquetada,,0,1,0,0,0,1
inat_202170016_357008799_frame_003.jpg,202170016,357008799,cc-by-nc,positivo,etiquetada,,1,1,1,0,0,0
inat_202170016_357008799_frame_006.jpg,202170016,357008799,cc-by-nc,positivo,etiquetada,,1,1,1,0,0,0
inat_202170016_357008799_frame_009.jpg,202170016,357008799,cc-by-nc,positivo,etiquetada,,1,1,1,0,0,0
inat_202170016_357008799_frame_014.jpg,202170016,357008799,cc-by-nc,positivo,etiquetada,,1,1,1,0,0,0
inat_202170207_357009170.jpg,202170207,357009170,cc-by-nc,positivo_conf_alta_sin_revisar,etiquetada,,1,1,1,0,0,0
inat_20237971_31234275.jpg,20237971,31234275,cc-by-nc,positivo,etiquetada,,2,1,1,0,1,0
inat_20237971_31234280.jpg,20237971,31234280,cc-by-nc,positivo_conf_alta_sin_revisar,etiquetada,,2,1,1,0,1,0
inat_20237971_79034741.jpg,20237971,79034741,cc-by-nc,positivo_conf_alta_sin_revisar,etiquetada,,1,1,1,0,0,0
inat_20237971_79034742.jpg,20237971,79034742,cc-by-nc,positivo,etiquetada,,1,1,1,0,0,0
inat_20237971_79034743.jpg,20237971,79034743,cc-by-nc,positivo,etiquetada,,0,1,0,0,0,1
inat_20237971_79034744.jpg,20237971,79034744,cc-by-nc,positivo_conf_alta_sin_revisar,etiquetada,,1,1,1,0,0,0
inat_20237971_79034745.jpg,20237971,79034745,cc-by-nc,positivo,etiquetada,,1,1,1,0,0,0
inat_20237971_79034746.jpg,20237971,79034746,cc-by-nc,positivo,etiquetada,,0,1,0,0,0,1
inat_202554131_357751054.jpg,202554131,357751054,cc-by-nc,positivo_conf_alta_sin_revisar,etiquetada,,1,1,0,1,0,0
inat_202554131_357751069.jpg,202554131,357751069,cc-by-nc,positivo_conf_alta_sin_revisar,etiquetada,,1,1,1,0,0,0
inat_202554131_357751075.jpg,202554131,357751075,cc-by-nc,positivo_conf_alta_sin_revisar,etiquetada,,1,1,1,0,0,0
inat_202554131_357751175.jpg,202554131,357751175,cc-by-nc,positivo_conf_alta_sin_revisar,etiquetada,,1,1,1,0,0,0
inat_202554131_357751179.jpg,202554131,357751179,cc-by-nc,positivo_conf_alta_sin_revisar,etiquetada,,1,1,1,0,0,0
inat_202554131_357751191.jpg,202554131,357751191,cc-by-nc,positivo_conf_alta_sin_revisar,etiquetada,,1,1,1,0,0,0
inat_20264187_31278908.jpg,20264187,31278908,cc-by-nc,positivo_conf_alta_sin_revisar,etiquetada,,3,1,1,0,2,0
inat_20264187_31278915.jpg,20264187,31278915,cc-by-nc,positivo_conf_alta_sin_revisar,etiquetada,,1,1,0,0,1,1
inat_202957609_358520878.jpg,202957609,358520878,cc-by-nc,positivo_conf_alta_sin_revisar,etiquetada,,1,1,1,0,0,0
inat_204503138_361482848.jpg,204503138,361482848,cc-by-nc,positivo,etiquetada,,1,1,0,1,0,0
inat_204503138_361482859.jpg,204503138,361482859,cc-by-nc,positivo,etiquetada,,0,1,0,0,0,1
inat_204503138_361482862.jpg,204503138,361482862,cc-by-nc,positivo,etiquetada,,0,1,0,0,0,1
inat_204503138_361482873.jpg,204503138,361482873,cc-by-nc,positivo,etiquetada,,0,1,0,0,0,1
inat_204503138_361482881.jpg,204503138,361482881,cc-by-nc,positivo,etiquetada,,1,1,0,0,1,1
inat_204503138_361482888.jpg,204503138,361482888,cc-by-nc,positivo,etiquetada,,1,1,0,0,1,1
inat_204503138_361482889.jpg,204503138,361482889,cc-by-nc,positivo,etiquetada,,1,1,0,0,1,1
inat_204503138_361482910.jpg,204503138,361482910,cc-by-nc,positivo,etiquetada,,0,1,0,0,0,1
inat_206517028_365259213.jpg,206517028,365259213,cc-by-nc,positivo_conf_alta_sin_revisar,etiquetada,,1,1,1,0,0,0
inat_206517028_365259239.jpg,206517028,365259239,cc-by-nc,positivo_conf_alta_sin_revisar,etiquetada,,1,1,1,0,0,0
inat_206517028_365259261.jpg,206517028,365259261,cc-by-nc,positivo_conf_alta_sin_revisar,etiquetada,,1,1,1,0,0,0
inat_206517028_365259283.jpg,206517028,365259283,cc-by-nc,positivo_conf_alta_sin_revisar,etiquetada,,1,1,1,0,0,0
inat_207852911_367698207.jpg,207852911,367698207,cc-by-nc,positivo_conf_alta_sin_revisar,etiquetada,,1,1,1,0,0,0
inat_207852911_367698225.jpg,207852911,367698225,cc-by-nc,positivo_conf_alta_sin_revisar,etiquetada,,1,1,1,0,0,0
inat_207852911_367698244.jpg,207852911,367698244,cc-by-nc,positivo_conf_alta_sin_revisar,etiquetada,,2,2,2,0,0,0
inat_209124147_370061828.jpg,209124147,370061828,cc-by-nc,positivo_conf_alta_sin_revisar,etiquetada,,1,1,1,0,0,0
inat_209124147_370061830.jpg,209124147,370061830,cc-by-nc,positivo_conf_alta_sin_revisar,etiquetada,,1,1,1,0,0,0
inat_209124147_370061834.jpg,209124147,370061834,cc-by-nc,positivo_conf_alta_sin_revisar,etiquetada,,2,2,2,0,0,0
inat_209137859_370086414.jpg,209137859,370086414,cc-by-nc,positivo_conf_alta_sin_revisar,etiquetada,,1,1,1,0,0,0
inat_20996686_32428324.jpg,20996686,32428324,cc-by-nc,positivo,etiquetada,,0,1,0,0,0,1
inat_212924159_376275303.jpg,212924159,376275303,cc-by-nc,positivo,etiquetada,,0,1,0,0,0,1
inat_212924492_376275897.jpg,212924492,376275897,cc-by-nc,positivo_conf_alta_sin_revisar,etiquetada,,1,1,1,0,0,0
inat_214259825_378698589.jpg,214259825,378698589,cc-by-nc,positivo_conf_alta_sin_revisar,etiquetada,,2,1,1,0,1,0
inat_21451094_33189381.jpg,21451094,33189381,cc-by-nc,positivo,etiquetada,,0,1,0,0,0,1
inat_217136302_384088043.jpg,217136302,384088043,cc-by-nc,positivo,etiquetada,,0,1,0,0,0,1
inat_217731423_385212806.jpg,217731423,385212806,cc-by-nc,positivo_conf_alta_sin_revisar,etiquetada,,1,1,1,0,0,0
inat_219866404_389205473.jpg,219866404,389205473,cc-by-nc,positivo_conf_alta_sin_revisar,etiquetada,,1,1,1,0,0,0
inat_221440172_392151884.jpg,221440172,392151884,cc-by-nc,positivo_conf_alta_sin_revisar,etiquetada,,1,1,1,0,0,0
inat_22276563_34497962.jpg,22276563,34497962,cc-by-nc,positivo_conf_alta_sin_revisar,etiquetada,,1,1,1,0,0,0
inat_222900651_394888153.jpg,222900651,394888153,cc-by-nc,positivo_conf_alta_sin_revisar,etiquetada,,1,1,0,1,0,0
inat_224335919_397594433.jpg,224335919,397594433,cc-by,positivo_conf_alta_sin_revisar,etiquetada,,2,1,1,0,1,0
inat_224750818_398377940.jpg,224750818,398377940,cc-by-nc,positivo,etiquetada,,0,1,0,0,0,1
inat_224750911_398378148.jpg,224750911,398378148,cc-by-nc,positivo,etiquetada,,1,2,0,1,0,1
inat_224913815_398689035.jpg,224913815,398689035,cc-by-nc,positivo_conf_alta_sin_revisar,etiquetada,,1,1,1,0,0,0
inat_224913815_398689040.jpg,224913815,398689040,cc-by-nc,positivo_conf_alta_sin_revisar,etiquetada,,1,1,1,0,0,0
inat_225136894_399120893.jpg,225136894,399120893,cc-by-nc,positivo,etiquetada,,1,1,1,0,0,0
inat_227153601_402937708.jpg,227153601,402937708,cc-by-nc,positivo_conf_alta_sin_revisar,etiquetada,,1,1,1,0,0,0
inat_227170497_402966695.jpg,227170497,402966695,cc-by,positivo_conf_alta_sin_revisar,etiquetada,,1,1,0,1,0,0
inat_227170497_402966699.jpg,227170497,402966699,cc-by,positivo_conf_alta_sin_revisar,etiquetada,,1,1,1,0,0,0
inat_227170507_402966961.jpg,227170507,402966961,cc-by,positivo_conf_alta_sin_revisar,etiquetada,,1,1,1,0,0,0
inat_227170507_402966966.jpg,227170507,402966966,cc-by,positivo_conf_alta_sin_revisar,etiquetada,,1,1,1,0,0,0
inat_227614574_404251753.jpg,227614574,404251753,cc-by-nc,positivo,etiquetada,,0,1,0,0,0,1
inat_227661482_403900397.jpg,227661482,403900397,cc-by-nc,positivo_conf_alta_sin_revisar,etiquetada,,1,1,1,0,0,0
inat_227661482_403900511.jpg,227661482,403900511,cc-by-nc,positivo_conf_alta_sin_revisar,etiquetada,,1,1,1,0,0,0
inat_227661482_403900512.jpg,227661482,403900512,cc-by-nc,positivo_conf_alta_sin_revisar,etiquetada,,1,1,1,0,0,0
inat_227661482_403900562.jpg,227661482,403900562,cc-by-nc,positivo_conf_alta_sin_revisar,etiquetada,,1,1,1,0,0,0
inat_227661482_403900563.jpg,227661482,403900563,cc-by-nc,positivo_conf_alta_sin_revisar,etiquetada,,2,1,1,0,1,0
inat_227661482_403900589.jpg,227661482,403900589,cc-by-nc,positivo_conf_alta_sin_revisar,etiquetada,,3,1,0,1,2,0
inat_227661482_403900591.jpg,227661482,403900591,cc-by-nc,positivo_conf_alta_sin_revisar,etiquetada,,1,1,1,0,0,0
inat_227661482_403900612.jpg,227661482,403900612,cc-by-nc,positivo_conf_alta_sin_revisar,etiquetada,,2,1,1,0,1,0
inat_227661482_403900616.jpg,227661482,403900616,cc-by-nc,positivo_conf_alta_sin_revisar,etiquetada,,2,1,1,0,1,0
inat_227661482_403900643.jpg,227661482,403900643,cc-by-nc,positivo_conf_alta_sin_revisar,etiquetada,,1,1,1,0,0,0
inat_227661482_403900661.jpg,227661482,403900661,cc-by-nc,positivo_conf_alta_sin_revisar,etiquetada,,1,1,1,0,0,0
inat_227661482_403900670.jpg,227661482,403900670,cc-by-nc,positivo_conf_alta_sin_revisar,etiquetada,,1,1,1,0,0,0
inat_227661482_403900677.jpg,227661482,403900677,cc-by-nc,positivo_conf_alta_sin_revisar,etiquetada,,1,1,1,0,0,0
inat_227661482_403900683.jpg,227661482,403900683,cc-by-nc,positivo_conf_alta_sin_revisar,etiquetada,,1,1,1,0,0,0
inat_227661482_403900694.jpg,227661482,403900694,cc-by-nc,positivo_conf_alta_sin_revisar,etiquetada,,1,1,1,0,0,0
inat_227661482_403900700.jpg,227661482,403900700,cc-by-nc,positivo_conf_alta_sin_revisar,etiquetada,,1,1,1,0,0,0
inat_227661482_403900711.jpg,227661482,403900711,cc-by-nc,positivo_conf_alta_sin_revisar,etiquetada,,1,1,1,0,0,0
inat_227661482_403900713.jpg,227661482,403900713,cc-by-nc,positivo_conf_alta_sin_revisar,etiquetada,,1,1,1,0,0,0
inat_227661482_403900722.jpg,227661482,403900722,cc-by-nc,positivo_conf_alta_sin_revisar,etiquetada,,1,1,1,0,0,0
inat_227661482_403900738.jpg,227661482,403900738,cc-by-nc,positivo_conf_alta_sin_revisar,etiquetada,,1,1,1,0,0,0
inat_227792181_404145000.jpg,227792181,404145000,cc-by-nc,positivo_conf_alta_sin_revisar,etiquetada,,1,1,1,0,0,0
inat_227792181_404145081.jpg,227792181,404145081,cc-by-nc,positivo_conf_alta_sin_revisar,etiquetada,,1,1,1,0,0,0
inat_228124855_404780754.jpg,228124855,404780754,cc-by-nc,positivo_conf_alta_sin_revisar,etiquetada,,1,1,1,0,0,0
inat_229584992_407539493.jpg,229584992,407539493,cc-by-nc,positivo,etiquetada,,0,1,0,0,0,1
inat_229584992_407541356.jpg,229584992,407541356,cc-by-nc,positivo_conf_alta_sin_revisar,etiquetada,,2,1,1,0,1,0
inat_229987413_408306771.jpg,229987413,408306771,cc-by-nc,positivo_conf_alta_sin_revisar,etiquetada,,1,1,1,0,0,0
inat_233817249_415575053.jpg,233817249,415575053,cc-by-nc,positivo_conf_alta_sin_revisar,etiquetada,,1,1,1,0,0,0
inat_233817249_415575091.jpg,233817249,415575091,cc-by-nc,positivo_conf_alta_sin_revisar,etiquetada,,2,2,2,0,0,0
inat_235332563_418509011.jpg,235332563,418509011,cc-by-nc,positivo_conf_alta_sin_revisar,etiquetada,,1,1,1,0,0,0
inat_235332563_418509019.jpg,235332563,418509019,cc-by-nc,positivo_conf_alta_sin_revisar,etiquetada,,1,1,1,0,0,0
inat_235332563_418509059.jpg,235332563,418509059,cc-by-nc,positivo_conf_alta_sin_revisar,etiquetada,,1,1,1,0,0,0
inat_235344362_418531097.jpg,235344362,418531097,cc-by-nc,positivo_conf_alta_sin_revisar,etiquetada,,1,1,1,0,0,0
inat_235344362_418531797.jpg,235344362,418531797,cc-by-nc,positivo_conf_alta_sin_revisar,etiquetada,,1,1,1,0,0,0
inat_235345232_418532824.jpg,235345232,418532824,cc-by-nc,positivo_conf_alta_sin_revisar,etiquetada,,2,1,1,0,1,0
inat_235345232_418532869.jpg,235345232,418532869,cc-by-nc,positivo_conf_alta_sin_revisar,etiquetada,,3,3,3,0,0,0
inat_235345232_418532916.jpg,235345232,418532916,cc-by-nc,positivo_conf_alta_sin_revisar,etiquetada,,1,1,1,0,0,0
inat_235345232_418532974.jpg,235345232,418532974,cc-by-nc,positivo_conf_alta_sin_revisar,etiquetada,,1,1,1,0,0,0
inat_235464964_418766399.jpg,235464964,418766399,cc-by-nc,positivo_conf_alta_sin_revisar,etiquetada,,1,1,1,0,0,0
inat_235464964_418766462.jpg,235464964,418766462,cc-by-nc,positivo_conf_alta_sin_revisar,etiquetada,,1,1,1,0,0,0
inat_235464964_418766551.jpg,235464964,418766551,cc-by-nc,positivo_conf_alta_sin_revisar,etiquetada,,1,1,1,0,0,0
inat_238343677_424315719.jpg,238343677,424315719,cc-by-nc,positivo_conf_alta_sin_revisar,etiquetada,,1,1,1,0,0,0
inat_238343677_424394175.jpg,238343677,424394175,cc-by-nc,positivo_conf_alta_sin_revisar,etiquetada,,1,1,1,0,0,0
inat_238343677_424394390.jpg,238343677,424394390,cc-by-nc,positivo_conf_alta_sin_revisar,etiquetada,,1,1,1,0,0,0
inat_240838303_429114370.jpg,240838303,429114370,cc-by-nc,positivo_conf_alta_sin_revisar,etiquetada,,1,1,1,0,0,0
inat_244105568_435390292.jpg,244105568,435390292,cc-by-nc,positivo,etiquetada,,0,1,0,0,0,1
inat_244105568_435390759.jpg,244105568,435390759,cc-by-nc,positivo_conf_alta_sin_revisar,etiquetada,,1,1,1,0,0,0
inat_244105709_435390868.jpg,244105709,435390868,cc-by-nc,positivo_conf_alta_sin_revisar,etiquetada,,1,1,1,0,0,0
inat_244105709_435391126.jpg,244105709,435391126,cc-by-nc,positivo_conf_alta_sin_revisar,etiquetada,,1,1,1,0,0,0
inat_24426235_37772628.jpg,24426235,37772628,cc-by-nc,positivo_conf_alta_sin_revisar,etiquetada,,1,1,1,0,0,0
inat_244962862_437036584.jpg,244962862,437036584,cc-by-nc,positivo_conf_alta_sin_revisar,etiquetada,,1,2,0,1,0,1
inat_244962862_437036628.jpg,244962862,437036628,cc-by-nc,positivo_conf_alta_sin_revisar,etiquetada,,2,2,2,0,0,0
inat_244962862_437036679.jpg,244962862,437036679,cc-by-nc,positivo_conf_alta_sin_revisar,etiquetada,,1,1,1,0,0,0
inat_244962862_437036709.jpg,244962862,437036709,cc-by-nc,positivo_conf_alta_sin_revisar,etiquetada,,1,1,1,0,0,0
inat_247924795_442891531.jpg,247924795,442891531,cc-by-nc,positivo_conf_alta_sin_revisar,etiquetada,,1,1,1,0,0,0
inat_248518633_444064470.jpg,248518633,444064470,cc-by-nc,positivo,etiquetada,,0,1,0,0,0,1
inat_248518633_444064511.jpg,248518633,444064511,cc-by-nc,positivo_conf_alta_sin_revisar,etiquetada,,1,1,0,1,0,0
inat_249114207_445252794.jpg,249114207,445252794,cc-by-nc,positivo_conf_alta_sin_revisar,etiquetada,,1,1,1,0,0,0
inat_250622090_448266145.jpg,250622090,448266145,cc-by-nc,positivo_conf_alta_sin_revisar,etiquetada,,1,1,1,0,0,0
inat_250967820_448942886.jpg,250967820,448942886,cc-by-nc,positivo,etiquetada,,0,1,0,0,0,1
inat_250967820_448942887.jpg,250967820,448942887,cc-by-nc,positivo,etiquetada,,1,1,0,1,0,0
inat_250967820_448942890.jpg,250967820,448942890,cc-by-nc,positivo,etiquetada,,0,1,0,0,0,1
inat_251806640_450629396.jpg,251806640,450629396,cc-by-nc,positivo_conf_alta_sin_revisar,etiquetada,,1,1,1,0,0,0
inat_252065744_451149625.jpg,252065744,451149625,cc-by-nc,positivo,etiquetada,,0,1,0,0,0,1
inat_252065744_451149673.jpg,252065744,451149673,cc-by-nc,positivo_conf_alta_sin_revisar,etiquetada,,1,1,1,0,0,0
inat_252935526_452827520.jpg,252935526,452827520,cc-by,positivo,etiquetada,,1,1,1,0,0,0
inat_252952832_452856480.jpg,252952832,452856480,cc-by-nc,positivo_conf_alta_sin_revisar,etiquetada,,1,1,1,0,0,0
inat_253898562_454680396.jpg,253898562,454680396,cc-by-nc,positivo,etiquetada,,0,1,0,0,0,1
inat_253898562_454680432.jpg,253898562,454680432,cc-by-nc,positivo,etiquetada,,0,1,0,0,0,1
inat_253898562_454680485.jpg,253898562,454680485,cc-by-nc,positivo,etiquetada,,0,1,0,0,0,1
inat_254351030_455572394.jpg,254351030,455572394,cc-by-nc,positivo_conf_alta_sin_revisar,etiquetada,,1,2,1,0,0,1
inat_254557459_455977439.jpg,254557459,455977439,cc-by-nc,positivo,etiquetada,,0,1,0,0,0,1
inat_254557459_455977464.jpg,254557459,455977464,cc-by-nc,positivo_conf_alta_sin_revisar,etiquetada,,1,1,1,0,0,0
inat_254557459_455977469.jpg,254557459,455977469,cc-by-nc,positivo_conf_alta_sin_revisar,etiquetada,,1,1,1,0,0,0
inat_254557464_455977357.jpg,254557464,455977357,cc-by-nc,positivo,etiquetada,,0,1,0,0,0,1
inat_254557464_455977379.jpg,254557464,455977379,cc-by-nc,positivo,etiquetada,,1,1,1,0,0,0
inat_254557464_455977381.jpg,254557464,455977381,cc-by-nc,positivo,etiquetada,,1,1,1,0,0,0
inat_254557464_455977390.jpg,254557464,455977390,cc-by-nc,positivo_conf_alta_sin_revisar,etiquetada,,1,1,1,0,0,0
inat_254557464_455977395.jpg,254557464,455977395,cc-by-nc,positivo,etiquetada,,0,1,0,0,0,1
inat_254557464_455977405.jpg,254557464,455977405,cc-by-nc,positivo_conf_alta_sin_revisar,etiquetada,,1,1,1,0,0,0
inat_254557464_455977450.jpg,254557464,455977450,cc-by-nc,positivo_conf_alta_sin_revisar,etiquetada,,1,1,1,0,0,0
inat_254557465_455977429.jpg,254557465,455977429,cc-by-nc,positivo_conf_alta_sin_revisar,etiquetada,,1,1,1,0,0,0
inat_254557465_455977520.jpg,254557465,455977520,cc-by-nc,positivo_conf_alta_sin_revisar,etiquetada,,1,1,1,0,0,0
inat_254557465_455977526.jpg,254557465,455977526,cc-by-nc,positivo_conf_alta_sin_revisar,etiquetada,,1,1,1,0,0,0
inat_254557465_455977527.jpg,254557465,455977527,cc-by-nc,positivo_conf_alta_sin_revisar,etiquetada,,1,1,1,0,0,0
inat_254557465_455977556.jpg,254557465,455977556,cc-by-nc,positivo_conf_alta_sin_revisar,etiquetada,,1,1,1,0,0,0
inat_254557465_455977574.jpg,254557465,455977574,cc-by-nc,positivo_conf_alta_sin_revisar,etiquetada,,1,1,1,0,0,0
inat_255111054_457102130.jpg,255111054,457102130,cc-by-nc,positivo_conf_alta_sin_revisar,etiquetada,,1,1,0,1,0,0
inat_255542757_457966354.jpg,255542757,457966354,cc-by-nc,positivo,etiquetada,,0,1,0,0,0,1
inat_2560070_2851705.jpg,2560070,2851705,cc-by-nc,positivo_conf_alta_sin_revisar,etiquetada,,1,1,1,0,0,0
inat_2560070_2851716.jpg,2560070,2851716,cc-by-nc,positivo_conf_alta_sin_revisar,etiquetada,,1,1,1,0,0,0
inat_2560070_2851717.jpg,2560070,2851717,cc-by-nc,positivo_conf_alta_sin_revisar,etiquetada,,1,1,1,0,0,0
inat_2560070_2851718.jpg,2560070,2851718,cc-by-nc,positivo_conf_alta_sin_revisar,etiquetada,,2,2,2,0,0,0
inat_2560070_2851719.jpg,2560070,2851719,cc-by-nc,positivo_conf_alta_sin_revisar,etiquetada,,1,1,1,0,0,0
inat_2560070_2851729.jpg,2560070,2851729,cc-by-nc,positivo_conf_alta_sin_revisar,etiquetada,,1,1,1,0,0,0
inat_2560070_2851730.jpg,2560070,2851730,cc-by-nc,positivo,etiquetada,,3,1,1,0,2,0
inat_2560070_2851731.jpg,2560070,2851731,cc-by-nc,positivo,etiquetada,,1,1,1,0,0,0
inat_256663767_460239841.jpg,256663767,460239841,cc-by-nc,positivo_conf_alta_sin_revisar,etiquetada,,1,1,1,0,0,0
inat_256663767_460239842.jpg,256663767,460239842,cc-by-nc,positivo_conf_alta_sin_revisar,etiquetada,,1,1,1,0,0,0
inat_256920636_460748167.jpg,256920636,460748167,cc-by-nc,positivo,etiquetada,,0,1,0,0,0,1
inat_256920636_460748174.jpg,256920636,460748174,cc-by-nc,positivo,etiquetada,,1,1,0,0,1,1
inat_256920636_460748177.jpg,256920636,460748177,cc-by-nc,positivo,etiquetada,,2,1,1,0,1,0
inat_256920636_460748196.jpg,256920636,460748196,cc-by-nc,positivo_conf_alta_sin_revisar,etiquetada,,1,1,1,0,0,0
inat_256920636_460748203.jpg,256920636,460748203,cc-by-nc,positivo_conf_alta_sin_revisar,etiquetada,,1,1,1,0,0,0
inat_256920636_460748212.jpg,256920636,460748212,cc-by-nc,positivo,etiquetada,,0,1,0,0,0,1
inat_256920636_460748227.jpg,256920636,460748227,cc-by-nc,positivo,etiquetada,,1,1,1,0,0,0
inat_257799432_462519642.jpg,257799432,462519642,cc-by-nc,positivo,etiquetada,,1,1,1,0,0,0
inat_258055864_463351279.jpg,258055864,463351279,cc-by,positivo,etiquetada,,0,1,0,0,0,1
inat_258055864_463351283.jpg,258055864,463351283,cc-by,positivo,etiquetada,,0,1,0,0,0,1
inat_258055864_463351285.jpg,258055864,463351285,cc-by,positivo_conf_alta_sin_revisar,etiquetada,,1,1,1,0,0,0
inat_258081313_462989325.jpg,258081313,462989325,cc-by-nc,positivo_conf_alta_sin_revisar,etiquetada,,1,1,1,0,0,0
inat_258082272_462991145.jpg,258082272,462991145,cc-by-nc,positivo_conf_alta_sin_revisar,etiquetada,,1,1,1,0,0,0
inat_258741220_464302163.jpg,258741220,464302163,cc-by-nc,positivo,etiquetada,,0,1,0,0,0,1
inat_258779859_464380123.jpg,258779859,464380123,cc-by-nc,positivo,etiquetada,,0,1,0,0,0,1
inat_258779859_464380166.jpg,258779859,464380166,cc-by-nc,positivo,etiquetada,,0,1,0,0,0,1
inat_258779859_464380187.jpg,258779859,464380187,cc-by-nc,positivo,etiquetada,,0,1,0,0,0,1
inat_259056666_464944617.jpg,259056666,464944617,cc-by-nc,positivo_conf_alta_sin_revisar,etiquetada,,1,1,0,1,0,0
inat_259116687_465065361.jpg,259116687,465065361,cc-by-nc,positivo_conf_alta_sin_revisar,etiquetada,,2,1,0,1,1,0
inat_259190243_465214962.jpg,259190243,465214962,cc-by-nc,positivo_conf_alta_sin_revisar,etiquetada,,1,1,1,0,0,0
inat_259190243_465214963.jpg,259190243,465214963,cc-by-nc,positivo,etiquetada,,1,1,1,0,0,0
inat_259190243_465214966.jpg,259190243,465214966,cc-by-nc,positivo,etiquetada,,0,1,0,0,0,1
inat_259190243_465214968.jpg,259190243,465214968,cc-by-nc,positivo,etiquetada,,2,2,2,0,0,0
inat_259324434_465490908.jpg,259324434,465490908,cc-by-nc,positivo,etiquetada,,1,1,1,0,0,0
inat_259942471_466721805.jpg,259942471,466721805,cc-by-nc,positivo,etiquetada,,0,1,0,0,0,1
inat_259993810_466822366.jpg,259993810,466822366,cc-by-nc,positivo_conf_alta_sin_revisar,etiquetada,,1,1,1,0,0,0
inat_261800879_470407640.jpg,261800879,470407640,cc-by-nc,positivo_conf_alta_sin_revisar,etiquetada,,1,2,1,0,0,1
inat_261800879_470407656.jpg,261800879,470407656,cc-by-nc,positivo,etiquetada,,1,2,1,0,0,1
inat_261800879_470407661.jpg,261800879,470407661,cc-by-nc,positivo_conf_alta_sin_revisar,etiquetada,,1,1,1,0,0,0
inat_261800879_470407673.jpg,261800879,470407673,cc-by-nc,positivo,etiquetada,,0,1,0,0,0,1
inat_262751605_471893313.jpg,262751605,471893313,cc-by-nc,positivo_conf_alta_sin_revisar,etiquetada,,1,1,1,0,0,0
inat_262751605_471893335.jpg,262751605,471893335,cc-by-nc,positivo_conf_alta_sin_revisar,etiquetada,,1,1,1,0,0,0
inat_264029265_474419386.jpg,264029265,474419386,cc-by-nc,positivo_conf_alta_sin_revisar,etiquetada,,1,2,0,0,1,2
inat_264998337_475917067.jpg,264998337,475917067,cc-by-nc,positivo_conf_alta_sin_revisar,etiquetada,,2,1,1,0,1,0
inat_264998337_475917075.jpg,264998337,475917075,cc-by-nc,positivo_conf_alta_sin_revisar,etiquetada,,1,1,0,1,0,0
inat_265296922_476506075.jpg,265296922,476506075,cc-by-nc,positivo_conf_alta_sin_revisar,etiquetada,,2,1,1,0,1,0
inat_265298117_476508500.jpg,265298117,476508500,cc-by-nc,positivo_conf_alta_sin_revisar,etiquetada,,2,2,2,0,0,0
inat_265299837_476512095.jpg,265299837,476512095,cc-by-nc,positivo_conf_alta_sin_revisar,etiquetada,,1,1,1,0,0,0
inat_265301011_476513657.jpg,265301011,476513657,cc-by-nc,positivo_conf_alta_sin_revisar,etiquetada,,1,1,1,0,0,0
inat_265795461_477485251.jpg,265795461,477485251,cc-by-nc,positivo,etiquetada,,2,1,1,0,1,0
inat_265833436_477561438.jpg,265833436,477561438,cc-by-nc,positivo,etiquetada,,1,1,0,1,0,0
inat_265870047_477630278.jpg,265870047,477630278,cc-by,positivo_conf_alta_sin_revisar,etiquetada,,1,1,1,0,0,0
inat_266506102_478850363.jpg,266506102,478850363,cc-by-nc,positivo_conf_alta_sin_revisar,etiquetada,,1,1,1,0,0,0
inat_266506102_478850370.jpg,266506102,478850370,cc-by-nc,positivo_conf_alta_sin_revisar,etiquetada,,1,1,1,0,0,0
inat_266506102_478850392.jpg,266506102,478850392,cc-by-nc,positivo_conf_alta_sin_revisar,etiquetada,,1,1,1,0,0,0
inat_266506102_478850403.jpg,266506102,478850403,cc-by-nc,positivo_conf_alta_sin_revisar,etiquetada,,1,1,1,0,0,0
inat_266506102_478850411.jpg,266506102,478850411,cc-by-nc,positivo_conf_alta_sin_revisar,etiquetada,,1,1,1,0,0,0
inat_266506102_478850435.jpg,266506102,478850435,cc-by-nc,positivo_conf_alta_sin_revisar,etiquetada,,1,1,1,0,0,0
inat_266506102_478850468.jpg,266506102,478850468,cc-by-nc,positivo_conf_alta_sin_revisar,etiquetada,,1,2,0,1,0,1
inat_266506102_478850477.jpg,266506102,478850477,cc-by-nc,positivo_conf_alta_sin_revisar,etiquetada,,1,1,0,1,0,0
inat_266506102_478850487.jpg,266506102,478850487,cc-by-nc,positivo_conf_alta_sin_revisar,etiquetada,,1,1,1,0,0,0
inat_266506102_478850498.jpg,266506102,478850498,cc-by-nc,positivo_conf_alta_sin_revisar,etiquetada,,1,1,0,1,0,0
inat_266506102_478850506.jpg,266506102,478850506,cc-by-nc,positivo_conf_alta_sin_revisar,etiquetada,,1,1,1,0,0,0
inat_266506102_478850600.jpg,266506102,478850600,cc-by-nc,positivo_conf_alta_sin_revisar,etiquetada,,2,2,2,0,0,0
inat_266506102_482140439.jpg,266506102,482140439,cc-by-nc,positivo_conf_alta_sin_revisar,etiquetada,,1,1,1,0,0,0
inat_267557014_480831177.jpg,267557014,480831177,cc-by-nc,positivo_conf_alta_sin_revisar,etiquetada,,1,2,0,1,0,1
inat_267557014_480831191.jpg,267557014,480831191,cc-by-nc,positivo_conf_alta_sin_revisar,etiquetada,,3,3,2,0,1,1
inat_268470121_482565329.jpg,268470121,482565329,cc-by-nc,positivo,etiquetada,,2,1,0,1,1,0
inat_268470121_482565513.jpg,268470121,482565513,cc-by-nc,positivo_conf_alta_sin_revisar,etiquetada,,2,1,0,1,1,0
inat_268470126_482565702.jpg,268470126,482565702,cc-by-nc,positivo_conf_alta_sin_revisar,etiquetada,,1,1,0,1,0,0
inat_268470424_482568294.jpg,268470424,482568294,cc-by-nc,positivo_conf_alta_sin_revisar,etiquetada,,1,1,1,0,0,0
inat_268470424_482568306.jpg,268470424,482568306,cc-by-nc,positivo_conf_alta_sin_revisar,etiquetada,,1,1,1,0,0,0
inat_268470426_482568307.jpg,268470426,482568307,cc-by-nc,positivo_conf_alta_sin_revisar,etiquetada,,2,2,2,0,0,0
inat_268470426_482568314.jpg,268470426,482568314,cc-by-nc,positivo_conf_alta_sin_revisar,etiquetada,,1,1,1,0,0,0
inat_268470426_482568326.jpg,268470426,482568326,cc-by-nc,positivo_conf_alta_sin_revisar,etiquetada,,1,1,1,0,0,0
inat_268470426_482568339.jpg,268470426,482568339,cc-by-nc,positivo_conf_alta_sin_revisar,etiquetada,,2,2,2,0,0,0
inat_268470426_482568341.jpg,268470426,482568341,cc-by-nc,positivo_conf_alta_sin_revisar,etiquetada,,2,2,2,0,0,0
inat_268470426_482568347.jpg,268470426,482568347,cc-by-nc,positivo_conf_alta_sin_revisar,etiquetada,,1,1,1,0,0,0
inat_268470426_482569047.jpg,268470426,482569047,cc-by-nc,positivo_conf_alta_sin_revisar,etiquetada,,2,2,2,0,0,0
inat_268470426_482569060.jpg,268470426,482569060,cc-by-nc,positivo_conf_alta_sin_revisar,etiquetada,,1,1,1,0,0,0
inat_268470426_482569079.jpg,268470426,482569079,cc-by-nc,positivo_conf_alta_sin_revisar,etiquetada,,1,1,1,0,0,0
inat_268662277_482948605.jpg,268662277,482948605,cc-by-nc,positivo,etiquetada,,0,1,0,0,0,1
inat_268662277_482948665.jpg,268662277,482948665,cc-by-nc,positivo_conf_alta_sin_revisar,etiquetada,,1,1,1,0,0,0
inat_268662277_482948786.jpg,268662277,482948786,cc-by-nc,positivo,etiquetada,,1,1,1,0,0,0
inat_268662277_482948892.jpg,268662277,482948892,cc-by-nc,positivo_conf_alta_sin_revisar,etiquetada,,1,1,1,0,0,0
inat_269793080_485132362.jpg,269793080,485132362,cc-by-nc,positivo,etiquetada,,1,1,1,0,0,0
inat_270722673_486899149.jpg,270722673,486899149,cc-by-nc,positivo_conf_alta_sin_revisar,etiquetada,,1,1,0,1,0,0
inat_270722673_486899230.jpg,270722673,486899230,cc-by-nc,positivo,etiquetada,,0,1,0,0,0,1
inat_270722673_486899282.jpg,270722673,486899282,cc-by-nc,positivo,etiquetada,,1,1,1,0,0,0
inat_272490239_490236512.jpg,272490239,490236512,cc-by-nc,positivo_conf_alta_sin_revisar,etiquetada,,1,1,1,0,0,0
inat_272590682_490415245.jpg,272590682,490415245,cc-by-nc,positivo_conf_alta_sin_revisar,etiquetada,,1,1,1,0,0,0
inat_27421724_42666546.jpg,27421724,42666546,cc-by-nc,positivo_conf_alta_sin_revisar,etiquetada,,1,1,1,0,0,0
inat_27766119_43234876.jpg,27766119,43234876,cc0,positivo,etiquetada,,0,1,0,0,0,1
inat_27766119_43235343.jpg,27766119,43235343,cc0,positivo_conf_alta_sin_revisar,etiquetada,,1,1,1,0,0,0
inat_27766119_43720909.jpg,27766119,43720909,cc0,positivo_conf_alta_sin_revisar,etiquetada,,1,1,1,0,0,0
inat_277766545_499235883.jpg,277766545,499235883,cc-by-nc,positivo_conf_alta_sin_revisar,etiquetada,,1,1,1,0,0,0
inat_277766545_499236889.jpg,277766545,499236889,cc-by-nc,positivo_conf_alta_sin_revisar,etiquetada,,1,1,1,0,0,0
inat_277766545_499236938.jpg,277766545,499236938,cc-by-nc,positivo_conf_alta_sin_revisar,etiquetada,,1,1,1,0,0,0
inat_277949312_499083372.jpg,277949312,499083372,cc-by-nc,positivo_conf_alta_sin_revisar,etiquetada,,1,1,1,0,0,0
inat_279694118_502274628.jpg,279694118,502274628,cc-by-nc,positivo,etiquetada,,0,1,0,0,0,1
inat_280575921_503933806.jpg,280575921,503933806,cc-by-nc,positivo_conf_alta_sin_revisar,etiquetada,,1,1,1,0,0,0
inat_280575921_503933870.jpg,280575921,503933870,cc-by-nc,positivo_conf_alta_sin_revisar,etiquetada,,1,1,1,0,0,0
inat_280575921_503933974.jpg,280575921,503933974,cc-by-nc,positivo_conf_alta_sin_revisar,etiquetada,,1,1,1,0,0,0
inat_280575921_503934024.jpg,280575921,503934024,cc-by-nc,positivo_conf_alta_sin_revisar,etiquetada,,1,2,0,0,1,2
inat_280575921_503934062.jpg,280575921,503934062,cc-by-nc,positivo_conf_alta_sin_revisar,etiquetada,,1,1,1,0,0,0
inat_280575921_503934146.jpg,280575921,503934146,cc-by-nc,positivo_conf_alta_sin_revisar,etiquetada,,2,2,0,1,1,1
inat_281368015_505426966.jpg,281368015,505426966,cc-by-nc,positivo_conf_alta_sin_revisar,etiquetada,,1,1,1,0,0,0
inat_281368015_505426999.jpg,281368015,505426999,cc-by-nc,positivo_conf_alta_sin_revisar,etiquetada,,1,1,1,0,0,0
inat_282722776_507961208.jpg,282722776,507961208,cc-by-nc,positivo,etiquetada,,1,1,0,1,0,0
inat_283456371_509329243.jpg,283456371,509329243,cc-by-nc,positivo_conf_alta_sin_revisar,etiquetada,,1,1,1,0,0,0
inat_283456371_509329246.jpg,283456371,509329246,cc-by-nc,positivo_conf_alta_sin_revisar,etiquetada,,1,1,1,0,0,0
inat_283456371_509329267.jpg,283456371,509329267,cc-by-nc,positivo,etiquetada,,1,1,1,0,0,0
inat_283456371_509329274.jpg,283456371,509329274,cc-by-nc,positivo,etiquetada,,0,1,0,0,0,1
inat_283456371_509329275.jpg,283456371,509329275,cc-by-nc,positivo_conf_alta_sin_revisar,etiquetada,,1,1,1,0,0,0
inat_284277908_510877837.jpg,284277908,510877837,cc-by-nc,positivo_conf_alta_sin_revisar,etiquetada,,1,1,1,0,0,0
inat_28433063_44323320.jpg,28433063,44323320,cc-by-nc,positivo_conf_alta_sin_revisar,etiquetada,,1,1,1,0,0,0
inat_284738733_511750565.jpg,284738733,511750565,cc-by-nc,positivo_conf_alta_sin_revisar,etiquetada,,1,1,1,0,0,0
inat_284738734_511750566.jpg,284738734,511750566,cc-by-nc,positivo,etiquetada,,1,1,1,0,0,0
inat_285063137_512363563.jpg,285063137,512363563,cc-by-nc,positivo_conf_alta_sin_revisar,etiquetada,,1,1,1,0,0,0
inat_285074463_512384149.jpg,285074463,512384149,cc-by-nc,positivo_conf_alta_sin_revisar,etiquetada,,1,1,1,0,0,0
inat_285074463_512384216.jpg,285074463,512384216,cc-by-nc,positivo_conf_alta_sin_revisar,etiquetada,,1,1,1,0,0,0
inat_285074463_512441181.jpg,285074463,512441181,cc-by-nc,positivo,etiquetada,,1,1,1,0,0,0
inat_285074463_512444036.jpg,285074463,512444036,cc-by-nc,positivo_conf_alta_sin_revisar,etiquetada,,1,1,1,0,0,0
inat_285144458_512510335.jpg,285144458,512510335,cc-by-nc,positivo_conf_alta_sin_revisar,etiquetada,,1,1,1,0,0,0
inat_285192120_512613584.jpg,285192120,512613584,cc-by-nc,positivo,etiquetada,,1,1,1,0,0,0
inat_285237118_512690775.jpg,285237118,512690775,cc-by-nc,positivo,etiquetada,,1,1,1,0,0,0
inat_285367347_512928443.jpg,285367347,512928443,cc-by-nc,positivo,etiquetada,,0,1,0,0,0,1
inat_285367347_512930586.jpg,285367347,512930586,cc-by-nc,positivo_conf_alta_sin_revisar,etiquetada,,1,1,1,0,0,0
inat_285368666_512930939.jpg,285368666,512930939,cc-by-nc,positivo,etiquetada,,0,1,0,0,0,1
inat_285368666_512930982.jpg,285368666,512930982,cc-by-nc,positivo,etiquetada,,1,1,1,0,0,0
inat_285384907_512960923.jpg,285384907,512960923,cc-by-nc,positivo_conf_alta_sin_revisar,etiquetada,,1,1,1,0,0,0
inat_285946390_514008226.jpg,285946390,514008226,cc-by-nc,positivo,etiquetada,,0,2,0,0,0,2
inat_286358549_514792343.jpg,286358549,514792343,cc-by,positivo_conf_alta_sin_revisar,etiquetada,,1,1,1,0,0,0
inat_286359998_514794990.jpg,286359998,514794990,cc-by,positivo_conf_alta_sin_revisar,etiquetada,,1,1,1,0,0,0
inat_287330384_516628710.jpg,287330384,516628710,cc-by,positivo_conf_alta_sin_revisar,etiquetada,,1,1,1,0,0,0
inat_287330384_516628722.jpg,287330384,516628722,cc-by,positivo_conf_alta_sin_revisar,etiquetada,,1,1,1,0,0,0
inat_287420663_516833638.jpg,287420663,516833638,cc-by-nc,positivo_conf_alta_sin_revisar,etiquetada,,1,1,1,0,0,0
inat_287420663_516833719.jpg,287420663,516833719,cc-by-nc,positivo_conf_alta_sin_revisar,etiquetada,,1,1,1,0,0,0
inat_288091427_518053917.jpg,288091427,518053917,cc-by-nc,positivo_conf_alta_sin_revisar,etiquetada,,1,1,1,0,0,0
inat_290515920_522621411.jpg,290515920,522621411,cc-by-nc,positivo,etiquetada,,0,1,0,0,0,1
inat_290515920_522621917.jpg,290515920,522621917,cc-by-nc,positivo,etiquetada,,1,1,1,0,0,0
inat_291331507_524157785.jpg,291331507,524157785,cc-by-nc,positivo_conf_alta_sin_revisar,etiquetada,,1,1,1,0,0,0
inat_293909205_528976191.jpg,293909205,528976191,cc-by,positivo_conf_alta_sin_revisar,etiquetada,,1,1,1,0,0,0
inat_293909205_528976195.jpg,293909205,528976195,cc-by,positivo_conf_alta_sin_revisar,etiquetada,,1,1,1,0,0,0
inat_293909205_528976199.jpg,293909205,528976199,cc-by,positivo_conf_alta_sin_revisar,etiquetada,,1,1,1,0,0,0
inat_293909205_528976213.jpg,293909205,528976213,cc-by,positivo_conf_alta_sin_revisar,etiquetada,,1,1,1,0,0,0
inat_295090976_531206083.jpg,295090976,531206083,cc-by-nc,positivo_conf_alta_sin_revisar,etiquetada,,1,1,1,0,0,0
inat_297975893_536680519.jpg,297975893,536680519,cc-by-nc,positivo_conf_alta_sin_revisar,etiquetada,,1,1,1,0,0,0
inat_298187182_537084628.jpg,298187182,537084628,cc-by-nc,positivo_conf_alta_sin_revisar,etiquetada,,1,1,1,0,0,0
inat_298208812_537123972.jpg,298208812,537123972,cc-by-nc,positivo,etiquetada,,0,1,0,0,0,1
inat_298208812_537123982.jpg,298208812,537123982,cc-by-nc,positivo,etiquetada,,0,1,0,0,0,1
inat_298208812_537123989.jpg,298208812,537123989,cc-by-nc,positivo,etiquetada,,0,1,0,0,0,1
inat_298209541_537125624.jpg,298209541,537125624,cc-by-nc,positivo_conf_alta_sin_revisar,etiquetada,,1,2,1,0,0,1
inat_299188751_539006021.jpg,299188751,539006021,cc-by-nc,positivo_conf_alta_sin_revisar,etiquetada,,1,1,1,0,0,0
inat_299188902_539063411.jpg,299188902,539063411,cc-by-nc,positivo_conf_alta_sin_revisar,etiquetada,,1,1,1,0,0,0
inat_300220401_540915631.jpg,300220401,540915631,cc-by-nc,positivo,etiquetada,,0,1,0,0,0,1
inat_300220401_540915658.jpg,300220401,540915658,cc-by-nc,positivo_conf_alta_sin_revisar,etiquetada,,1,1,1,0,0,0
inat_301591929_543472685.jpg,301591929,543472685,cc-by-nc,positivo_conf_alta_sin_revisar,etiquetada,,1,1,1,0,0,0
inat_302629230_545409424.jpg,302629230,545409424,cc-by-nc,positivo_conf_alta_sin_revisar,etiquetada,,1,1,1,0,0,0
inat_302629230_545409457.jpg,302629230,545409457,cc-by-nc,positivo,etiquetada,,0,1,0,0,0,1
inat_302629230_545409558.jpg,302629230,545409558,cc-by-nc,positivo,etiquetada,,2,1,1,0,1,0
inat_30395026_47486195.jpg,30395026,47486195,cc-by-nc,positivo_conf_alta_sin_revisar,etiquetada,,1,1,1,0,0,0
inat_30395026_47487220.jpg,30395026,47487220,cc-by-nc,positivo_conf_alta_sin_revisar,etiquetada,,1,1,1,0,0,0
inat_30395029_47486200.jpg,30395029,47486200,cc-by-nc,positivo_conf_alta_sin_revisar,etiquetada,,1,1,1,0,0,0
inat_30395029_47487155.jpg,30395029,47487155,cc-by-nc,positivo,etiquetada,,1,1,1,0,0,0
inat_30395029_47487157.jpg,30395029,47487157,cc-by-nc,positivo_conf_alta_sin_revisar,etiquetada,,1,1,1,0,0,0
inat_30406242_47505659.jpg,30406242,47505659,cc-by-nc,positivo,etiquetada,,0,1,0,0,0,1
inat_304138673_548222120.jpg,304138673,548222120,cc-by-nc,positivo_conf_alta_sin_revisar,etiquetada,,1,1,1,0,0,0
inat_30442666_47561320.jpg,30442666,47561320,cc-by-nc,positivo,etiquetada,,0,1,0,0,0,1
inat_305407568_550658102.jpg,305407568,550658102,cc-by-nc,positivo_conf_alta_sin_revisar,etiquetada,,1,1,1,0,0,0
inat_305919474_551631851.jpg,305919474,551631851,cc-by-nc,positivo,etiquetada,,0,1,0,0,0,1
inat_306237482_552237593.jpg,306237482,552237593,cc-by-nc,positivo_conf_alta_sin_revisar,etiquetada,,1,1,1,0,0,0
inat_306598736_552927137.jpg,306598736,552927137,cc-by-nc,positivo_conf_alta_sin_revisar,etiquetada,,1,1,0,1,0,0
inat_306598736_552927291.jpg,306598736,552927291,cc-by-nc,positivo,etiquetada,,1,1,0,0,1,1
inat_309053072_557645904.jpg,309053072,557645904,cc-by-nc,positivo_conf_alta_sin_revisar,etiquetada,,1,1,1,0,0,0
inat_30943799_48379001.jpg,30943799,48379001,cc-by-nc,positivo_conf_alta_sin_revisar,etiquetada,,1,1,1,0,0,0
inat_30943799_48379137.jpg,30943799,48379137,cc-by-nc,positivo,etiquetada,,1,1,1,0,0,0
inat_30975850_48433285.jpg,30975850,48433285,cc-by-nc,positivo,etiquetada,,1,1,1,0,0,0
inat_30976331_48434188.jpg,30976331,48434188,cc-by-nc,positivo_conf_alta_sin_revisar,etiquetada,,1,1,1,0,0,0
inat_30976331_48434214.jpg,30976331,48434214,cc-by-nc,positivo,etiquetada,,0,1,0,0,0,1
inat_30977930_48437451.jpg,30977930,48437451,cc-by-nc,positivo_conf_alta_sin_revisar,etiquetada,,1,3,0,0,1,3
inat_30978130_48437857.jpg,30978130,48437857,cc-by-nc,positivo_conf_alta_sin_revisar,etiquetada,,1,1,1,0,0,0
inat_30980753_48441294.jpg,30980753,48441294,cc-by-nc,positivo_conf_alta_sin_revisar,etiquetada,,1,1,1,0,0,0
inat_30980753_48441333.jpg,30980753,48441333,cc-by-nc,positivo,etiquetada,,0,1,0,0,0,1
inat_30980969_48441675.jpg,30980969,48441675,cc-by-nc,positivo_conf_alta_sin_revisar,etiquetada,,1,1,1,0,0,0
inat_310110391_559657685.jpg,310110391,559657685,cc-by-nc,positivo_conf_alta_sin_revisar,etiquetada,,3,3,3,0,0,0
inat_311006082_561375836.jpg,311006082,561375836,cc-by-nc,positivo_conf_alta_sin_revisar,etiquetada,,1,1,1,0,0,0
inat_311006082_561375871.jpg,311006082,561375871,cc-by-nc,positivo,etiquetada,,0,1,0,0,0,1
inat_311006082_561375898.jpg,311006082,561375898,cc-by-nc,positivo_conf_alta_sin_revisar,etiquetada,,1,1,1,0,0,0
inat_311006082_561375926.jpg,311006082,561375926,cc-by-nc,positivo_conf_alta_sin_revisar,etiquetada,,1,1,1,0,0,0
inat_311006082_561375951.jpg,311006082,561375951,cc-by-nc,positivo_conf_alta_sin_revisar,etiquetada,,1,1,1,0,0,0
inat_311006082_561375985.jpg,311006082,561375985,cc-by-nc,positivo_conf_alta_sin_revisar,etiquetada,,1,1,1,0,0,0
inat_311006082_561376008.jpg,311006082,561376008,cc-by-nc,positivo_conf_alta_sin_revisar,etiquetada,,1,1,1,0,0,0
inat_311006082_561376032.jpg,311006082,561376032,cc-by-nc,positivo_conf_alta_sin_revisar,etiquetada,,1,1,1,0,0,0
inat_31357205_49070123.jpg,31357205,49070123,cc-by,positivo_conf_alta_sin_revisar,etiquetada,,1,1,1,0,0,0
inat_315133082_569257117.jpg,315133082,569257117,cc-by-nc,positivo_conf_alta_sin_revisar,etiquetada,,1,1,1,0,0,0
inat_315133082_569257149.jpg,315133082,569257149,cc-by-nc,positivo,etiquetada,,2,1,1,0,1,0
inat_316910162_572614652.jpg,316910162,572614652,cc-by-nc,positivo_conf_alta_sin_revisar,etiquetada,,1,1,1,0,0,0
inat_316910162_572614762.jpg,316910162,572614762,cc-by-nc,positivo_conf_alta_sin_revisar,etiquetada,,1,1,1,0,0,0
inat_316910162_572614774.jpg,316910162,572614774,cc-by-nc,positivo_conf_alta_sin_revisar,etiquetada,,1,1,1,0,0,0
inat_320708111_579893786.jpg,320708111,579893786,cc-by-nc,positivo_conf_alta_sin_revisar,etiquetada,,1,1,1,0,0,0
inat_320708111_579896610.jpg,320708111,579896610,cc-by-nc,positivo_conf_alta_sin_revisar,etiquetada,,1,1,1,0,0,0
inat_320708111_579896629.jpg,320708111,579896629,cc-by-nc,positivo_conf_alta_sin_revisar,etiquetada,,1,1,1,0,0,0
inat_321953468_582329495.jpg,321953468,582329495,cc-by-nc,positivo,etiquetada,,1,1,1,0,0,0
inat_321953468_582329516.jpg,321953468,582329516,cc-by-nc,positivo,etiquetada,,1,1,1,0,0,0
inat_321953468_582329551.jpg,321953468,582329551,cc-by-nc,positivo_conf_alta_sin_revisar,etiquetada,,1,1,1,0,0,0
inat_321953468_582329598.jpg,321953468,582329598,cc-by-nc,positivo,etiquetada,,0,1,0,0,0,1
inat_321953468_582329643.jpg,321953468,582329643,cc-by-nc,positivo,etiquetada,,0,1,0,0,0,1
inat_321953468_582329718.jpg,321953468,582329718,cc-by-nc,positivo_conf_alta_sin_revisar,etiquetada,,1,1,1,0,0,0
inat_321953468_582329738.jpg,321953468,582329738,cc-by-nc,positivo,etiquetada,,0,1,0,0,0,1
inat_322044251_582513627.jpg,322044251,582513627,cc-by-nc,positivo_conf_alta_sin_revisar,etiquetada,,1,1,1,0,0,0
inat_322661323_583741275.jpg,322661323,583741275,cc-by-nc,positivo,etiquetada,,0,1,0,0,0,1
inat_322661323_583741290.jpg,322661323,583741290,cc-by-nc,positivo,etiquetada,,1,1,0,1,0,0
inat_322661323_583741299.jpg,322661323,583741299,cc-by-nc,positivo,etiquetada,,1,1,1,0,0,0
inat_322661323_583741301.jpg,322661323,583741301,cc-by-nc,positivo_conf_alta_sin_revisar,etiquetada,,1,1,1,0,0,0
inat_322661323_583741320.jpg,322661323,583741320,cc-by-nc,positivo_conf_alta_sin_revisar,etiquetada,,1,1,1,0,0,0
inat_322661323_583741341.jpg,322661323,583741341,cc-by-nc,positivo_conf_alta_sin_revisar,etiquetada,,1,1,1,0,0,0
inat_322661323_583741342.jpg,322661323,583741342,cc-by-nc,positivo_conf_alta_sin_revisar,etiquetada,,1,1,1,0,0,0
inat_322661323_583741348.jpg,322661323,583741348,cc-by-nc,positivo,etiquetada,,0,1,0,0,0,1
inat_322661323_583741373.jpg,322661323,583741373,cc-by-nc,positivo_conf_alta_sin_revisar,etiquetada,,1,1,1,0,0,0
inat_322661323_583741379.jpg,322661323,583741379,cc-by-nc,positivo,etiquetada,,0,1,0,0,0,1
inat_322661323_583741384.jpg,322661323,583741384,cc-by-nc,positivo,etiquetada,,1,1,0,0,1,1
inat_322661323_583741397.jpg,322661323,583741397,cc-by-nc,positivo,etiquetada,,0,1,0,0,0,1
inat_322661323_583741408.jpg,322661323,583741408,cc-by-nc,positivo,etiquetada,,0,1,0,0,0,1
inat_322661323_583741415.jpg,322661323,583741415,cc-by-nc,positivo,etiquetada,,0,1,0,0,0,1
inat_322661323_583741420.jpg,322661323,583741420,cc-by-nc,positivo,etiquetada,,1,1,0,0,1,1
inat_322661323_583741439.jpg,322661323,583741439,cc-by-nc,positivo,etiquetada,,2,1,1,0,1,0
inat_322661323_583741446.jpg,322661323,583741446,cc-by-nc,positivo,etiquetada,,0,1,0,0,0,1
inat_322661323_583741457.jpg,322661323,583741457,cc-by-nc,positivo,etiquetada,,1,1,0,1,0,0
inat_322661323_583741476.jpg,322661323,583741476,cc-by-nc,positivo,etiquetada,,0,1,0,0,0,1
inat_322661323_583741486.jpg,322661323,583741486,cc-by-nc,positivo,etiquetada,,0,1,0,0,0,1
inat_322664608_583749272.jpg,322664608,583749272,cc-by-nc,positivo_conf_alta_sin_revisar,etiquetada,,1,1,1,0,0,0
inat_322664608_583749293.jpg,322664608,583749293,cc-by-nc,positivo,etiquetada,,1,1,1,0,0,0
inat_322664608_583749294.jpg,322664608,583749294,cc-by-nc,positivo,etiquetada,,0,1,0,0,0,1
inat_322664608_583749307.jpg,322664608,583749307,cc-by-nc,positivo,etiquetada,,1,1,1,0,0,0
inat_322664608_583749318.jpg,322664608,583749318,cc-by-nc,positivo,etiquetada,,0,1,0,0,0,1
inat_322664608_583749335.jpg,322664608,583749335,cc-by-nc,positivo,etiquetada,,1,1,1,0,0,0
inat_322664608_583749359.jpg,322664608,583749359,cc-by-nc,positivo,etiquetada,,1,1,1,0,0,0
inat_322664608_583749378.jpg,322664608,583749378,cc-by-nc,positivo_conf_alta_sin_revisar,etiquetada,,1,1,1,0,0,0
inat_322664608_583749434.jpg,322664608,583749434,cc-by-nc,positivo_conf_alta_sin_revisar,etiquetada,,1,1,0,1,0,0
inat_322664608_583749443.jpg,322664608,583749443,cc-by-nc,positivo_conf_alta_sin_revisar,etiquetada,,1,1,1,0,0,0
inat_322664608_583749471.jpg,322664608,583749471,cc-by-nc,positivo_conf_alta_sin_revisar,etiquetada,,1,1,1,0,0,0
inat_322664608_583749513.jpg,322664608,583749513,cc-by-nc,positivo_conf_alta_sin_revisar,etiquetada,,1,1,1,0,0,0
inat_322664608_583749519.jpg,322664608,583749519,cc-by-nc,positivo_conf_alta_sin_revisar,etiquetada,,1,1,0,1,0,0
inat_322664608_583749533.jpg,322664608,583749533,cc-by-nc,positivo_conf_alta_sin_revisar,etiquetada,,1,1,1,0,0,0
inat_322664608_583749563.jpg,322664608,583749563,cc-by-nc,positivo_conf_alta_sin_revisar,etiquetada,,1,1,1,0,0,0
inat_322664608_583749596.jpg,322664608,583749596,cc-by-nc,positivo_conf_alta_sin_revisar,etiquetada,,1,1,1,0,0,0
inat_322664608_583749676.jpg,322664608,583749676,cc-by-nc,positivo_conf_alta_sin_revisar,etiquetada,,1,1,1,0,0,0
inat_322664608_583749720.jpg,322664608,583749720,cc-by-nc,positivo_conf_alta_sin_revisar,etiquetada,,1,1,0,1,0,0
inat_322664608_583749759.jpg,322664608,583749759,cc-by-nc,positivo_conf_alta_sin_revisar,etiquetada,,1,1,1,0,0,0
inat_322664608_583749766.jpg,322664608,583749766,cc-by-nc,positivo_conf_alta_sin_revisar,etiquetada,,1,1,1,0,0,0
inat_322824612_584059835.jpg,322824612,584059835,cc-by-nc,positivo_conf_alta_sin_revisar,etiquetada,,1,1,1,0,0,0
inat_324591523_587527930.jpg,324591523,587527930,cc-by-nc,positivo,etiquetada,,0,1,0,0,0,1
inat_324739656_587829642.jpg,324739656,587829642,cc-by-nc,positivo_conf_alta_sin_revisar,etiquetada,,1,1,1,0,0,0
inat_324758885_587864225.jpg,324758885,587864225,cc-by-nc,positivo_conf_alta_sin_revisar,etiquetada,,1,1,1,0,0,0
inat_324758885_587864270.jpg,324758885,587864270,cc-by-nc,positivo_conf_alta_sin_revisar,etiquetada,,1,1,1,0,0,0
inat_324758885_587864283.jpg,324758885,587864283,cc-by-nc,positivo_conf_alta_sin_revisar,etiquetada,,1,1,1,0,0,0
inat_325385770_589122126.jpg,325385770,589122126,cc-by-nc,positivo,etiquetada,,0,1,0,0,0,1
inat_325594503_589534011.jpg,325594503,589534011,cc-by-nc,positivo_conf_alta_sin_revisar,etiquetada,,1,1,1,0,0,0
inat_326027658_590399108.jpg,326027658,590399108,cc-by-nc,positivo_conf_alta_sin_revisar,etiquetada,,1,1,1,0,0,0
inat_326052695_590446809.jpg,326052695,590446809,cc-by-nc,positivo_conf_alta_sin_revisar,etiquetada,,1,1,1,0,0,0
inat_327606298_593543093.jpg,327606298,593543093,cc-by-nc,positivo_conf_alta_sin_revisar,etiquetada,,1,2,0,1,0,1
inat_327606298_593543114.jpg,327606298,593543114,cc-by-nc,positivo_conf_alta_sin_revisar,etiquetada,,1,2,0,1,0,1
inat_327606298_593543128.jpg,327606298,593543128,cc-by-nc,positivo_conf_alta_sin_revisar,etiquetada,,1,2,0,1,0,1
inat_327606298_593543149.jpg,327606298,593543149,cc-by-nc,positivo_conf_alta_sin_revisar,etiquetada,,1,2,1,0,0,1
inat_327710614_593743330.jpg,327710614,593743330,cc-by-nc,positivo,etiquetada,,0,1,0,0,0,1
inat_327710614_593743365.jpg,327710614,593743365,cc-by-nc,positivo,etiquetada,,0,1,0,0,0,1
inat_327792323_593894917.jpg,327792323,593894917,cc-by-nc,positivo,etiquetada,,1,1,1,0,0,0
inat_327792323_593894919.jpg,327792323,593894919,cc-by-nc,positivo_conf_alta_sin_revisar,etiquetada,,1,1,1,0,0,0
inat_327803075_593916054.jpg,327803075,593916054,cc-by-nc,positivo_conf_alta_sin_revisar,etiquetada,,1,1,1,0,0,0
inat_327803154_593916857.jpg,327803154,593916857,cc-by-nc,positivo_conf_alta_sin_revisar,etiquetada,,1,1,1,0,0,0
inat_327848537_594008593.jpg,327848537,594008593,cc-by-nc,positivo_conf_alta_sin_revisar,etiquetada,,1,1,1,0,0,0
inat_327851811_597835900.jpg,327851811,597835900,cc-by-nc,positivo_conf_alta_sin_revisar,etiquetada,,1,1,1,0,0,0
inat_327851811_597836540.jpg,327851811,597836540,cc-by-nc,positivo,etiquetada,,1,1,1,0,0,0
inat_327851811_597836655.jpg,327851811,597836655,cc-by-nc,positivo,etiquetada,,1,1,1,0,0,0
inat_327851811_597836853.jpg,327851811,597836853,cc-by-nc,positivo_conf_alta_sin_revisar,etiquetada,,1,1,1,0,0,0
inat_327851811_597836956.jpg,327851811,597836956,cc-by-nc,positivo_conf_alta_sin_revisar,etiquetada,,1,1,1,0,0,0
inat_328841178_595967831.jpg,328841178,595967831,cc-by-nc,positivo,etiquetada,,1,1,1,0,0,0
inat_32890636_51621012.jpg,32890636,51621012,cc-by-nc,positivo_conf_alta_sin_revisar,etiquetada,,1,1,1,0,0,0
inat_329334258_596954890.jpg,329334258,596954890,cc-by-nc,positivo_conf_alta_sin_revisar,etiquetada,,1,1,1,0,0,0
inat_329627214_597547788.jpg,329627214,597547788,cc-by-nc,positivo,etiquetada,,0,1,0,0,0,1
inat_329860038_598007322.jpg,329860038,598007322,cc-by-nc,positivo_conf_alta_sin_revisar,etiquetada,,1,1,1,0,0,0
inat_330365668_599049003.jpg,330365668,599049003,cc-by-nc,positivo,etiquetada,,1,1,0,0,1,1
inat_330524329_599375050.jpg,330524329,599375050,cc-by,positivo,etiquetada,,2,1,1,0,1,0
inat_330524329_599375052.jpg,330524329,599375052,cc-by,positivo,etiquetada,,1,1,1,0,0,0
inat_330524329_599375055.jpg,330524329,599375055,cc-by,positivo,etiquetada,,0,1,0,0,0,1
inat_330524329_599375056.jpg,330524329,599375056,cc-by,positivo,etiquetada,,0,1,0,0,0,1
inat_330524329_599375057.jpg,330524329,599375057,cc-by,positivo,etiquetada,,0,1,0,0,0,1
inat_330524329_599375058.jpg,330524329,599375058,cc-by,positivo,etiquetada,,0,1,0,0,0,1
inat_330524329_599375060.jpg,330524329,599375060,cc-by,positivo,etiquetada,,1,1,0,0,1,1
inat_330524329_599375061.jpg,330524329,599375061,cc-by,positivo_conf_alta_sin_revisar,etiquetada,,1,1,1,0,0,0
inat_330524329_599375064.jpg,330524329,599375064,cc-by,positivo,etiquetada,,0,1,0,0,0,1
inat_330524329_599375066.jpg,330524329,599375066,cc-by,positivo,etiquetada,,0,1,0,0,0,1
inat_330524329_599375067.jpg,330524329,599375067,cc-by,positivo,etiquetada,,0,1,0,0,0,1
inat_330741656_599826523.jpg,330741656,599826523,cc-by-nc,positivo_conf_alta_sin_revisar,etiquetada,,1,1,1,0,0,0
inat_331410704_601204430.jpg,331410704,601204430,cc-by-nc,positivo,etiquetada,,1,1,1,0,0,0
inat_331410704_601204432.jpg,331410704,601204432,cc-by-nc,positivo,etiquetada,,1,1,1,0,0,0
inat_331462626_601313534.jpg,331462626,601313534,cc-by-nc,positivo_conf_alta_sin_revisar,etiquetada,,1,1,1,0,0,0
inat_331462626_601313553.jpg,331462626,601313553,cc-by-nc,positivo,etiquetada,,1,1,0,1,0,0
inat_331462626_601313563.jpg,331462626,601313563,cc-by-nc,positivo_conf_alta_sin_revisar,etiquetada,,2,1,0,0,2,1
inat_331462626_601313626.jpg,331462626,601313626,cc-by-nc,positivo,etiquetada,,1,1,0,1,0,0
inat_331462626_601313637.jpg,331462626,601313637,cc-by-nc,positivo,etiquetada,,0,1,0,0,0,1
inat_331462626_601313658.jpg,331462626,601313658,cc-by-nc,positivo_conf_alta_sin_revisar,etiquetada,,1,1,0,1,0,0
inat_331462626_601313709.jpg,331462626,601313709,cc-by-nc,positivo_conf_alta_sin_revisar,etiquetada,,2,1,0,0,2,1
inat_331462626_601313725.jpg,331462626,601313725,cc-by-nc,positivo_conf_alta_sin_revisar,etiquetada,,2,1,0,0,2,1
inat_332251439_602930439.jpg,332251439,602930439,cc-by-nc,positivo_conf_alta_sin_revisar,etiquetada,,1,1,1,0,0,0
inat_33226643_52168792.jpg,33226643,52168792,cc-by-nc,positivo,etiquetada,,0,1,0,0,0,1
inat_332286484_603092726.jpg,332286484,603092726,cc-by-nc,positivo,etiquetada,,0,1,0,0,0,1
inat_332286484_603092744.jpg,332286484,603092744,cc-by-nc,positivo_conf_alta_sin_revisar,etiquetada,,1,1,1,0,0,0
inat_332732628_603908292.jpg,332732628,603908292,cc-by-nc,positivo_conf_alta_sin_revisar,etiquetada,,1,1,1,0,0,0
inat_332732628_603908305.jpg,332732628,603908305,cc-by-nc,positivo_conf_alta_sin_revisar,etiquetada,,2,1,1,0,1,0
inat_332732628_603908306.jpg,332732628,603908306,cc-by-nc,positivo_conf_alta_sin_revisar,etiquetada,,1,1,1,0,0,0
inat_332732628_603908322.jpg,332732628,603908322,cc-by-nc,positivo_conf_alta_sin_revisar,etiquetada,,1,1,1,0,0,0
inat_33306082_52302791.jpg,33306082,52302791,cc-by-nc,positivo_conf_alta_sin_revisar,etiquetada,,1,1,1,0,0,0
inat_33340910_52359720.jpg,33340910,52359720,cc-by-nc,positivo_conf_alta_sin_revisar,etiquetada,,2,1,1,0,1,0
inat_334286556_607031805.jpg,334286556,607031805,cc-by-nc,positivo_conf_alta_sin_revisar,etiquetada,,1,1,1,0,0,0
inat_334286556_607031829.jpg,334286556,607031829,cc-by-nc,positivo_conf_alta_sin_revisar,etiquetada,,1,1,1,0,0,0
inat_334286556_607031845.jpg,334286556,607031845,cc-by-nc,positivo_conf_alta_sin_revisar,etiquetada,,1,2,1,0,0,1
inat_334286556_607031858.jpg,334286556,607031858,cc-by-nc,positivo_conf_alta_sin_revisar,etiquetada,,2,2,2,0,0,0
inat_334286556_607031876.jpg,334286556,607031876,cc-by-nc,positivo_conf_alta_sin_revisar,etiquetada,,1,1,1,0,0,0
inat_334286556_607031890.jpg,334286556,607031890,cc-by-nc,positivo_conf_alta_sin_revisar,etiquetada,,1,1,1,0,0,0
inat_334286556_607031906.jpg,334286556,607031906,cc-by-nc,positivo,etiquetada,,4,2,2,0,2,0
inat_334286556_607031924.jpg,334286556,607031924,cc-by-nc,positivo,etiquetada,,0,1,0,0,0,1
inat_334450549_607365726.jpg,334450549,607365726,cc-by-nc,positivo,etiquetada,,0,3,0,0,0,3
inat_334485270_607436333.jpg,334485270,607436333,cc-by-nc,positivo,etiquetada,,2,3,0,0,2,3
inat_334559150_607587772.jpg,334559150,607587772,cc-by-nc,positivo_conf_alta_sin_revisar,etiquetada,,1,3,0,0,1,3
inat_334662218_607792042.jpg,334662218,607792042,cc-by-nc,positivo_conf_alta_sin_revisar,etiquetada,,1,3,0,0,1,3
inat_335428335_609592049.jpg,335428335,609592049,cc-by-nc,positivo_conf_alta_sin_revisar,etiquetada,,2,2,2,0,0,0
inat_335428335_609592057.jpg,335428335,609592057,cc-by-nc,positivo_conf_alta_sin_revisar,etiquetada,,2,2,2,0,0,0
inat_335428335_609592063.jpg,335428335,609592063,cc-by-nc,positivo_conf_alta_sin_revisar,etiquetada,,2,2,2,0,0,0
inat_335428335_609592077.jpg,335428335,609592077,cc-by-nc,positivo_conf_alta_sin_revisar,etiquetada,,2,2,2,0,0,0
inat_336086781_610673967.jpg,336086781,610673967,cc-by-nc,positivo_conf_alta_sin_revisar,etiquetada,,1,1,1,0,0,0
inat_336086781_611438225.jpg,336086781,611438225,cc-by-nc,positivo,etiquetada,,0,1,0,0,0,1
inat_336086781_611438230.jpg,336086781,611438230,cc-by-nc,positivo_conf_alta_sin_revisar,etiquetada,,1,1,1,0,0,0
inat_336086781_611438239.jpg,336086781,611438239,cc-by-nc,positivo_conf_alta_sin_revisar,etiquetada,,1,1,1,0,0,0
inat_336086781_611438243.jpg,336086781,611438243,cc-by-nc,positivo_conf_alta_sin_revisar,etiquetada,,2,2,2,0,0,0
inat_336086781_611438249.jpg,336086781,611438249,cc-by-nc,positivo_conf_alta_sin_revisar,etiquetada,,1,1,1,0,0,0
inat_336086781_611438260.jpg,336086781,611438260,cc-by-nc,positivo_conf_alta_sin_revisar,etiquetada,,1,1,1,0,0,0
inat_336399806_611299207.jpg,336399806,611299207,cc-by-nc,positivo,etiquetada,,1,1,1,0,0,0
inat_336399806_611299212.jpg,336399806,611299212,cc-by-nc,positivo_conf_alta_sin_revisar,etiquetada,,1,1,1,0,0,0
inat_337211000_612954229.jpg,337211000,612954229,cc-by-nc,positivo,etiquetada,,0,1,0,0,0,1
inat_338014824_614602509.jpg,338014824,614602509,cc-by-nc,positivo_conf_alta_sin_revisar,etiquetada,,1,1,1,0,0,0
inat_338242610_615066857.jpg,338242610,615066857,cc-by,positivo_conf_alta_sin_revisar,etiquetada,,1,1,1,0,0,0
inat_338242610_615068008.jpg,338242610,615068008,cc-by,positivo_conf_alta_sin_revisar,etiquetada,,1,1,1,0,0,0
inat_338242610_615068034.jpg,338242610,615068034,cc-by,positivo,etiquetada,,1,1,1,0,0,0
inat_338242610_615068053.jpg,338242610,615068053,cc-by,positivo_conf_alta_sin_revisar,etiquetada,,1,1,1,0,0,0
inat_338502989_615608476.jpg,338502989,615608476,cc-by-nc,positivo_conf_alta_sin_revisar,etiquetada,,1,1,1,0,0,0
inat_338911279_616416320.jpg,338911279,616416320,cc-by-nc,positivo,etiquetada,,0,2,0,0,0,2
inat_339495933_617716203.jpg,339495933,617716203,cc-by-nc,positivo,etiquetada,,0,3,0,0,0,3
inat_339496023_617716212.jpg,339496023,617716212,cc-by-nc,positivo,etiquetada,,0,1,0,0,0,1
inat_339496023_617716218.jpg,339496023,617716218,cc-by-nc,positivo,etiquetada,,0,1,0,0,0,1
inat_339496023_617716228.jpg,339496023,617716228,cc-by-nc,positivo_conf_alta_sin_revisar,etiquetada,,1,1,1,0,0,0
inat_339550771_617718184.jpg,339550771,617718184,cc-by-nc,positivo_conf_alta_sin_revisar,etiquetada,,1,2,0,1,0,1
inat_339550771_617718193.jpg,339550771,617718193,cc-by-nc,positivo_conf_alta_sin_revisar,etiquetada,,1,2,0,1,0,1
inat_33968556_53406948.jpg,33968556,53406948,cc-by-nc,positivo_conf_alta_sin_revisar,etiquetada,,1,1,1,0,0,0
inat_339794405_618207164.jpg,339794405,618207164,cc-by-nc,positivo_conf_alta_sin_revisar,etiquetada,,1,1,1,0,0,0
inat_339794405_618207165.jpg,339794405,618207165,cc-by-nc,positivo_conf_alta_sin_revisar,etiquetada,,1,1,1,0,0,0
inat_339824113_618270634.jpg,339824113,618270634,cc-by-nc,positivo_conf_alta_sin_revisar,etiquetada,,1,1,1,0,0,0
inat_340019034_618669461.jpg,340019034,618669461,cc-by-nc,positivo_conf_alta_sin_revisar,etiquetada,,1,1,1,0,0,0
inat_340019034_618669482.jpg,340019034,618669482,cc-by-nc,positivo_conf_alta_sin_revisar,etiquetada,,1,1,1,0,0,0
inat_340358050_619362862.jpg,340358050,619362862,cc-by-nc,positivo_conf_alta_sin_revisar,etiquetada,,1,1,1,0,0,0
inat_340782794_620221352.jpg,340782794,620221352,cc-by-nc,positivo_conf_alta_sin_revisar,etiquetada,,1,1,1,0,0,0
inat_340782794_620221353.jpg,340782794,620221353,cc-by-nc,positivo_conf_alta_sin_revisar,etiquetada,,1,1,1,0,0,0
inat_340782794_620221355.jpg,340782794,620221355,cc-by-nc,positivo_conf_alta_sin_revisar,etiquetada,,1,1,1,0,0,0
inat_340782794_620221369.jpg,340782794,620221369,cc-by-nc,positivo_conf_alta_sin_revisar,etiquetada,,1,1,1,0,0,0
inat_342174734_623059003.jpg,342174734,623059003,cc-by,positivo_conf_alta_sin_revisar,etiquetada,,3,2,2,0,1,0
inat_342174734_623059082.jpg,342174734,623059082,cc-by,positivo,etiquetada,,2,1,1,0,1,0
inat_343009633_624726094.jpg,343009633,624726094,cc-by-nc,positivo,etiquetada,,0,1,0,0,0,1
inat_343225428_625171182.jpg,343225428,625171182,cc-by-nc,positivo_conf_alta_sin_revisar,etiquetada,,1,1,1,0,0,0
inat_343225428_625171188.jpg,343225428,625171188,cc-by-nc,positivo,etiquetada,,1,1,1,0,0,0
inat_343225428_625171226.jpg,343225428,625171226,cc-by-nc,positivo_conf_alta_sin_revisar,etiquetada,,1,1,1,0,0,0
inat_343225428_625171227.jpg,343225428,625171227,cc-by-nc,positivo_conf_alta_sin_revisar,etiquetada,,1,1,1,0,0,0
inat_344020678_626763001.jpg,344020678,626763001,cc-by-nc,positivo_conf_alta_sin_revisar,etiquetada,,1,1,1,0,0,0
inat_344020678_626763065.jpg,344020678,626763065,cc-by-nc,positivo_conf_alta_sin_revisar,etiquetada,,1,1,1,0,0,0
inat_344020678_626763408.jpg,344020678,626763408,cc-by-nc,positivo_conf_alta_sin_revisar,etiquetada,,1,1,1,0,0,0
inat_344020678_626763736.jpg,344020678,626763736,cc-by-nc,positivo,etiquetada,,1,1,0,1,0,0
inat_344020678_626764185.jpg,344020678,626764185,cc-by-nc,positivo,etiquetada,,1,1,0,1,0,0
inat_344056031_626839054.jpg,344056031,626839054,cc-by-nc,positivo_conf_alta_sin_revisar,etiquetada,,1,1,1,0,0,0
inat_344056031_626839097.jpg,344056031,626839097,cc-by-nc,positivo_conf_alta_sin_revisar,etiquetada,,1,1,1,0,0,0
inat_344697768_628011140.jpg,344697768,628011140,cc-by-nc,positivo_conf_alta_sin_revisar,etiquetada,,1,1,1,0,0,0
inat_344697768_628011146.jpg,344697768,628011146,cc-by-nc,positivo_conf_alta_sin_revisar,etiquetada,,1,1,1,0,0,0
inat_344697768_628011184.jpg,344697768,628011184,cc-by-nc,positivo,etiquetada,,1,1,1,0,0,0
inat_344697768_628011188.jpg,344697768,628011188,cc-by-nc,positivo_conf_alta_sin_revisar,etiquetada,,2,1,1,0,1,0
inat_344697768_628011202.jpg,344697768,628011202,cc-by-nc,positivo_conf_alta_sin_revisar,etiquetada,,1,1,1,0,0,0
inat_344697768_628011213.jpg,344697768,628011213,cc-by-nc,positivo_conf_alta_sin_revisar,etiquetada,,1,1,1,0,0,0
inat_344697768_628011222.jpg,344697768,628011222,cc-by-nc,positivo_conf_alta_sin_revisar,etiquetada,,2,1,1,0,1,0
inat_34490534_54290036.jpg,34490534,54290036,cc-by-nc,positivo_conf_alta_sin_revisar,etiquetada,,1,1,1,0,0,0
inat_34490534_54290038.jpg,34490534,54290038,cc-by-nc,positivo,etiquetada,,1,1,1,0,0,0
inat_344960842_628587077.jpg,344960842,628587077,cc-by-nc,positivo_conf_alta_sin_revisar,etiquetada,,1,1,1,0,0,0
inat_344960893_628587456.jpg,344960893,628587456,cc-by-nc,positivo_conf_alta_sin_revisar,etiquetada,,1,1,1,0,0,0
inat_345538681_629729280.jpg,345538681,629729280,cc-by-nc,positivo_conf_alta_sin_revisar,etiquetada,,1,1,1,0,0,0
inat_345538681_629729299.jpg,345538681,629729299,cc-by-nc,positivo_conf_alta_sin_revisar,etiquetada,,1,1,1,0,0,0
inat_345538681_629729330.jpg,345538681,629729330,cc-by-nc,positivo_conf_alta_sin_revisar,etiquetada,,1,1,1,0,0,0
inat_345538681_629729347.jpg,345538681,629729347,cc-by-nc,positivo_conf_alta_sin_revisar,etiquetada,,1,1,0,1,0,0
inat_345583106_629819962.jpg,345583106,629819962,cc-by-nc,positivo_conf_alta_sin_revisar,etiquetada,,1,1,1,0,0,0
inat_345583106_629820017.jpg,345583106,629820017,cc-by-nc,positivo_conf_alta_sin_revisar,etiquetada,,1,1,1,0,0,0
inat_345583106_629820047.jpg,345583106,629820047,cc-by-nc,positivo_conf_alta_sin_revisar,etiquetada,,1,1,1,0,0,0
inat_345583106_629820076.jpg,345583106,629820076,cc-by-nc,positivo_conf_alta_sin_revisar,etiquetada,,1,1,1,0,0,0
inat_345583106_629820109.jpg,345583106,629820109,cc-by-nc,positivo_conf_alta_sin_revisar,etiquetada,,1,1,1,0,0,0
inat_34878154_54948257.jpg,34878154,54948257,cc-by-nc,positivo_conf_alta_sin_revisar,etiquetada,,1,1,1,0,0,0
inat_349624219_637808081.jpg,349624219,637808081,cc-by-nc,positivo,etiquetada,,1,1,0,1,0,0
inat_349872186_638290028.jpg,349872186,638290028,cc-by-nc,positivo_conf_alta_sin_revisar,etiquetada,,1,1,1,0,0,0
inat_351516123_641482041.jpg,351516123,641482041,cc-by-nc,positivo_conf_alta_sin_revisar,etiquetada,,1,1,1,0,0,0
inat_351516126_641482043.jpg,351516126,641482043,cc-by-nc,positivo,etiquetada,,1,1,1,0,0,0
inat_351516127_641482045.jpg,351516127,641482045,cc-by-nc,positivo_conf_alta_sin_revisar,etiquetada,,1,1,1,0,0,0
inat_351516133_641482384.jpg,351516133,641482384,cc-by-nc,positivo,etiquetada,,0,1,0,0,0,1
inat_351516135_641482403.jpg,351516135,641482403,cc-by-nc,positivo,etiquetada,,0,1,0,0,0,1
inat_351516137_641482410.jpg,351516137,641482410,cc-by-nc,positivo,etiquetada,,0,1,0,0,0,1
inat_351516140_641482605.jpg,351516140,641482605,cc-by-nc,positivo_conf_alta_sin_revisar,etiquetada,,1,1,1,0,0,0
inat_351516141_641482870.jpg,351516141,641482870,cc-by-nc,positivo,etiquetada,,1,1,0,1,0,0
inat_351516142_641482787.jpg,351516142,641482787,cc-by-nc,positivo_conf_alta_sin_revisar,etiquetada,,1,1,0,1,0,0
inat_351516145_641482987.jpg,351516145,641482987,cc-by-nc,positivo,etiquetada,,2,1,1,0,1,0
inat_351516146_641483065.jpg,351516146,641483065,cc-by-nc,positivo_conf_alta_sin_revisar,etiquetada,,1,1,1,0,0,0
inat_351516147_641483067.jpg,351516147,641483067,cc-by-nc,positivo,etiquetada,,2,1,1,0,1,0
inat_351516152_641483079.jpg,351516152,641483079,cc-by-nc,positivo,etiquetada,,0,1,0,0,0,1
inat_351516153_641483284.jpg,351516153,641483284,cc-by-nc,positivo,etiquetada,,1,1,1,0,0,0
inat_351516154_641483279.jpg,351516154,641483279,cc-by-nc,positivo,etiquetada,,1,1,1,0,0,0
inat_351516160_641483361.jpg,351516160,641483361,cc-by-nc,positivo_conf_alta_sin_revisar,etiquetada,,1,1,1,0,0,0
inat_351516161_641483285.jpg,351516161,641483285,cc-by-nc,positivo,etiquetada,,2,1,1,0,1,0
inat_351516163_641483410.jpg,351516163,641483410,cc-by-nc,positivo,etiquetada,,2,1,0,1,1,0
inat_351516168_641483416.jpg,351516168,641483416,cc-by-nc,positivo,etiquetada,,0,1,0,0,0,1
inat_351516170_641483455.jpg,351516170,641483455,cc-by-nc,positivo,etiquetada,,0,1,0,0,0,1
inat_351516171_641483525.jpg,351516171,641483525,cc-by-nc,positivo_conf_alta_sin_revisar,etiquetada,,2,1,1,0,1,0
inat_351516174_641483593.jpg,351516174,641483593,cc-by-nc,positivo_conf_alta_sin_revisar,etiquetada,,1,1,1,0,0,0
inat_351516175_641483645.jpg,351516175,641483645,cc-by-nc,positivo_conf_alta_sin_revisar,etiquetada,,1,1,1,0,0,0
inat_351598168_641643330.jpg,351598168,641643330,cc-by-nc,positivo_conf_alta_sin_revisar,etiquetada,,2,2,2,0,0,0
inat_351866524_654434663.jpg,351866524,654434663,cc-by-nc,positivo_conf_alta_sin_revisar,etiquetada,,1,1,1,0,0,0
inat_351866524_654434732.jpg,351866524,654434732,cc-by-nc,positivo,etiquetada,,0,1,0,0,0,1
inat_351866524_654434761.jpg,351866524,654434761,cc-by-nc,positivo,etiquetada,,0,1,0,0,0,1
inat_352358683_643113614.jpg,352358683,643113614,cc-by-nc,positivo_conf_alta_sin_revisar,etiquetada,,1,1,1,0,0,0
inat_353787379_645463093.jpg,353787379,645463093,cc-by-nc,positivo_conf_alta_sin_revisar,etiquetada,,1,1,1,0,0,0
inat_353787514_645568793.jpg,353787514,645568793,cc-by-nc,positivo_conf_alta_sin_revisar,etiquetada,,1,1,1,0,0,0
inat_354300539_646357483.jpg,354300539,646357483,cc-by-nc,positivo_conf_alta_sin_revisar,etiquetada,,1,1,1,0,0,0
inat_358811826_654604107.jpg,358811826,654604107,cc-by-nc,positivo_conf_alta_sin_revisar,etiquetada,,1,1,1,0,0,0
inat_359300782_655531384.jpg,359300782,655531384,cc-by-nc,positivo_conf_alta_sin_revisar,etiquetada,,1,1,1,0,0,0
inat_35977834_56807271.jpg,35977834,56807271,cc-by-nc,positivo,etiquetada,,0,1,0,0,0,1
inat_360374635_657576256.jpg,360374635,657576256,cc-by-nc,positivo_conf_alta_sin_revisar,etiquetada,,1,1,1,0,0,0
inat_362589414_661796145.jpg,362589414,661796145,cc-by-nc,positivo_conf_alta_sin_revisar,etiquetada,,2,1,1,0,1,0
inat_362847370_662282417.jpg,362847370,662282417,cc-by-nc,positivo,etiquetada,,0,1,0,0,0,1
inat_36352681_57456052.jpg,36352681,57456052,cc-by-nc,positivo,etiquetada,,1,1,0,1,0,0
inat_36412527_57556471.jpg,36412527,57556471,cc-by-nc,positivo_conf_alta_sin_revisar,etiquetada,,1,1,0,1,0,0
inat_364447173_665312071.jpg,364447173,665312071,cc-by-nc,positivo_conf_alta_sin_revisar,etiquetada,,2,1,1,0,1,0
inat_364447173_665312103.jpg,364447173,665312103,cc-by-nc,positivo_conf_alta_sin_revisar,etiquetada,,1,1,1,0,0,0
inat_364447173_665312123.jpg,364447173,665312123,cc-by-nc,positivo_conf_alta_sin_revisar,etiquetada,,1,1,1,0,0,0
inat_364447173_665312174.jpg,364447173,665312174,cc-by-nc,positivo_conf_alta_sin_revisar,etiquetada,,1,1,1,0,0,0
inat_364447173_665312224.jpg,364447173,665312224,cc-by-nc,positivo_conf_alta_sin_revisar,etiquetada,,1,1,1,0,0,0
inat_364447173_665312248.jpg,364447173,665312248,cc-by-nc,positivo_conf_alta_sin_revisar,etiquetada,,1,1,1,0,0,0
inat_364447173_674992508.jpg,364447173,674992508,cc-by-nc,positivo_conf_alta_sin_revisar,etiquetada,,1,1,1,0,0,0
inat_364456716_665331026.jpg,364456716,665331026,cc-by-nc,positivo,etiquetada,,1,1,1,0,0,0
inat_364553282_665522889.jpg,364553282,665522889,cc-by-nc,positivo_conf_alta_sin_revisar,etiquetada,,1,1,1,0,0,0
inat_364826385_666030987.jpg,364826385,666030987,cc-by-nc,positivo_conf_alta_sin_revisar,etiquetada,,1,1,1,0,0,0
inat_364998321_666364022.jpg,364998321,666364022,cc-by-nc,positivo,etiquetada,,2,1,1,0,1,0
inat_367792235_671682127.jpg,367792235,671682127,cc-by-nc,positivo_conf_alta_sin_revisar,etiquetada,,1,1,1,0,0,0
inat_367792235_671682235.jpg,367792235,671682235,cc-by-nc,positivo_conf_alta_sin_revisar,etiquetada,,1,1,1,0,0,0
inat_367853632_671810104.jpg,367853632,671810104,cc-by-nc,positivo_conf_alta_sin_revisar,etiquetada,,1,1,1,0,0,0
inat_36801638_58233951.jpg,36801638,58233951,cc-by-nc,positivo_conf_alta_sin_revisar,etiquetada,,1,1,0,1,0,0
inat_368144596_672371091.jpg,368144596,672371091,cc-by-nc,positivo_conf_alta_sin_revisar,etiquetada,,1,1,1,0,0,0
inat_368144596_672371509.jpg,368144596,672371509,cc-by-nc,positivo_conf_alta_sin_revisar,etiquetada,,1,1,1,0,0,0
inat_368144596_672371969.jpg,368144596,672371969,cc-by-nc,positivo_conf_alta_sin_revisar,etiquetada,,1,1,1,0,0,0
inat_368144596_672372415.jpg,368144596,672372415,cc-by-nc,positivo_conf_alta_sin_revisar,etiquetada,,1,1,1,0,0,0
inat_368149644_672379400.jpg,368149644,672379400,cc-by-nc,positivo_conf_alta_sin_revisar,etiquetada,,1,1,1,0,0,0
inat_368149644_672379402.jpg,368149644,672379402,cc-by-nc,positivo,etiquetada,,0,1,0,0,0,1
inat_368149644_672379407.jpg,368149644,672379407,cc-by-nc,positivo,etiquetada,,0,1,0,0,0,1
inat_368149644_672379445.jpg,368149644,672379445,cc-by-nc,positivo_conf_alta_sin_revisar,etiquetada,,1,1,1,0,0,0
inat_368161655_682202570.jpg,368161655,682202570,cc-by-nc,positivo_conf_alta_sin_revisar,etiquetada,,1,1,1,0,0,0
inat_369551257_675043283.jpg,369551257,675043283,cc-by-nc,positivo_conf_alta_sin_revisar,etiquetada,,2,1,1,0,1,0
inat_370741557_677318315.jpg,370741557,677318315,cc-by-nc,positivo_conf_alta_sin_revisar,etiquetada,,1,1,1,0,0,0
inat_370741557_677318361.jpg,370741557,677318361,cc-by-nc,positivo_conf_alta_sin_revisar,etiquetada,,2,2,2,0,0,0
inat_370741557_677318397.jpg,370741557,677318397,cc-by-nc,positivo_conf_alta_sin_revisar,etiquetada,,1,1,1,0,0,0
inat_370741557_677318438.jpg,370741557,677318438,cc-by-nc,positivo,etiquetada,,1,1,1,0,0,0
inat_370741557_677318467.jpg,370741557,677318467,cc-by-nc,positivo_conf_alta_sin_revisar,etiquetada,,1,1,1,0,0,0
inat_371116146_678043644.jpg,371116146,678043644,cc-by-nc,positivo_conf_alta_sin_revisar,etiquetada,,1,2,0,0,1,2
inat_371116146_678043676.jpg,371116146,678043676,cc-by-nc,positivo_conf_alta_sin_revisar,etiquetada,,3,2,1,1,1,0
inat_371116146_678043708.jpg,371116146,678043708,cc-by-nc,positivo_conf_alta_sin_revisar,etiquetada,,3,2,2,0,1,0
inat_371116146_678043726.jpg,371116146,678043726,cc-by-nc,positivo_conf_alta_sin_revisar,etiquetada,,2,2,2,0,0,0
inat_371116146_678043759.jpg,371116146,678043759,cc-by-nc,positivo_conf_alta_sin_revisar,etiquetada,,1,2,0,1,0,1
inat_371116146_678043787.jpg,371116146,678043787,cc-by-nc,positivo,etiquetada,,1,2,1,0,0,1
inat_371116146_678043817.jpg,371116146,678043817,cc-by-nc,positivo,etiquetada,,0,2,0,0,0,2
inat_371116146_678045686.jpg,371116146,678045686,cc-by-nc,positivo_conf_alta_sin_revisar,etiquetada,,1,2,1,0,0,1
inat_371377548_678526437.jpg,371377548,678526437,cc-by-nc,positivo_conf_alta_sin_revisar,etiquetada,,1,1,1,0,0,0
inat_371452062_678670667.jpg,371452062,678670667,cc-by-nc,positivo_conf_alta_sin_revisar,etiquetada,,1,1,1,0,0,0
inat_371452062_678671968.jpg,371452062,678671968,cc-by-nc,positivo_conf_alta_sin_revisar,etiquetada,,1,2,0,1,0,1
inat_371452062_678671969.jpg,371452062,678671969,cc-by-nc,positivo_conf_alta_sin_revisar,etiquetada,,1,1,1,0,0,0
inat_371766648_679268031.jpg,371766648,679268031,cc-by-nc,positivo_conf_alta_sin_revisar,etiquetada,,1,1,1,0,0,0
inat_371766648_679268428.jpg,371766648,679268428,cc-by-nc,positivo,etiquetada,,1,1,1,0,0,0
inat_371766648_679268430.jpg,371766648,679268430,cc-by-nc,positivo_conf_alta_sin_revisar,etiquetada,,1,1,1,0,0,0
inat_371766648_679268441.jpg,371766648,679268441,cc-by-nc,positivo_conf_alta_sin_revisar,etiquetada,,1,1,1,0,0,0
inat_371766648_679268454.jpg,371766648,679268454,cc-by-nc,positivo_conf_alta_sin_revisar,etiquetada,,3,2,2,0,1,0
inat_371957478_679641693.jpg,371957478,679641693,cc-by-nc,positivo_conf_alta_sin_revisar,etiquetada,,1,2,0,1,0,1
inat_374491713_684507616_frame_001.jpg,374491713,684507616,cc-by-nc,positivo,etiquetada,,2,1,1,0,1,0
inat_374491713_684507616_frame_013.jpg,374491713,684507616,cc-by-nc,positivo,etiquetada,,0,1,0,0,0,1
inat_374687138_684879156.jpg,374687138,684879156,cc-by-nc,positivo,etiquetada,,0,1,0,0,0,1
inat_375008924_685502111.jpg,375008924,685502111,cc-by-nc,positivo_conf_alta_sin_revisar,etiquetada,,1,1,1,0,0,0
inat_376144543_687693939.jpg,376144543,687693939,cc-by-nc,positivo_conf_alta_sin_revisar,etiquetada,,1,2,1,0,0,1
inat_380155555_695460971.jpg,380155555,695460971,cc-by-nc,positivo,etiquetada,,1,1,0,1,0,0
inat_38065943_60444332.jpg,38065943,60444332,cc-by-nc,positivo_conf_alta_sin_revisar,etiquetada,,1,1,1,0,0,0
inat_381027924_697232827.jpg,381027924,697232827,cc-by-nc,positivo_conf_alta_sin_revisar,etiquetada,,1,1,1,0,0,0
inat_381027924_697232853.jpg,381027924,697232853,cc-by-nc,positivo,etiquetada,,0,1,0,0,0,1
inat_381308170_697688992.jpg,381308170,697688992,cc-by-nc,positivo_conf_alta_sin_revisar,etiquetada,,1,1,1,0,0,0
inat_381308170_697689010.jpg,381308170,697689010,cc-by-nc,positivo_conf_alta_sin_revisar,etiquetada,,1,1,0,1,0,0
inat_381308170_697689011.jpg,381308170,697689011,cc-by-nc,positivo_conf_alta_sin_revisar,etiquetada,,1,1,1,0,0,0
inat_384029108_702929636.jpg,384029108,702929636,cc-by-nc,positivo_conf_alta_sin_revisar,etiquetada,,1,2,0,1,0,1
inat_384029108_702929799.jpg,384029108,702929799,cc-by-nc,positivo,etiquetada,,1,1,0,1,0,0
inat_384138381_703145886.jpg,384138381,703145886,cc-by-nc,positivo_conf_alta_sin_revisar,etiquetada,,1,1,1,0,0,0
inat_384301806_703458405.jpg,384301806,703458405,cc-by-nc,positivo_conf_alta_sin_revisar,etiquetada,,1,1,1,0,0,0
inat_384301806_703458661.jpg,384301806,703458661,cc-by-nc,positivo_conf_alta_sin_revisar,etiquetada,,1,1,1,0,0,0
inat_384301806_703458718.jpg,384301806,703458718,cc-by-nc,positivo_conf_alta_sin_revisar,etiquetada,,1,1,1,0,0,0
inat_384301806_703458838.jpg,384301806,703458838,cc-by-nc,positivo_conf_alta_sin_revisar,etiquetada,,1,1,1,0,0,0
inat_384301806_703458897.jpg,384301806,703458897,cc-by-nc,positivo_conf_alta_sin_revisar,etiquetada,,1,1,1,0,0,0
inat_387762324_711210894.jpg,387762324,711210894,cc-by-nc,positivo,etiquetada,,1,2,1,0,0,1
inat_390381556_715187375.jpg,390381556,715187375,cc-by-nc,positivo_conf_alta_sin_revisar,etiquetada,,1,1,1,0,0,0
inat_390381556_715187394.jpg,390381556,715187394,cc-by-nc,positivo_conf_alta_sin_revisar,etiquetada,,1,1,1,0,0,0
inat_390381556_715187427.jpg,390381556,715187427,cc-by-nc,positivo_conf_alta_sin_revisar,etiquetada,,1,1,1,0,0,0
inat_390381556_715187440.jpg,390381556,715187440,cc-by-nc,positivo_conf_alta_sin_revisar,etiquetada,,1,1,1,0,0,0
inat_391008482_716412171.jpg,391008482,716412171,cc-by-nc,positivo_conf_alta_sin_revisar,etiquetada,,1,1,1,0,0,0
inat_391008482_716412377.jpg,391008482,716412377,cc-by-nc,positivo,etiquetada,,2,1,1,0,1,0
inat_391971517_718279343.jpg,391971517,718279343,cc-by-nc,positivo_conf_alta_sin_revisar,etiquetada,,1,1,1,0,0,0
inat_391971517_718279356.jpg,391971517,718279356,cc-by-nc,positivo_conf_alta_sin_revisar,etiquetada,,1,1,1,0,0,0
inat_392280160_718874268.jpg,392280160,718874268,cc-by-nc,positivo_conf_alta_sin_revisar,etiquetada,,1,1,1,0,0,0
inat_392280160_718874273.jpg,392280160,718874273,cc-by-nc,positivo_conf_alta_sin_revisar,etiquetada,,1,1,1,0,0,0
inat_392280160_718874282.jpg,392280160,718874282,cc-by-nc,positivo_conf_alta_sin_revisar,etiquetada,,1,1,1,0,0,0
inat_392991797_720245901.jpg,392991797,720245901,cc-by-nc,positivo_conf_alta_sin_revisar,etiquetada,,1,1,1,0,0,0
inat_39318254_62362185.jpg,39318254,62362185,cc-by-nc,positivo_conf_alta_sin_revisar,etiquetada,,1,1,1,0,0,0
inat_394359318_722961441.jpg,394359318,722961441,cc-by-nc,positivo_conf_alta_sin_revisar,etiquetada,,1,2,1,0,0,1
inat_394359318_722961443.jpg,394359318,722961443,cc-by-nc,positivo,etiquetada,,2,2,1,0,1,1
inat_394359318_722961444.jpg,394359318,722961444,cc-by-nc,positivo,etiquetada,,0,2,0,0,0,2
inat_394359318_722961457.jpg,394359318,722961457,cc-by-nc,positivo,etiquetada,,2,2,2,0,0,0
inat_39476682_62637454.jpg,39476682,62637454,cc-by-nc,positivo_conf_alta_sin_revisar,etiquetada,,1,1,1,0,0,0
inat_395450065_725103486.jpg,395450065,725103486,cc-by-nc,positivo_conf_alta_sin_revisar,etiquetada,,1,1,1,0,0,0
inat_395847042_725864701.jpg,395847042,725864701,cc-by-nc,positivo_conf_alta_sin_revisar,etiquetada,,1,1,1,0,0,0
inat_395897101_725964198.jpg,395897101,725964198,cc-by-nc,positivo,etiquetada,,0,2,0,0,0,2
inat_395897101_725964255.jpg,395897101,725964255,cc-by-nc,positivo,etiquetada,,0,2,0,0,0,2
inat_40437497_64173882.jpg,40437497,64173882,cc-by-nc,positivo_conf_alta_sin_revisar,etiquetada,,3,1,1,0,2,0
inat_40690518_64503751.jpg,40690518,64503751,cc-by-nc,positivo_conf_alta_sin_revisar,etiquetada,,1,1,1,0,0,0
inat_40826240_64720256.jpg,40826240,64720256,cc-by,positivo_conf_alta_sin_revisar,etiquetada,,1,1,1,0,0,0
inat_40826240_64720267.jpg,40826240,64720267,cc-by,positivo_conf_alta_sin_revisar,etiquetada,,1,1,1,0,0,0
inat_40826240_67655132.jpg,40826240,67655132,cc-by,positivo,etiquetada,,0,1,0,0,0,1
inat_40826240_67655157.jpg,40826240,67655157,cc-by,positivo,etiquetada,,0,1,0,0,0,1
inat_40836667_64734733.jpg,40836667,64734733,cc-by,positivo_conf_alta_sin_revisar,etiquetada,,1,1,0,1,0,0
inat_40836667_64734736.jpg,40836667,64734736,cc-by,positivo_conf_alta_sin_revisar,etiquetada,,1,2,1,0,0,1
inat_40836667_64734745.jpg,40836667,64734745,cc-by,positivo,etiquetada,,1,2,1,0,0,1
inat_41835616_66382833.jpg,41835616,66382833,cc-by,positivo_conf_alta_sin_revisar,etiquetada,,1,1,1,0,0,0
inat_41835616_66383476.jpg,41835616,66383476,cc-by,positivo_conf_alta_sin_revisar,etiquetada,,1,1,1,0,0,0
inat_41887209_66468683.jpg,41887209,66468683,cc-by-nc,positivo_conf_alta_sin_revisar,etiquetada,,1,1,1,0,0,0
inat_42415614_67344971.jpg,42415614,67344971,cc-by-nc,positivo,etiquetada,,1,1,1,0,0,0
inat_42415616_67345007.jpg,42415616,67345007,cc-by-nc,positivo_conf_alta_sin_revisar,etiquetada,,1,1,1,0,0,0
inat_42415620_67345130.jpg,42415620,67345130,cc-by-nc,positivo_conf_alta_sin_revisar,etiquetada,,1,1,1,0,0,0
inat_42566614_67592901.jpg,42566614,67592901,cc-by-nc,positivo,etiquetada,,0,1,0,0,0,1
inat_42567797_67594777.jpg,42567797,67594777,cc-by-nc,positivo_conf_alta_sin_revisar,etiquetada,,1,1,1,0,0,0
inat_42568480_67595857.jpg,42568480,67595857,cc-by-nc,positivo_conf_alta_sin_revisar,etiquetada,,2,1,1,0,1,0
inat_42574409_67605496.jpg,42574409,67605496,cc-by-nc,positivo,etiquetada,,0,1,0,0,0,1
inat_44231592_70129001.jpg,44231592,70129001,cc-by-nc,positivo_conf_alta_sin_revisar,etiquetada,,1,1,1,0,0,0
inat_44231592_70129556.jpg,44231592,70129556,cc-by-nc,positivo_conf_alta_sin_revisar,etiquetada,,1,1,1,0,0,0
inat_44299923_70163934.jpg,44299923,70163934,cc-by-nc,positivo,etiquetada,,0,1,0,0,0,1
inat_45081966_71474392.jpg,45081966,71474392,cc-by-nc,positivo_conf_alta_sin_revisar,etiquetada,,2,1,0,1,1,0
inat_46422616_73628357.jpg,46422616,73628357,cc-by-nc,positivo_conf_alta_sin_revisar,etiquetada,,1,1,1,0,0,0
inat_46627161_73953094.jpg,46627161,73953094,cc-by-nc,positivo,etiquetada,,0,1,0,0,0,1
inat_46652283_73990424.jpg,46652283,73990424,cc-by-nc,positivo,etiquetada,,0,1,0,0,0,1
inat_46711174_74084637.jpg,46711174,74084637,cc-by-nc,positivo,etiquetada,,0,1,0,0,0,1
inat_46711972_74086112.jpg,46711972,74086112,cc-by-nc,positivo_conf_alta_sin_revisar,etiquetada,,2,1,1,0,1,0
inat_46905601_74387694.jpg,46905601,74387694,cc-by-nc,positivo_conf_alta_sin_revisar,etiquetada,,1,1,1,0,0,0
inat_46905603_74388301.jpg,46905603,74388301,cc-by-nc,positivo_conf_alta_sin_revisar,etiquetada,,1,1,1,0,0,0
inat_47020993_74566326.jpg,47020993,74566326,cc-by-nc,positivo,etiquetada,,1,1,1,0,0,0
inat_47020993_74567134.jpg,47020993,74567134,cc-by-nc,positivo_conf_alta_sin_revisar,etiquetada,,1,1,1,0,0,0
inat_47020993_74567159.jpg,47020993,74567159,cc-by-nc,positivo,etiquetada,,0,1,0,0,0,1
inat_47020993_74569278.jpg,47020993,74569278,cc-by-nc,positivo_conf_alta_sin_revisar,etiquetada,,1,1,1,0,0,0
inat_47172293_74808356.jpg,47172293,74808356,cc-by-nc,positivo_conf_alta_sin_revisar,etiquetada,,1,1,1,0,0,0
inat_47272875_74973262.jpg,47272875,74973262,cc-by-nc,positivo,etiquetada,,0,1,0,0,0,1
inat_4763347_5797828.jpg,4763347,5797828,cc-by-nc,positivo,etiquetada,,1,1,1,0,0,0
inat_4763347_5797867.jpg,4763347,5797867,cc-by-nc,positivo_conf_alta_sin_revisar,etiquetada,,2,1,1,0,1,0
inat_48546645_77036783.jpg,48546645,77036783,cc-by-nc,positivo,etiquetada,,0,1,0,0,0,1
inat_48660817_77200359.jpg,48660817,77200359,cc-by-nc,positivo,etiquetada,,1,1,1,0,0,0
inat_49344081_78329193.jpg,49344081,78329193,cc-by-nc,positivo_conf_alta_sin_revisar,etiquetada,,1,1,1,0,0,0
inat_49344081_78329214.jpg,49344081,78329214,cc-by-nc,positivo_conf_alta_sin_revisar,etiquetada,,1,1,1,0,0,0
inat_49344081_78329285.jpg,49344081,78329285,cc-by-nc,positivo,etiquetada,,1,1,0,1,0,0
inat_49344081_78329345.jpg,49344081,78329345,cc-by-nc,positivo_conf_alta_sin_revisar,etiquetada,,1,1,1,0,0,0
inat_49672975_78858104.jpg,49672975,78858104,cc-by-nc,positivo_conf_alta_sin_revisar,etiquetada,,1,1,1,0,0,0
inat_49672975_78858215.jpg,49672975,78858215,cc-by-nc,positivo_conf_alta_sin_revisar,etiquetada,,2,1,0,0,2,1
inat_49672975_78858327.jpg,49672975,78858327,cc-by-nc,positivo_conf_alta_sin_revisar,etiquetada,,1,1,1,0,0,0
inat_51211446_81351776.jpg,51211446,81351776,cc-by-nc,positivo_conf_alta_sin_revisar,etiquetada,,1,1,1,0,0,0
inat_53099915_84436898.jpg,53099915,84436898,cc-by-nc,positivo,etiquetada,,0,1,0,0,0,1
inat_53181777_84570836.jpg,53181777,84570836,cc-by-nc,positivo_conf_alta_sin_revisar,etiquetada,,1,1,0,1,0,0
inat_55413181_88234251.jpg,55413181,88234251,cc-by-nc,positivo_conf_alta_sin_revisar,etiquetada,,1,1,1,0,0,0
inat_58358735_93165305.jpg,58358735,93165305,cc-by-nc,positivo_conf_alta_sin_revisar,etiquetada,,1,1,0,1,0,0
inat_58367708_93178554.jpg,58367708,93178554,cc-by-nc,positivo,etiquetada,,2,1,0,1,1,0
inat_58367719_93180257.jpg,58367719,93180257,cc-by-nc,positivo,etiquetada,,1,1,1,0,0,0
inat_58662504_93671104.jpg,58662504,93671104,cc-by-nc,positivo_conf_alta_sin_revisar,etiquetada,,1,1,1,0,0,0
inat_58910805_94086278.jpg,58910805,94086278,cc-by-nc,positivo,etiquetada,,2,1,1,0,1,0
inat_59237210_94637576.jpg,59237210,94637576,cc-by-nc,positivo_conf_alta_sin_revisar,etiquetada,,1,1,1,0,0,0
inat_59237210_94637579.jpg,59237210,94637579,cc-by-nc,positivo_conf_alta_sin_revisar,etiquetada,,1,1,0,1,0,0
inat_59237210_94637599.jpg,59237210,94637599,cc-by-nc,positivo,etiquetada,,1,1,1,0,0,0
inat_61182724_97878360.jpg,61182724,97878360,cc-by-nc,positivo_conf_alta_sin_revisar,etiquetada,,2,2,2,0,0,0
inat_61770689_98884410.jpg,61770689,98884410,cc-by-nc,positivo_conf_alta_sin_revisar,etiquetada,,1,1,1,0,0,0
inat_61770689_98884432.jpg,61770689,98884432,cc-by-nc,positivo,etiquetada,,1,1,1,0,0,0
inat_61770689_98884458.jpg,61770689,98884458,cc-by-nc,positivo,etiquetada,,0,1,0,0,0,1
inat_61952422_99198203.jpg,61952422,99198203,cc-by-nc,positivo_conf_alta_sin_revisar,etiquetada,,1,1,1,0,0,0
inat_62669810_100450669.jpg,62669810,100450669,cc-by-nc,positivo_conf_alta_sin_revisar,etiquetada,,1,1,1,0,0,0
inat_63502754_101921888.jpg,63502754,101921888,cc-by-nc,positivo_conf_alta_sin_revisar,etiquetada,,1,1,1,0,0,0
inat_63854124_102552886.jpg,63854124,102552886,cc-by-nc,positivo_conf_alta_sin_revisar,etiquetada,,1,1,1,0,0,0
inat_64181768_103143035.jpg,64181768,103143035,cc-by-nc,positivo_conf_alta_sin_revisar,etiquetada,,1,1,1,0,0,0
inat_64440045_103601814.jpg,64440045,103601814,cc-by-nc,positivo_conf_alta_sin_revisar,etiquetada,,1,1,1,0,0,0
inat_65040579_104654675.jpg,65040579,104654675,cc-by-nc,positivo_conf_alta_sin_revisar,etiquetada,,1,1,1,0,0,0
inat_65757559_105892367.jpg,65757559,105892367,cc-by-nc,positivo,etiquetada,,0,1,0,0,0,1
inat_65757559_105892677.jpg,65757559,105892677,cc-by-nc,positivo,etiquetada,,0,1,0,0,0,1
inat_65757866_105892957.jpg,65757866,105892957,cc-by-nc,positivo,etiquetada,,0,1,0,0,0,1
inat_65758026_105893345.jpg,65758026,105893345,cc-by-nc,positivo,etiquetada,,1,1,1,0,0,0
inat_65758297_105893594.jpg,65758297,105893594,cc-by-nc,positivo_conf_alta_sin_revisar,etiquetada,,2,2,2,0,0,0
inat_65758967_105894642.jpg,65758967,105894642,cc-by-nc,positivo_conf_alta_sin_revisar,etiquetada,,1,1,1,0,0,0
inat_65759134_105894914.jpg,65759134,105894914,cc-by-nc,positivo,etiquetada,,0,1,0,0,0,1
inat_66042093_106382972.jpg,66042093,106382972,cc-by-nc,positivo_conf_alta_sin_revisar,etiquetada,,1,1,1,0,0,0
inat_66099850_106484602.jpg,66099850,106484602,cc-by-nc,positivo_conf_alta_sin_revisar,etiquetada,,1,1,1,0,0,0
inat_66545226_107298059.jpg,66545226,107298059,cc-by-nc,positivo_conf_alta_sin_revisar,etiquetada,,1,1,1,0,0,0
inat_66545226_107298070.jpg,66545226,107298070,cc-by-nc,positivo_conf_alta_sin_revisar,etiquetada,,1,1,1,0,0,0
inat_66545226_107298076.jpg,66545226,107298076,cc-by-nc,positivo_conf_alta_sin_revisar,etiquetada,,1,1,1,0,0,0
inat_66545226_107298083.jpg,66545226,107298083,cc-by-nc,positivo_conf_alta_sin_revisar,etiquetada,,1,1,1,0,0,0
inat_66545226_107298092.jpg,66545226,107298092,cc-by-nc,positivo_conf_alta_sin_revisar,etiquetada,,1,1,1,0,0,0
inat_66617503_107432313.jpg,66617503,107432313,cc-by-nc,positivo_conf_alta_sin_revisar,etiquetada,,1,1,1,0,0,0
inat_66617503_107432442.jpg,66617503,107432442,cc-by-nc,positivo_conf_alta_sin_revisar,etiquetada,,1,1,1,0,0,0
inat_67876056_109777008.jpg,67876056,109777008,cc-by,positivo_conf_alta_sin_revisar,etiquetada,,1,1,1,0,0,0
inat_68270326_110501282.jpg,68270326,110501282,cc-by,positivo,etiquetada,,1,1,1,0,0,0
inat_70734170_115044458.jpg,70734170,115044458,cc-by-nc,positivo_conf_alta_sin_revisar,etiquetada,,1,1,1,0,0,0
inat_71771197_116903880.jpg,71771197,116903880,cc-by-nc,positivo,etiquetada,,1,1,1,0,0,0
inat_7346685_9522552.jpg,7346685,9522552,cc-by-nc,positivo_conf_alta_sin_revisar,etiquetada,,1,1,1,0,0,0
inat_73568198_120116262.jpg,73568198,120116262,cc-by-nc,positivo_conf_alta_sin_revisar,etiquetada,,1,1,1,0,0,0
inat_73568198_120116278.jpg,73568198,120116278,cc-by-nc,positivo_conf_alta_sin_revisar,etiquetada,,1,1,1,0,0,0
inat_73568198_120116291.jpg,73568198,120116291,cc-by-nc,positivo_conf_alta_sin_revisar,etiquetada,,1,1,1,0,0,0
inat_73568198_120116305.jpg,73568198,120116305,cc-by-nc,positivo_conf_alta_sin_revisar,etiquetada,,1,1,1,0,0,0
inat_73568198_120116320.jpg,73568198,120116320,cc-by-nc,positivo_conf_alta_sin_revisar,etiquetada,,1,1,1,0,0,0
inat_73568198_120116331.jpg,73568198,120116331,cc-by-nc,positivo_conf_alta_sin_revisar,etiquetada,,1,1,1,0,0,0
inat_73568198_120116346.jpg,73568198,120116346,cc-by-nc,positivo_conf_alta_sin_revisar,etiquetada,,1,1,1,0,0,0
inat_73568198_120116357.jpg,73568198,120116357,cc-by-nc,positivo,etiquetada,,1,1,0,0,1,1
inat_73568198_120116370.jpg,73568198,120116370,cc-by-nc,positivo_conf_alta_sin_revisar,etiquetada,,1,1,1,0,0,0
inat_73568198_120116378.jpg,73568198,120116378,cc-by-nc,positivo_conf_alta_sin_revisar,etiquetada,,1,1,1,0,0,0
inat_73568198_120116390.jpg,73568198,120116390,cc-by-nc,positivo_conf_alta_sin_revisar,etiquetada,,1,1,1,0,0,0
inat_73568198_120116402.jpg,73568198,120116402,cc-by-nc,positivo_conf_alta_sin_revisar,etiquetada,,2,1,1,0,1,0
inat_73568198_120116410.jpg,73568198,120116410,cc-by-nc,positivo_conf_alta_sin_revisar,etiquetada,,2,1,1,0,1,0
inat_73568198_120116424.jpg,73568198,120116424,cc-by-nc,positivo,etiquetada,,1,1,0,1,0,0
inat_73568198_120116433.jpg,73568198,120116433,cc-by-nc,positivo_conf_alta_sin_revisar,etiquetada,,2,1,1,0,1,0
inat_73720061_120391343.jpg,73720061,120391343,cc-by-nc,positivo_conf_alta_sin_revisar,etiquetada,,1,1,1,0,0,0
inat_73720061_120391349.jpg,73720061,120391349,cc-by-nc,positivo_conf_alta_sin_revisar,etiquetada,,1,1,1,0,0,0
inat_73720061_120391361.jpg,73720061,120391361,cc-by-nc,positivo_conf_alta_sin_revisar,etiquetada,,1,1,1,0,0,0
inat_73720061_120391383.jpg,73720061,120391383,cc-by-nc,positivo_conf_alta_sin_revisar,etiquetada,,1,1,1,0,0,0
inat_73720061_120391404.jpg,73720061,120391404,cc-by-nc,positivo_conf_alta_sin_revisar,etiquetada,,1,1,1,0,0,0
inat_73720061_120391409.jpg,73720061,120391409,cc-by-nc,positivo_conf_alta_sin_revisar,etiquetada,,1,1,1,0,0,0
inat_73720061_120391413.jpg,73720061,120391413,cc-by-nc,positivo_conf_alta_sin_revisar,etiquetada,,1,1,1,0,0,0
inat_73720061_120391422.jpg,73720061,120391422,cc-by-nc,positivo_conf_alta_sin_revisar,etiquetada,,1,1,1,0,0,0
inat_73720061_120391433.jpg,73720061,120391433,cc-by-nc,positivo_conf_alta_sin_revisar,etiquetada,,1,1,1,0,0,0
inat_73720061_120391440.jpg,73720061,120391440,cc-by-nc,positivo,etiquetada,,2,1,1,0,1,0
inat_73720061_120391444.jpg,73720061,120391444,cc-by-nc,positivo_conf_alta_sin_revisar,etiquetada,,1,1,1,0,0,0
inat_73720061_120391445.jpg,73720061,120391445,cc-by-nc,positivo_conf_alta_sin_revisar,etiquetada,,1,1,1,0,0,0
inat_73720061_120391455.jpg,73720061,120391455,cc-by-nc,positivo_conf_alta_sin_revisar,etiquetada,,1,1,1,0,0,0
inat_73720061_120391459.jpg,73720061,120391459,cc-by-nc,positivo_conf_alta_sin_revisar,etiquetada,,1,1,1,0,0,0
inat_73720061_120391466.jpg,73720061,120391466,cc-by-nc,positivo_conf_alta_sin_revisar,etiquetada,,1,1,1,0,0,0
inat_73720061_120391470.jpg,73720061,120391470,cc-by-nc,positivo_conf_alta_sin_revisar,etiquetada,,1,1,1,0,0,0
inat_73720061_120391473.jpg,73720061,120391473,cc-by-nc,positivo_conf_alta_sin_revisar,etiquetada,,1,1,1,0,0,0
inat_73720061_120391478.jpg,73720061,120391478,cc-by-nc,positivo_conf_alta_sin_revisar,etiquetada,,1,1,1,0,0,0
inat_7538062_9833482.jpg,7538062,9833482,cc-by-nc,positivo_conf_alta_sin_revisar,etiquetada,,1,1,1,0,0,0
inat_7538062_9835026.jpg,7538062,9835026,cc-by-nc,positivo_conf_alta_sin_revisar,etiquetada,,1,1,1,0,0,0
inat_7538062_9835051.jpg,7538062,9835051,cc-by-nc,positivo,etiquetada,,1,1,1,0,0,0
inat_77511026_126767390.jpg,77511026,126767390,cc-by-nc,positivo,etiquetada,,0,1,0,0,0,1
inat_79222935_129740683.jpg,79222935,129740683,cc-by-nc,positivo_conf_alta_sin_revisar,etiquetada,,1,1,1,0,0,0
inat_80101886_131257849.jpg,80101886,131257849,cc-by-nc,positivo_conf_alta_sin_revisar,etiquetada,,3,2,2,0,1,0
inat_83581046_137286429.jpg,83581046,137286429,cc-by-nc,positivo_conf_alta_sin_revisar,etiquetada,,2,2,2,0,0,0
inat_86459237_142431902.jpg,86459237,142431902,cc-by-nc,positivo_conf_alta_sin_revisar,etiquetada,,1,1,1,0,0,0
inat_8649458_11581021.jpg,8649458,11581021,cc-by-nc,positivo,etiquetada,,2,2,1,0,1,1
inat_8649496_11581072.jpg,8649496,11581072,cc-by-nc,positivo_conf_alta_sin_revisar,etiquetada,,1,1,0,1,0,0
inat_87003478_143419381.jpg,87003478,143419381,cc-by-nc,positivo_conf_alta_sin_revisar,etiquetada,,1,1,1,0,0,0
inat_8701613_11666750.jpg,8701613,11666750,cc-by-nc,positivo_conf_alta_sin_revisar,etiquetada,,1,1,1,0,0,0
inat_8821614_11850866.jpg,8821614,11850866,cc-by-nc,positivo_conf_alta_sin_revisar,etiquetada,,1,1,1,0,0,0
inat_88943612_146818508.jpg,88943612,146818508,cc-by-nc,positivo,etiquetada,,1,1,1,0,0,0
inat_88943615_146818538.jpg,88943615,146818538,cc-by-nc,positivo_conf_alta_sin_revisar,etiquetada,,1,1,1,0,0,0
inat_88943616_146818569.jpg,88943616,146818569,cc-by-nc,positivo,etiquetada,,0,1,0,0,0,1
inat_89412031_147647268.jpg,89412031,147647268,cc-by-nc,positivo,etiquetada,,0,3,0,0,0,3
inat_8993378_12120443.jpg,8993378,12120443,cc-by-nc,positivo,etiquetada,,1,1,1,0,0,0
inat_90085545_148838187.jpg,90085545,148838187,cc-by-nc,positivo_conf_alta_sin_revisar,etiquetada,,1,1,1,0,0,0
inat_9053871_12221204.jpg,9053871,12221204,cc-by-nc,positivo,etiquetada,,0,2,0,0,0,2
inat_94945335_157557814.jpg,94945335,157557814,cc-by-nc,positivo_conf_alta_sin_revisar,etiquetada,,3,3,3,0,0,0
inat_96432888_160206027.jpg,96432888,160206027,cc-by-nc,positivo_conf_alta_sin_revisar,etiquetada,,1,1,1,0,0,0
inat_97319000_161830515.jpg,97319000,161830515,cc-by-nc,positivo,etiquetada,,1,1,1,0,0,0
inat_97319000_161830533.jpg,97319000,161830533,cc-by-nc,positivo,etiquetada,,0,1,0,0,0,1
inat_97319000_161830557.jpg,97319000,161830557,cc-by-nc,positivo,etiquetada,,0,1,0,0,0,1
inat_97319000_161830573.jpg,97319000,161830573,cc-by-nc,positivo_conf_alta_sin_revisar,etiquetada,,1,1,1,0,0,0
inat_97400266_161976305.jpg,97400266,161976305,cc-by-nc,positivo_conf_alta_sin_revisar,etiquetada,,2,1,0,1,1,0
inat_98639476_164270301.jpg,98639476,164270301,cc-by-nc,positivo,etiquetada,,0,1,0,0,0,1
inat_98670528_164334614.jpg,98670528,164334614,cc-by-nc,positivo_conf_alta_sin_revisar,etiquetada,,3,1,0,1,2,0
inat_98670528_164334906.jpg,98670528,164334906,cc-by-nc,positivo_conf_alta_sin_revisar,etiquetada,,2,1,1,0,1,0
inat_99109154_165160691.jpg,99109154,165160691,cc-by-nc,positivo,etiquetada,,1,1,1,0,0,0
inat_99549905_165975083.jpg,99549905,165975083,cc-by,positivo_conf_alta_sin_revisar,etiquetada,,1,1,1,0,0,0
inat_99645347_166153700.jpg,99645347,166153700,cc-by-nc,positivo,etiquetada,,0,1,0,0,0,1
inat_42574409_67606969.jpg,42574409,67606969,cc-by-nc,positivo,descartada,rastro,,0,,,,
inat_148730244_256169116.jpg,148730244,256169116,cc-by-nc,positivo_conf_alta_sin_revisar,descartada,rastro,,0,,,,
inat_249785296_446585749.jpg,249785296,446585749,cc-by,positivo_conf_alta_sin_revisar,descartada,rastro,,0,,,,
inat_249785296_446585757.jpg,249785296,446585757,cc-by,positivo_conf_alta_sin_revisar,descartada,rastro,,0,,,,
inat_321921952_582265509.jpg,321921952,582265509,cc0,positivo_conf_alta_sin_revisar,descartada,rastro,,0,,,,
inat_327391985_593117621.jpg,327391985,593117621,cc-by-nc,positivo,descartada,duda,,0,,,,
inat_339346436_617309528.jpg,339346436,617309528,cc-by-nc,positivo_conf_alta_sin_revisar,descartada,rastro,,0,,,,
inat_371245105_678279170.jpg,371245105,678279170,cc-by-nc,positivo_conf_alta_sin_revisar,descartada,rastro,,0,,,,
inat_374780708_685067206.jpg,374780708,685067206,cc-by-nc,positivo_conf_alta_sin_revisar,descartada,cautiverio,,0,,,,
inat_389760420_713968740.jpg,389760420,713968740,cc-by-nc,positivo_conf_alta_sin_revisar,descartada,cautiverio,,0,,,,
