image_id,file_name,categoria,x,y,w,h,img_w,img_h,area_relativa,bbox_normalizada
8784,8784.jpg,American Black Bear,0.0,499.29216,243.5072,472.99584,2048,1536,0.036614066,False
8785,8785.jpg,American Black Bear,745.08288,481.96608000000003,215.06048,330.74688,2048,1536,0.0226118033,False
8786,8786.jpg,American Black Bear,642.12992,859.59168,176.20992,304.72704,2048,1536,0.017069475599999998,False
8787,8787.jpg,American Black Bear,654.66368,499.36896,328.37632,305.37216,2048,1536,0.0318771954,False
8788,8788.jpg,American Black Bear,658.1248,472.70400000000006,347.3408,346.93631999999997,2048,1536,0.038307551999999995,False
8789,8789.jpg,American Black Bear,406.13888,490.96704,437.69856,360.85248,2048,1536,0.050209239600000004,False
8790,8790.jpg,American Black Bear,159.901696,520.22784,429.64992,366.30528,2048,1536,0.0500307192,False
8791,8791.jpg,American Black Bear,647.65952,388.25472,744.38656,561.07008,2048,1536,0.1327683216,False
8792,8792.jpg,American Black Bear,1.69924608,579.5174400000001,795.79136,517.72416,2048,1536,0.1309714042,False
8793,8793.jpg,American Black Bear,661.72928,846.82752,191.997952,313.14432,2048,1536,0.01911260863,False
8794,8794.jpg,American Black Bear,713.48224,829.25568,228.02432,424.70400000000006,2048,1536,0.030785510000000002,False
8795,8795.jpg,American Black Bear,1861.9392,579.19488,143.771648,365.84448,2048,1536,0.016720474179999997,False
8796,8796.jpg,American Black Bear,602.23488,883.4918399999999,288.6656,452.0448,2048,1536,0.041481584999999994,False
8797,8797.jpg,American Black Bear,607.98976,862.3104000000001,254.3616,578.24256,2048,1536,0.046756332000000005,False
8798,8798.jpg,American Black Bear,698.04032,847.27296,498.09408,649.28256,2048,1536,0.10280729910000001,False
8799,8799.jpg,American Black Bear,729.7024,658.39104,772.4032,852.31104,2048,1536,0.20927676350000002,False
8800,8800.jpg,American Black Bear,797.73696,305.67936,1242.09152,1203.77856,2048,1536,0.4753122778999999,False
8801,8801.jpg,American Black Bear,1732.9152,791.5776,315.0848,635.78112,2048,1536,0.063681592,False
8802,8802.jpg,American Black Bear,1443.98336,527.6620800000001,603.11552,799.82592,2048,1536,0.15334683279999997,False
8803,8803.jpg,American Black Bear,1400.85248,546.01728,532.8896,589.63968,2048,1536,0.09988557599999999,False
8804,8804.jpg,American Black Bear,1741.5168,560.39424,258.82624,436.7616,2048,1536,0.035936153,False
8805,8805.jpg,American Black Bear,1079.99232,590.42304,764.1088,650.74176,2048,1536,0.158067546,False
8806,8806.jpg,American Black Bear,298.82368,705.54624,1007.49312,585.87648,2048,1536,0.1876406742,False
8807,8807.jpg,American Black Bear,1177.57952,797.8752,271.2576,140.903424,2048,1536,0.012150168300000002,False
8808,8808.jpg,American Black Bear,1336.79104,761.2416,257.04448,157.07136,2048,1536,0.012834652600000001,False
8809,8809.jpg,American Black Bear,1382.27712,763.25376,295.6288,160.38912,2048,1536,0.015073027000000001,False
8810,8810.jpg,American Black Bear,1535.44704,740.8128,308.08064,166.16448,2048,1536,0.0162735174,False
8811,8811.jpg,American Black Bear,0.0,548.98176,435.17952,951.9206399999999,2048,1536,0.13168855259999998,False
8812,8812.jpg,American Black Bear,0.0,537.84576,429.32224,962.0428800000001,2048,1536,0.1312975579,False
8813,8813.jpg,American Black Bear,0.66013184,522.94656,435.93728,976.71168,2048,1536,0.1353534168,False
8814,8814.jpg,American Black Bear,0.0,496.8192,429.44512,1013.88288,2048,1536,0.1384121752,False
8815,8815.jpg,American Black Bear,0.0,496.8192,444.98944,1000.2739200000001,2048,1536,0.14149708160000002,False
8816,8816.jpg,American Black Bear,0.0,460.41600000000005,432.8448,1045.37088,2048,1536,0.143840583,False
8817,8817.jpg,American Black Bear,0.0,521.53344,390.28736,975.55968,2048,1536,0.12103672409999999,False
8818,8818.jpg,American Black Bear,0.0,521.53344,761.7536,977.5103999999999,2048,1536,0.23670897999999996,False
8819,8819.jpg,American Black Bear,9.302016,508.7232,390.77888,997.30944,2048,1536,0.1238910249,False
8820,8820.jpg,American Black Bear,0.77897728,495.72864000000004,1116.2624,1013.1456,2048,1536,0.35951498,False
8821,8821.jpg,American Black Bear,0.0,564.096,398.70464,941.04576,2048,1536,0.11927264879999999,False
8822,8822.jpg,American Black Bear,903.76192,718.8326400000001,573.7472,345.40031999999997,2048,1536,0.06299733049999999,False
8823,8823.jpg,American Black Bear,0.0,272.44032,497.88928,1221.02784,2048,1536,0.19325786339999998,False
8824,8824.jpg,American Black Bear,0.0,318.44352000000003,973.45536,1206.71232,2048,1536,0.37342089840000003,False
8825,8825.jpg,American Black Bear,0.0,534.2668799999999,1121.25952,971.45856,2048,1536,0.3462655254,False
8826,8826.jpg,American Black Bear,776.37632,467.11296,648.74496,786.17088,2048,1536,0.1621323891,False
8827,8827.jpg,American Black Bear,1152.57344,526.6176,422.58432,513.46944,2048,1536,0.06897739859999999,False
8828,8828.jpg,American Black Bear,1205.39136,444.31872000000004,524.32896,605.1993600000001,2048,1536,0.10087444020000003,False
8829,8829.jpg,American Black Bear,1095.45472,467.38944000000004,721.59232,587.1206400000001,2048,1536,0.1346784416,False
8830,8830.jpg,American Black Bear,966.12352,681.1852799999999,539.81184,373.0944,2048,1536,0.064023582,False
8831,8831.jpg,American Black Bear,712.37632,734.42304,465.75616,331.8528,2048,1536,0.049134091,False
8832,8832.jpg,American Black Bear,622.26432,712.19712,327.33184,348.88704,2048,1536,0.0363037862,False
8833,8833.jpg,American Black Bear,384.08192,761.41056,407.81824,306.98496,2048,1536,0.0397981218,False
8834,8834.jpg,American Black Bear,418.2016,761.3184,344.43264,302.79168,2048,1536,0.0331533234,False
8835,8835.jpg,American Black Bear,430.24384,766.06464,401.96096,296.01792,2048,1536,0.0378251544,False
8836,8836.jpg,American Black Bear,1.13160192,825.5692799999999,338.30912,234.30144,2048,1536,0.0251980826,False
8837,8837.jpg,American Black Bear,0.0,839.6543999999999,240.04608,324.04992,2048,1536,0.024727793699999997,False
8838,8838.jpg,American Black Bear,0.0,810.0863999999999,463.31904,325.0176,2048,1536,0.047870268,False
8839,8839.jpg,American Black Bear,66.394112,810.0556799999999,551.69024,332.86656000000005,2048,1536,0.05837733980000001,False
8840,8840.jpg,American Black Bear,503.17312,733.94688,691.85536,358.17984,2048,1536,0.0787762458,False
8841,8841.jpg,American Black Bear,1214.19776,446.592,411.36128,599.48544,2048,1536,0.0783936494,False
8842,8842.jpg,American Black Bear,805.39648,596.8896,764.60032,514.8211200000001,2048,1536,0.1251323678,False
8843,8843.jpg,American Black Bear,708.23936,461.76768000000004,676.39296,927.77472,2048,1536,0.1994896854,False
8844,8844.jpg,American Black Bear,1031.20896,447.88224,436.51072,773.05344,2048,1536,0.1072712306,False
8845,8845.jpg,American Black Bear,1637.00736,27.737088,407.10144,1466.6956799999998,2048,1536,0.1898110464,False
8846,8846.jpg,American Black Bear,5.834752,31.351295999999998,2034.3808,1456.2816,2048,1536,0.941795135,False
8847,8847.jpg,American Black Bear,0.0,467.66592,1203.93728,1008.1228799999999,2048,1536,0.38583015379999996,False
8848,8848.jpg,American Black Bear,20.342784,51.102720000000005,2027.64288,1444.23936,2048,1536,0.9309138156,False
8849,8849.jpg,American Black Bear,1518.98112,35.240448,515.39968,1464.05376,2048,1536,0.2398722456,False
8850,8850.jpg,American Black Bear,1775.7184,29.408256,262.57408,1446.55872,2048,1536,0.12074433169999998,False
8851,8851.jpg,American Black Bear,1081.38496,25.519104,958.85312,1475.7273599999999,2048,1536,0.44981822439999997,False
8852,8852.jpg,American Black Bear,941.34272,27.46368,1100.82048,1460.16768,2048,1536,0.5109731313,False
8853,8853.jpg,American Black Bear,1170.8416,39.1296,877.1584,1466.00448,2048,1536,0.40878236900000003,False
8854,8854.jpg,American Black Bear,960.79872,21.629952000000003,1079.43936,1483.49952,2048,1536,0.5090547474000001,False
8855,8855.jpg,American Black Bear,1157.2224,21.629952000000003,884.9408,1475.7273599999999,2048,1536,0.4151443959999999,False
8856,8856.jpg,American Black Bear,1089.14688,33.295871999999996,939.39712,1464.05376,2048,1536,0.43720496039999995,False
8857,8857.jpg,American Black Bear,1462.5792,33.295871999999996,583.4752,1448.50944,2048,1536,0.268672096,False
8858,8858.jpg,American Black Bear,1040.52736,46.906368,997.74464,1452.14976,2048,1536,0.4605848438,False
8859,8859.jpg,American Black Bear,9.7245184,867.40992,2026.5984,639.4368,2048,1536,0.411949665,False
8860,8860.jpg,American Black Bear,5.834752,713.80992,2042.1632,769.95072,2048,1536,0.4998413805,False
8861,8861.jpg,American Black Bear,0.0,52.73855999999999,2034.3808,1444.62336,2048,1536,0.9342556085,False
8862,8862.jpg,American Black Bear,45.23008,980.22912,305.00864,407.79264,2048,1536,0.0395394257,False
8863,8863.jpg,American Black Bear,45.23008,980.22912,305.00864,495.2832,2048,1536,0.0480224785,False
8863,8863.jpg,American Black Bear,3.8897664,31.351295999999998,291.7376,1471.84128,2048,1536,0.1364998635,False
8864,8864.jpg,American Black Bear,5.834752,33.295871999999996,1324.48256,1462.1183999999998,2048,1536,0.6156127679999999,False
8865,8865.jpg,American Black Bear,5.834752,39.1296,1542.32832,1458.23232,2048,1536,0.7149610533,False
8866,8866.jpg,American Black Bear,0.0,35.240448,1273.91744,1454.34624,2048,1536,0.5889628852000001,False
8867,8867.jpg,American Black Bear,3.8897664,46.906368,1285.59104,1454.34624,2048,1536,0.5943598732,False
8868,8868.jpg,American Black Bear,7.7797376,43.017216,1643.45856,1431.0144,2048,1536,0.7476211755,False
8869,8869.jpg,American Black Bear,678.54336,1027.0464,271.81056,464.73216,2048,1536,0.04015576320000001,False
8869,8869.jpg,American Black Bear,733.22496,564.096,756.57216,933.2582399999999,2048,1536,0.22445589779999997,False
8870,8870.jpg,American Black Bear,18.9444096,604.29312,1479.82336,899.2512,2048,1536,0.4230286065,False
8871,8871.jpg,American Black Bear,502.39488,790.0416,645.8368,649.23648,2048,1536,0.13329213800000003,False
8872,8872.jpg,American Black Bear,243.712,650.0505599999999,1215.71328,841.7280000000001,2048,1536,0.32529828,False
8873,8873.jpg,American Black Bear,837.38624,583.77216,686.12096,916.54656,2048,1536,0.19990978419999997,False
8873,8873.jpg,American Black Bear,467.41504,1088.9472,385.88416,413.27616,2048,1536,0.0506962852,False
8874,8874.jpg,American Black Bear,730.624,772.5619200000001,585.46176,586.38336,2048,1536,0.10913373120000001,False
8874,8874.jpg,American Black Bear,42.203136,1163.2281600000001,731.50464,365.90592,2048,1536,0.08508741959999999,False
8875,8875.jpg,American Black Bear,646.59456,757.7856,515.33824,577.79712,2048,1536,0.0946556571,False
8876,8876.jpg,American Black Bear,88.061952,833.46432,840.9088,654.8428799999999,2048,1536,0.175051098,False
8877,8877.jpg,American Black Bear,244.8384,835.63008,780.77952,616.75008,2048,1536,0.15307929720000002,False
8878,8878.jpg,American Black Bear,0.0,936.0384000000001,583.0656,584.46336,2048,1536,0.10833119699999999,False
8879,8879.jpg,American Black Bear,445.15328,669.60384,585.70752,478.14144,2048,1536,0.08902582710000001,False
8880,8880.jpg,American Black Bear,829.52192,693.3196800000001,538.99264,403.59936,2048,1536,0.06915317680000001,False
8881,8881.jpg,American Black Bear,829.52192,693.3196800000001,538.99264,403.59936,2048,1536,0.06915317680000001,False
8882,8882.jpg,American Black Bear,789.05344,728.09472,329.09312,494.46912,2048,1536,0.0517293248,False
8883,8883.jpg,American Black Bear,831.2832,710.72256,527.89248,380.11392,2048,1536,0.0637878672,False
8884,8884.jpg,American Black Bear,832.12288,683.50464,426.12736,460.13952,2048,1536,0.06233152990000001,False
8885,8885.jpg,American Black Bear,752.68096,808.71936,541.57312,623.232,2048,1536,0.10729653,False
8886,8886.jpg,American Black Bear,622.1824,831.77472,454.00064,579.11808,2048,1536,0.0835800104,False
8887,8887.jpg,American Black Bear,622.1824,831.77472,454.00064,579.11808,2048,1536,0.0835800104,False
8888,8888.jpg,American Black Bear,614.74816,784.7424000000001,462.6432,650.44992,2048,1536,0.095661873,False
8889,8889.jpg,American Black Bear,812.25728,670.86336,1046.09792,810.33216,2048,1536,0.2694723724,False
8890,8890.jpg,American Black Bear,581.07904,708.8332800000001,741.39648,723.19488,2048,1536,0.1704451683,False
8891,8891.jpg,American Black Bear,899.01056,681.09312,553.59488,821.8521599999999,2048,1536,0.14463206859999997,False
8892,8892.jpg,American Black Bear,982.09792,658.8672,480.62464,821.51424,2048,1536,0.1255162512,False
8893,8893.jpg,American Black Bear,921.55904,689.37216,821.5552,773.1916800000001,2048,1536,0.20193088700000003,False
8894,8894.jpg,American Black Bear,818.40128,690.75456,880.57856,823.94112,2048,1536,0.2306445074,False
8895,8895.jpg,American Black Bear,760.44288,654.99648,1178.78784,834.4934400000001,2048,1536,0.31270685820000005,False
8896,8896.jpg,American Black Bear,796.01664,721.6588800000001,1050.112,790.70208,2048,1536,0.263953445,False
8897,8897.jpg,American Black Bear,932.47488,647.8694399999999,855.79776,851.6351999999999,2048,1536,0.2316880215,False
8898,8898.jpg,American Black Bear,835.13344,646.8095999999999,946.81088,841.43616,2048,1536,0.2532580411,False
8899,8899.jpg,American Black Bear,891.53536,628.5004799999999,908.96384,878.54592,2048,1536,0.2538574451,False
8900,8900.jpg,American Black Bear,566.74304,675.16416,1041.22368,831.88224,2048,1536,0.27534977190000004,False
8901,8901.jpg,American Black Bear,418.6112,673.98144,1211.5968,802.3449600000001,2048,1536,0.30902817600000004,False
8902,8902.jpg,American Black Bear,237.28128,758.52288,1308.93824,742.71744,2048,1536,0.3090449202,False
8903,8903.jpg,American Black Bear,184.766464,733.24032,1176.6784,767.75424,2048,1536,0.287183072,False
8904,8904.jpg,American Black Bear,278.48704,686.0544,1208.13568,814.5408,2048,1536,0.312829273,False
8905,8905.jpg,American Black Bear,231.81312,740.4902400000001,1151.73376,760.10496,2048,1536,0.2782944182,False
8906,8906.jpg,American Black Bear,11.669504,857.68704,966.61504,641.6179199999999,2048,1536,0.19715548559999999,False
8907,8907.jpg,American Black Bear,309.248,756.5721599999999,1015.25504,740.78208,2048,1536,0.23908066439999998,False
8908,8908.jpg,American Black Bear,346.19392,632.1408,1112.49408,871.05024,2048,1536,0.3080489589,False
8909,8909.jpg,American Black Bear,7.7797376,776.01792,1100.82048,717.45024,2048,1536,0.2510655459,False
8910,8910.jpg,American Black Bear,1.94492416,688.52736,943.28832,806.89152,2048,1536,0.2419571388,False
8911,8911.jpg,American Black Bear,0.0,758.52288,1221.40672,738.83136,2048,1536,0.28686955389999996,False
8912,8912.jpg,American Black Bear,0.0,602.0352,1917.78816,888.6988799999999,2048,1536,0.5417938835999999,False
8913,8913.jpg,American Black Bear,9.7245184,41.074176,1857.39264,1425.1776,2048,1536,0.8414950005,False
8914,8914.jpg,American Black Bear,3.8897664,39.1296,1834.06592,1460.16768,2048,1536,0.8513271902,False
8915,8915.jpg,American Black Bear,1.94492416,31.351295999999998,923.83232,1384.35072,2048,1536,0.4065538843,False
8916,8916.jpg,American Black Bear,9.7245184,41.074176,1069.71136,1368.79104,2048,1536,0.46546024480000003,False
8917,8917.jpg,American Black Bear,1.94492416,130.510848,1021.09184,1302.6816,2048,1536,0.422845698,False
8918,8918.jpg,American Black Bear,7.7797376,43.017216,2024.6528,1374.6278399999999,2048,1536,0.884737684,False
8919,8919.jpg,American Black Bear,632.48384,975.26784,349.0816,486.32832,2048,1536,0.053967878999999996,False
8920,8920.jpg,American Black Bear,16.8656896,42.083327999999995,1148.8256,1349.23776,2048,1536,0.4927440894999999,False
8921,8921.jpg,American Black Bear,0.0,22.574592,1206.86592,1389.71136,2048,1536,0.5331660204,False
8922,8922.jpg,American Black Bear,0.0,172.29312000000002,1206.86592,1239.9974399999999,2048,1536,0.4757279240999999,False
8923,8923.jpg,American Black Bear,0.104613888,97.56825599999999,1106.0224,1323.5712,2048,1536,0.46536108500000006,False
8924,8924.jpg,American Black Bear,535.18336,955.56096,399.38048,516.9715199999999,2048,1536,0.06563451569999999,False
8925,8925.jpg,American Black Bear,18.3683072,676.4544000000001,969.74848,792.8063999999999,2048,1536,0.24440218649999998,False
8926,8926.jpg,American Black Bear,659.88608,1007.3548800000001,330.21952,433.24415999999997,2048,1536,0.0454793544,False
8927,8927.jpg,American Black Bear,1056.6656,284.35967999999997,328.84736,342.45120000000003,2048,1536,0.0357990815,False
8928,8928.jpg,American Black Bear,955.96544,290.9952,298.43456,408.86784,2048,1536,0.038789206799999996,False
8929,8929.jpg,American Black Bear,922.17344,280.2432,359.60832,426.80832,2048,1536,0.0487911933,False
8930,8930.jpg,American Black Bear,4.3651072,763.86816,689.664,701.06112,2048,1536,0.153699435,False
8931,8931.jpg,American Black Bear,889.91744,250.96704,403.16928,465.08544,2048,1536,0.059607239400000005,False
8932,8932.jpg,American Black Bear,837.5296,247.41888,320.67584,553.344,2048,1536,0.05640794500000001,False
8933,8933.jpg,American Black Bear,205.0048,768.0,1258.1888,719.6620800000001,2048,1536,0.2878414055,False
8934,8934.jpg,American Black Bear,719.36,829.3171199999999,1240.22784,682.47552,2048,1536,0.2690713056,False
8935,8935.jpg,American Black Bear,1697.91488,935.45472,334.52032,521.07264,2048,1536,0.055411461599999996,False
8936,8936.jpg,American Black Bear,6.5241088,596.02944,268.4928,282.19392,2048,1536,0.024085691999999995,False
8937,8937.jpg,American Black Bear,248.03328,634.62912,344.30976,286.70975999999996,2048,1536,0.031381279199999994,False
8938,8938.jpg,American Black Bear,259.87072,579.05664,388.23936,332.3904,2048,1536,0.041022948,False
8939,8939.jpg,American Black Bear,259.87072,590.73024,380.45696,320.73216,2048,1536,0.0387906337,False
8940,8940.jpg,American Black Bear,128.966656,625.87392,444.416,300.19584,2048,1536,0.04241048,False
8941,8941.jpg,American Black Bear,243.52768,633.4464,445.68576,288.23040000000003,2048,1536,0.040836393000000006,False
8942,8942.jpg,American Black Bear,102.516736,605.07648,450.74432,309.53472,2048,1536,0.0443525368,False
8943,8943.jpg,American Black Bear,57.008128,610.4064,397.25056,294.65088000000003,2048,1536,0.03720926510000001,False
8944,8944.jpg,American Black Bear,51.101696,568.88832,268.06272,349.83936,2048,1536,0.029811506400000003,False
8945,8945.jpg,American Black Bear,2.653184,614.06208,314.32704,339.48672,2048,1536,0.0339221496,False
8946,8946.jpg,American Black Bear,199.522304,672.10752,357.39648,428.15999999999997,2048,1536,0.0486446625,False
8947,8947.jpg,American Black Bear,281.98912,728.12544,633.30304,399.68255999999997,2048,1536,0.08046473829999999,False
8948,8948.jpg,American Black Bear,611.57376,810.9772800000001,653.59872,370.46783999999997,2048,1536,0.07697337659999999,False
8949,8949.jpg,American Black Bear,436.8384,784.6348800000001,682.74176,374.21568,2048,1536,0.0812189331,False
8950,8950.jpg,American Black Bear,929.60768,838.3641600000001,642.41664,400.52736,2048,1536,0.0817951968,False
8951,8951.jpg,American Black Bear,1291.1616,839.8847999999999,403.21024,420.97151999999994,2048,1536,0.05395890159999999,False
8951,8951.jpg,American Black Bear,7.1323648,850.5292800000001,380.98944,641.21856,2048,1536,0.0776600838,False
8952,8952.jpg,American Black Bear,1384.30464,803.1744000000001,272.42496,479.69280000000003,2048,1536,0.041542146,False
8952,8952.jpg,American Black Bear,139.999232,974.40768,1106.20672,523.89888,2048,1536,0.18423095119999996,False
8953,8953.jpg,American Black Bear,15.5592704,943.2268799999999,863.5392,558.01344,2048,1536,0.1531812285,False
8953,8953.jpg,American Black Bear,1385.86112,808.7347199999999,279.67488,470.6304,2048,1536,0.041841984,False
8954,8954.jpg,American Black Bear,387.93216,991.1808,1085.48096,506.38847999999996,2048,1536,0.17473699359999997,False
8954,8954.jpg,American Black Bear,1353.1136,807.72096,293.64224,461.21471999999994,2048,1536,0.043052712599999994,False
8955,8955.jpg,American Black Bear,1594.63424,1055.29344,448.67584,426.33215999999993,2048,1536,0.06080784479999999,False
8956,8956.jpg,American Black Bear,1353.66656,832.40448,318.976,241.09055999999998,2048,1536,0.02444652,False
8956,8956.jpg,American Black Bear,1125.2736,1053.6499199999998,877.09696,444.93312,2048,1536,0.1240569709,False
8957,8957.jpg,American Black Bear,1386.33216,889.71264,303.06304,504.69888,2048,1536,0.048623268399999996,False
8958,8958.jpg,American Black Bear,1400.13568,909.3119999999999,362.61888,554.9568,2048,1536,0.063971778,False
8959,8959.jpg,American Black Bear,1463.99232,1001.856,557.91616,510.36672,2048,1536,0.09051699340000001,False
8960,8960.jpg,American Black Bear,1450.55744,1029.70368,588.47232,483.08736,2048,1536,0.09037130339999999,False
8961,8961.jpg,American Black Bear,8.8784896,671.58528,839.9872,816.7679999999999,2048,1536,0.21809726249999997,False
8962,8962.jpg,American Black Bear,0.0,714.79296,1251.86048,775.6800000000001,2048,1536,0.3086863,False
8963,8963.jpg,American Black Bear,122.519552,780.31872,1669.7344,722.6265599999999,2048,1536,0.38356603799999994,False
8964,8964.jpg,American Black Bear,1026.99008,812.6822399999999,1008.47616,689.49504,2048,1536,0.2210424138,False
8965,8965.jpg,American Black Bear,1363.02592,874.1222399999999,550.35904,405.5808,2048,1536,0.07095815650000001,False
8966,8966.jpg,American Black Bear,1503.41632,1007.3856000000001,534.85568,488.01792,2048,1536,0.0829757552,False
8967,8967.jpg,American Black Bear,1009.3568,1015.97184,419.16416,383.72352,2048,1536,0.0511306594,False
8968,8968.jpg,American Black Bear,1161.35936,968.01792,373.5552,435.50208,2048,1536,0.051715871999999996,False
8969,8969.jpg,American Black Bear,1093.03808,986.0044800000001,495.96416,386.9184,2048,1536,0.061002623000000006,False
8970,8970.jpg,American Black Bear,1061.92896,987.9552,548.47488,386.9184,2048,1536,0.067461339,False
8971,8971.jpg,American Black Bear,1034.69056,986.0044800000001,647.65952,384.96768000000003,2048,1536,0.07925923120000002,False
8972,8972.jpg,American Black Bear,690.85184,717.6499200000001,188.116992,177.28512,2048,1536,0.010601788680000002,False
8973,8973.jpg,American Black Bear,1273.91744,931.56864,472.61696,328.58112,2048,1536,0.0493663184,False
8974,8974.jpg,American Black Bear,685.09696,717.05088,196.78208,180.23424,2048,1536,0.011274613900000001,False
8975,8975.jpg,American Black Bear,679.97696,722.90304,229.35552,183.82847999999998,2048,1536,0.0134029632,False
8976,8976.jpg,American Black Bear,1434.66496,705.50016,372.65408,421.03296,2048,1536,0.049877055600000005,False
8977,8977.jpg,American Black Bear,868.0448,750.4896,267.3664,187.17696,2048,1536,0.015908823,False
8978,8978.jpg,American Black Bear,926.06464,742.5024,276.56192,198.42048,2048,1536,0.017444467199999997,False
8979,8979.jpg,American Black Bear,926.06464,742.5024,276.56192,198.42048,2048,1536,0.017444467199999997,False
8980,8980.jpg,American Black Bear,246.1696,736.512,869.5808,656.22528,2048,1536,0.18140185799999997,False
8981,8981.jpg,American Black Bear,500.26496,740.5056,780.6976,563.14368,2048,1536,0.139759356,False
8982,8982.jpg,American Black Bear,1236.62336,710.89152,468.41856,464.87039999999996,2048,1536,0.06922210799999999,False
8983,8983.jpg,American Black Bear,636.78464,731.5507200000001,739.2256,549.93408,2048,1536,0.12923092849999998,False
8984,8984.jpg,American Black Bear,1326.71488,714.9312,469.97504,486.2976,2048,1536,0.072653368,False
8985,8985.jpg,American Black Bear,1823.06816,675.73248,185.901056,268.40064,2048,1536,0.01586149928,False
8986,8986.jpg,American Black Bear,1832.77568,676.96128,204.703744,255.75936,2048,1536,0.01664317403,False
8987,8987.jpg,American Black Bear,1797.59104,691.72224,212.93056,290.54976,2048,1536,0.0196669652,False
8988,8988.jpg,American Black Bear,1176.00256,784.03584,261.16096,204.59520000000003,2048,1536,0.016985664,False
8989,8989.jpg,American Black Bear,1162.8544,822.7430400000001,195.794944,144.71424,2048,1536,0.009007236644999998,False
8990,8990.jpg,American Black Bear,756.4288,878.4384,237.89568,133.599744,2048,1536,0.010103480639999999,False
8991,8991.jpg,American Black Bear,811.9296,866.08896,263.3728,153.95328,2048,1536,0.012889577999999999,False
8992,8992.jpg,American Black Bear,37.4784,884.56704,262.5536,170.9568,2048,1536,0.01426866,False
8993,8993.jpg,American Black Bear,729.25184,885.41184,234.65984,133.596672,2048,1536,0.00996582466,False
8994,8994.jpg,American Black Bear,1508.94592,759.67488,259.95264,196.17792,2048,1536,0.0162114996,False
8995,8995.jpg,American Black Bear,1345.39264,717.7728,343.28576,294.20543999999995,2048,1536,0.03210593479999999,False
8996,8996.jpg,American Black Bear,1347.82976,750.75072,334.52032,258.5856,2048,1536,0.027498289,False
8997,8997.jpg,American Black Bear,767.97952,865.19808,308.30592,172.69248,2048,1536,0.0169252122,False
8998,8998.jpg,American Black Bear,650.38336,866.9798400000001,261.79584,171.50976,2048,1536,0.0142734978,False
8999,8999.jpg,American Black Bear,197.35552,924.8870400000001,136.196096,152.288256,2048,1536,0.006593407292,False
9000,9000.jpg,American Black Bear,187.346944,907.1155200000001,139.984896,179.46624,2048,1536,0.00798624768,False
9001,9001.jpg,American Black Bear,700.06784,864.41472,309.98528,195.48672,2048,1536,0.019263587199999998,False
9002,9002.jpg,American Black Bear,716.10368,886.6099199999999,107.003904,143.127552,2048,1536,0.0048685731360000005,False
9003,9003.jpg,American Black Bear,219.68896,901.61664,130.381824,165.01247999999998,2048,1536,0.006839316089999999,False
9004,9004.jpg,American Black Bear,715.71456,874.35264,108.222464,155.2896,2048,1536,0.005342427300000001,False
9005,9005.jpg,American Black Bear,1.94492416,9.964492799999999,2042.1632,1409.61792,2048,1536,0.9151044979999999,False
9006,9006.jpg,American Black Bear,714.1376,876.1036799999999,108.007424,154.03008,2048,1536,0.00528856664,False
9007,9007.jpg,American Black Bear,5.834752,13.853183999999999,1824.33792,1427.11296,2048,1536,0.8276418968999999,False
9008,9008.jpg,American Black Bear,7.7797376,2.1874176,1734.8608,1427.11296,2048,1536,0.7870490809999998,False
9009,9009.jpg,American Black Bear,1.94492416,8.020223999999999,1902.12096,1409.61792,2048,1536,0.8523508043999999,False
9010,9010.jpg,American Black Bear,11.669504,2.1874176,2022.7072,1427.11296,2048,1536,0.9176354915,False
9011,9011.jpg,American Black Bear,7.7797376,0.0,1089.14688,1421.5219200000001,2048,1536,0.49217420070000006,False
9012,9012.jpg,American Black Bear,11.669504,6.075955200000001,1445.0688,1419.3408,2048,1536,0.65200968,False
9013,9013.jpg,American Black Bear,0.0,4.1316863999999995,2042.1632,1401.8457600000002,2048,1536,0.910058919,False
9014,9014.jpg,American Black Bear,0.0,7.2516096,776.17152,1420.8000000000002,2048,1536,0.35056575000000006,False
9015,9015.jpg,American Black Bear,6.9675008,326.38464,1248.41984,1118.11584,2048,1536,0.44373766519999996,False
9016,9016.jpg,American Black Bear,1726.34112,0.0,303.37024,1461.3504,2048,1536,0.140930882,False
9017,9017.jpg,American Black Bear,0.0,466.12992,929.03424,975.29856,2048,1536,0.28803690479999994,False
9018,9018.jpg,American Black Bear,0.0,615.65952,643.95264,836.93568,2048,1536,0.1713266184,False
9019,9019.jpg,American Black Bear,9.7245184,0.24304128000000003,1005.52704,1417.3900800000001,2048,1536,0.45306652440000006,False
9020,9020.jpg,American Black Bear,6.8493312,0.0,389.57056,1448.8934399999998,2048,1536,0.1794326238,False
9021,9021.jpg,American Black Bear,1.94736128,75.4176,558.12096,1372.46208,2048,1536,0.24350479559999996,False
9022,9022.jpg,American Black Bear,1.06348544,0.0,495.8208,1449.8303999999998,2048,1536,0.22851818999999998,False
9023,9023.jpg,American Black Bear,0.0,41.292288,1009.23392,1390.848,2048,1536,0.44622134499999994,False
9024,9024.jpg,American Black Bear,429.42464,22.381056,983.20384,866.1964800000001,2048,1536,0.27073151440000004,False
9025,9025.jpg,American Black Bear,554.31168,8.020223999999999,935.50592,890.496,2048,1536,0.2648240025,False
9026,9026.jpg,American Black Bear,427.88864,503.82336000000004,564.0192,414.13632000000007,2048,1536,0.07425334800000001,False
9027,9027.jpg,American Black Bear,503.3984,146.747904,906.4448,751.2575999999999,2048,1536,0.21647565999999996,False
9028,9028.jpg,American Black Bear,710.57408,506.09664,383.83616,286.66368,2048,1536,0.0349781946,False
9029,9029.jpg,American Black Bear,879.104,558.2592,169.207808,221.64480000000003,2048,1536,0.011922210300000001,False
9030,9030.jpg,American Black Bear,540.69248,515.4816000000001,455.10656,314.97216,2048,1536,0.0455684332,False
9031,9031.jpg,American Black Bear,400.65024,531.0412799999999,422.05184,326.64576,2048,1536,0.0438249728,False
9032,9032.jpg,American Black Bear,597.0944,538.81344,392.86784,285.81888,2048,1536,0.035695726399999995,False
9033,9033.jpg,American Black Bear,11.896832,6.5106432,788.50048,1422.82752,2048,1536,0.35664246320000004,False
9034,9034.jpg,American Black Bear,256.73728,513.54624,663.22432,454.96320000000003,2048,1536,0.095921408,False
9035,9035.jpg,American Black Bear,11.511808,10.1082624,804.37248,1428.0806400000001,2048,1536,0.36516468240000005,False
9036,9036.jpg,American Black Bear,12.3537408,5.9371008,787.6608,1417.9430399999999,2048,1536,0.35503964399999993,False
9037,9037.jpg,American Black Bear,702.8736,371.35872,565.26848,857.41056,2048,1536,0.1540715421,False
9038,9038.jpg,American Black Bear,733.98272,324.69504,639.16032,937.12896,2048,1536,0.19040922989999998,False
9039,9039.jpg,American Black Bear,622.14144,315.15648,530.80064,722.6111999999999,2048,1536,0.12193123099999999,False
9040,9040.jpg,American Black Bear,65.087488,690.75456,577.10592,415.4112,2048,1536,0.0762101055,False
9041,9041.jpg,American Black Bear,272.91648,627.73248,785.16224,522.5779200000001,2048,1536,0.1304335436,False
9042,9042.jpg,American Black Bear,90.843136,639.0527999999999,801.30048,481.7664,2048,1536,0.12271869899999999,False
9043,9043.jpg,American Black Bear,511.32416,656.50176,825.93792,465.9456,2048,1536,0.1223380215,False
9044,9044.jpg,American Black Bear,754.72896,643.21536,782.70464,507.37152000000003,2048,1536,0.1262416976,False
9045,9045.jpg,American Black Bear,1019.14624,618.53184,960.79872,598.84032,2048,1536,0.1829036118,False
9046,9046.jpg,American Black Bear,1283.64544,645.74976,752.68096,559.96416,2048,1536,0.1339830912,False
9047,9047.jpg,American Black Bear,658.92352,118.887936,1368.96512,1390.12608,2048,1536,0.6049582532000001,False
9048,9048.jpg,American Black Bear,944.88576,44.222976,1103.09376,1460.1830400000001,2048,1536,0.5120337168000001,False
9049,9049.jpg,American Black Bear,280.51456,28.581888,1754.48064,1465.344,2048,1536,0.8172727200000001,False
9050,9050.jpg,American Black Bear,469.17632,28.581888,1565.83936,1478.95296,2048,1536,0.7361738702,False
9051,9051.jpg,American Black Bear,148.461568,331.776,1286.71744,1163.2128,2048,1536,0.475796444,False
9052,9052.jpg,American Black Bear,51.757056,414.05951999999996,816.10752,1084.84608,2048,1536,0.28144551720000005,False
9053,9053.jpg,American Black Bear,87.68512,514.74432,699.06432,997.9392,2048,1536,0.221768598,False
9054,9054.jpg,American Black Bear,178.081792,536.70912,848.73216,894.1823999999999,2048,1536,0.24125460299999998,False
9055,9055.jpg,American Black Bear,896.53248,630.2208,280.61696,468.87935999999996,2048,1536,0.0418267252,False
9056,9056.jpg,American Black Bear,256.53248,595.4918399999999,816.88576,735.7439999999999,2048,1536,0.19105872999999998,False
9057,9057.jpg,American Black Bear,776.04864,607.488,431.45216,563.37408,2048,1536,0.0772695426,False
9058,9058.jpg,American Black Bear,934.11328,638.3769599999999,258.80576,430.6176,2048,1536,0.0354278295,False
9059,9059.jpg,American Black Bear,965.81632,680.2176000000001,269.45536,357.82656,2048,1536,0.030650547199999992,False
9060,9060.jpg,American Black Bear,939.90912,651.69408,225.93536,414.91967999999997,2048,1536,0.0298007416,False
9061,9061.jpg,American Black Bear,1034.50624,628.28544,498.19648,384.95232,2048,1536,0.0609658212,False
9062,9062.jpg,American Black Bear,984.43264,668.26752,339.68128,354.6624,2048,1536,0.038297074,False
9063,9063.jpg,American Black Bear,1108.60288,696.29952,416.21504,301.3632,2048,1536,0.039873726,False
9064,9064.jpg,American Black Bear,1242.80832,690.47808,334.52032,313.0368,2048,1536,0.033288692,False
9065,9065.jpg,American Black Bear,1270.02624,731.3049599999999,324.79232,229.43232,2048,1536,0.023688588300000004,False
9066,9066.jpg,American Black Bear,1624.00256,540.76416,422.05184,416.08704,2048,1536,0.0558250112,False
9067,9067.jpg,American Black Bear,1288.15104,515.03616,757.20704,460.89216,2048,1536,0.1109411838,False
9068,9068.jpg,American Black Bear,920.73984,446.592,586.17856,514.89792,2048,1536,0.09594666839999999,False
9069,9069.jpg,American Black Bear,920.576,465.83808,1075.97824,505.52832,2048,1536,0.17291306559999997,False
9070,9070.jpg,American Black Bear,886.43584,441.3696,612.31104,525.20448,2048,1536,0.1022302314,False
9071,9071.jpg,American Black Bear,895.01696,420.72576,599.3472,540.64128,2048,1536,0.10300694700000002,False
9072,9072.jpg,American Black Bear,897.37216,424.87296000000003,543.15008,553.4976,2048,1536,0.0955684235,False
9073,9073.jpg,American Black Bear,914.10432,402.70848,492.07296,581.34528,2048,1536,0.09093738960000002,False
9074,9074.jpg,American Black Bear,884.1216,425.68704,505.4464,531.67104,2048,1536,0.085427352,False
9075,9075.jpg,American Black Bear,874.12736,417.25440000000003,558.22336,544.77312,2048,1536,0.09667240189999998,False
9076,9076.jpg,American Black Bear,694.23104,413.42976,812.56448,467.0208,2048,1536,0.120634878,False
9077,9077.jpg,American Black Bear,742.85056,413.42976,763.94496,566.18496,2048,1536,0.13749890220000002,False
9078,9078.jpg,American Black Bear,51.648512,385.52063999999996,983.04,479.9232,2048,1536,0.149976,False
9079,9079.jpg,American Black Bear,648.88832,414.42816,822.70208,461.0304,2048,1536,0.1205732565,False
9080,9080.jpg,American Black Bear,1639.58784,546.87744,399.99488,532.992,2048,1536,0.06777256999999999,False
9081,9081.jpg,American Black Bear,1248.84992,571.22304,755.32288,443.48928,2048,1536,0.10648651130000002,False
9082,9082.jpg,American Black Bear,799.86688,569.59488,925.40928,463.44192,2048,1536,0.1363351992,False
9083,9083.jpg,American Black Bear,372.59264,524.35968,728.9856,439.01952000000006,2048,1536,0.10173762900000001,False
9084,9084.jpg,American Black Bear,1235.02592,488.26368,721.57184,484.13184,2048,1536,0.1110508927,False
9085,9085.jpg,American Black Bear,984.12544,507.70944,647.65952,546.3552,2048,1536,0.11248656800000001,False
9086,9086.jpg,American Black Bear,540.69248,589.3632,805.19168,559.96416,2048,1536,0.1433304096,False
9087,9087.jpg,American Black Bear,877.34272,196.88448,359.54688,533.376,2048,1536,0.06096321,False
9088,9088.jpg,American Black Bear,887.1936,180.35712,406.1184,550.9632,2048,1536,0.07113021000000001,False
9089,9089.jpg,American Black Bear,851.8656,163.56864000000002,527.07328,635.78112,2048,1536,0.10652645119999998,False
9090,9090.jpg,American Black Bear,1377.42336,0.0,645.48864,1466.25024,2048,1536,0.30086767620000004,False
9091,9091.jpg,American Black Bear,1322.96704,0.0,699.94496,1466.25024,2048,1536,0.3262502243,False
9092,9092.jpg,American Black Bear,1306.37824,0.0,741.60128,1455.83616,2048,1536,0.3432114791,False
9093,9093.jpg,American Black Bear,1423.68768,906.2860800000001,624.31232,532.74624,2048,1536,0.10573070559999999,False
9094,9094.jpg,American Black Bear,1293.37344,674.9184,746.84416,752.44032,2048,1536,0.1786408929,False
9095,9095.jpg,American Black Bear,1678.45888,945.1776,353.97632,484.13184,2048,1536,0.054477439600000004,False
9096,9096.jpg,American Black Bear,11.1351808,848.9932800000001,661.99552,655.5033599999999,2048,1536,0.13794590240000001,False
9097,9097.jpg,American Black Bear,5.834752,835.1385600000001,1571.90144,667.9142400000001,2048,1536,0.33375274520000003,False
9098,9098.jpg,American Black Bear,16.6772736,862.12608,784.50688,648.1766399999999,2048,1536,0.16164748939999998,False
9099,9099.jpg,American Black Bear,0.0,841.0368,1464.85248,675.4559999999999,2048,1536,0.31453558499999995,False
9100,9100.jpg,American Black Bear,817.19296,750.6432,1230.78656,779.7504000000001,2048,1536,0.30508242050000006,False
9101,9101.jpg,American Black Bear,392.88832,856.1049599999999,1421.53728,649.6358399999999,2048,1536,0.2935668834,False
9102,9102.jpg,American Black Bear,1438.02368,830.99136,599.04,678.72768,2048,1536,0.1292499,False
9103,9103.jpg,American Black Bear,902.4512,573.81888,355.92192,270.25919999999996,2048,1536,0.030578350499999993,False
9104,9104.jpg,American Black Bear,822.70208,579.64032,369.54112,233.3184,2048,1536,0.027408835999999995,False
9105,9105.jpg,American Black Bear,9.155584,539.87328,236.76928,309.85728,2048,1536,0.0233220053,False
9106,9106.jpg,American Black Bear,107.81696,583.81824,306.54464,208.71168,2048,1536,0.020338518400000002,False
9107,9107.jpg,American Black Bear,1364.0704,0.0,673.3824,1466.54208,2048,1536,0.313931664,False
9108,9108.jpg,American Black Bear,1372.32384,0.0,651.59168,1454.77632,2048,1536,0.3013356992,False
9109,9109.jpg,American Black Bear,1361.05984,0.0,657.46944,1453.3632,2048,1536,0.303758586,False
9110,9110.jpg,American Black Bear,1354.09664,0.0,670.53568,1454.76096,2048,1536,0.3100932851,False
9111,9111.jpg,American Black Bear,1312.74752,0.0,721.32608,1450.9056,2048,1536,0.33269756600000006,False
9112,9112.jpg,American Black Bear,1392.3328,0.0,619.04896,1459.47648,2048,1536,0.2872109086,False
9113,9113.jpg,American Black Bear,1.58386176,315.7248,616.7552,690.86208,2048,1536,0.13545124699999997,False
9114,9114.jpg,American Black Bear,1149.87008,31.108608,881.74592,1433.8406400000001,2048,1536,0.40190478460000006,False
9115,9115.jpg,American Black Bear,1326.03904,0.0,704.63488,1455.39072,2048,1536,0.3260037312,False
9116,9116.jpg,American Black Bear,892.3136,85.54905600000001,1138.33984,1323.1872,2048,1536,0.47881975350000006,False
9117,9117.jpg,American Black Bear,474.60352,221.76768,1179.52512,1058.0736,2048,1536,0.396736269,False
9118,9118.jpg,American Black Bear,214.05696,282.68544,1546.73152,836.41344,2048,1536,0.4112583896,False
9119,9119.jpg,American Black Bear,0.0,265.32864,925.34784,874.55232,2048,1536,0.2572584471,False
9120,9120.jpg,American Black Bear,0.0,429.12768000000005,976.13824,1068.42624,2048,1536,0.33153906169999997,False
9121,9121.jpg,American Black Bear,4.4101632,332.68224,397.76256,715.28448,2048,1536,0.0904443696,False
9122,9122.jpg,American Black Bear,0.0,547.39968,177.64352,695.9616,2048,1536,0.039301894,False
9123,9123.jpg,American Black Bear,274.2272,496.03584,180.877312,165.25824,2048,1536,0.00950224121,False
9124,9124.jpg,American Black Bear,211.98848,476.59008,151.703552,176.93184,2048,1536,0.008532584059999999,False
9125,9125.jpg,American Black Bear,7.2787968,544.75776,104.198144,467.51231999999993,2048,1536,0.015485736859999997,False
9126,9126.jpg,American Black Bear,239.22688,464.93184,208.09728,211.92192,2048,1536,0.014019131700000001,False
9127,9127.jpg,American Black Bear,522.38336,394.81344,312.77056,601.55904,2048,1536,0.059811260799999995,False
9128,9128.jpg,American Black Bear,235.4176,474.73152000000005,132.11648,203.18208,2048,1536,0.008533382800000001,False
9129,9129.jpg,American Black Bear,591.9744,499.43039999999996,936.61184,785.9712000000001,2048,1536,0.23401576100000002,False
9130,9130.jpg,American Black Bear,637.3376,394.41408,927.29344,852.1727999999999,2048,1536,0.251202344,False
9131,9131.jpg,American Black Bear,513.45408,416.31744000000003,451.21536,698.0044800000001,2048,1536,0.1001200176,False
9132,9132.jpg,American Black Bear,789.64736,313.28256,1233.08032,1156.85376,2048,1536,0.4534701044,False
9133,9133.jpg,American Black Bear,1532.29312,360.05376,514.02752,1081.2672,2048,1536,0.17668441049999997,False
9134,9134.jpg,American Black Bear,1126.11328,245.2224,908.26752,1234.6368,2048,1536,0.356477262,False
9135,9135.jpg,American Black Bear,1787.1872,458.2656,253.25568,332.22144000000003,2048,1536,0.0267464214,False
9136,9136.jpg,American Black Bear,1197.28128,323.11296,719.83104,844.7232000000001,2048,1536,0.19329642600000005,False
9137,9137.jpg,American Black Bear,1198.08,847.96416,303.4112,375.2448,2048,1536,0.036193045,False
9138,9138.jpg,American Black Bear,1340.04736,470.76864,497.88928,663.0144,2048,1536,0.1049384315,False
9139,9139.jpg,American Black Bear,1338.10176,898.51392,363.70432,462.75072,2048,1536,0.053502539300000006,False
9140,9140.jpg,American Black Bear,754.21696,453.4272,539.01312,630.9888,2048,1536,0.10811845199999999,False
9141,9141.jpg,American Black Bear,556.2368,509.6448,462.88896,488.01792,2048,1536,0.0718110744,False
9142,9142.jpg,American Black Bear,527.07328,560.20992,336.46592,429.696,2048,1536,0.0459601275,False
9143,9143.jpg,American Black Bear,1299.21024,739.0771199999999,741.00736,773.8368,2048,1536,0.182284916,False
9144,9144.jpg,American Black Bear,7.7797376,41.074176,2022.7072,1446.55872,2048,1536,0.9301391405,False
9145,9145.jpg,American Black Bear,1.94492416,35.240448,2034.3808,1458.23232,2048,1536,0.9430566895,False
9146,9146.jpg,American Black Bear,5.834752,372.18816,2035.13856,1124.92032,2048,1536,0.7277707163999999,False
9147,9147.jpg,American Black Bear,9.7245184,54.683136000000005,2020.7616,1436.8358400000002,2048,1536,0.9229986480000001,False
9148,9148.jpg,American Black Bear,9.7245184,70.238208,2014.94528,1413.504,2048,1536,0.905397165,False
9149,9149.jpg,American Black Bear,7.7797376,54.683136000000005,2018.816,1442.67264,2048,1536,0.92585583,False
9150,9150.jpg,American Black Bear,0.0,48.850944,2032.4352,1448.50944,2048,1536,0.9358728959999999,False
9151,9151.jpg,American Black Bear,1.94492416,43.017216,2036.3264,1456.2816,2048,1536,0.94269583,False
9152,9152.jpg,American Black Bear,13.6144896,43.017216,2030.4896,1456.2816,2048,1536,0.9399937450000001,False
9153,9153.jpg,American Black Bear,17.504256,56.627711999999995,2028.544,1432.94976,2048,1536,0.924047355,False
9154,9154.jpg,American Black Bear,1669.36576,781.2403199999999,367.84128,726.31296,2048,1536,0.0849303846,False
9155,9155.jpg,American Black Bear,7.7797376,41.074176,2032.4352,1458.23232,2048,1536,0.942154788,False
9156,9156.jpg,American Black Bear,1122.65216,657.28512,925.32736,830.1312,2048,1536,0.244186119,False
9157,9157.jpg,American Black Bear,685.8752,617.48736,837.26336,859.80672,2048,1536,0.22884517140000002,False
9158,9158.jpg,American Black Bear,439.54176,443.55072000000007,704.06144,917.7139199999999,2048,1536,0.20539823659999998,False
9159,9159.jpg,American Black Bear,407.47008,507.83232000000004,563.13856,645.70368,2048,1536,0.11559188859999998,False
9160,9160.jpg,American Black Bear,161.427456,280.22784,1587.05664,1217.14176,2048,1536,0.6140622813,False
9161,9161.jpg,American Black Bear,637.25568,416.54783999999995,821.57568,1082.8031999999998,2048,1536,0.28279774199999996,False
9162,9162.jpg,American Black Bear,5.834752,46.906368,1592.89344,1456.2816,2048,1536,0.737413218,False
9163,9163.jpg,American Black Bear,1662.91456,78.014976,371.48672,1349.34528,2048,1536,0.1593474872,False
9164,9164.jpg,American Black Bear,1610.38336,56.627711999999995,427.88864,1384.35072,2048,1536,0.1883023411,False
9165,9165.jpg,American Black Bear,1470.3616,109.123584,575.6928,1324.07808,2048,1536,0.24231663300000003,False
9166,9166.jpg,American Black Bear,1527.11168,0.0,512.28672,1456.6656,2048,1536,0.23722026899999996,False
9167,9167.jpg,American Black Bear,1527.11168,0.0,512.28672,1456.6656,2048,1536,0.23722026899999996,False
9168,9168.jpg,American Black Bear,1423.68768,15.79776,624.31232,1419.3408,2048,1536,0.281687402,False
9169,9169.jpg,American Black Bear,1537.86368,51.162623999999994,498.9952,1388.09856,2048,1536,0.22018894149999998,False
9170,9170.jpg,American Black Bear,1505.91488,186.42432000000002,535.26528,1026.72384,2048,1536,0.1747034784,False
9171,9171.jpg,American Black Bear,1136.41472,0.0,896.98304,1464.9753600000001,2048,1536,0.4177278048,False
9172,9172.jpg,American Black Bear,1569.01376,212.98176,478.96576,1172.59776,2048,1536,0.1785386967,False
9173,9173.jpg,American Black Bear,1479.3728,251.58144,567.41888,1122.52416,2048,1536,0.20247821859999995,False
9174,9174.jpg,American Black Bear,350.08512,482.42688000000004,552.36608,567.73632,2048,1536,0.0996902102,False
9175,9175.jpg,American Black Bear,604.8768,546.5856,585.4208,670.78656,2048,1536,0.12483355349999999,False
9176,9176.jpg,American Black Bear,667.11552,567.98208,727.40864,771.88608,2048,1536,0.1784886054,False
9177,9177.jpg,American Black Bear,1172.33664,554.1888,704.4096,946.5292800000001,2048,1536,0.21195230850000002,False
9178,9178.jpg,American Black Bear,937.45152,540.76416,801.30048,956.59008,2048,1536,0.24366890279999998,False
9179,9179.jpg,American Black Bear,902.28736,550.4102399999999,1083.47392,957.21984,2048,1536,0.32969243759999994,False
9180,9180.jpg,American Black Bear,7.7797376,37.185024,2018.816,1452.39552,2048,1536,0.9320956275,False
9181,9181.jpg,American Black Bear,3.8897664,235.49952000000002,2007.16288,1252.13184,2048,1536,0.7989351114000001,False
9182,9182.jpg,American Black Bear,11.669504,43.017216,2016.89088,1442.67264,2048,1536,0.9249729444,False
9183,9183.jpg,American Black Bear,871.89504,475.88352,815.4112,972.1958399999999,2048,1536,0.252005061,False
9184,9184.jpg,American Black Bear,15.5592704,44.961792,2018.816,1427.11296,2048,1536,0.9158701825,False
9185,9185.jpg,American Black Bear,11.669504,50.79552,2024.6528,1440.72192,2048,1536,0.927277142,False
9186,9186.jpg,American Black Bear,187.48416,468.91008,305.39776,407.31648000000007,2048,1536,0.039543641600000005,False
9187,9187.jpg,American Black Bear,265.07264,434.5344,441.11872,566.99904,2048,1536,0.0795090646,False
9188,9188.jpg,American Black Bear,344.51456,443.33568,526.848,589.08672,2048,1536,0.09866051999999999,False
9189,9189.jpg,American Black Bear,365.91616,447.22175999999996,725.23776,746.5727999999999,2048,1536,0.17212002599999998,False
9190,9190.jpg,American Black Bear,604.91776,416.88576,694.33344,792.66816,2048,1536,0.1749598218,False
9191,9191.jpg,American Black Bear,607.06816,469.06368,814.55104,956.91264,2048,1536,0.2477818127,False
9192,9192.jpg,American Black Bear,854.07744,469.06368,567.56224,1019.1206400000001,2048,1536,0.18387298370000002,False
9193,9193.jpg,American Black Bear,1035.18208,505.68192,1012.79744,979.5993599999999,2048,1536,0.31539145279999997,False
9194,9194.jpg,American Black Bear,1010.87232,441.46176,1033.13408,1055.89248,2048,1536,0.3467809378,False
9195,9195.jpg,American Black Bear,514.19136,367.488,1533.11232,1138.88256,2048,1536,0.5550495414,False
9196,9196.jpg,American Black Bear,1004.31872,367.488,1043.00544,1138.88256,2048,1536,0.3776107488,False
9197,9197.jpg,American Black Bear,1554.86208,606.8428799999999,490.06592,909.71136,2048,1536,0.1417218954,False
9198,9198.jpg,American Black Bear,1532.60032,25.519104,505.67168,1469.89056,2048,1536,0.23628299360000002,False
9199,9199.jpg,American Black Bear,9.7245184,41.074176,2020.7616,1448.50944,2048,1536,0.9304975679999999,False
9200,9200.jpg,American Black Bear,9.7245184,31.351295999999998,2022.7072,1456.2816,2048,1536,0.9363909650000001,False
9201,9201.jpg,American Black Bear,17.504256,35.240448,2018.816,1454.34624,2048,1536,0.9333475300000001,False
9202,9202.jpg,American Black Bear,1.94492416,52.73855999999999,2034.3808,1440.49152,2048,1536,0.931583497,False
9203,9203.jpg,American Black Bear,1.94492416,39.1296,2032.4352,1469.89056,2048,1536,0.949687104,False
9204,9204.jpg,American Black Bear,7.7797376,27.46368,2030.4896,1456.2816,2048,1536,0.9399937450000001,False
9205,9205.jpg,American Black Bear,0.0,39.1296,2028.544,1446.55872,2048,1536,0.932823185,False
9206,9206.jpg,American Black Bear,5.9680768,0.0,2014.3104,1500.25728,2048,1536,0.9606627915,False
9207,9207.jpg,American Black Bear,644.73088,13.2452352,1389.09696,1479.0604799999999,2048,1536,0.6531265311,False
9208,9208.jpg,American Black Bear,7.7797376,35.240448,2020.7616,1462.1183999999998,2048,1536,0.9392397299999998,False
9209,9209.jpg,American Black Bear,11.669504,44.961792,2036.3264,1438.78656,2048,1536,0.9313707529999999,False
9210,9210.jpg,American Black Bear,13.6144896,44.961792,2020.7616,1440.72192,2048,1536,0.925494999,False
9211,9211.jpg,American Black Bear,1108.76672,616.7193599999999,939.2128,915.48672,2048,1536,0.273334772,False
9212,9212.jpg,American Black Bear,988.01664,33.295871999999996,1058.03776,1462.1183999999998,2048,1536,0.4917705779999999,False
9213,9213.jpg,American Black Bear,1522.81088,763.5455999999999,522.36288,733.02528,2048,1536,0.1217222838,False
9214,9214.jpg,American Black Bear,1556.00896,642.21696,491.97056,792.02304,2048,1536,0.1238670408,False
9215,9215.jpg,American Black Bear,1434.4192,712.38144,613.56032,799.2268799999999,2048,1536,0.1558856647,False
9216,9216.jpg,American Black Bear,1576.07936,984.4992,449.45408,551.2396799999999,2048,1536,0.07875980479999999,False
9217,9217.jpg,American Black Bear,921.96864,643.38432,1126.01088,849.97632,2048,1536,0.3042483597,False
9218,9218.jpg,American Black Bear,920.04352,17.316864,1126.01088,1489.64352,2048,1536,0.5332167342,False
9219,9219.jpg,American Black Bear,918.26176,47.864832,1129.71776,1448.95488,2048,1536,0.5203596946,False
9220,9220.jpg,American Black Bear,552.36608,31.351295999999998,1487.872,1460.16768,2048,1536,0.690632695,False
9221,9221.jpg,American Black Bear,932.37248,0.0,1111.83872,1491.2409599999999,2048,1536,0.5270701854,False
9222,9222.jpg,American Black Bear,1.94492416,17.742336,2032.4352,1497.1084799999999,2048,1536,0.9672724319999998,False
9223,9223.jpg,American Black Bear,918.15936,76.770816,1129.84064,1420.3392,2048,1536,0.5101384959999999,False
9224,9224.jpg,American Black Bear,902.69696,53.861376,1145.28256,1454.1465600000001,2048,1536,0.5294191662000001,False
9225,9225.jpg,American Black Bear,911.91296,178.85184,1136.06656,1318.10304,2048,1536,0.4760274208,False
9226,9226.jpg,American Black Bear,927.98976,173.19936,1099.4688,1298.73408,2048,1536,0.45392278050000007,False
9227,9227.jpg,American Black Bear,363.70432,46.906368,1651.24096,1450.4448,2048,1536,0.761360761,False
9228,9228.jpg,American Black Bear,573.7472,52.73855999999999,1460.6336,1434.90048,2048,1536,0.6662571759999999,False
9229,9229.jpg,American Black Bear,95.301632,37.185024,1925.46816,1442.67264,2048,1536,0.8830452708,False
9230,9230.jpg,American Black Bear,9.7245184,31.351295999999998,2024.6528,1454.34624,2048,1536,0.936046024,False
9231,9231.jpg,American Black Bear,924.22144,775.15776,1104.71168,724.1472,2048,1536,0.25430484449999996,False
9232,9232.jpg,American Black Bear,756.57216,560.20992,1279.75424,935.2089599999999,2048,1536,0.3804644367999999,False
9233,9233.jpg,American Black Bear,790.20032,599.28576,1257.7792,926.02368,2048,1536,0.370258752,False
9234,9234.jpg,American Black Bear,719.62624,1019.0591999999999,1326.42816,484.13184,2048,1536,0.20413910729999998,False
9235,9235.jpg,American Black Bear,843.14112,2.220288,1204.8384,1311.79008,2048,1536,0.5024258490000001,False
9236,9236.jpg,American Black Bear,177.205248,825.1852799999999,268.06272,249.86112000000003,2048,1536,0.021291876300000002,False
9237,9237.jpg,American Black Bear,6.4595968,836.16768,130.115584,400.57344,2048,1536,0.016568771070000002,False
9238,9238.jpg,American Black Bear,95.21152,763.7913599999999,356.4544,360.86784,2048,1536,0.040891307,False
9239,9239.jpg,American Black Bear,29.698048,795.93984,363.56096,376.01279999999997,2048,1536,0.043456895999999995,False
9240,9240.jpg,American Black Bear,0.0,799.13472,303.67744,476.05247999999995,2048,1536,0.045956420399999996,False
9241,9241.jpg,American Black Bear,0.0,801.31584,273.34656,471.29088,2048,1536,0.04095260010000001,False
9242,9242.jpg,American Black Bear,1008.86528,29.85984,1033.6256,1469.89056,2048,1536,0.48297771200000006,False
9243,9243.jpg,American Black Bear,7.7797376,41.074176,2040.2176,1452.39552,2048,1536,0.941976834,False
9244,9244.jpg,American Black Bear,5.834752,35.240448,2038.272,1471.84128,2048,1536,0.9536784075,False
9245,9245.jpg,American Black Bear,186.712064,43.017216,1857.39264,1454.34624,2048,1536,0.8587176012000001,False
9246,9246.jpg,American Black Bear,344.24832,39.1296,1686.24128,1467.9551999999999,2048,1536,0.786885152,False
9247,9247.jpg,American Black Bear,867.4304,27.46368,1180.5696,1473.77664,2048,1536,0.5530980105000001,False
9248,9248.jpg,American Black Bear,960.79872,33.295871999999996,1083.31008,1471.5955199999999,2048,1536,0.5067807071999999,False
9249,9249.jpg,American Black Bear,906.3424,35.240448,1133.89568,1460.16768,2048,1536,0.5263258058000001,False
9250,9250.jpg,American Black Bear,908.26752,39.1296,1139.73248,1456.2816,2048,1536,0.5276271309999999,False
9251,9251.jpg,American Black Bear,330.62912,33.295871999999996,1711.53408,1471.84128,2048,1536,0.8008023933,False
9252,9252.jpg,American Black Bear,849.92,29.408256,1186.4064,1479.61344,2048,1536,0.5580338970000001,False
9253,9253.jpg,American Black Bear,1421.74208,31.351295999999998,620.42112,1450.4448,2048,1536,0.28606624199999997,False
9254,9254.jpg,American Black Bear,1525.41184,36.942336,522.56768,1438.21824,2048,1536,0.23891651439999997,False
9255,9255.jpg,American Black Bear,1488.34304,134.283264,550.76864,1330.80576,2048,1536,0.23300364129999998,False
9256,9256.jpg,American Black Bear,11.669504,968.50944,136.144896,390.80448,2048,1536,0.01691374311,False
9257,9257.jpg,American Black Bear,1575.936,80.45721599999999,445.29664,1364.2444799999998,2048,1536,0.1931169774,False
9258,9258.jpg,American Black Bear,1641.08288,23.33184,406.89664,1477.2326400000002,2048,1536,0.1910785032,False
9259,9259.jpg,American Black Bear,492.07296,851.85024,128.364544,112.770048,2048,1536,0.004601693404,False
9259,9259.jpg,American Black Bear,591.2576,875.1820799999999,143.9232,186.65472,2048,1536,0.008539818,False
9260,9260.jpg,American Black Bear,49.297408,895.27296,414.28992,339.51743999999997,2048,1536,0.04471418159999999,False
9261,9261.jpg,American Black Bear,252.84608,151.898112,383.13984,890.496,2048,1536,0.10845962999999999,False
9261,9261.jpg,American Black Bear,622.36672,805.1865599999999,130.310144,143.878656,2048,1536,0.005960098388000001,False
9262,9262.jpg,American Black Bear,608.768,869.34528,221.71648,120.54681599999999,2048,1536,0.00849635306,False
9262,9262.jpg,American Black Bear,496.72192,842.58816,139.743232,123.399168,2048,1536,0.005481783092000001,False
9263,9263.jpg,American Black Bear,653.59872,854.13888,151.332864,133.794816,2048,1536,0.006436523658,False
9263,9263.jpg,American Black Bear,603.8528,861.0969600000001,76.486656,90.857472,2048,1536,0.0022091497439999997,False
9264,9264.jpg,American Black Bear,619.49952,837.8419200000001,112.777216,132.28646400000002,2048,1536,0.004742590308000001,False
9264,9264.jpg,American Black Bear,0.0,870.2976,151.087104,505.57439999999997,2048,1536,0.02428238295,False
9265,9265.jpg,American Black Bear,145.8688,645.74976,492.07296,594.95424,2048,1536,0.09306618180000002,False
9265,9265.jpg,American Black Bear,578.90816,852.61824,107.159552,122.08127999999999,2048,1536,0.0041587115199999995,False
9266,9266.jpg,American Black Bear,582.69696,840.66816,82.587648,114.70540799999999,2048,1536,0.003011465028,False
9266,9266.jpg,American Black Bear,663.22432,812.9587200000001,62.236672,122.49139199999999,2048,1536,0.0024234315829999996,False
9266,9266.jpg,American Black Bear,278.3232,213.96480000000003,379.51488,796.0319999999999,2048,1536,0.09603690749999999,False
9267,9267.jpg,American Black Bear,347.648,545.69472,365.09696,526.5408,2048,1536,0.061110956,False
9268,9268.jpg,American Black Bear,370.64704,521.45664,367.12448,566.95296,2048,1536,0.0661666586,False
9269,9269.jpg,American Black Bear,398.47936,640.86528,322.3552,408.43775999999997,2048,1536,0.041854234,False
9270,9270.jpg,American Black Bear,394.42432,841.25184,288.70656,242.41152,2048,1536,0.0222478854,False
9270,9270.jpg,American Black Bear,595.57888,786.21696,159.8976,144.41472000000002,2048,1536,0.007340611500000001,False
9271,9271.jpg,American Black Bear,579.8912,777.03168,150.480896,216.91392000000002,2048,1536,0.01037642194,False
9271,9271.jpg,American Black Bear,367.39072,760.38144,152.721408,203.52,2048,1536,0.0098806575,False
9272,9272.jpg,American Black Bear,591.9744,770.3039999999999,158.418944,197.42208,2048,1536,0.00994218109,False
9272,9272.jpg,American Black Bear,360.96,790.07232,172.218368,227.83488,2048,1536,0.012473218029999998,False
9273,9273.jpg,American Black Bear,591.9744,770.3039999999999,205.08672,197.42208,2048,1536,0.0128709942,False
9273,9273.jpg,American Black Bear,354.85696,774.4972799999999,195.596288,268.84608,2048,1536,0.016716415179999996,False
9273,9273.jpg,American Black Bear,138.530816,939.38688,127.479808,202.70592,2048,1536,0.00821460462,False
9274,9274.jpg,American Black Bear,195.766272,942.09024,105.27744,161.71008,2048,1536,0.0054119184,False
9274,9274.jpg,American Black Bear,354.85696,774.4972799999999,195.596288,239.67744000000002,2048,1536,0.01490275624,False
9274,9274.jpg,American Black Bear,589.25056,778.33728,174.82752,224.25599999999997,2048,1536,0.012463289999999997,False
9275,9275.jpg,American Black Bear,362.96704,749.46048,296.91904,369.96096,2048,1536,0.0349198828,False
9275,9275.jpg,American Black Bear,632.54528,770.54976,118.454272,215.99232,2048,1536,0.00813332018,False
9275,9275.jpg,American Black Bear,9.8523136,965.4374399999999,247.62368,240.47616,2048,1536,0.0189296696,False
9276,9276.jpg,American Black Bear,421.10976,772.0704000000001,314.10176,453.19679999999994,2048,1536,0.04525181849999999,False
9277,9277.jpg,American Black Bear,186.712064,488.26368,270.336,626.0582400000001,2048,1536,0.05380188,False
9277,9277.jpg,American Black Bear,1065.8816,588.1344,982.09792,902.83008,2048,1536,0.2818640212,False
9278,9278.jpg,American Black Bear,422.21568,768.56832,253.25568,416.93184,2048,1536,0.03356627040000001,False
9278,9278.jpg,American Black Bear,0.21448704,1018.5984000000001,132.9152,203.45855999999998,2048,1536,0.008596653999999999,False
9278,9278.jpg,American Black Bear,633.11872,772.3008,117.121024,233.47199999999998,2048,1536,0.008692575999999999,False
9279,9279.jpg,American Black Bear,422.21568,768.56832,253.25568,416.93184,2048,1536,0.03356627040000001,False
9279,9279.jpg,American Black Bear,0.21448704,1018.5984000000001,132.9152,203.45855999999998,2048,1536,0.008596653999999999,False
9279,9279.jpg,American Black Bear,633.11872,772.3008,117.121024,233.47199999999998,2048,1536,0.008692575999999999,False
9280,9280.jpg,American Black Bear,425.53344,753.66912,363.56096,566.67648,2048,1536,0.0654924536,False
9281,9281.jpg,American Black Bear,410.624,639.11424,1286.63552,846.88896,2048,1536,0.3463864064,False
9282,9282.jpg,American Black Bear,651.89888,567.96672,1368.04352,932.68992,2048,1536,0.4056168878,False
9282,9282.jpg,American Black Bear,343.67488,763.8528,302.14144,242.91840000000002,2048,1536,0.0233318695,False
9283,9283.jpg,American Black Bear,815.57504,602.71104,1232.40448,864.5990400000001,2048,1536,0.3387246864,False
9283,9283.jpg,American Black Bear,171.921408,642.67776,344.80128,470.03136,2048,1536,0.051519843600000004,False
9284,9284.jpg,American Black Bear,173.029376,563.7580800000001,219.8528,543.36,2048,1536,0.037975062500000004,False
9284,9284.jpg,American Black Bear,1296.0768,542.4384,751.90272,972.3801599999999,2048,1536,0.2324216484,False
9285,9285.jpg,American Black Bear,1207.74656,634.27584,840.23296,862.1875200000001,2048,1536,0.23029275640000002,False
9285,9285.jpg,American Black Bear,201.877504,744.7603200000001,251.45344,341.89824,2048,1536,0.027329600199999998,False
9286,9286.jpg,American Black Bear,201.89184,752.8704,257.536,360.94464,2048,1536,0.0295499925,False
9286,9286.jpg,American Black Bear,1241.43616,644.85888,806.54336,869.9596799999999,2048,1536,0.22305177159999998,False
9287,9287.jpg,American Black Bear,206.82752,784.9574400000001,233.59488,299.15135999999995,2048,1536,0.022214325599999998,False
9287,9287.jpg,American Black Bear,1272.99584,565.9084799999999,774.98368,951.9974399999999,2048,1536,0.2345347339,False
9288,9288.jpg,American Black Bear,206.82752,810.24,233.59488,273.88416,2048,1536,0.0203380386,False
9288,9288.jpg,American Black Bear,1039.36,543.95904,1005.62944,967.5264,2048,1536,0.309299797,False
9289,9289.jpg,American Black Bear,105.025536,688.52736,282.0096,484.13184,2048,1536,0.043401663,False
9289,9289.jpg,American Black Bear,1061.33504,614.0928,986.64448,885.91872,2048,1536,0.2778647152,False
9290,9290.jpg,American Black Bear,1040.05632,568.84224,1007.9232,955.2230400000001,2048,1536,0.3060631635,False
9290,9290.jpg,American Black Bear,95.301632,748.8,317.0304,435.51744,2048,1536,0.043891992,False
9291,9291.jpg,American Black Bear,89.46688,812.9587200000001,301.4656,394.69056,2048,1536,0.037824512,False
9292,9292.jpg,American Black Bear,85.57568,816.8448000000001,320.9216,357.74976000000004,2048,1536,0.036496997,False
9292,9292.jpg,American Black Bear,1764.0448,779.904,283.9552,707.72736,2048,1536,0.063884374,False
9293,9293.jpg,American Black Bear,79.740928,811.0233599999999,332.57472,348.02688,2048,1536,0.0367943262,False
9294,9294.jpg,American Black Bear,62.236672,812.9587200000001,344.24832,377.19552,2048,1536,0.041277861299999996,False
9295,9295.jpg,American Black Bear,0.0,832.40448,270.336,377.19552,2048,1536,0.032415240000000005,False
9296,9296.jpg,American Black Bear,11.669504,124.67865599999999,2022.7072,1374.6278399999999,2048,1536,0.883887491,False
9297,9297.jpg,American Black Bear,1.94492416,811.0233599999999,196.435968,488.01792,2048,1536,0.03047443152,False
9298,9298.jpg,American Black Bear,0.0,737.14176,204.21632,579.40992,2048,1536,0.0376144923,False
9299,9299.jpg,American Black Bear,5.834752,624.36864,295.6288,664.94976,2048,1536,0.062490558499999994,False
9300,9300.jpg,American Black Bear,9.7245184,875.1820799999999,1194.1888,631.89504,2048,1536,0.23988150899999997,False
9301,9301.jpg,American Black Bear,0.0,32.435712,2039.78752,1485.8649599999999,2048,1536,0.9634808864000001,False
9302,9302.jpg,American Black Bear,7.7797376,43.017216,2028.544,1454.34624,2048,1536,0.9378450200000001,False
9303,9303.jpg,American Black Bear,225.87392,0.0,1815.49056,1533.312,2048,1536,0.8849186775,False
9304,9304.jpg,American Black Bear,816.7424,4.0762368,1228.22656,1498.33728,2048,1536,0.5850148656,False
9305,9305.jpg,American Black Bear,210.67776,0.0,1814.79424,1508.78208,2048,1536,0.8704277764,False
9306,9306.jpg,American Black Bear,479.27296,25.276415999999998,1559.08096,1479.41376,2048,1536,0.7332248132,False
9307,9307.jpg,American Black Bear,762.92096,29.478912,1282.9696,1471.13472,2048,1536,0.5999950165,False
9308,9308.jpg,American Black Bear,707.56352,32.22528,1340.43648,1457.4028799999999,2048,1536,0.6210187233,False
9309,9309.jpg,American Black Bear,674.59072,33.397248,1367.63392,1488.4300799999999,2048,1536,0.6471085436999999,False
9310,9310.jpg,American Black Bear,679.40352,30.872063999999998,1353.64608,1479.67488,2048,1536,0.6367225968,False
9311,9311.jpg,American Black Bear,659.33312,39.1296,1367.28576,1460.16768,2048,1536,0.6346596005999999,False
9312,9312.jpg,American Black Bear,606.18752,21.464064,1427.39456,1475.52768,2048,1536,0.6695302911,False
9313,9313.jpg,American Black Bear,650.48576,37.224959999999996,1380.02432,1454.0544,2048,1536,0.637890636,False
9314,9314.jpg,American Black Bear,671.744,34.871808,1376.256,1469.32224,2048,1536,0.64282848,False
9315,9315.jpg,American Black Bear,297.96352,27.890688,1726.95552,1477.6012799999999,2048,1536,0.8111800151999998,False
9316,9316.jpg,American Black Bear,1042.00192,43.3152,990.43328,1435.6838400000001,2048,1536,0.4520254309,False
9317,9317.jpg,American Black Bear,698.63424,33.053184,1321.55392,1463.74656,2048,1536,0.6149355584,False
9318,9318.jpg,American Black Bear,1122.304,43.725312,925.696,1437.83424,2048,1536,0.42311268,False
9319,9319.jpg,American Black Bear,1143.6032,48.850944,898.56,1442.67264,2048,1536,0.41209155,False
9320,9320.jpg,American Black Bear,1283.64544,33.295871999999996,764.35456,1460.16768,2048,1536,0.35479412860000004,False
9321,9321.jpg,American Black Bear,1295.5648,27.04128,748.544,1470.0748800000001,2048,1536,0.34981274,False
9322,9322.jpg,American Black Bear,1244.75392,27.46368,795.46368,1471.84128,2048,1536,0.37218611430000004,False
9323,9323.jpg,American Black Bear,989.96224,33.295871999999996,1058.03776,1467.9551999999999,2048,1536,0.4937337339999999,False
9324,9324.jpg,American Black Bear,744.83712,41.181696,1295.38048,1444.27008,2048,1536,0.5947365028,False
9325,9325.jpg,American Black Bear,906.6496,48.506879999999995,1141.3504,1434.67008,2048,1536,0.520534919,False
9326,9326.jpg,American Black Bear,742.95296,35.240448,1287.53664,1448.50944,2048,1536,0.5928703872,False
9327,9327.jpg,American Black Bear,752.68096,31.351295999999998,1277.80864,1466.00448,2048,1536,0.5954975099,False
9328,9328.jpg,American Black Bear,820.75648,35.240448,1215.56992,1462.1183999999998,2048,1536,0.5649907259999999,False
9329,9329.jpg,American Black Bear,797.40928,33.295871999999996,1250.59072,1467.7094399999999,2048,1536,0.5834909455999999,False
9330,9330.jpg,American Black Bear,762.96192,21.190655999999997,1285.0176,1479.79776,2048,1536,0.6044916045,False
9331,9331.jpg,American Black Bear,43.098112,0.0,2004.19328,1496.1408,2048,1536,0.9532150704999999,False
9332,9332.jpg,American Black Bear,0.0,39.1296,2042.1632,1454.34624,2048,1536,0.9441415060000001,False
9333,9333.jpg,American Black Bear,1.94492416,44.961792,2046.0544,1450.4448,2048,1536,0.943402915,False
9334,9334.jpg,American Black Bear,1.94492416,39.1296,2042.1632,1450.4448,2048,1536,0.9416087449999999,False
9335,9335.jpg,American Black Bear,0.0,33.295871999999996,2048.0,1458.23232,2048,1536,0.94937,False
9336,9336.jpg,American Black Bear,1.94492416,101.34681599999999,2044.1088,1401.8457600000002,2048,1536,0.910925946,False
9337,9337.jpg,American Black Bear,5.834752,268.55424,1649.29536,1234.6368,2048,1536,0.647316216,False
9338,9338.jpg,American Black Bear,0.0,377.44128,1184.4608,1137.42336,2048,1536,0.4282739585,False
9339,9339.jpg,American Black Bear,5.834752,960.72192,737.11616,536.63232,2048,1536,0.12574525040000004,False
9340,9340.jpg,American Black Bear,0.0,914.0582400000001,657.38752,598.84032,2048,1536,0.1251443713,False
9341,9341.jpg,American Black Bear,0.0,834.9695999999999,1036.0832,654.8275199999999,2048,1536,0.215675288,False
9342,9342.jpg,American Black Bear,0.0,814.90944,252.84608,692.16768,2048,1536,0.055634779800000006,False
9343,9343.jpg,American Black Bear,1.5812608,998.06208,377.42592,517.23264,2048,1536,0.06205781459999999,False
9344,9344.jpg,American Black Bear,490.92608,800.70144,225.09568,136.539648,2048,1536,0.00977022963,False
9345,9345.jpg,American Black Bear,0.0,1026.64704,463.54432,499.70688,2048,1536,0.0736351922,False
9346,9346.jpg,American Black Bear,634.20416,765.71136,205.29152,134.71180800000002,2048,1536,0.00879134872,False
9347,9347.jpg,American Black Bear,801.23904,406.44096,1034.50624,620.8972799999999,2048,1536,0.20418869989999996,False
9348,9348.jpg,American Black Bear,1767.936,184.94976,280.064,593.01888,2048,1536,0.05279644,False
9349,9349.jpg,American Black Bear,1338.94144,298.32192,661.87264,583.15776,2048,1536,0.12269851880000003,False
9350,9350.jpg,American Black Bear,1491.968,186.19392,556.01152,689.77152,2048,1536,0.1219180143,False
9351,9351.jpg,American Black Bear,429.7728,609.14688,661.54496,437.2224,2048,1536,0.09194764299999998,False
9352,9352.jpg,American Black Bear,484.98688,583.89504,792.94464,408.08448000000004,2048,1536,0.10286598240000001,False
9353,9353.jpg,American Black Bear,405.46304,620.14464,408.6784,478.03391999999997,2048,1536,0.062103951,False
9354,9354.jpg,American Black Bear,379.392,530.4576,483.4304,514.60608,2048,1536,0.07908383150000001,False
9355,9355.jpg,American Black Bear,381.27616,538.9056,487.66976,503.90016,2048,1536,0.0781176472,False
9356,9356.jpg,American Black Bear,381.91104,605.23008,475.93472,454.17984,2048,1536,0.0687153991,False
9357,9357.jpg,American Black Bear,388.25984,496.48128,464.24064,569.45664,2048,1536,0.0840393432,False
9358,9358.jpg,American Black Bear,31.209472,868.42368,323.21536,341.25312,2048,1536,0.0350628694,False
9359,9359.jpg,American Black Bear,389.8368,679.89504,495.43168,371.98848,2048,1536,0.058585763799999996,False
9360,9360.jpg,American Black Bear,25.581568,866.4729600000001,321.51552,395.30495999999994,2048,1536,0.040402946399999994,False
9361,9361.jpg,American Black Bear,0.0,893.93664,295.23968,376.50432,2048,1536,0.0353364992,False
9362,9362.jpg,American Black Bear,0.0,893.93664,236.89216,347.33568,2048,1536,0.026156457100000002,False
9363,9363.jpg,American Black Bear,0.0,913.18272,159.965184,380.72832,2048,1536,0.019360629959999997,False
9364,9364.jpg,American Black Bear,2.7041792,892.90752,526.336,588.2112,2048,1536,0.09841815,False
9365,9365.jpg,American Black Bear,2.087936,977.86368,520.94976,524.6208,2048,1536,0.0868800735,False
9366,9366.jpg,American Black Bear,1111.71584,697.78944,279.73632,301.33248,2048,1536,0.026796226199999995,False
9367,9367.jpg,American Black Bear,1211.51488,724.28544,329.4208,272.36352,2048,1536,0.028521921999999995,False
9368,9368.jpg,American Black Bear,754.09408,696.0076799999999,342.48704,316.96896,2048,1536,0.034509582799999994,False
9369,9369.jpg,American Black Bear,657.7152,711.95136,363.08992,289.70496,2048,1536,0.033438666900000004,False
9370,9370.jpg,American Black Bear,445.37856,686.57664,478.45376,324.69504,2048,1536,0.049384931800000004,False
9371,9371.jpg,American Black Bear,757.53472,596.9664,1173.66784,754.4832,2048,1536,0.281496896,False
9372,9372.jpg,American Black Bear,342.30272,630.19008,482.34496,394.69056,2048,1536,0.0605192192,False
9373,9373.jpg,American Black Bear,17.1198464,576.79872,984.80128,709.5552,2048,1536,0.222133277,False
9374,9374.jpg,American Black Bear,333.39392,576.9984,1187.81952,672.93696,2048,1536,0.2540994189,False
9375,9375.jpg,American Black Bear,2.1450752,552.02304,487.1168,507.43296,2048,1536,0.078576126,False
9375,9375.jpg,American Black Bear,719.62624,795.4636800000001,441.48736,324.69504,2048,1536,0.0455693423,False
9376,9376.jpg,American Black Bear,1161.1136,571.86816,886.8864,762.1632,2048,1536,0.21487941,False
9377,9377.jpg,American Black Bear,1400.34048,552.4224,645.71392,797.1686399999999,2048,1536,0.1636323571,False
9378,9378.jpg,American Black Bear,1454.7968,319.104,593.2032,1119.91296,2048,1536,0.21118671150000004,False
9379,9379.jpg,American Black Bear,1430.99904,795.93984,605.26592,333.3888,2048,1536,0.064146957,False
9379,9379.jpg,American Black Bear,968.33536,835.7222399999999,356.10624,220.99968,2048,1536,0.0250178544,False
9380,9380.jpg,American Black Bear,280.064,875.1820799999999,350.08512,208.03584,2048,1536,0.0231521136,False
9381,9381.jpg,American Black Bear,667.11552,881.01888,534.85568,256.65024,2048,1536,0.0436372244,False
9382,9382.jpg,American Black Bear,1579.27424,317.16864,464.83456,1123.8144,2048,1536,0.16606260050000002,False
9383,9383.jpg,American Black Bear,254.75072,874.2297599999999,361.34912,199.58784,2048,1536,0.022926613600000003,False
9384,9384.jpg,American Black Bear,249.93792,851.8809600000001,343.18336,221.29152,2048,1536,0.024141809900000002,False
9384,9384.jpg,American Black Bear,1287.53664,873.23136,252.84608,141.93408,2048,1536,0.011408321300000001,False
9385,9385.jpg,American Black Bear,1703.26016,954.8083199999999,342.46656,209.94047999999998,2048,1536,0.0228556296,False
9386,9386.jpg,American Black Bear,756.57216,783.79008,223.66208,184.704,2048,1536,0.013132502500000002,False
9386,9386.jpg,American Black Bear,256.18432,849.03936,329.07264,218.37311999999997,2048,1536,0.022843875599999994,False
9387,9387.jpg,American Black Bear,1130.12736,874.03008,206.62272,141.44256000000001,2048,1536,0.00929045565,False
9387,9387.jpg,American Black Bear,249.32352,863.8310399999999,343.53152,200.06400000000002,2048,1536,0.021848135000000005,False
9388,9388.jpg,American Black Bear,1911.37792,949.14048,130.408448,186.16320000000002,2048,1536,0.0077175312,False
9389,9389.jpg,American Black Bear,9.7245184,717.696,248.95488,266.37312,2048,1536,0.021080935199999998,False
9390,9390.jpg,American Black Bear,19.4492416,719.63136,383.13984,252.76416,2048,1536,0.0307858848,False
9391,9391.jpg,American Black Bear,1676.51328,844.07808,309.248,221.64480000000003,2048,1536,0.0217893,False
9391,9391.jpg,American Black Bear,836.32128,803.2358399999999,167.262208,157.48608,2048,1536,0.00837372763,False
9392,9392.jpg,American Black Bear,862.0032,843.3715199999999,89.720832,112.601088,2048,1536,0.0032115501720000003,False
9392,9392.jpg,American Black Bear,1735.00416,845.52192,293.15072,220.7232,2048,1536,0.020569217999999997,False
9393,9393.jpg,American Black Bear,5.834752,37.185024,2036.3264,1471.84128,2048,1536,0.9527680890000001,False
9394,9394.jpg,American Black Bear,789.17632,829.39392,176.441344,118.977024,2048,1536,0.0066733252269999994,False
9394,9394.jpg,American Black Bear,1762.0992,869.34528,285.9008,206.10048,2048,1536,0.018731528,False
9395,9395.jpg,American Black Bear,747.9296,814.3872,201.6768,113.812992,2048,1536,0.007296702074999999,False
9395,9395.jpg,American Black Bear,1765.39648,868.42368,282.60352,195.90143999999998,2048,1536,0.017599244599999998,False
9396,9396.jpg,American Black Bear,1.94492416,37.185024,2036.3264,1469.89056,2048,1536,0.951505328,False
9397,9397.jpg,American Black Bear,1.94492416,37.185024,2044.1088,1458.23232,2048,1536,0.947566197,False
9398,9398.jpg,American Black Bear,11.6369408,369.34656,1279.01696,1147.60704,2048,1536,0.4666038728,False
9399,9399.jpg,American Black Bear,0.0,434.10432,299.80672,778.30656,2048,1536,0.07417727689999999,False
9400,9400.jpg,American Black Bear,0.0,351.28319999999997,840.27392,1146.9465599999999,2048,1536,0.30636764589999993,False
9401,9401.jpg,American Black Bear,893.97248,816.7679999999999,228.51584,316.63104,2048,1536,0.0230011012,False
9402,9402.jpg,American Black Bear,922.13248,800.82432,292.61824,403.70688,2048,1536,0.037553150400000006,False
9403,9403.jpg,American Black Bear,1263.04256,853.4784,452.62848,611.31264,2048,1536,0.0879597699,False
9404,9404.jpg,American Black Bear,284.83584,546.29376,357.04832,198.2208,2048,1536,0.022498577000000002,False
9405,9405.jpg,American Black Bear,273.16224,539.18208,287.15008,214.77888000000002,2048,1536,0.0196055643,False
9406,9406.jpg,American Black Bear,372.20352,543.55968,357.29408,196.46976,2048,1536,0.022315178600000003,False
9407,9407.jpg,American Black Bear,1070.6944,516.12672,338.14528,380.17536,2048,1536,0.040866376100000004,False
9408,9408.jpg,American Black Bear,423.2192,549.0124800000001,351.55968,182.90688,2048,1536,0.0204412728,False
9409,9409.jpg,American Black Bear,581.36576,553.46688,316.06784,177.14688,2048,1536,0.0177988789,False
9410,9410.jpg,American Black Bear,1186.816,516.1728,285.42976,316.12415999999996,2048,1536,0.028683739699999992,False
9411,9411.jpg,American Black Bear,984.53504,516.1728,435.2,421.12512000000004,2048,1536,0.058261125000000004,False
9412,9412.jpg,American Black Bear,4.917248,670.26432,910.60224,809.9481599999999,2048,1536,0.2344578453,False
9413,9413.jpg,American Black Bear,37.326848,559.96416,841.728,747.3408,2048,1536,0.19997204999999996,False
9414,9414.jpg,American Black Bear,353.13664,535.49568,727.3472,762.34752,2048,1536,0.17626804800000004,False
9415,9415.jpg,American Black Bear,5.834752,811.0233599999999,2034.3808,686.1004800000001,2048,1536,0.443709578,False
9416,9416.jpg,American Black Bear,0.0,803.328,1027.66592,718.3104000000001,2048,1536,0.2346620935,False
9417,9417.jpg,American Black Bear,0.0,803.328,1212.416,691.09248,2048,1536,0.26635855999999997,False
9418,9418.jpg,American Black Bear,6.1222912,717.03552,873.73824,780.6412799999999,2048,1536,0.21682616489999998,False
9419,9419.jpg,American Black Bear,621.95712,647.40864,452.46464,498.61632000000003,2048,1536,0.0717182966,False
9420,9420.jpg,American Black Bear,508.49792,626.70336,593.18272,833.64864,2048,1536,0.1571992136,False
9421,9421.jpg,American Black Bear,544.8704,623.12448,399.1552,481.41311999999994,2048,1536,0.061085557999999984,False
9422,9422.jpg,American Black Bear,283.27936,567.18336,273.22368,306.61632,2048,1536,0.026631304199999997,False
9423,9423.jpg,American Black Bear,538.48064,617.28768,368.5376,480.75264,2048,1536,0.05632255049999999,False
9424,9424.jpg,American Black Bear,373.63712,569.5488,456.15104,466.40639999999996,2048,1536,0.0676319645,False
9425,9425.jpg,American Black Bear,425.73824,576.7526399999999,466.59584,511.81056,2048,1536,0.07591523430000001,False
9426,9426.jpg,American Black Bear,305.47968,570.34752,290.83648,315.54048,2048,1536,0.0291731143,False
9427,9427.jpg,American Black Bear,298.82368,476.49792,273.408,382.49472,2048,1536,0.033244169999999997,False
9428,9428.jpg,American Black Bear,308.08064,546.32448,308.87936,266.23488000000003,2048,1536,0.026141630600000007,False
9429,9429.jpg,American Black Bear,331.22304,532.8691200000001,255.87712,305.47968000000003,2048,1536,0.0248480672,False
9430,9430.jpg,American Black Bear,75.851776,544.65024,458.99776,383.03232,2048,1536,0.05588880440000001,False
9431,9431.jpg,American Black Bear,110.860288,552.4224,567.9104,402.47808,2048,1536,0.07266091899999999,False
9432,9432.jpg,American Black Bear,660.80768,430.72512,870.13376,562.0992,2048,1536,0.1554811765,False
9433,9433.jpg,American Black Bear,163.373056,488.26368,729.35424,439.41888,2048,1536,0.1018816704,False
9434,9434.jpg,American Black Bear,1168.896,342.43584,879.104,711.61344,2048,1536,0.19886723250000002,False
9435,9435.jpg,American Black Bear,1505.36192,367.7184,542.63808,703.8412800000001,2048,1536,0.1214126208,False
9436,9436.jpg,American Black Bear,1785.42592,447.4368,254.79168,429.696,2048,1536,0.0348036975,False
9437,9437.jpg,American Black Bear,7.7797376,9.964492799999999,1361.44896,1417.3900800000001,2048,1536,0.6134364606,False
9438,9438.jpg,American Black Bear,988.01664,0.24304128000000003,1059.98336,1434.90048,2048,1536,0.4835035426,False
9439,9439.jpg,American Black Bear,793.51808,0.24304128000000003,1254.48192,1417.3900800000001,2048,1536,0.5652396612,False
9440,9440.jpg,American Black Bear,1496.43264,865.1059200000001,511.3856,408.96,2048,1536,0.066482625,False
9441,9441.jpg,American Black Bear,1014.02624,706.0684799999999,290.54976,376.9344,2048,1536,0.034814898,False
9442,9442.jpg,American Black Bear,1155.23584,785.90976,352.39936,365.7984,2048,1536,0.0409784705,False
9443,9443.jpg,American Black Bear,755.93728,746.06592,257.57696,343.55712,2048,1536,0.028130975899999997,False
9443,9443.jpg,American Black Bear,976.7936,733.70112,262.7584,302.56128,2048,1536,0.025272534,False
9444,9444.jpg,American Black Bear,1186.4064,842.12736,328.68352,270.25919999999996,2048,1536,0.028238215499999997,False
9444,9444.jpg,American Black Bear,1238.67136,883.1385600000001,583.39328,497.46432,2048,1536,0.0922576082,False
9445,9445.jpg,American Black Bear,513.00352,482.76480000000004,95.680512,160.60416,2048,1536,0.00488493864,False
9446,9446.jpg,American Black Bear,530.14528,497.5104,110.772224,133.145088,2048,1536,0.0046885101039999995,False
9447,9447.jpg,American Black Bear,466.78016,478.5408,89.46688,99.159552,2048,1536,0.0028201725450000006,False
9447,9447.jpg,American Black Bear,1699.86048,707.97312,342.30272,787.4457600000001,2048,1536,0.08568599240000002,False
9448,9448.jpg,American Black Bear,486.23616,478.5408,93.356032,108.880896,2048,1536,0.003231267424,False
9448,9448.jpg,American Black Bear,1828.22912,847.96416,219.77088,653.29152,2048,1536,0.045641089200000005,False
9449,9449.jpg,American Black Bear,1520.4352,782.53056,520.54016,704.1024,2048,1536,0.11651152799999999,False
9450,9450.jpg,American Black Bear,1030.63552,599.6544,456.54016,552.59136,2048,1536,0.0801976992,False
9451,9451.jpg,American Black Bear,1233.14176,719.55456,643.82976,559.39584,2048,1536,0.1144904103,False
9452,9452.jpg,American Black Bear,850.37056,571.65312,361.39008,414.36672,2048,1536,0.0476036142,False
9453,9453.jpg,American Black Bear,728.51456,560.9625599999999,308.16256,384.29184000000004,2048,1536,0.0376460893,False
9454,9454.jpg,American Black Bear,902.43072,493.9776,106.029056,127.454208,2048,1536,0.004295937016,False
9454,9454.jpg,American Black Bear,455.10656,431.87712,173.09696,106.93632,2048,1536,0.0058842823999999995,False
9454,9454.jpg,American Black Bear,451.21536,538.81344,190.601216,208.03584,2048,1536,0.01260499448,False
9455,9455.jpg,American Black Bear,886.80448,513.6537599999999,112.39424,111.32467199999999,2048,1536,0.003977537759999999,False
9455,9455.jpg,American Black Bear,448.8192,547.38432,206.04928,189.26592,2048,1536,0.0123971642,False
9455,9455.jpg,American Black Bear,537.57952,426.9312,209.69472,143.586816,2048,1536,0.009571519589999999,False
9456,9456.jpg,American Black Bear,840.31488,445.87008,144.975872,157.24032,2048,1536,0.0072466699300000005,False
9456,9456.jpg,American Black Bear,572.6208,542.22336,119.932928,176.62464,2048,1536,0.006733929390000001,False
9456,9456.jpg,American Black Bear,4.6211072,573.63456,243.54816,232.41216,2048,1536,0.017993785199999997,False
9457,9457.jpg,American Black Bear,803.92192,458.60352,159.03744,149.19628799999998,2048,1536,0.0075428631149999995,False
9457,9457.jpg,American Black Bear,516.48512,566.2464,134.795264,167.40864,2048,1536,0.00717350382,False
9457,9457.jpg,American Black Bear,0.0,552.4224,99.190784,171.09504,2048,1536,0.00539495187,False
9458,9458.jpg,American Black Bear,708.97664,450.14016,192.278528,210.78528,2048,1536,0.01288397578,False
9458,9458.jpg,American Black Bear,416.5632,592.32768,154.0608,173.4144,2048,1536,0.0084929025,False
9459,9459.jpg,American Black Bear,691.0976,452.95104,141.467648,205.48608000000002,2048,1536,0.00924098728,False
9459,9459.jpg,American Black Bear,331.83744,586.78272,214.79424,169.58975999999998,2048,1536,0.011579800799999998,False
9460,9460.jpg,American Black Bear,480.39936,500.49024000000003,243.3024,239.52384,2048,1536,0.018525672,False
9460,9460.jpg,American Black Bear,6.9072896,595.36896,88.68864,200.49408,2048,1536,0.005652601650000001,False
9461,9461.jpg,American Black Bear,483.2256,503.66976,273.92,238.89408,2048,1536,0.0208021375,False
9462,9462.jpg,American Black Bear,483.2256,503.66976,273.92,238.89408,2048,1536,0.0208021375,False
9462,9462.jpg,American Black Bear,0.0,574.6944,151.322624,216.25344,2048,1536,0.01040269152,False
9463,9463.jpg,American Black Bear,466.08384,493.60895999999997,244.38784,251.76576,2048,1536,0.019559380300000002,False
9464,9464.jpg,American Black Bear,959.63136,852.15744,1056.89088,621.9417599999999,2048,1536,0.20895785459999996,False
9465,9465.jpg,American Black Bear,1142.23104,823.64928,887.15264,666.74688,2048,1536,0.18803477440000002,False
9466,9466.jpg,American Black Bear,343.71584,844.4467199999999,1163.12064,634.92096,2048,1536,0.23475954480000003,False
9467,9467.jpg,American Black Bear,33.243136,881.5718400000001,1052.65152,605.3376000000001,2048,1536,0.20256345899999997,False
9468,9468.jpg,American Black Bear,1075.48672,790.10304,965.98016,678.20544,2048,1536,0.20826117179999995,False
9469,9469.jpg,American Black Bear,871.36256,770.2118399999999,1038.9504,622.80192,2048,1536,0.205694931,False
9470,9470.jpg,American Black Bear,450.43712,763.83744,1021.5424,500.01408,2048,1536,0.162374364,False
9471,9471.jpg,American Black Bear,1306.70592,741.39648,281.45664,226.95936,2048,1536,0.0203066568,False
9472,9472.jpg,American Black Bear,234.98752,745.45152,850.10432,543.77472,2048,1536,0.1469501618,False
9473,9473.jpg,American Black Bear,1.10454784,317.61408,166.176768,1034.29632,2048,1536,0.054637915169999995,False
9474,9474.jpg,American Black Bear,388.3008,747.52512,560.7424,373.46304,2048,1536,0.066571732,False
9475,9475.jpg,American Black Bear,401.87904,524.16,468.15232,559.13472,2048,1536,0.0832113318,False
9476,9476.jpg,American Black Bear,0.0,276.15744,626.3808,1139.9424,2048,1536,0.22698657749999998,False
9477,9477.jpg,American Black Bear,572.66176,552.6528000000001,335.4624,526.3257600000001,2048,1536,0.056127708000000005,False
9478,9478.jpg,American Black Bear,235.47904,530.44224,643.8912,426.27072,2048,1536,0.087252288,False
9479,9479.jpg,American Black Bear,0.0,481.536,351.232,680.7705599999999,2048,1536,0.076010515,False
9480,9480.jpg,American Black Bear,657.85856,554.5727999999999,291.47136,468.38784,2048,1536,0.0433990608,False
9481,9481.jpg,American Black Bear,8.768512,299.3664,335.91296,849.7152000000001,2048,1536,0.09073586400000001,False
9482,9482.jpg,American Black Bear,15.3212928,477.4656,584.43776,569.472,2048,1536,0.10580092749999999,False
9483,9483.jpg,American Black Bear,487.95648,419.51231999999993,1046.2208,612.5721599999999,2048,1536,0.2037320885,False
9484,9484.jpg,American Black Bear,30.124032,524.3904,700.17024,596.44416,2048,1536,0.1327554228,False
9485,9485.jpg,American Black Bear,280.4736,467.29728,856.59648,555.27936,2048,1536,0.15120517260000002,False
9486,9486.jpg,American Black Bear,239.90272,534.69696,625.29536,426.50111999999996,2048,1536,0.08477820439999999,False
9487,9487.jpg,American Black Bear,269.37344,536.4940799999999,607.35488,418.92864,2048,1536,0.08088377439999998,False
9488,9488.jpg,American Black Bear,57.225216,537.7536,758.62016,498.5856,2048,1536,0.120238332,False
9489,9489.jpg,American Black Bear,129.185792,516.35712,766.38208,516.096,2048,1536,0.12573456,False
9490,9490.jpg,American Black Bear,8.9792512,640.83456,373.41184,387.42528000000004,2048,1536,0.0459890959,False
9491,9491.jpg,American Black Bear,0.0,587.73504,617.43104,463.81056,2048,1536,0.0910349008,False
9492,9492.jpg,American Black Bear,1616.22016,696.29952,431.77984,445.24032,2048,1536,0.061113292099999994,False
9493,9493.jpg,American Black Bear,4.8601088,650.91072,594.2272,409.03679999999997,2048,1536,0.077266945,False
9494,9494.jpg,American Black Bear,1626.7264,707.0208,360.18176,517.80096,2048,1536,0.059287535700000005,False
9495,9495.jpg,American Black Bear,155.262976,1023.5750400000001,504.19712,394.84416,2048,1536,0.06328560139999999,False
9496,9496.jpg,American Black Bear,1458.50368,326.67648,589.47584,1152.4761600000002,2048,1536,0.2159617273,False
9497,9497.jpg,American Black Bear,1322.78272,729.87648,412.22144,606.75072,2048,1536,0.0795096256,False
9498,9498.jpg,American Black Bear,1130.63936,613.14048,915.88608,813.68064,2048,1536,0.23690502540000002,False
9499,9499.jpg,American Black Bear,1581.21984,377.44128,457.05216,1032.4224,2048,1536,0.1500037155,False
9500,9500.jpg,American Black Bear,1402.63424,292.08576,645.34528,1180.5849600000001,2048,1536,0.24219669710000002,False
9501,9501.jpg,American Black Bear,1113.72288,637.68576,690.5856,777.26208,2048,1536,0.17063331599999998,False
9502,9502.jpg,American Black Bear,801.30048,867.40992,492.07296,536.63232,2048,1536,0.08394312990000001,False
9503,9503.jpg,American Black Bear,1538.88768,713.5641599999999,408.82176,499.39968,2048,1536,0.0649024506,False
9504,9504.jpg,American Black Bear,1168.81408,690.3859199999999,506.5728,689.46432,2048,1536,0.1110279945,False
9505,9505.jpg,American Black Bear,1589.08416,732.84096,430.67392,421.44768,2048,1536,0.057699370199999996,False
9506,9506.jpg,American Black Bear,1652.9408,712.5504,389.67296,366.1056,2048,1536,0.0453508545,False
9507,9507.jpg,American Black Bear,804.18816,974.2233600000001,206.41792,317.99807999999996,2048,1536,0.0208665537,False
9508,9508.jpg,American Black Bear,857.78432,866.0735999999999,484.37248,556.8768,2048,1536,0.0857467005,False
9509,9509.jpg,American Black Bear,1434.54208,145.04448,613.43744,1323.20256,2048,1536,0.2580331138,False
9510,9510.jpg,American Black Bear,971.32544,839.07072,739.20512,563.4816000000001,2048,1536,0.132410839,False
9511,9511.jpg,American Black Bear,1331.63008,176.13312,712.6016,1276.6924800000002,2048,1536,0.28920908100000003,False
9512,9512.jpg,American Black Bear,1372.01664,327.552,674.75456,1003.1923200000001,2048,1536,0.2151834464,False
9513,9513.jpg,American Black Bear,857.12896,941.70624,243.03616,217.58976,2048,1536,0.0168107922,False
9514,9514.jpg,American Black Bear,3.0160896,1160.34048,495.26784,275.77344,2048,1536,0.0434181582,False
9515,9515.jpg,American Black Bear,714.58816,958.20288,337.5104,210.27839999999998,2048,1536,0.02256112,False
9516,9516.jpg,American Black Bear,675.6352,959.95392,511.75424,428.95872,2048,1536,0.0697839876,False
9517,9517.jpg,American Black Bear,0.0,1135.3344,535.67488,306.2016,2048,1536,0.052141986,False
9518,9518.jpg,American Black Bear,791.10144,936.66816,463.7696,413.98272,2048,1536,0.061032803999999996,False
9519,9519.jpg,American Black Bear,1453.6704,723.31776,446.54592,713.088,2048,1536,0.10122507000000001,False
9520,9520.jpg,American Black Bear,1356.88192,602.88,675.67616,787.33824,2048,1536,0.1691136928,False
9521,9521.jpg,American Black Bear,834.84672,229.00224,1197.50656,1216.18944,2048,1536,0.4629754488,False
9522,9522.jpg,American Black Bear,1.94492416,742.9632,211.98848,359.70047999999997,2048,1536,0.0242399718,False
9523,9523.jpg,American Black Bear,818.81088,330.7776,1223.35232,1092.69504,2048,1536,0.4249417026,False
9524,9524.jpg,American Black Bear,27.22816,713.80992,266.4448,355.8144,2048,1536,0.030137664999999998,False
9525,9525.jpg,American Black Bear,19.4492416,758.52288,243.11808,324.69504,2048,1536,0.0250941069,False
9526,9526.jpg,American Black Bear,106.971136,593.24928,464.83456,519.12192,2048,1536,0.0767090509,False
9527,9527.jpg,American Black Bear,389.30432,506.28096000000005,659.12832,786.816,2048,1536,0.16486254000000003,False
9528,9528.jpg,American Black Bear,401.08032,437.48352,748.56448,956.74368,2048,1536,0.2276688688,False
9529,9529.jpg,American Black Bear,401.12128,323.28192,786.0224,1059.7324800000001,2048,1536,0.26479513400000004,False
9530,9530.jpg,American Black Bear,120.584192,4.1316863999999995,1911.84896,1423.22688,2048,1536,0.8649809616,False
9531,9531.jpg,American Black Bear,1054.88384,0.0,988.7744,1421.27616,2048,1536,0.446739668,False
9532,9532.jpg,American Black Bear,0.0,868.11648,191.830016,318.76608,2048,1536,0.01943871251,False
9533,9533.jpg,American Black Bear,750.73536,2.1874176,1291.42784,1431.0144,2048,1536,0.587479857,False
9534,9534.jpg,American Black Bear,1281.69984,6.075955200000001,766.30016,1429.06368,2048,1536,0.3481202846,False
9535,9535.jpg,American Black Bear,1271.97184,2.1874176,776.02816,1431.0144,2048,1536,0.353020818,False
9536,9536.jpg,American Black Bear,1209.73312,9.964492799999999,838.26688,1431.0144,2048,1536,0.38133366150000003,False
9537,9537.jpg,American Black Bear,1542.32832,120.789504,505.67168,1304.63232,2048,1536,0.2097179467,False
9538,9538.jpg,American Black Bear,0.0,839.68512,251.12576,331.776,2048,1536,0.02648592,False
9539,9539.jpg,American Black Bear,327.74144,687.83616,584.704,574.3872,2048,1536,0.10676272499999999,False
9540,9540.jpg,American Black Bear,247.56224,773.72928,314.96192,480.56831999999997,2048,1536,0.0481162773,False
9541,9541.jpg,American Black Bear,256.0,749.7216,399.31904,521.80992,2048,1536,0.0662386056,False
9542,9542.jpg,American Black Bear,235.33568,11.9089152,1806.82752,1419.3408,2048,1536,0.815233872,False
9543,9543.jpg,American Black Bear,805.19168,2.1874176,1242.80832,1425.1776,2048,1536,0.563056494,False
9544,9544.jpg,American Black Bear,1700.41344,0.0,342.79424,1457.0496,2048,1536,0.158776668,False
9545,9545.jpg,American Black Bear,206.15168,0.0,1841.84832,1423.47264,2048,1536,0.8334543516,False
9546,9546.jpg,American Black Bear,1690.95168,157.48608,357.04832,1286.29248,2048,1536,0.1459975462,False
9547,9547.jpg,American Black Bear,140.034048,2.1874176,1900.19584,1438.78656,2048,1536,0.8691076393,False
9548,9548.jpg,American Black Bear,7.7797376,0.24304128000000003,1406.17728,1436.59008,2048,1536,0.6421726008,False
9549,9549.jpg,American Black Bear,1.94492416,0.24304128000000003,1487.872,1440.72192,2048,1536,0.681435205,False
9550,9550.jpg,American Black Bear,5.834752,0.0,1528.70912,1429.30944,2048,1536,0.6945922776,False
9551,9551.jpg,American Black Bear,189.304832,91.59321600000001,1126.05184,1347.25632,2048,1536,0.4822668896,False
9552,9552.jpg,American Black Bear,29.17376,315.21792000000005,1544.27392,1106.3039999999999,2048,1536,0.5430973099999999,False
9553,9553.jpg,American Black Bear,5.834752,523.25376,1911.84896,907.99104,2048,1536,0.5518410128,False
9554,9554.jpg,American Black Bear,5.3583872,689.1724800000001,1106.2272,772.2854399999999,2048,1536,0.27158201849999997,False
9555,9555.jpg,American Black Bear,0.0,537.07776,562.29888,866.2732800000001,2048,1536,0.15484634880000003,False
9556,9556.jpg,American Black Bear,0.0,777.0163200000001,747.25376,688.128,2048,1536,0.16346176000000004,False
9557,9557.jpg,American Black Bear,1.94492416,2.1874176,328.68352,1345.4592,2048,1536,0.1405812155,False
9558,9558.jpg,American Black Bear,7.278592,23.660543999999998,965.34528,1419.1104,2048,1536,0.435489504,False
9559,9559.jpg,American Black Bear,7.7797376,0.0,1182.5152,1433.19552,2048,1536,0.538754618,False
9560,9560.jpg,American Black Bear,763.04384,685.9008,491.54048,728.9856,2048,1536,0.113908746,False
9561,9561.jpg,American Black Bear,1574.7072,814.27968,470.77376,508.75392,2048,1536,0.0761375414,False
9562,9562.jpg,American Black Bear,0.0,887.8847999999999,935.91552,525.9264,2048,1536,0.15647337599999997,False
9563,9563.jpg,American Black Bear,743.95648,722.7648,537.37472,676.2086400000001,2048,1536,0.11551457360000002,False
9564,9564.jpg,American Black Bear,1489.83808,824.7705599999999,516.21888,506.17344,2048,1536,0.08306385240000001,False
9565,9565.jpg,American Black Bear,158.459904,830.11584,365.42464,210.26304000000002,2048,1536,0.024425282700000005,False
9566,9566.jpg,American Black Bear,4.2932224,946.4524799999999,247.43936,479.0784,2048,1536,0.037683758,False
9567,9567.jpg,American Black Bear,599.69536,889.29792,1255.85408,538.2144,2048,1536,0.21486878399999998,False
9568,9568.jpg,American Black Bear,133.810176,902.58432,1251.75808,527.50848,2048,1536,0.2099078503,False
9569,9569.jpg,American Black Bear,0.0,9.964492799999999,1730.9696,1417.3900800000001,2048,1536,0.779933656,False
9570,9570.jpg,American Black Bear,5.834752,2.1874176,2042.1632,1429.06368,2048,1536,0.927728417,False
9571,9571.jpg,American Black Bear,1.94492416,0.24304128000000003,2042.1632,1432.94976,2048,1536,0.9302512064999999,False
9572,9572.jpg,American Black Bear,3.8897664,2.1874176,1250.59072,1431.0144,2048,1536,0.568902756,False
9573,9573.jpg,American Black Bear,0.0,0.0,2046.30016,1444.85376,2048,1536,0.9398792522,False
9574,9574.jpg,American Black Bear,4.2231808,0.0,1384.71424,1443.71712,2048,1536,0.6355081096,False
9575,9575.jpg,American Black Bear,0.0,0.0,2045.87008,1430.41536,2048,1536,0.9302914896,False
9576,9576.jpg,American Black Bear,9.7245184,9.964492799999999,2038.272,1421.29152,2048,1536,0.92092473,False
9577,9577.jpg,American Black Bear,1.94492416,8.020223999999999,1797.09952,1429.06368,2048,1536,0.8163991461999999,False
9578,9578.jpg,American Black Bear,7.7797376,4.1316863999999995,2040.2176,1429.06368,2048,1536,0.9268445559999999,False
9579,9579.jpg,American Black Bear,3.8897664,6.075955200000001,1894.35904,1434.90048,2048,1536,0.8640978164,False
9580,9580.jpg,American Black Bear,3.8897664,4.1316863999999995,1824.33792,1434.90048,2048,1536,0.8321582022,False
9581,9581.jpg,American Black Bear,161.427456,31.351295999999998,1878.79424,1403.7811199999999,2048,1536,0.8384119295999999,False
9582,9582.jpg,American Black Bear,1662.73024,563.95776,212.60288,357.33504000000005,2048,1536,0.024150358400000002,False
9583,9583.jpg,American Black Bear,11.669504,0.24304128000000003,1522.87232,1429.06368,2048,1536,0.6918212642,False
9584,9584.jpg,American Black Bear,90.431488,691.09248,376.60672,641.41824,2048,1536,0.0767906251,False
9585,9585.jpg,American Black Bear,247.88992,843.1104,232.32512,308.82815999999997,2048,1536,0.022808246399999996,False
9586,9586.jpg,American Black Bear,1677.37344,554.38848,216.45312,376.9344,2048,1536,0.025936326,False
9587,9587.jpg,American Black Bear,673.8944,425.02656,838.43072,999.95136,2048,1536,0.2665169839,False
9588,9588.jpg,American Black Bear,954.30656,447.40608,598.89664,1003.79136,2048,1536,0.19110592930000003,False
9589,9589.jpg,American Black Bear,0.0,6.075955200000001,2048.0,1421.29152,2048,1536,0.92532,False
9590,9590.jpg,American Black Bear,3.8897664,0.24304128000000003,1376.99328,1431.0144,2048,1536,0.6264041939999999,False
9591,9591.jpg,American Black Bear,1.94492416,2.1874176,2044.1088,1419.3408,2048,1536,0.922294305,False
9592,9592.jpg,American Black Bear,3.8897664,2.1874176,1124.16768,1431.0144,2048,1536,0.5113920015000001,False
9593,9593.jpg,American Black Bear,1099.73504,0.0,948.24448,1446.05184,2048,1536,0.4358961344,False
9594,9594.jpg,American Black Bear,1099.73504,0.0,948.24448,1446.05184,2048,1536,0.4358961344,False
9595,9595.jpg,American Black Bear,1101.68064,0.0,945.37728,1461.888,2048,1536,0.4393373175,False
9596,9596.jpg,American Black Bear,1047.77728,2.4841727999999996,982.13888,1434.20928,2048,1536,0.4477795588,False
9597,9597.jpg,American Black Bear,1108.84864,0.0,939.13088,1447.43424,2048,1536,0.4321194304,False
9598,9598.jpg,American Black Bear,1108.84864,0.0,939.13088,1447.43424,2048,1536,0.4321194304,False
9599,9599.jpg,American Black Bear,1064.38656,0.0,964.38272,1442.11968,2048,1536,0.44210920319999997,False
9600,9600.jpg,American Black Bear,1061.90848,588.79488,236.032,457.12896,2048,1536,0.034299552500000004,False
9601,9601.jpg,American Black Bear,1073.43872,642.30912,213.54496,353.84832,2048,1536,0.024020679899999998,False
9602,9602.jpg,American Black Bear,1061.7856,620.91264,225.19808,375.22944,2048,1536,0.0268621284,False
9603,9603.jpg,American Black Bear,1495.63392,6.075955200000001,548.47488,1425.1776,2048,1536,0.24848750849999998,False
9604,9604.jpg,American Black Bear,1131.95008,0.24304128000000003,912.15872,1434.90048,2048,1536,0.41607443020000007,False
9605,9605.jpg,American Black Bear,1213.3376,1152.13824,712.3968,296.84736,2048,1536,0.067225491,False
9606,9606.jpg,American Black Bear,1.94492416,2.1874176,2046.0544,1417.3900800000001,2048,1536,0.921903359,False
9607,9607.jpg,American Black Bear,5.834752,6.075955200000001,2042.1632,1427.11296,2048,1536,0.9264620364999999,False
9608,9608.jpg,American Black Bear,1157.2224,33.295871999999996,890.7776,1429.06368,2048,1536,0.40466878100000003,False
9609,9609.jpg,American Black Bear,147.8144,1221.25824,573.7472,200.26368,2048,1536,0.036525957000000005,False
9610,9610.jpg,American Black Bear,105.025536,1225.15968,538.74688,202.21439999999998,2048,1536,0.034631849,False
9611,9611.jpg,American Black Bear,176.98816,1170.70848,634.04032,250.81343999999999,2048,1536,0.05055295109999999,False
9612,9612.jpg,American Black Bear,1348.77184,1126.10304,699.20768,305.14176,2048,1536,0.06782451059999998,False
9613,9613.jpg,American Black Bear,951.88992,985.3439999999999,568.38144,457.28256,2048,1536,0.0826234563,False
9614,9614.jpg,American Black Bear,1014.86592,887.68512,857.64096,544.1587199999999,2048,1536,0.14835764789999997,False
9615,9615.jpg,American Black Bear,1797.09952,488.26368,245.06368,942.98112,2048,1536,0.07346166720000001,False
9616,9616.jpg,American Black Bear,1659.02336,494.10048000000006,388.97664,937.15968,2048,1536,0.1158819909,False
9617,9617.jpg,American Black Bear,1478.38976,192.86016,569.58976,1246.7097600000002,2048,1536,0.22573887920000002,False
9618,9618.jpg,American Black Bear,525.12768,0.24304128000000003,1522.87232,762.1632,2048,1536,0.36896935799999997,False
9619,9619.jpg,American Black Bear,1205.84192,0.24304128000000003,842.15808,1427.11296,2048,1536,0.3820593231,False
9620,9620.jpg,American Black Bear,1.94492416,0.24304128000000003,2044.1088,1431.0144,2048,1536,0.9298798650000001,False
9621,9621.jpg,American Black Bear,970.50624,4.1316863999999995,1065.82016,1421.29152,2048,1536,0.48155503439999997,False
9622,9622.jpg,American Black Bear,0.0,0.24304128000000003,2046.0544,1432.94976,2048,1536,0.9320237355,False
9623,9623.jpg,American Black Bear,0.0,9.964492799999999,1633.73056,1427.11296,2048,1536,0.7411696292,False
9624,9624.jpg,American Black Bear,1301.15584,4.1316863999999995,744.89856,1431.0144,2048,1536,0.338859738,False
9625,9625.jpg,American Black Bear,3.8897664,0.24304128000000003,2042.1632,1434.90048,2048,1536,0.931517587,False
9626,9626.jpg,American Black Bear,1.94492416,525.20448,1017.20064,909.9417599999999,2048,1536,0.29423819879999996,False
9627,9627.jpg,American Black Bear,696.58624,659.38944,233.43104,186.11712,2048,1536,0.0138109566,False
9628,9628.jpg,American Black Bear,745.12384,497.15712,340.60288,378.56256,2048,1536,0.040988762600000006,False
9629,9629.jpg,American Black Bear,561.23392,490.76736000000005,490.5984,367.53408,2048,1536,0.057319524000000004,False
9630,9630.jpg,American Black Bear,674.34496,471.61343999999997,1116.71296,1042.49856,2048,1536,0.3700802017,False
9631,9631.jpg,American Black Bear,710.51264,29.062656,1296.77312,1443.4867199999999,2048,1536,0.5950529663,False
9632,9632.jpg,American Black Bear,938.84416,44.261376,1109.15584,1411.968,2048,1536,0.497847415,False
9633,9633.jpg,American Black Bear,765.72672,18.98496,1282.2528,1481.96352,2048,1536,0.6040738019999999,False
9634,9634.jpg,American Black Bear,753.3568,334.7712,1284.13696,1201.21344,2048,1536,0.49035472080000003,False
9635,9635.jpg,American Black Bear,663.3472,395.55072000000007,1345.59744,1135.872,2048,1536,0.48587368500000006,False
9636,9636.jpg,American Black Bear,638.34112,541.07136,626.05312,947.14368,2048,1536,0.1884976247,False
9637,9637.jpg,American Black Bear,771.82976,653.6448,248.46336,390.26687999999996,2048,1536,0.030824985599999997,False
9638,9638.jpg,American Black Bear,689.64352,575.95392,325.61152,522.6086399999999,2048,1536,0.05409475759999999,False
9639,9639.jpg,American Black Bear,792.59648,657.4848,266.60864,329.99424,2048,1536,0.027967871199999998,False
9640,9640.jpg,American Black Bear,1045.93408,672.16896,186.78784,260.98176,2048,1536,0.01549664155,False
9641,9641.jpg,American Black Bear,1084.66176,669.4041599999999,140.414976,259.10784,2048,1536,0.01156572378,False
9642,9642.jpg,American Black Bear,735.29344,627.70176,494.83776,849.0854400000001,2048,1536,0.1335651198,False
9643,9643.jpg,American Black Bear,921.37472,588.2112,406.4256,413.42976,2048,1536,0.05341480199999999,False
9644,9644.jpg,American Black Bear,1100.82048,602.97216,340.35712,287.75424,2048,1536,0.0311340346,False
9645,9645.jpg,American Black Bear,808.40704,573.3888000000001,287.04768,510.15167999999994,2048,1536,0.0465513408,False
9646,9646.jpg,American Black Bear,795.79136,537.64608,397.1072,750.3206399999999,2048,1536,0.09471821099999998,False
9647,9647.jpg,American Black Bear,682.27072,554.1273600000001,648.3968,955.42272,2048,1536,0.196931532,False
9648,9648.jpg,American Black Bear,1356.57472,829.3632,685.89568,692.1984,2048,1536,0.15092719149999997,False
9649,9649.jpg,American Black Bear,751.73888,639.17568,1288.04864,829.2864000000001,2048,1536,0.33955930700000003,False
9650,9650.jpg,American Black Bear,634.63424,573.43488,1382.89152,945.03936,2048,1536,0.41544816239999993,False
9651,9651.jpg,American Black Bear,1536.49152,610.75968,509.56288,874.93632,2048,1536,0.1417271522,False
9652,9652.jpg,American Black Bear,433.72544,319.104,1612.32896,1170.4780799999999,2048,1536,0.5999233581,False
9653,9653.jpg,American Black Bear,1.94492416,243.28704,2046.0544,1242.40896,2048,1536,0.808091583,False
9654,9654.jpg,American Black Bear,1509.25312,665.19552,529.01888,841.8816,2048,1536,0.141579711,False
9655,9655.jpg,American Black Bear,462.21312,521.34912,1585.7664,1002.2553600000001,2048,1536,0.505238493,False
9656,9656.jpg,American Black Bear,995.79904,624.36864,1050.25536,874.93632,2048,1536,0.29211252840000007,False
9657,9657.jpg,American Black Bear,494.01856,548.5363199999999,1548.16512,946.88256,2048,1536,0.46600677239999994,False
9658,9658.jpg,American Black Bear,886.8864,917.9596799999999,1153.3312,577.4592,2048,1536,0.2117162425,False
9659,9659.jpg,American Black Bear,1137.78688,461.04576,908.26752,1040.20992,2048,1536,0.3003402978,False
9660,9660.jpg,American Black Bear,9.7245184,43.017216,2038.272,1450.4448,2048,1536,0.9398145749999999,False
9661,9661.jpg,American Black Bear,1044.41856,912.1228799999999,993.85344,593.01888,2048,1536,0.1873569024,False
9662,9662.jpg,American Black Bear,1318.93248,683.62752,722.06336,815.63136,2048,1536,0.18721819569999998,False
9663,9663.jpg,American Black Bear,513.45408,476.59008,1520.92672,1016.87808,2048,1536,0.49164995919999993,False
9664,9664.jpg,American Black Bear,511.50848,515.4816000000001,1536.49152,960.49152,2048,1536,0.4691400768,False
9665,9665.jpg,American Black Bear,478.45376,552.4224,1567.60064,944.93184,2048,1536,0.4708848817,False
9666,9666.jpg,American Black Bear,402.3296,529.4131199999999,1103.70816,977.49504,2048,1536,0.3429632988,False
9667,9667.jpg,American Black Bear,422.97344,556.1088,751.18592,952.9804800000001,2048,1536,0.2275675197,False
9668,9668.jpg,American Black Bear,600.2688,561.66912,762.44992,935.07072,2048,1536,0.2266389833,False
9669,9669.jpg,American Black Bear,489.55392,590.69952,686.81728,892.4467199999999,2048,1536,0.19485086719999997,False
9670,9670.jpg,American Black Bear,674.69312,427.02335999999997,552.91904,1038.7968,2048,1536,0.182587474,False
9671,9671.jpg,American Black Bear,937.28768,593.8636799999999,413.98272,651.84768,2048,1536,0.0857841732,False
9672,9672.jpg,American Black Bear,887.11168,583.2652800000001,360.09984,633.69216,2048,1536,0.07254042479999999,False
9673,9673.jpg,American Black Bear,829.76768,510.44352000000003,437.90336,274.19136000000003,2048,1536,0.03816900820000001,False
9674,9674.jpg,American Black Bear,921.88672,573.81888,414.26944,429.696,2048,1536,0.05658783,False
9675,9675.jpg,American Black Bear,1030.79936,527.1552,499.83488,456.91392,2048,1536,0.0726005282,False
9676,9676.jpg,American Black Bear,906.3424,509.6448,400.65024,276.096,2048,1536,0.0351644925,False
