archivo,es_fotograma_gif,observacion_id,foto_id,licencia,atribucion,usuario,fecha_observada,latitud,longitud,n_cajas_oso,conf_max_oso,categoria_manual,lote,en_ecuador,estado
inat_101293546_169152786.jpg,False,101293546,169152786,cc-by-nc,"(c) Darren and Claudia, some rights reserved (CC BY-NC)",dccopley,2021-11-15,0.0134475592,-78.6014700569,1.0,0.636,,,True,positivo_conf_alta_sin_revisar
inat_101293546_169152801.jpg,False,101293546,169152801,cc-by-nc,"(c) Darren and Claudia, some rights reserved (CC BY-NC)",dccopley,2021-11-15,0.0134475592,-78.6014700569,1.0,0.713,,,True,positivo_conf_alta_sin_revisar
inat_101541869_169590449.jpg,False,101541869,169590449,cc-by-nc,"(c) Holger Beck, some rights reserved (CC BY-NC)",holgerbeck,2021-11-17,0.0192717193,-78.7020923264,1.0,0.891,,,True,positivo_conf_alta_sin_revisar
inat_101728832_169919723.jpg,False,101728832,169919723,cc-by-nc,"(c) billtweit, some rights reserved (CC BY-NC)",billtweit,2021-11-05,-0.2645247533,-78.3965049214,8.0,0.732,,,True,positivo_conf_alta_sin_revisar
inat_101728832_169922803.jpg,False,101728832,169922803,cc-by-nc,"(c) billtweit, some rights reserved (CC BY-NC)",billtweit,2021-11-05,-0.2645247533,-78.3965049214,1.0,0.956,,,True,positivo_conf_alta_sin_revisar
inat_101823394_170091049.jpg,False,101823394,170091049,cc-by-nc,"(c) alejandromacas, some rights reserved (CC BY-NC)",alejandromacas,2019-04-05,-3.5907967361,-79.7428391329,1.0,0.91,,,True,positivo_conf_alta_sin_revisar
inat_102298789_170973074.jpg,False,102298789,170973074,cc-by-nc,"(c) alejandromacas, some rights reserved (CC BY-NC)",alejandromacas,2019-11-08,-3.5802993389,-79.7349975295,1.0,0.91,,,True,positivo_conf_alta_sin_revisar
inat_102352111_171071810.jpg,False,102352111,171071810,cc-by-nc,"(c) jose_luis_mena, some rights reserved (CC BY-NC)",jose_luis_mena,2021-11-10,-3.4397133358,-79.7284680196,1.0,0.938,,,True,positivo_conf_alta_sin_revisar
inat_102630828_171604260.jpg,False,102630828,171604260,cc-by-nc,"(c) Donald Pendleton, some rights reserved (CC BY-NC)",toucan55,2021-12-06,-0.2304355794,-78.0316622598,2.0,0.588,,,True,positivo_conf_alta_sin_revisar
inat_102630828_171604266.jpg,False,102630828,171604266,cc-by-nc,"(c) Donald Pendleton, some rights reserved (CC BY-NC)",toucan55,2021-12-06,-0.2304355794,-78.0316622598,2.0,0.116,oso,conf_baja_yolo,True,positivo
inat_102630828_171604278.jpg,False,102630828,171604278,cc-by-nc,"(c) Donald Pendleton, some rights reserved (CC BY-NC)",toucan55,2021-12-06,-0.2304355794,-78.0316622598,1.0,0.903,,,True,positivo_conf_alta_sin_revisar
inat_10293762_14254748.jpg,False,10293762,14254748,cc-by-nc,"(c) Ken Chamberlain, some rights reserved (CC BY-NC)",kenchamberlain,2018-02-05,5.5358944043,-75.8899406273,0.0,0.0,sin_oso,sin_oso_yolo,False,excluido_sin_oso
inat_103617339_173423568.jpg,False,103617339,173423568,cc-by-nc,"(c) Jack Farley, some rights reserved (CC BY-NC)",jfarley25,2021-10-08,0.0308330167,-78.786153417,4.0,0.284,oso,conf_baja_yolo,True,positivo
inat_104063509_174317541.jpg,False,104063509,174317541,cc-by-nc,"(c) Barna Takats, some rights reserved (CC BY-NC)",beavisnail,2021-11-03,0.1867859005,-78.7919264109,0.0,0.0,duda,sin_oso_yolo,True,excluido_duda
inat_104436233_174991867.jpg,False,104436233,174991867,cc-by-nc,"(c) Bill Crins, some rights reserved (CC BY-NC)",wjcrins,2011-11-09,-6.5107218602,-79.5680913879,2.0,0.842,,,False,positivo_conf_alta_sin_revisar
inat_104436233_174994135.jpg,False,104436233,174994135,cc-by-nc,"(c) Bill Crins, some rights reserved (CC BY-NC)",wjcrins,2011-11-09,-6.5107218602,-79.5680913879,1.0,0.953,,,False,positivo_conf_alta_sin_revisar
inat_104436233_174994137.jpg,False,104436233,174994137,cc-by-nc,"(c) Bill Crins, some rights reserved (CC BY-NC)",wjcrins,2011-11-09,-6.5107218602,-79.5680913879,1.0,0.946,,,False,positivo_conf_alta_sin_revisar
inat_104572898_175251947.jpg,False,104572898,175251947,cc-by-nc,"(c) Peter Blancher, some rights reserved (CC BY-NC)",blancherp,2021-12-06,-0.2172783034,-78.3009195893,2.0,0.752,,,True,positivo_conf_alta_sin_revisar
inat_104572899_175251949.jpg,False,104572899,175251949,cc-by-nc,"(c) Peter Blancher, some rights reserved (CC BY-NC)",blancherp,2021-12-06,-0.3483135701,-78.380940014,4.0,0.435,oso,conf_baja_yolo,True,positivo
inat_104887017_175852607.jpg,False,104887017,175852607,cc-by-nc,"(c) Nelson Apolo, some rights reserved (CC BY-NC)",ecuadornaturetours,2021-08-25,-0.2865573131,-78.2686583693,2.0,0.301,oso,conf_baja_yolo,True,positivo
inat_107670892_181136391.jpg,False,107670892,181136391,cc-by-nc,"(c) Luis Yupa, some rights reserved (CC BY-NC)",luisyupa,2022-02-18,-0.4236219431,-78.0219259511,1.0,0.956,,,True,positivo_conf_alta_sin_revisar
inat_108196234_182120433.jpg,False,108196234,182120433,cc-by-nc,"(c) Juan Sebastián Quintero, some rights reserved (CC BY-NC)",jnsco1212,2022-03-08,7.0283841134,-73.0338242656,0.0,0.0,oso,sin_oso_yolo,False,positivo
inat_108196234_182120447.jpg,False,108196234,182120447,cc-by-nc,"(c) Juan Sebastián Quintero, some rights reserved (CC BY-NC)",jnsco1212,2022-03-08,7.0283841134,-73.0338242656,0.0,0.0,oso,sin_oso_yolo,False,positivo
inat_108196234_182120560.jpg,False,108196234,182120560,cc-by-nc,"(c) Juan Sebastián Quintero, some rights reserved (CC BY-NC)",jnsco1212,2022-03-08,7.0283841134,-73.0338242656,0.0,0.0,oso,sin_oso_yolo,False,positivo
inat_108196234_182120570.jpg,False,108196234,182120570,cc-by-nc,"(c) Juan Sebastián Quintero, some rights reserved (CC BY-NC)",jnsco1212,2022-03-08,7.0283841134,-73.0338242656,0.0,0.0,duda,sin_oso_yolo,False,excluido_duda
inat_108510091_182707831.jpg,False,108510091,182707831,cc-by-nc,"(c) David Torres, some rights reserved (CC BY-NC)",dawicho,2022-03-12,-0.3111356258,-78.2248729033,0.0,0.0,sin_oso,sin_oso_yolo,True,excluido_sin_oso
inat_108694340_183055262.jpg,False,108694340,183055262,cc-by-nc,"(c) jonahpeckham, some rights reserved (CC BY-NC)",jonahpeckham,2022-03-13,-0.5891784047,-78.1291083438,1.0,0.911,,,True,positivo_conf_alta_sin_revisar
inat_108751448_183162795.jpg,False,108751448,183162795,cc-by-nc,"(c) William Hull, some rights reserved (CC BY-NC)",mangoverde,2022-03-06,-0.3790806118,-78.3432271943,5.0,0.755,,,True,positivo_conf_alta_sin_revisar
inat_108751448_183162806.jpg,False,108751448,183162806,cc-by-nc,"(c) William Hull, some rights reserved (CC BY-NC)",mangoverde,2022-03-06,-0.3790806118,-78.3432271943,3.0,0.828,,,True,positivo_conf_alta_sin_revisar
inat_108751448_183162812.jpg,False,108751448,183162812,cc-by-nc,"(c) William Hull, some rights reserved (CC BY-NC)",mangoverde,2022-03-06,-0.3790806118,-78.3432271943,5.0,0.725,,,True,positivo_conf_alta_sin_revisar
inat_108764701_183188138.jpg,False,108764701,183188138,cc-by-nc,"(c) taopina, some rights reserved (CC BY-NC)",taopina,2022-03-13,-0.3004321524,-78.3184327597,1.0,0.066,oso,conf_baja_yolo,True,positivo
inat_108967364_183567257.jpg,False,108967364,183567257,cc-by-nc,"(c) hyperiodic, some rights reserved (CC BY-NC)",hyperiodic,2019-04-17,-0.3608761623,-78.2445018449,0.0,0.0,oso,sin_oso_yolo,True,positivo
inat_108967364_183567380.jpg,False,108967364,183567380,cc-by-nc,"(c) hyperiodic, some rights reserved (CC BY-NC)",hyperiodic,2019-04-17,-0.3608761623,-78.2445018449,1.0,0.848,,,True,positivo_conf_alta_sin_revisar
inat_109296502_184185034.jpg,False,109296502,184185034,cc-by-nc,"(c) grupo4biouros, some rights reserved (CC BY-NC)",grupo4biouros,2022-03-23,4.5473141961,-73.7719226384,1.0,0.907,,,False,positivo_conf_alta_sin_revisar
inat_109296502_184185045.jpg,False,109296502,184185045,cc-by-nc,"(c) grupo4biouros, some rights reserved (CC BY-NC)",grupo4biouros,2022-03-23,4.5473141961,-73.7719226384,1.0,0.946,,,False,positivo_conf_alta_sin_revisar
inat_109334179_184255102.jpg,False,109334179,184255102,cc-by-nc,"(c) taopina, some rights reserved (CC BY-NC)",taopina,2022-03-13,-0.0997434332,-77.9260441291,2.0,0.915,,,True,positivo_conf_alta_sin_revisar
inat_109334179_184255110.jpg,False,109334179,184255110,cc-by-nc,"(c) taopina, some rights reserved (CC BY-NC)",taopina,2022-03-13,-0.0997434332,-77.9260441291,1.0,0.919,,,True,positivo_conf_alta_sin_revisar
inat_109393417_184365586.jpg,False,109393417,184365586,cc-by-nc,"(c) grupo2_biodiversidad, some rights reserved (CC BY-NC)",grupo2_biodiversidad,2022-03-06,4.541841339,-73.7831470986,1.0,0.79,,,False,positivo_conf_alta_sin_revisar
inat_11011377_15522572.jpg,False,11011377,15522572,cc-by-nc,"(c) Juan Carlos Delgado Madrid, some rights reserved (CC BY-NC)",juandelgado_sib,2017-10-27,6.4530819496,-76.1839990468,1.0,0.933,,,False,positivo_conf_alta_sin_revisar
inat_111313948_187898989.jpg,False,111313948,187898989,cc-by-nc,"(c) Armando Castellanos, some rights reserved (CC BY-NC)",armando_castellanos,2022-04-13,-0.909256507,-78.2814348452,2.0,0.957,,,True,positivo_conf_alta_sin_revisar
inat_111406007_188064919.jpg,False,111406007,188064919,cc-by-nc,"(c) Armando Castellanos, some rights reserved (CC BY-NC)",armando_castellanos,2015-06-03,-0.3152850732,-78.0781904446,1.0,0.442,oso,conf_baja_yolo,True,positivo
inat_111707116_188602366.jpg,False,111707116,188602366,cc-by-nc,"(c) drmbush, some rights reserved (CC BY-NC)",drmbush,2021-08-26,-0.3698450001,-78.0593612046,1.0,0.912,,,True,positivo_conf_alta_sin_revisar
inat_111974137_189082439.jpg,False,111974137,189082439,cc-by-nc,"(c) estefaniaramirez_, some rights reserved (CC BY-NC)",estefaniaramirez_,2022-02-02,4.6673487885,-73.9888177636,0.0,0.0,rastro,sin_oso_yolo,False,excluido_rastro
inat_112237124_189572353.jpg,False,112237124,189572353,cc-by-nc,"(c) Luis Chipantasi, some rights reserved (CC BY-NC)",uemm-chipantasiluis,2020-02-25,0.0749565614,-78.5781477808,4.0,0.671,,,True,positivo_conf_alta_sin_revisar
inat_112237124_189572362.jpg,False,112237124,189572362,cc-by-nc,"(c) Luis Chipantasi, some rights reserved (CC BY-NC)",uemm-chipantasiluis,2020-02-25,0.0749565614,-78.5781477808,1.0,0.795,,,True,positivo_conf_alta_sin_revisar
inat_116757332_197115720.jpg,False,116757332,197115720,cc-by-nc,"(c) julisoto, some rights reserved (CC BY-NC)",julisoto,2022-02-10,2.4975798445,-76.2503011729,1.0,0.91,,,False,positivo_conf_alta_sin_revisar
inat_116757332_197115733.jpg,False,116757332,197115733,cc-by-nc,"(c) julisoto, some rights reserved (CC BY-NC)",julisoto,2022-02-10,2.4975798445,-76.2503011729,2.0,0.908,,,False,positivo_conf_alta_sin_revisar
inat_117944758_199230228.jpg,False,117944758,199230228,cc-by,"(c) desertnaturalist, some rights reserved (CC BY)",desertnaturalist,2021-07-11,-0.3311636095,-78.092627634,1.0,0.721,,,True,positivo_conf_alta_sin_revisar
inat_117944758_199230452.jpg,False,117944758,199230452,cc-by,"(c) desertnaturalist, some rights reserved (CC BY)",desertnaturalist,2021-07-11,-0.3311636095,-78.092627634,0.0,0.0,oso,sin_oso_yolo,True,positivo
inat_118989247_201102526.jpg,False,118989247,201102526,cc-by-nc,"(c) sandropv, some rights reserved (CC BY-NC)",sandropv,2022-05-27,-0.347741762,-78.3568562191,0.0,0.0,duda,sin_oso_yolo,True,excluido_duda
inat_118989247_201102646.jpg,False,118989247,201102646,cc-by-nc,"(c) sandropv, some rights reserved (CC BY-NC)",sandropv,2022-05-27,-0.347741762,-78.3568562191,0.0,0.0,duda,sin_oso_yolo,True,excluido_duda
inat_120446902_203713164.jpg,False,120446902,203713164,cc-by-nc,"(c) Barna Takats, some rights reserved (CC BY-NC)",beavisnail,2022-03-11,-0.3149634771,-78.1244001555,1.0,0.825,,,True,positivo_conf_alta_sin_revisar
inat_12360432_17804066.jpg,False,12360432,17804066,cc-by-nc,"(c) William, some rights reserved (CC BY-NC)",william4720,2018-02-17,1.9371454098,-76.0180308854,4.0,0.431,oso,conf_baja_yolo,False,positivo
inat_123905284_209956411.jpg,False,123905284,209956411,cc-by-nc,"(c) Holger Beck, some rights reserved (CC BY-NC)",holgerbeck,2022-06-24,0.1136173362,-78.6548556233,0.0,0.0,rastro,sin_oso_yolo,True,excluido_rastro
inat_126666811_214940566.jpg,False,126666811,214940566,cc-by-nc,"(c) David Torres, some rights reserved (CC BY-NC)",dawicho,2022-07-16,-0.3497190555,-78.0678749437,0.0,0.0,sin_oso,sin_oso_yolo,True,excluido_sin_oso
inat_126666811_214940605.jpg,False,126666811,214940605,cc-by-nc,"(c) David Torres, some rights reserved (CC BY-NC)",dawicho,2022-07-16,-0.3497190555,-78.0678749437,0.0,0.0,sin_oso,sin_oso_yolo,True,excluido_sin_oso
inat_128542087_218349836.jpg,False,128542087,218349836,cc-by-nc,"(c) Manuel Ruedi, some rights reserved (CC BY-NC)",manuel_ruedi,2022-07-27,-0.5128511343,-78.3317405575,3.0,0.827,,,True,positivo_conf_alta_sin_revisar
inat_128546441_218353421.jpg,False,128546441,218353421,cc-by-nc,"(c) Manuel Ruedi, some rights reserved (CC BY-NC)",manuel_ruedi,2022-07-16,-0.3148013921,-78.2106368018,0.0,0.0,rastro,sin_oso_yolo,True,excluido_rastro
inat_131403325_223613368.jpg,False,131403325,223613368,cc-by-nc,"(c) rocio_vargas, some rights reserved (CC BY-NC)",rocio_vargas,2022-03-16,-0.3298795768,-78.1051951429,1.0,0.808,,,True,positivo_conf_alta_sin_revisar
inat_131403325_223613635.jpg,False,131403325,223613635,cc-by-nc,"(c) rocio_vargas, some rights reserved (CC BY-NC)",rocio_vargas,2022-03-16,-0.3298795768,-78.1051951429,3.0,0.942,,,True,positivo_conf_alta_sin_revisar
inat_131403325_223613707.jpg,False,131403325,223613707,cc-by-nc,"(c) rocio_vargas, some rights reserved (CC BY-NC)",rocio_vargas,2022-03-16,-0.3298795768,-78.1051951429,1.0,0.85,,,True,positivo_conf_alta_sin_revisar
inat_133281813_227003139.jpg,False,133281813,227003139,cc-by-nc,"(c) Suze LdA, some rights reserved (CC BY-NC)",setlda,2022-09-01,-0.5679998164,-78.3779341602,0.0,0.0,oso,sin_oso_yolo,True,positivo
inat_133361772_227143102.jpg,False,133361772,227143102,cc0,no rights reserved,eldirko,2022-08-11,-17.3987830415,-65.9309970576,1.0,0.059,oso,conf_baja_yolo,False,positivo
inat_135695726_231474886.jpg,False,135695726,231474886,cc-by-nc,"(c) Jorge L. Peña, some rights reserved (CC BY-NC)",jlpena87,2011-03-20,1.7966788025,-76.3928858994,0.0,0.0,rastro,sin_oso_yolo,False,excluido_rastro
inat_136649140_233244898.jpg,False,136649140,233244898,cc-by-nc,"(c) yohao_ovalle, some rights reserved (CC BY-NC)",yohao_ovalle,2022-08-05,10.1596466199,-72.8918101374,1.0,0.939,,,False,positivo_conf_alta_sin_revisar
inat_136766218_233468247.jpg,False,136766218,233468247,cc-by-nc,"(c) daniela-perez-, some rights reserved (CC BY-NC)",daniela-perez-,2022-09-25,-0.3140411771,-78.246552421,0.0,0.0,oso,sin_oso_yolo,True,positivo
inat_139213364_238069116.jpg,False,139213364,238069116,cc-by-nc,"(c) michaelclarke4, some rights reserved (CC BY-NC)",michaelclarke4,2022-09-11,0.0185138648,-78.6379102232,0.0,0.0,rastro,sin_oso_yolo,True,excluido_rastro
inat_139469902_243492616.jpg,False,139469902,243492616,cc-by-nc,"(c) dirkmaes, some rights reserved (CC BY-NC)",dirkmaes,2022-10-19,-0.2026368749,-78.1829345472,1.0,0.881,,,True,positivo_conf_alta_sin_revisar
inat_139469902_243924669.jpg,False,139469902,243924669,cc-by-nc,"(c) dirkmaes, some rights reserved (CC BY-NC)",dirkmaes,2022-10-19,-0.2026368749,-78.1829345472,1.0,0.903,,,True,positivo_conf_alta_sin_revisar
inat_139761947_239109191.jpg,False,139761947,239109191,cc-by-nc,"(c) Alex Reynolds, some rights reserved (CC BY-NC)",bosquenublado,2022-06-17,0.2295963764,-78.4024969575,0.0,0.0,oso,sin_oso_yolo,True,positivo
inat_139761947_239109207.jpg,False,139761947,239109207,cc-by-nc,"(c) Alex Reynolds, some rights reserved (CC BY-NC)",bosquenublado,2022-06-17,0.2295963764,-78.4024969575,0.0,0.0,oso,sin_oso_yolo,True,positivo
inat_139971714_239512537.jpg,False,139971714,239512537,cc-by-nc,"(c) Holger Beck, some rights reserved (CC BY-NC)",holgerbeck,2022-10-23,0.0337992676,-78.6629031566,1.0,0.68,,,True,positivo_conf_alta_sin_revisar
inat_139978264_239521771.jpg,False,139978264,239521771,cc-by-nc,"(c) Jose Granizo, some rights reserved (CC BY-NC)",josegranizo,2022-10-03,-0.3972590985,-78.368520474,1.0,0.953,,,True,positivo_conf_alta_sin_revisar
inat_139978264_239521818.jpg,False,139978264,239521818,cc-by-nc,"(c) Jose Granizo, some rights reserved (CC BY-NC)",josegranizo,2022-10-03,-0.3972590985,-78.368520474,1.0,0.945,,,True,positivo_conf_alta_sin_revisar
inat_139978264_239521845.jpg,False,139978264,239521845,cc-by-nc,"(c) Jose Granizo, some rights reserved (CC BY-NC)",josegranizo,2022-10-03,-0.3972590985,-78.368520474,1.0,0.922,,,True,positivo_conf_alta_sin_revisar
inat_139978264_239521901.jpg,False,139978264,239521901,cc-by-nc,"(c) Jose Granizo, some rights reserved (CC BY-NC)",josegranizo,2022-10-03,-0.3972590985,-78.368520474,1.0,0.943,,,True,positivo_conf_alta_sin_revisar
inat_141614165_242647339.jpg,False,141614165,242647339,cc-by,"(c) David F. Belmonte, some rights reserved (CC BY)",davidfbelmonte,2022-10-31,-13.0305627463,-71.4190696541,2.0,0.42,oso,conf_baja_yolo,False,positivo
inat_141672989_242758733.jpg,False,141672989,242758733,cc0,no rights reserved,ruthgo,2022-10-31,-12.2385586248,-71.6854018635,2.0,0.3,oso,conf_baja_yolo,False,positivo
inat_141672991_242758748.jpg,False,141672991,242758748,cc0,no rights reserved,ruthgo,2022-10-31,-12.2510092059,-71.7322916474,1.0,0.617,,,False,positivo_conf_alta_sin_revisar
inat_141675849_242767426.jpg,False,141675849,242767426,cc-by-nc,"(c) Remco Hofland, some rights reserved (CC BY-NC)",remco,2012-12-10,0.1122797277,-78.6023129792,1.0,0.194,oso,conf_baja_yolo,True,positivo
inat_141675849_242953837.jpg,False,141675849,242953837,cc-by-nc,"(c) Remco Hofland, some rights reserved (CC BY-NC)",remco,2012-12-10,0.1122797277,-78.6023129792,4.0,0.215,oso,conf_baja_yolo,True,positivo
inat_141675849_242953840.jpg,False,141675849,242953840,cc-by-nc,"(c) Remco Hofland, some rights reserved (CC BY-NC)",remco,2012-12-10,0.1122797277,-78.6023129792,3.0,0.652,,,True,positivo_conf_alta_sin_revisar
inat_141675849_242953841.jpg,False,141675849,242953841,cc-by-nc,"(c) Remco Hofland, some rights reserved (CC BY-NC)",remco,2012-12-10,0.1122797277,-78.6023129792,2.0,0.224,oso,conf_baja_yolo,True,positivo
inat_141675849_242953843.jpg,False,141675849,242953843,cc-by-nc,"(c) Remco Hofland, some rights reserved (CC BY-NC)",remco,2012-12-10,0.1122797277,-78.6023129792,0.0,0.0,duda,sin_oso_yolo,True,excluido_duda
inat_141675849_242953845.jpg,False,141675849,242953845,cc-by-nc,"(c) Remco Hofland, some rights reserved (CC BY-NC)",remco,2012-12-10,0.1122797277,-78.6023129792,0.0,0.0,duda,sin_oso_yolo,True,excluido_duda
inat_141675849_242953846.jpg,False,141675849,242953846,cc-by-nc,"(c) Remco Hofland, some rights reserved (CC BY-NC)",remco,2012-12-10,0.1122797277,-78.6023129792,0.0,0.0,duda,sin_oso_yolo,True,excluido_duda
inat_141675852_242767437.jpg,False,141675852,242767437,cc-by-nc,"(c) Remco Hofland, some rights reserved (CC BY-NC)",remco,2012-12-10,0.0614764851,-78.7727895041,5.0,0.385,oso,conf_baja_yolo,True,positivo
inat_141675854_242767458.jpg,False,141675854,242767458,cc-by-nc,"(c) Remco Hofland, some rights reserved (CC BY-NC)",remco,2012-12-10,0.0704348288,-78.7944939963,0.0,0.0,oso,sin_oso_yolo,True,positivo
inat_141675854_242955263.jpg,False,141675854,242955263,cc-by-nc,"(c) Remco Hofland, some rights reserved (CC BY-NC)",remco,2012-12-10,0.0704348288,-78.7944939963,2.0,0.21,oso,conf_baja_yolo,True,positivo
inat_141675854_242955265.jpg,False,141675854,242955265,cc-by-nc,"(c) Remco Hofland, some rights reserved (CC BY-NC)",remco,2012-12-10,0.0704348288,-78.7944939963,4.0,0.689,,,True,positivo_conf_alta_sin_revisar
inat_141675854_242955266.jpg,False,141675854,242955266,cc-by-nc,"(c) Remco Hofland, some rights reserved (CC BY-NC)",remco,2012-12-10,0.0704348288,-78.7944939963,3.0,0.474,oso,conf_baja_yolo,True,positivo
inat_141675854_242955267.jpg,False,141675854,242955267,cc-by-nc,"(c) Remco Hofland, some rights reserved (CC BY-NC)",remco,2012-12-10,0.0704348288,-78.7944939963,0.0,0.0,oso,sin_oso_yolo,True,positivo
inat_141675854_242955269.jpg,False,141675854,242955269,cc-by-nc,"(c) Remco Hofland, some rights reserved (CC BY-NC)",remco,2012-12-10,0.0704348288,-78.7944939963,1.0,0.068,oso,conf_baja_yolo,True,positivo
inat_141675854_242955270.jpg,False,141675854,242955270,cc-by-nc,"(c) Remco Hofland, some rights reserved (CC BY-NC)",remco,2012-12-10,0.0704348288,-78.7944939963,2.0,0.726,,,True,positivo_conf_alta_sin_revisar
inat_141675854_242955271.jpg,False,141675854,242955271,cc-by-nc,"(c) Remco Hofland, some rights reserved (CC BY-NC)",remco,2012-12-10,0.0704348288,-78.7944939963,0.0,0.0,oso,sin_oso_yolo,True,positivo
inat_141675854_242955272.jpg,False,141675854,242955272,cc-by-nc,"(c) Remco Hofland, some rights reserved (CC BY-NC)",remco,2012-12-10,0.0704348288,-78.7944939963,2.0,0.089,oso,conf_baja_yolo,True,positivo
inat_141675855_242767473.jpg,False,141675855,242767473,cc-by-nc,"(c) Remco Hofland, some rights reserved (CC BY-NC)",remco,2012-12-10,0.1946025911,-78.654991012,4.0,0.262,oso,conf_baja_yolo,True,positivo
inat_141675855_242956060.jpg,False,141675855,242956060,cc-by-nc,"(c) Remco Hofland, some rights reserved (CC BY-NC)",remco,2012-12-10,0.1946025911,-78.654991012,1.0,0.13,oso,conf_baja_yolo,True,positivo
inat_141675855_242956061.jpg,False,141675855,242956061,cc-by-nc,"(c) Remco Hofland, some rights reserved (CC BY-NC)",remco,2012-12-10,0.1946025911,-78.654991012,0.0,0.0,oso,sin_oso_yolo,True,positivo
inat_141675855_242956065.jpg,False,141675855,242956065,cc-by-nc,"(c) Remco Hofland, some rights reserved (CC BY-NC)",remco,2012-12-10,0.1946025911,-78.654991012,2.0,0.489,oso,conf_baja_yolo,True,positivo
inat_141675855_242956067.jpg,False,141675855,242956067,cc-by-nc,"(c) Remco Hofland, some rights reserved (CC BY-NC)",remco,2012-12-10,0.1946025911,-78.654991012,1.0,0.104,oso,conf_baja_yolo,True,positivo
inat_141675855_242956068.jpg,False,141675855,242956068,cc-by-nc,"(c) Remco Hofland, some rights reserved (CC BY-NC)",remco,2012-12-10,0.1946025911,-78.654991012,4.0,0.262,oso,conf_baja_yolo,True,positivo
inat_141675855_242956072.jpg,False,141675855,242956072,cc-by-nc,"(c) Remco Hofland, some rights reserved (CC BY-NC)",remco,2012-12-10,0.1946025911,-78.654991012,0.0,0.0,oso,sin_oso_yolo,True,positivo
inat_141675855_242956076.jpg,False,141675855,242956076,cc-by-nc,"(c) Remco Hofland, some rights reserved (CC BY-NC)",remco,2012-12-10,0.1946025911,-78.654991012,2.0,0.227,oso,conf_baja_yolo,True,positivo
inat_141675855_242956080.jpg,False,141675855,242956080,cc-by-nc,"(c) Remco Hofland, some rights reserved (CC BY-NC)",remco,2012-12-10,0.1946025911,-78.654991012,0.0,0.0,oso,sin_oso_yolo,True,positivo
inat_141675855_242956086.jpg,False,141675855,242956086,cc-by-nc,"(c) Remco Hofland, some rights reserved (CC BY-NC)",remco,2012-12-10,0.1946025911,-78.654991012,1.0,0.132,oso,conf_baja_yolo,True,positivo
inat_141675855_242956088.jpg,False,141675855,242956088,cc-by-nc,"(c) Remco Hofland, some rights reserved (CC BY-NC)",remco,2012-12-10,0.1946025911,-78.654991012,1.0,0.069,oso,conf_baja_yolo,True,positivo
inat_141675855_242956090.jpg,False,141675855,242956090,cc-by-nc,"(c) Remco Hofland, some rights reserved (CC BY-NC)",remco,2012-12-10,0.1946025911,-78.654991012,2.0,0.136,oso,conf_baja_yolo,True,positivo
inat_141675855_242956092.jpg,False,141675855,242956092,cc-by-nc,"(c) Remco Hofland, some rights reserved (CC BY-NC)",remco,2012-12-10,0.1946025911,-78.654991012,1.0,0.16,oso,conf_baja_yolo,True,positivo
inat_141675855_242956094.jpg,False,141675855,242956094,cc-by-nc,"(c) Remco Hofland, some rights reserved (CC BY-NC)",remco,2012-12-10,0.1946025911,-78.654991012,0.0,0.0,oso,sin_oso_yolo,True,positivo
inat_141675855_242956098.jpg,False,141675855,242956098,cc-by-nc,"(c) Remco Hofland, some rights reserved (CC BY-NC)",remco,2012-12-10,0.1946025911,-78.654991012,1.0,0.273,oso,conf_baja_yolo,True,positivo
inat_141675855_242956102.jpg,False,141675855,242956102,cc-by-nc,"(c) Remco Hofland, some rights reserved (CC BY-NC)",remco,2012-12-10,0.1946025911,-78.654991012,0.0,0.0,oso,sin_oso_yolo,True,positivo
inat_142108447_243585528.jpg,False,142108447,243585528,cc-by-nc,"(c) Jose Manuel, some rights reserved (CC BY-NC)",jmvaldenebro,2022-10-31,-13.1738380667,-71.5102994481,3.0,0.61,,,False,positivo_conf_alta_sin_revisar
inat_142108447_243585536.jpg,False,142108447,243585536,cc-by-nc,"(c) Jose Manuel, some rights reserved (CC BY-NC)",jmvaldenebro,2022-10-31,-13.1738380667,-71.5102994481,3.0,0.844,,,False,positivo_conf_alta_sin_revisar
inat_142108447_243586202.jpg,False,142108447,243586202,cc-by-nc,"(c) Jose Manuel, some rights reserved (CC BY-NC)",jmvaldenebro,2022-10-31,-13.1738380667,-71.5102994481,1.0,0.889,,,False,positivo_conf_alta_sin_revisar
inat_142112350_243592605.jpg,False,142112350,243592605,cc-by-nc,"(c) Chris Bell, some rights reserved (CC BY-NC)",chriscolombia,2021-07-31,4.7510924526,-73.9014683727,1.0,0.956,,,False,positivo_conf_alta_sin_revisar
inat_142112350_243602294.jpg,False,142112350,243602294,cc-by-nc,"(c) Chris Bell, some rights reserved (CC BY-NC)",chriscolombia,2021-07-31,4.7510924526,-73.9014683727,1.0,0.935,,,False,positivo_conf_alta_sin_revisar
inat_143217786_245594569.jpg,False,143217786,245594569,cc-by-nc,"(c) Verónica Quishpe, some rights reserved (CC BY-NC)",veromichelle,2022-10-01,0.1435533031,-78.8766235214,0.0,0.0,oso,sin_oso_yolo,True,positivo
inat_143217786_245594579.jpg,False,143217786,245594579,cc-by-nc,"(c) Verónica Quishpe, some rights reserved (CC BY-NC)",veromichelle,2022-10-01,0.1435533031,-78.8766235214,2.0,0.348,oso,conf_baja_yolo,True,positivo
inat_143402188_245923509.jpg,False,143402188,245923509,cc-by-nc,"(c) Emily Hjalmarson, some rights reserved (CC BY-NC)",ehjalmarson,2022-10-03,-0.2899445369,-78.2799096022,1.0,0.921,,,True,positivo_conf_alta_sin_revisar
inat_143831934_246743032.jpg,False,143831934,246743032,cc-by-nc,"(c) morrisoncreek, some rights reserved (CC BY-NC)",morrisoncreek,2022-10-27,0.0889028821,-78.6203282347,2.0,0.686,,,True,positivo_conf_alta_sin_revisar
inat_143831934_246743413.jpg,False,143831934,246743413,cc-by-nc,"(c) morrisoncreek, some rights reserved (CC BY-NC)",morrisoncreek,2022-10-27,0.0889028821,-78.6203282347,2.0,0.397,oso,conf_baja_yolo,True,positivo
inat_143831934_246743435.jpg,False,143831934,246743435,cc-by-nc,"(c) morrisoncreek, some rights reserved (CC BY-NC)",morrisoncreek,2022-10-27,0.0889028821,-78.6203282347,1.0,0.488,oso,conf_baja_yolo,True,positivo
inat_143831934_246743498.jpg,False,143831934,246743498,cc-by-nc,"(c) morrisoncreek, some rights reserved (CC BY-NC)",morrisoncreek,2022-10-27,0.0889028821,-78.6203282347,1.0,0.908,,,True,positivo_conf_alta_sin_revisar
inat_144551812_248116202.jpg,False,144551812,248116202,cc0,no rights reserved,efalquet,2022-09-16,-0.374622422,-78.1239757251,1.0,0.869,,,True,positivo_conf_alta_sin_revisar
inat_144551812_248116233.jpg,False,144551812,248116233,cc0,no rights reserved,efalquet,2022-09-16,-0.374622422,-78.1239757251,1.0,0.767,,,True,positivo_conf_alta_sin_revisar
inat_144824209_248650196.jpg,False,144824209,248650196,cc-by-nc,"(c) Tom Benson, some rights reserved (CC BY-NC)",thomasabenson,2022-12-04,-0.5902623547,-78.3835841073,1.0,0.068,oso,conf_baja_yolo,True,positivo
inat_144824209_248650204.jpg,False,144824209,248650204,cc-by-nc,"(c) Tom Benson, some rights reserved (CC BY-NC)",thomasabenson,2022-12-04,-0.5902623547,-78.3835841073,2.0,0.3,oso,conf_baja_yolo,True,positivo
inat_145193495_249363593.jpg,False,145193495,249363593,cc-by-nc,"(c) Daniel Arias-Cruzatty, some rights reserved (CC BY-NC)",urban_funga,2022-12-27,-0.2649166649,-78.2509367294,1.0,0.815,,,True,positivo_conf_alta_sin_revisar
inat_145193495_249363606.jpg,False,145193495,249363606,cc-by-nc,"(c) Daniel Arias-Cruzatty, some rights reserved (CC BY-NC)",urban_funga,2022-12-27,-0.2649166649,-78.2509367294,1.0,0.622,,,True,positivo_conf_alta_sin_revisar
inat_145193495_249363619.jpg,False,145193495,249363619,cc-by-nc,"(c) Daniel Arias-Cruzatty, some rights reserved (CC BY-NC)",urban_funga,2022-12-27,-0.2649166649,-78.2509367294,1.0,0.756,,,True,positivo_conf_alta_sin_revisar
inat_145193495_249363638.jpg,False,145193495,249363638,cc-by-nc,"(c) Daniel Arias-Cruzatty, some rights reserved (CC BY-NC)",urban_funga,2022-12-27,-0.2649166649,-78.2509367294,1.0,0.159,oso,conf_baja_yolo,True,positivo
inat_146487727_251859171.jpg,False,146487727,251859171,cc-by-nc,"(c) Maryse, some rights reserved (CC BY-NC)",rollier,2022-12-26,-0.5188766937,-78.3655992922,3.0,0.934,,,True,positivo_conf_alta_sin_revisar
inat_146487727_251859188.jpg,False,146487727,251859188,cc-by-nc,"(c) Maryse, some rights reserved (CC BY-NC)",rollier,2022-12-26,-0.5188766937,-78.3655992922,1.0,0.844,,,True,positivo_conf_alta_sin_revisar
inat_147401695_253633467.jpg,False,147401695,253633467,cc-by-nc,"(c) adimitriou, some rights reserved (CC BY-NC)",adimitriou,2023-01-24,-6.5196402823,-79.4702465924,0.0,0.0,duda,sin_oso_yolo,False,excluido_duda
inat_147946488_254674743.jpg,False,147946488,254674743,cc-by,"(c) Demian Hiß, some rights reserved (CC BY)",demianhiss,2022-09-29,-0.1762456217,-78.7438282509,0.0,0.0,sin_oso,sin_oso_yolo,True,excluido_sin_oso
inat_147946488_254674751.jpg,False,147946488,254674751,cc-by,"(c) Demian Hiß, some rights reserved (CC BY)",demianhiss,2022-09-29,-0.1762456217,-78.7438282509,0.0,0.0,sin_oso,sin_oso_yolo,True,excluido_sin_oso
inat_147946488_254674758.jpg,False,147946488,254674758,cc-by,"(c) Demian Hiß, some rights reserved (CC BY)",demianhiss,2022-09-29,-0.1762456217,-78.7438282509,0.0,0.0,sin_oso,sin_oso_yolo,True,excluido_sin_oso
inat_147946488_254674764.jpg,False,147946488,254674764,cc-by,"(c) Demian Hiß, some rights reserved (CC BY)",demianhiss,2022-09-29,-0.1762456217,-78.7438282509,0.0,0.0,sin_oso,sin_oso_yolo,True,excluido_sin_oso
inat_147946488_254674768.jpg,False,147946488,254674768,cc-by,"(c) Demian Hiß, some rights reserved (CC BY)",demianhiss,2022-09-29,-0.1762456217,-78.7438282509,0.0,0.0,sin_oso,sin_oso_yolo,True,excluido_sin_oso
inat_147946488_254674773.jpg,False,147946488,254674773,cc-by,"(c) Demian Hiß, some rights reserved (CC BY)",demianhiss,2022-09-29,-0.1762456217,-78.7438282509,0.0,0.0,sin_oso,sin_oso_yolo,True,excluido_sin_oso
inat_147946488_254674779.jpg,False,147946488,254674779,cc-by,"(c) Demian Hiß, some rights reserved (CC BY)",demianhiss,2022-09-29,-0.1762456217,-78.7438282509,0.0,0.0,sin_oso,sin_oso_yolo,True,excluido_sin_oso
inat_147946488_254674784.jpg,False,147946488,254674784,cc-by,"(c) Demian Hiß, some rights reserved (CC BY)",demianhiss,2022-09-29,-0.1762456217,-78.7438282509,0.0,0.0,sin_oso,sin_oso_yolo,True,excluido_sin_oso
inat_147946488_254674798.jpg,False,147946488,254674798,cc-by,"(c) Demian Hiß, some rights reserved (CC BY)",demianhiss,2022-09-29,-0.1762456217,-78.7438282509,0.0,0.0,sin_oso,sin_oso_yolo,True,excluido_sin_oso
inat_147946488_254674817.jpg,False,147946488,254674817,cc-by,"(c) Demian Hiß, some rights reserved (CC BY)",demianhiss,2022-09-29,-0.1762456217,-78.7438282509,0.0,0.0,sin_oso,sin_oso_yolo,True,excluido_sin_oso
inat_148292942_255340654.jpg,False,148292942,255340654,cc-by,"(c) Alex Doyle, some rights reserved (CC BY)",alexjdoyle17,2023-01-21,-0.538591523,-78.3845292405,1.0,0.185,oso,conf_baja_yolo,True,positivo
inat_148730244_256169116.jpg,False,148730244,256169116,cc-by-nc,"(c) Diego Amaya, some rights reserved (CC BY-NC)",diegoamaya,2023-02-12,4.4669999862,-73.606829847,1.0,0.611,,,False,positivo_conf_alta_sin_revisar
inat_150079865_258713910.jpg,False,150079865,258713910,cc0,no rights reserved,wildreturn,2023-02-19,-0.5900943657,-78.007395764,2.0,0.706,,,True,positivo_conf_alta_sin_revisar
inat_150079865_258715043.jpg,False,150079865,258715043,cc0,no rights reserved,wildreturn,2023-02-19,-0.5900943657,-78.007395764,7.0,0.605,,,True,positivo_conf_alta_sin_revisar
inat_150079865_258715044.jpg,False,150079865,258715044,cc0,no rights reserved,wildreturn,2023-02-19,-0.5900943657,-78.007395764,6.0,0.707,,,True,positivo_conf_alta_sin_revisar
inat_150079865_258715045.jpg,False,150079865,258715045,cc0,no rights reserved,wildreturn,2023-02-19,-0.5900943657,-78.007395764,8.0,0.657,,,True,positivo_conf_alta_sin_revisar
inat_150079865_258715046.jpg,False,150079865,258715046,cc0,no rights reserved,wildreturn,2023-02-19,-0.5900943657,-78.007395764,10.0,0.583,,,True,positivo_conf_alta_sin_revisar
inat_150079865_258715048.jpg,False,150079865,258715048,cc0,no rights reserved,wildreturn,2023-02-19,-0.5900943657,-78.007395764,6.0,0.609,,,True,positivo_conf_alta_sin_revisar
inat_150079865_258715054.jpg,False,150079865,258715054,cc0,no rights reserved,wildreturn,2023-02-19,-0.5900943657,-78.007395764,10.0,0.389,oso,conf_baja_yolo,True,positivo
inat_150079865_258715066.jpg,False,150079865,258715066,cc0,no rights reserved,wildreturn,2023-02-19,-0.5900943657,-78.007395764,1.0,0.087,oso,conf_baja_yolo,True,positivo
inat_150079865_258715068.jpg,False,150079865,258715068,cc0,no rights reserved,wildreturn,2023-02-19,-0.5900943657,-78.007395764,1.0,0.094,oso,conf_baja_yolo,True,positivo
inat_150079865_258715069.jpg,False,150079865,258715069,cc0,no rights reserved,wildreturn,2023-02-19,-0.5900943657,-78.007395764,1.0,0.213,oso,conf_baja_yolo,True,positivo
inat_150079865_258715073.jpg,False,150079865,258715073,cc0,no rights reserved,wildreturn,2023-02-19,-0.5900943657,-78.007395764,0.0,0.0,duda,sin_oso_yolo,True,excluido_duda
inat_150079865_258715077.jpg,False,150079865,258715077,cc0,no rights reserved,wildreturn,2023-02-19,-0.5900943657,-78.007395764,0.0,0.0,duda,sin_oso_yolo,True,excluido_duda
inat_150079865_258715078.jpg,False,150079865,258715078,cc0,no rights reserved,wildreturn,2023-02-19,-0.5900943657,-78.007395764,0.0,0.0,duda,sin_oso_yolo,True,excluido_duda
inat_150079865_258715087.jpg,False,150079865,258715087,cc0,no rights reserved,wildreturn,2023-02-19,-0.5900943657,-78.007395764,3.0,0.41,oso,conf_baja_yolo,True,positivo
inat_150079865_258715091.jpg,False,150079865,258715091,cc0,no rights reserved,wildreturn,2023-02-19,-0.5900943657,-78.007395764,1.0,0.717,,,True,positivo_conf_alta_sin_revisar
inat_150079865_258715092.jpg,False,150079865,258715092,cc0,no rights reserved,wildreturn,2023-02-19,-0.5900943657,-78.007395764,1.0,0.873,,,True,positivo_conf_alta_sin_revisar
inat_150079865_258715094.jpg,False,150079865,258715094,cc0,no rights reserved,wildreturn,2023-02-19,-0.5900943657,-78.007395764,1.0,0.5,,,True,positivo_conf_alta_sin_revisar
inat_150079865_258715095.jpg,False,150079865,258715095,cc0,no rights reserved,wildreturn,2023-02-19,-0.5900943657,-78.007395764,1.0,0.591,,,True,positivo_conf_alta_sin_revisar
inat_150079865_258715097.jpg,False,150079865,258715097,cc0,no rights reserved,wildreturn,2023-02-19,-0.5900943657,-78.007395764,1.0,0.952,,,True,positivo_conf_alta_sin_revisar
inat_150412310_259354700.jpg,False,150412310,259354700,cc-by-nc,"(c) Jon Pleizier, some rights reserved (CC BY-NC)",jonpleizier,2020-01-23,-0.3471298217,-78.3266467386,2.0,0.916,,,True,positivo_conf_alta_sin_revisar
inat_150412310_259354707.jpg,False,150412310,259354707,cc-by-nc,"(c) Jon Pleizier, some rights reserved (CC BY-NC)",jonpleizier,2020-01-23,-0.3471298217,-78.3266467386,1.0,0.835,,,True,positivo_conf_alta_sin_revisar
inat_150681077_259868943.jpg,False,150681077,259868943,cc-by-nc,"(c) João Cordeiro Pereira, some rights reserved (CC BY-NC)",jmcvp,2018-07-06,-13.0353665925,-72.5422618526,1.0,0.291,oso,conf_baja_yolo,False,positivo
inat_151151422_260754717.jpg,False,151151422,260754717,cc-by-nc,"(c) Oliver W Patrick, some rights reserved (CC BY-NC)",oliverpatrick,2023-02-13,-0.5383733565,-78.2715867108,2.0,0.798,,,True,positivo_conf_alta_sin_revisar
inat_151151422_260754729.jpg,False,151151422,260754729,cc-by-nc,"(c) Oliver W Patrick, some rights reserved (CC BY-NC)",oliverpatrick,2023-02-13,-0.5383733565,-78.2715867108,1.0,0.81,,,True,positivo_conf_alta_sin_revisar
inat_151151422_260754752.jpg,False,151151422,260754752,cc-by-nc,"(c) Oliver W Patrick, some rights reserved (CC BY-NC)",oliverpatrick,2023-02-13,-0.5383733565,-78.2715867108,1.0,0.875,,,True,positivo_conf_alta_sin_revisar
inat_151151422_260754764.jpg,False,151151422,260754764,cc-by-nc,"(c) Oliver W Patrick, some rights reserved (CC BY-NC)",oliverpatrick,2023-02-13,-0.5383733565,-78.2715867108,4.0,0.611,,,True,positivo_conf_alta_sin_revisar
inat_151151422_260754775.jpg,False,151151422,260754775,cc-by-nc,"(c) Oliver W Patrick, some rights reserved (CC BY-NC)",oliverpatrick,2023-02-13,-0.5383733565,-78.2715867108,1.0,0.923,,,True,positivo_conf_alta_sin_revisar
inat_152077156_262484454.jpg,False,152077156,262484454,cc-by-nc,"(c) Greg Easton, some rights reserved (CC BY-NC)",gaeaston4,2023-03-05,-0.2033448371,-78.3304639691,1.0,0.615,,,True,positivo_conf_alta_sin_revisar
inat_152077156_262484474.jpg,False,152077156,262484474,cc-by-nc,"(c) Greg Easton, some rights reserved (CC BY-NC)",gaeaston4,2023-03-05,-0.2033448371,-78.3304639691,1.0,0.915,,,True,positivo_conf_alta_sin_revisar
inat_152077156_262484491.jpg,False,152077156,262484491,cc-by-nc,"(c) Greg Easton, some rights reserved (CC BY-NC)",gaeaston4,2023-03-05,-0.2033448371,-78.3304639691,1.0,0.831,,,True,positivo_conf_alta_sin_revisar
inat_152171127_262647845.jpg,False,152171127,262647845,cc-by-nc,"(c) Barna Takats, some rights reserved (CC BY-NC)",beavisnail,2023-02-11,-0.546046761,-78.0439549817,1.0,0.886,,,True,positivo_conf_alta_sin_revisar
inat_152171127_262647862.jpg,False,152171127,262647862,cc-by-nc,"(c) Barna Takats, some rights reserved (CC BY-NC)",beavisnail,2023-02-11,-0.546046761,-78.0439549817,1.0,0.819,,,True,positivo_conf_alta_sin_revisar
inat_152171127_262647907.jpg,False,152171127,262647907,cc-by-nc,"(c) Barna Takats, some rights reserved (CC BY-NC)",beavisnail,2023-02-11,-0.546046761,-78.0439549817,1.0,0.845,,,True,positivo_conf_alta_sin_revisar
inat_152339767_262970622.jpg,False,152339767,262970622,cc-by-nc,"(c) laurenvannoort, some rights reserved (CC BY-NC)",laurenvannoort,2022-07-14,-12.9363968184,-71.0133253709,1.0,0.491,oso,conf_baja_yolo,False,positivo
inat_152339767_262970656.jpg,False,152339767,262970656,cc-by-nc,"(c) laurenvannoort, some rights reserved (CC BY-NC)",laurenvannoort,2022-07-14,-12.9363968184,-71.0133253709,0.0,0.0,duda,sin_oso_yolo,False,excluido_duda
inat_152899586_264006998.jpg,False,152899586,264006998,cc-by,"(c) RJ Baltierra, some rights reserved (CC BY)",rjbaltierra,2023-01-12,-0.445872918,-78.3716061656,3.0,0.613,,,True,positivo_conf_alta_sin_revisar
inat_152899586_264007021.jpg,False,152899586,264007021,cc-by,"(c) RJ Baltierra, some rights reserved (CC BY)",rjbaltierra,2023-01-12,-0.445872918,-78.3716061656,2.0,0.19,oso,conf_baja_yolo,True,positivo
inat_152988146_264163297.jpg,False,152988146,264163297,cc-by-nc,"(c) miguelaporta, some rights reserved (CC BY-NC)",miguelaporta,2023-03-06,0.4349813063,-77.9379501423,2.0,0.103,oso,conf_baja_yolo,True,positivo
inat_152988146_264163305.jpg,False,152988146,264163305,cc-by-nc,"(c) miguelaporta, some rights reserved (CC BY-NC)",miguelaporta,2023-03-06,0.4349813063,-77.9379501423,1.0,0.935,,,True,positivo_conf_alta_sin_revisar
inat_152988146_264163315.jpg,False,152988146,264163315,cc-by-nc,"(c) miguelaporta, some rights reserved (CC BY-NC)",miguelaporta,2023-03-06,0.4349813063,-77.9379501423,2.0,0.721,,,True,positivo_conf_alta_sin_revisar
inat_152988146_264163326.jpg,False,152988146,264163326,cc-by-nc,"(c) miguelaporta, some rights reserved (CC BY-NC)",miguelaporta,2023-03-06,0.4349813063,-77.9379501423,3.0,0.343,oso,conf_baja_yolo,True,positivo
inat_153335505_264823132.jpg,False,153335505,264823132,cc-by-nc,"(c) pedro03052001puce, some rights reserved (CC BY-NC)",pedro03052001puce,2023-04-03,0.3999064402,-77.870365069,0.0,0.0,oso,sin_oso_yolo,True,positivo
inat_153335505_264823164.jpg,False,153335505,264823164,cc-by-nc,"(c) pedro03052001puce, some rights reserved (CC BY-NC)",pedro03052001puce,2023-04-03,0.3999064402,-77.870365069,0.0,0.0,oso,sin_oso_yolo,True,positivo
inat_153335505_264823182.jpg,False,153335505,264823182,cc-by-nc,"(c) pedro03052001puce, some rights reserved (CC BY-NC)",pedro03052001puce,2023-04-03,0.3999064402,-77.870365069,0.0,0.0,oso,sin_oso_yolo,True,positivo
inat_154433438_266843511.jpg,False,154433438,266843511,cc-by-nc,"(c) laurenvannoort, some rights reserved (CC BY-NC)",laurenvannoort,2022-07-14,-13.1742955755,-71.5082766138,1.0,0.491,oso,conf_baja_yolo,False,positivo
inat_154433438_266844533.jpg,False,154433438,266844533,cc-by-nc,"(c) laurenvannoort, some rights reserved (CC BY-NC)",laurenvannoort,2022-07-14,-13.1742955755,-71.5082766138,0.0,0.0,duda,sin_oso_yolo,False,excluido_duda
inat_161011841_278271142.jpg,False,161011841,278271142,cc-by-nc,"(c) cristinaa7, some rights reserved (CC BY-NC)",cristinaa7,2023-05-05,0.107776449,-78.0309449338,1.0,0.642,,,True,positivo_conf_alta_sin_revisar
inat_161078514_278398046.jpg,False,161078514,278398046,cc-by-nc,"(c) servalito, some rights reserved (CC BY-NC)",servalito,2023-04-11,4.7464281525,-73.8124258983,1.0,0.889,,,False,positivo_conf_alta_sin_revisar
inat_161078722_278398382.jpg,False,161078722,278398382,cc-by-nc,"(c) servalito, some rights reserved (CC BY-NC)",servalito,2023-05-10,4.6937250756,-73.7511826637,1.0,0.059,oso,conf_baja_yolo,False,positivo
inat_161078722_278398397.jpg,False,161078722,278398397,cc-by-nc,"(c) servalito, some rights reserved (CC BY-NC)",servalito,2023-05-10,4.6937250756,-73.7511826637,0.0,0.0,oso,sin_oso_yolo,False,positivo
inat_162413684_280829430.jpg,False,162413684,280829430,cc-by-nc,"(c) Alex Bentley, some rights reserved (CC BY-NC)",agbentley77,2015-09-16,0.1925128058,-78.6392729993,1.0,0.802,,,True,positivo_conf_alta_sin_revisar
inat_16414340_24694642.jpg,False,16414340,24694642,cc0,no rights reserved,crawfordaj,2018-09-08,4.6090646505,-73.7939104532,0.0,0.0,rastro,sin_oso_yolo,False,excluido_rastro
inat_16414340_24694649.jpg,False,16414340,24694649,cc0,no rights reserved,crawfordaj,2018-09-08,4.6090646505,-73.7939104532,0.0,0.0,rastro,sin_oso_yolo,False,excluido_rastro
inat_165618594_286706998.jpg,False,165618594,286706998,cc-by-nc,"(c) aaronfirestein, some rights reserved (CC BY-NC)",aaronfirestein,2023-06-03,4.434562566,-73.7758293925,1.0,0.907,,,False,positivo_conf_alta_sin_revisar
inat_167356662_289908557.jpg,False,167356662,289908557,cc-by-nc,"(c) Royle Safaris, some rights reserved (CC BY-NC)",roylesafaris,2019-11-06,-0.1155135209,-77.9829438024,1.0,0.884,,,True,positivo_conf_alta_sin_revisar
inat_167356664_289908566.jpg,False,167356664,289908566,cc-by-nc,"(c) Royle Safaris, some rights reserved (CC BY-NC)",roylesafaris,2010-01-13,0.1599553126,-78.6739587017,1.0,0.817,,,True,positivo_conf_alta_sin_revisar
inat_167356669_289908571.jpg,False,167356669,289908571,cc-by-nc,"(c) Royle Safaris, some rights reserved (CC BY-NC)",roylesafaris,2010-01-13,0.0849558964,-78.7911002982,1.0,0.333,oso,conf_baja_yolo,True,positivo
inat_167356670_289908582.jpg,False,167356670,289908582,cc-by-nc,"(c) Royle Safaris, some rights reserved (CC BY-NC)",roylesafaris,2017-10-08,-0.0233985425,-77.8545188821,1.0,0.826,,,True,positivo_conf_alta_sin_revisar
inat_167356671_289908593.jpg,False,167356671,289908593,cc-by-nc,"(c) Royle Safaris, some rights reserved (CC BY-NC)",roylesafaris,2010-01-13,0.1430364976,-78.7214589326,5.0,0.395,oso,conf_baja_yolo,True,positivo
inat_167356673_289908609.jpg,False,167356673,289908609,cc-by-nc,"(c) Royle Safaris, some rights reserved (CC BY-NC)",roylesafaris,2017-10-15,-0.1604090235,-77.9409558618,1.0,0.374,oso,conf_baja_yolo,True,positivo
inat_167380575_289948357.jpg,False,167380575,289948357,cc-by,"(c) Attila Oláh, some rights reserved (CC BY)",attilaolah,2023-05-02,-0.2286403822,-78.2052041735,1.0,0.933,,,True,positivo_conf_alta_sin_revisar
inat_167380575_289948384.jpg,False,167380575,289948384,cc-by,"(c) Attila Oláh, some rights reserved (CC BY)",attilaolah,2023-05-02,-0.2286403822,-78.2052041735,1.0,0.887,,,True,positivo_conf_alta_sin_revisar
inat_167380575_289948407.jpg,False,167380575,289948407,cc-by,"(c) Attila Oláh, some rights reserved (CC BY)",attilaolah,2023-05-02,-0.2286403822,-78.2052041735,1.0,0.962,,,True,positivo_conf_alta_sin_revisar
inat_168819965_292621345.jpg,False,168819965,292621345,cc-by-nc,"(c) Royle Safaris, some rights reserved (CC BY-NC)",roylesafaris,2015-09-23,-6.7435517318,-79.3177826125,1.0,0.94,,,False,positivo_conf_alta_sin_revisar
inat_168819968_292621393.jpg,False,168819968,292621393,cc-by-nc,"(c) Royle Safaris, some rights reserved (CC BY-NC)",roylesafaris,2015-09-23,-6.6310724835,-79.2806428854,1.0,0.41,oso,conf_baja_yolo,False,positivo
inat_168819970_292621446.jpg,False,168819970,292621446,cc-by-nc,"(c) Royle Safaris, some rights reserved (CC BY-NC)",roylesafaris,2015-09-23,-6.7021999382,-79.306326099,1.0,0.746,,,False,positivo_conf_alta_sin_revisar
inat_168819979_292621563.jpg,False,168819979,292621563,cc-by-nc,"(c) Royle Safaris, some rights reserved (CC BY-NC)",roylesafaris,2015-09-23,-6.6127175012,-79.3520192222,1.0,0.947,,,False,positivo_conf_alta_sin_revisar
inat_170940246_296561476.jpg,False,170940246,296561476,cc-by-nc,"(c) hazelsnail, some rights reserved (CC BY-NC)",hazelsnail,2023-07-03,-0.1998145629,-78.750836366,1.0,0.771,,,True,positivo_conf_alta_sin_revisar
inat_170940246_296561499.jpg,False,170940246,296561499,cc-by-nc,"(c) hazelsnail, some rights reserved (CC BY-NC)",hazelsnail,2023-07-03,-0.1998145629,-78.750836366,1.0,0.906,,,True,positivo_conf_alta_sin_revisar
inat_170940246_296561530.jpg,False,170940246,296561530,cc-by-nc,"(c) hazelsnail, some rights reserved (CC BY-NC)",hazelsnail,2023-07-03,-0.1998145629,-78.750836366,1.0,0.919,,,True,positivo_conf_alta_sin_revisar
inat_170940246_296561558.jpg,False,170940246,296561558,cc-by-nc,"(c) hazelsnail, some rights reserved (CC BY-NC)",hazelsnail,2023-07-03,-0.1998145629,-78.750836366,1.0,0.936,,,True,positivo_conf_alta_sin_revisar
inat_170940246_296561583.jpg,False,170940246,296561583,cc-by-nc,"(c) hazelsnail, some rights reserved (CC BY-NC)",hazelsnail,2023-07-03,-0.1998145629,-78.750836366,1.0,0.879,,,True,positivo_conf_alta_sin_revisar
inat_170940246_296561602.jpg,False,170940246,296561602,cc-by-nc,"(c) hazelsnail, some rights reserved (CC BY-NC)",hazelsnail,2023-07-03,-0.1998145629,-78.750836366,1.0,0.913,,,True,positivo_conf_alta_sin_revisar
inat_170940246_296561623.jpg,False,170940246,296561623,cc-by-nc,"(c) hazelsnail, some rights reserved (CC BY-NC)",hazelsnail,2023-07-03,-0.1998145629,-78.750836366,2.0,0.675,,,True,positivo_conf_alta_sin_revisar
inat_170940246_296561642.jpg,False,170940246,296561642,cc-by-nc,"(c) hazelsnail, some rights reserved (CC BY-NC)",hazelsnail,2023-07-03,-0.1998145629,-78.750836366,1.0,0.952,,,True,positivo_conf_alta_sin_revisar
inat_171567436_297727331.jpg,False,171567436,297727331,cc-by-nc,"(c) Joe Sebastiani, some rights reserved (CC BY-NC)",joesebastiani,2023-06-22,-0.3397044301,-78.2906657702,2.0,0.566,,,True,positivo_conf_alta_sin_revisar
inat_173133096_300635104.jpg,False,173133096,300635104,cc-by-nc,"(c) savseneviratne, some rights reserved (CC BY-NC)",savseneviratne,2023-06-21,0.1642384138,-78.7357032169,0.0,0.0,rastro,sin_oso_yolo,True,excluido_rastro
inat_173133096_300635143.jpg,False,173133096,300635143,cc-by-nc,"(c) savseneviratne, some rights reserved (CC BY-NC)",savseneviratne,2023-06-21,0.1642384138,-78.7357032169,0.0,0.0,rastro,sin_oso_yolo,True,excluido_rastro
inat_173133096_300635189.jpg,False,173133096,300635189,cc-by-nc,"(c) savseneviratne, some rights reserved (CC BY-NC)",savseneviratne,2023-06-21,0.1642384138,-78.7357032169,0.0,0.0,rastro,sin_oso_yolo,True,excluido_rastro
inat_173296416_300932597.jpg,False,173296416,300932597,cc-by-nc,"(c) Adrien Pajot, some rights reserved (CC BY-NC)",adrien-pajot,2023-07-03,,,1.0,0.842,,,False,positivo_conf_alta_sin_revisar
inat_173296416_300932667.jpg,False,173296416,300932667,cc-by-nc,"(c) Adrien Pajot, some rights reserved (CC BY-NC)",adrien-pajot,2023-07-03,,,2.0,0.553,,,False,positivo_conf_alta_sin_revisar
inat_173296416_300932744.jpg,False,173296416,300932744,cc-by-nc,"(c) Adrien Pajot, some rights reserved (CC BY-NC)",adrien-pajot,2023-07-03,,,1.0,0.893,,,False,positivo_conf_alta_sin_revisar
inat_173296416_300932872.jpg,False,173296416,300932872,cc-by-nc,"(c) Adrien Pajot, some rights reserved (CC BY-NC)",adrien-pajot,2023-07-03,,,6.0,0.429,sin_oso,conf_baja_yolo,False,excluido_sin_oso
inat_174381180_302938670.jpg,False,174381180,302938670,cc-by-nc,"(c) jroderick, some rights reserved (CC BY-NC)",jroderick,2023-07-16,-0.5718595304,-78.2178233331,1.0,0.826,,,True,positivo_conf_alta_sin_revisar
inat_174784853_303689551.jpg,False,174784853,303689551,cc-by-nc,"(c) Luis German Naranjo, some rights reserved (CC BY-NC)",lgnaranjo,2023-07-22,3.3847239782,-76.7719230645,0.0,0.0,duda,sin_oso_yolo,False,excluido_duda
inat_175460020_304936637.jpg,False,175460020,304936637,cc-by-nc,"(c) Nelson Apolo, some rights reserved (CC BY-NC)",ecuadornaturetours,2023-07-28,-0.2238684343,-78.3746231411,0.0,0.0,oso,sin_oso_yolo,True,positivo
inat_175460020_304936660.jpg,False,175460020,304936660,cc-by-nc,"(c) Nelson Apolo, some rights reserved (CC BY-NC)",ecuadornaturetours,2023-07-28,-0.2238684343,-78.3746231411,0.0,0.0,oso,sin_oso_yolo,True,positivo
inat_175487199_304987098.jpg,False,175487199,304987098,cc-by-nc,"(c) echophoenix, some rights reserved (CC BY-NC)",echophoenix,2023-07-04,-0.3946065875,-78.1251849319,3.0,0.285,oso,conf_baja_yolo,True,positivo
inat_178340138_310312756.jpg,False,178340138,310312756,cc-by-nc,"(c) sammydstecher, some rights reserved (CC BY-NC)",sammydstecher,2023-05-26,-0.4720356273,-78.1884976827,0.0,0.0,duda,sin_oso_yolo,True,excluido_duda
inat_178340138_310312761.jpg,False,178340138,310312761,cc-by-nc,"(c) sammydstecher, some rights reserved (CC BY-NC)",sammydstecher,2023-05-26,-0.4720356273,-78.1884976827,0.0,0.0,duda,sin_oso_yolo,True,excluido_duda
inat_178340138_310312796.jpg,False,178340138,310312796,cc-by-nc,"(c) sammydstecher, some rights reserved (CC BY-NC)",sammydstecher,2023-05-26,-0.4720356273,-78.1884976827,0.0,0.0,duda,sin_oso_yolo,True,excluido_duda
inat_180018601_313503187.jpg,False,180018601,313503187,cc-by-nc,"(c) Lizzie Fleming, some rights reserved (CC BY-NC)",emchale,2023-07-03,,,0.0,0.0,rastro,sin_oso_yolo,False,excluido_rastro
inat_182167210_317571726.jpg,False,182167210,317571726,cc-by-nc,"(c) Royle Safaris, some rights reserved (CC BY-NC)",roylesafaris,2019-11-14,-0.3511693941,-78.2636651361,1.0,0.863,,,True,positivo_conf_alta_sin_revisar
inat_182167210_317571727.jpg,False,182167210,317571727,cc-by-nc,"(c) Royle Safaris, some rights reserved (CC BY-NC)",roylesafaris,2019-11-14,-0.3511693941,-78.2636651361,1.0,0.92,,,True,positivo_conf_alta_sin_revisar
inat_182824046_318839266.jpg,False,182824046,318839266,cc-by-nc,"(c) Nelson Apolo, some rights reserved (CC BY-NC)",ecuadornaturetours,2023-09-08,-0.2521768352,-78.259108316,1.0,0.783,,,True,positivo_conf_alta_sin_revisar
inat_18304924_27968259.jpg,False,18304924,27968259,cc-by-nc,"(c) David Weaver, some rights reserved (CC BY-NC)",davidweaver,2017-09-12,-0.3209161919,-78.3392566539,1.0,0.891,,,True,positivo_conf_alta_sin_revisar
inat_18304927_27968301.jpg,False,18304927,27968301,cc-by-nc,"(c) David Weaver, some rights reserved (CC BY-NC)",davidweaver,2017-09-12,-0.3407852132,-78.2755312268,1.0,0.903,,,True,positivo_conf_alta_sin_revisar
inat_18304929_27968315.jpg,False,18304929,27968315,cc-by-nc,"(c) David Weaver, some rights reserved (CC BY-NC)",davidweaver,2017-09-12,-0.3156903856,-78.3645083544,1.0,0.898,,,True,positivo_conf_alta_sin_revisar
inat_184930345_322866890.jpg,False,184930345,322866890,cc-by-nc,"(c) Rogerio Dias, some rights reserved (CC BY-NC)",rogerriodias,2016-09-23,-6.5987041947,-79.4648931263,2.0,0.709,,,False,positivo_conf_alta_sin_revisar
inat_185165510_323340869.jpg,False,185165510,323340869,cc-by-nc,"(c) Savimbo, some rights reserved (CC BY-NC)",savimbo,2023-06-24,0.8236767458,-76.6706205211,1.0,0.941,,,True,positivo_conf_alta_sin_revisar
inat_185426608_323841091.jpg,False,185426608,323841091,cc-by-nc,"(c) Holger Beck, some rights reserved (CC BY-NC)",holgerbeck,2023-09-28,0.1481803873,-78.6753104311,5.0,0.614,,,True,positivo_conf_alta_sin_revisar
inat_185509729_323996904.jpg,False,185509729,323996904,cc-by-nc,"(c) leogio6, some rights reserved (CC BY-NC)",leogio6,2023-06-19,-0.385726984,-78.3764491646,1.0,0.887,,,True,positivo_conf_alta_sin_revisar
inat_186416708_325774126.jpg,False,186416708,325774126,cc-by-nc,"(c) alejofonseca, some rights reserved (CC BY-NC)",alejofonseca,2023-10-06,1.6540880412,-76.3041499602,0.0,0.0,rastro,sin_oso_yolo,True,excluido_rastro
inat_186416708_325774151.jpg,False,186416708,325774151,cc-by-nc,"(c) alejofonseca, some rights reserved (CC BY-NC)",alejofonseca,2023-10-06,1.6540880412,-76.3041499602,0.0,0.0,rastro,sin_oso_yolo,True,excluido_rastro
inat_18877345_28925395.jpg,False,18877345,28925395,cc-by-nc,"(c) Dave Wendelken, some rights reserved (CC BY-NC)",davewendelken,2018-11-03,-0.5434324753,-78.2028061717,3.0,0.695,,,True,positivo_conf_alta_sin_revisar
inat_188886269_330732669.jpg,False,188886269,330732669,cc-by-nc,"(c) Luis Yupa, some rights reserved (CC BY-NC)",luisyupa,2023-10-05,-0.3231426493,-78.1015704965,2.0,0.61,,,True,positivo_conf_alta_sin_revisar
inat_189167054_331299048.jpg,False,189167054,331299048,cc-by-nc,"(c) Laura O'Connor, some rights reserved (CC BY-NC)",lauraoc,2023-10-27,-0.2602078109,-78.3129206713,1.0,0.327,oso,conf_baja_yolo,True,positivo
inat_189349548_331675662.jpg,False,189349548,331675662,cc-by-nc,"(c) jpeterswsu, some rights reserved (CC BY-NC)",jpeterswsu,2023-07-03,-0.3952733351,-78.3311567602,1.0,0.631,,,True,positivo_conf_alta_sin_revisar
inat_189472885_331930279.jpg,False,189472885,331930279,cc-by-nc,"(c) Holger Beck, some rights reserved (CC BY-NC)",holgerbeck,2023-10-27,0.0709420116,-78.7279479089,0.0,0.0,oso,sin_oso_yolo,True,positivo
inat_190068938_333113479.jpg,False,190068938,333113479,cc-by-nc,"(c) Manuel Ruedi, some rights reserved (CC BY-NC)",manuel_ruedi,2023-10-30,-0.2294933543,-78.2536303043,1.0,0.882,,,True,positivo_conf_alta_sin_revisar
inat_190362112_333687325.jpg,False,190362112,333687325,cc-by-nc,"(c) John Klymko, some rights reserved (CC BY-NC)",johnklymko,2023-10-27,-0.3846302037,-78.3813592196,2.0,0.926,,,True,positivo_conf_alta_sin_revisar
inat_190412124_333788182.jpg,False,190412124,333788182,cc-by-nc,"(c) Savimbo, some rights reserved (CC BY-NC)",savimbo,2020-05-08,0.9055121474,-76.9434077299,0.0,0.0,,,True,pendiente_revision
inat_190412124_333788182_frame_000.jpg,True,190412124,333788182,cc-by-nc,"(c) Savimbo, some rights reserved (CC BY-NC)",savimbo,2020-05-08,0.9055121474,-76.9434077299,,,oso,sin_oso_yolo,True,positivo
inat_190431127_333826343.jpg,False,190431127,333826343,cc-by-nc,"(c) Jose Manuel, some rights reserved (CC BY-NC)",jmvaldenebro,2023-11-01,-0.5701290145,-78.0515318182,2.0,0.632,,,True,positivo_conf_alta_sin_revisar
inat_190431127_333826430.jpg,False,190431127,333826430,cc-by-nc,"(c) Jose Manuel, some rights reserved (CC BY-NC)",jmvaldenebro,2023-11-01,-0.5701290145,-78.0515318182,1.0,0.863,,,True,positivo_conf_alta_sin_revisar
inat_190441996_333845066.jpg,False,190441996,333845066,cc-by-nc,"(c) Megan Hanson, some rights reserved (CC BY-NC)",meganhanson,2023-01-26,-1.2267970538,-78.3642456153,0.0,0.0,rastro,sin_oso_yolo,True,excluido_rastro
inat_190728161_334419616.jpg,False,190728161,334419616,cc-by-nc,"(c) Daniel Arias-Cruzatty, some rights reserved (CC BY-NC)",urban_funga,2023-11-11,-0.3965200705,-78.312848153,1.0,0.7,,,True,positivo_conf_alta_sin_revisar
inat_191714320_336389367.jpg,False,191714320,336389367,cc-by-nc,"(c) Chris Charlesworth, some rights reserved (CC BY-NC)",chris_charlesworth,2023-11-07,-0.472517201,-78.2232483204,3.0,0.245,oso,conf_baja_yolo,True,positivo
inat_191973998_336910211.jpg,False,191973998,336910211,cc-by-nc,"(c) Yenifer Herrera Varon, some rights reserved (CC BY-NC)",yherreravaron,2023-11-24,2.306414528,-75.4058065111,0.0,0.0,rastro,sin_oso_yolo,False,excluido_rastro
inat_192459874_337861721.jpg,False,192459874,337861721,cc-by-nc,"(c) thadroller, some rights reserved (CC BY-NC)",thadroller,2023-11-27,6.9880080038,-73.2151605925,1.0,0.647,,,False,positivo_conf_alta_sin_revisar
inat_192796457_338534146.jpg,False,192796457,338534146,cc-by-nc,"(c) biodiversidad SKIS, some rights reserved (CC BY-NC)",henrysanchez,2023-12-02,-1.5780374112,-78.0360784987,0.0,0.0,rastro,sin_oso_yolo,True,excluido_rastro
inat_19338027_29733306.jpg,False,19338027,29733306,cc-by-nc,"(c) Bioexploradores Farallones, some rights reserved (CC BY-NC)",bioexploradoresfarallones,2018-12-30,5.7619447862,-76.0289137222,1.0,0.09,rastro,conf_baja_yolo,False,excluido_rastro
inat_193563889_340040527.jpg,False,193563889,340040527,cc-by-nc,"(c) mvelh, some rights reserved (CC BY-NC)",mvelh,2019-11-03,4.7251002011,-73.6993271388,1.0,0.779,,,False,positivo_conf_alta_sin_revisar
inat_193563889_340040541.jpg,False,193563889,340040541,cc-by-nc,"(c) mvelh, some rights reserved (CC BY-NC)",mvelh,2019-11-03,4.7251002011,-73.6993271388,2.0,0.098,oso,conf_baja_yolo,False,positivo
inat_193563889_340040550.jpg,False,193563889,340040550,cc-by-nc,"(c) mvelh, some rights reserved (CC BY-NC)",mvelh,2019-11-03,4.7251002011,-73.6993271388,2.0,0.42,oso,conf_baja_yolo,False,positivo
inat_193563889_340040562.jpg,False,193563889,340040562,cc-by-nc,"(c) mvelh, some rights reserved (CC BY-NC)",mvelh,2019-11-03,4.7251002011,-73.6993271388,2.0,0.266,oso,conf_baja_yolo,False,positivo
inat_193563889_340040573.jpg,False,193563889,340040573,cc-by-nc,"(c) mvelh, some rights reserved (CC BY-NC)",mvelh,2019-11-03,4.7251002011,-73.6993271388,1.0,0.062,oso,conf_baja_yolo,False,positivo
inat_193563889_340040584.jpg,False,193563889,340040584,cc-by-nc,"(c) mvelh, some rights reserved (CC BY-NC)",mvelh,2019-11-03,4.7251002011,-73.6993271388,0.0,0.0,duda,sin_oso_yolo,False,excluido_duda
inat_193563889_340040592.jpg,False,193563889,340040592,cc-by-nc,"(c) mvelh, some rights reserved (CC BY-NC)",mvelh,2019-11-03,4.7251002011,-73.6993271388,0.0,0.0,oso,sin_oso_yolo,False,positivo
inat_193914030_340720234.jpg,False,193914030,340720234,cc-by-nc,"(c) lenintron, some rights reserved (CC BY-NC)",lenintron,2023-05-27,0.290548136,-77.8159686076,0.0,0.0,duda,sin_oso_yolo,True,excluido_duda
inat_193918842_340730727.jpg,False,193918842,340730727,cc-by-nc,"(c) shadycarolina, some rights reserved (CC BY-NC)",shadycarolina,2023-12-13,0.2217467709,-77.86831903,0.0,0.0,sin_oso,sin_oso_yolo,True,excluido_sin_oso
inat_193988354_340871805.jpg,False,193988354,340871805,cc-by,"(c) Cajá-manga, some rights reserved (CC BY)",caja-manga,2023-11-12,4.4971630865,-73.7129700159,1.0,0.238,oso,conf_baja_yolo,False,positivo
inat_193988354_340871808.jpg,False,193988354,340871808,cc-by,"(c) Cajá-manga, some rights reserved (CC BY)",caja-manga,2023-11-12,4.4971630865,-73.7129700159,0.0,0.0,oso,sin_oso_yolo,False,positivo
inat_193988354_340871817.jpg,False,193988354,340871817,cc-by,"(c) Cajá-manga, some rights reserved (CC BY)",caja-manga,2023-11-12,4.4971630865,-73.7129700159,0.0,0.0,duda,sin_oso_yolo,False,excluido_duda
inat_193988354_340871846.jpg,False,193988354,340871846,cc-by,"(c) Cajá-manga, some rights reserved (CC BY)",caja-manga,2023-11-12,4.4971630865,-73.7129700159,0.0,0.0,duda,sin_oso_yolo,False,excluido_duda
inat_194128475_341150290.jpg,False,194128475,341150290,cc-by-nc,"(c) Cathy Pasterczyk, some rights reserved (CC BY-NC)",cathyp,2023-12-11,-0.205273636,-78.3165212115,0.0,0.0,sin_oso,sin_oso_yolo,True,excluido_sin_oso
inat_194197261_341291670.jpg,False,194197261,341291670,cc-by-nc,"(c) Julián Parra, some rights reserved (CC BY-NC)",julian_parra2007,2023-12-13,4.7639444578,-73.8677023064,1.0,0.811,,,False,positivo_conf_alta_sin_revisar
inat_194197261_341291687.jpg,False,194197261,341291687,cc-by-nc,"(c) Julián Parra, some rights reserved (CC BY-NC)",julian_parra2007,2023-12-13,4.7639444578,-73.8677023064,1.0,0.792,,,False,positivo_conf_alta_sin_revisar
inat_194934340_342795704.jpg,False,194934340,342795704,cc-by,"(c) Frank Dietze, some rights reserved (CC BY)",frankdietze,2023-11-03,0.0991501626,-78.6476638443,1.0,0.942,,,True,positivo_conf_alta_sin_revisar
inat_194934340_342795782.jpg,False,194934340,342795782,cc-by,"(c) Frank Dietze, some rights reserved (CC BY)",frankdietze,2023-11-03,0.0991501626,-78.6476638443,1.0,0.804,,,True,positivo_conf_alta_sin_revisar
inat_194934340_342795811.jpg,False,194934340,342795811,cc-by,"(c) Frank Dietze, some rights reserved (CC BY)",frankdietze,2023-11-03,0.0991501626,-78.6476638443,4.0,0.887,,,True,positivo_conf_alta_sin_revisar
inat_194934340_342795855.jpg,False,194934340,342795855,cc-by,"(c) Frank Dietze, some rights reserved (CC BY)",frankdietze,2023-11-03,0.0991501626,-78.6476638443,4.0,0.712,,,True,positivo_conf_alta_sin_revisar
inat_194934340_342795909.jpg,False,194934340,342795909,cc-by,"(c) Frank Dietze, some rights reserved (CC BY)",frankdietze,2023-11-03,0.0991501626,-78.6476638443,1.0,0.89,,,True,positivo_conf_alta_sin_revisar
inat_194934340_342795938.jpg,False,194934340,342795938,cc-by,"(c) Frank Dietze, some rights reserved (CC BY)",frankdietze,2023-11-03,0.0991501626,-78.6476638443,1.0,0.053,oso,conf_baja_yolo,True,positivo
inat_194934340_342796026.jpg,False,194934340,342796026,cc-by,"(c) Frank Dietze, some rights reserved (CC BY)",frankdietze,2023-11-03,0.0991501626,-78.6476638443,2.0,0.841,,,True,positivo_conf_alta_sin_revisar
inat_195010630_342953781.jpg,False,195010630,342953781,cc-by-nc,"(c) ishpingo, some rights reserved (CC BY-NC)",ishpingo,2023-05-06,-1.1163155673,-77.8624542792,0.0,0.0,sin_oso,sin_oso_yolo,True,excluido_sin_oso
inat_195012477_342957659.jpg,False,195012477,342957659,cc-by-nc,"(c) ishpingo, some rights reserved (CC BY-NC)",ishpingo,2023-07-28,-1.117016745,-78.0978213167,0.0,0.0,rastro,sin_oso_yolo,True,excluido_rastro
inat_195017238_342967437.jpg,False,195017238,342967437,cc-by-nc,"(c) ishpingo, some rights reserved (CC BY-NC)",ishpingo,2023-11-30,-1.1800989489,-77.9036972922,0.0,0.0,rastro,sin_oso_yolo,True,excluido_rastro
inat_195559045_344072676.jpg,False,195559045,344072676,cc-by,"(c) Tommy Andriollo, some rights reserved (CC BY)",tommy_andriollo,2023-10-30,-0.3256781774,-78.3191699674,1.0,0.884,,,True,positivo_conf_alta_sin_revisar
inat_195559045_344074298.jpg,False,195559045,344074298,cc-by,"(c) Tommy Andriollo, some rights reserved (CC BY)",tommy_andriollo,2023-10-30,-0.3256781774,-78.3191699674,1.0,0.155,oso,conf_baja_yolo,True,positivo
inat_195579802_344114384.jpg,False,195579802,344114384,cc-by-nc,"(c) Andres Perdomo Sarmiento, some rights reserved (CC BY-NC)",andresps,2023-08-13,4.7202171674,-73.8566529258,1.0,0.936,,,False,positivo_conf_alta_sin_revisar
inat_195579802_344114399.jpg,False,195579802,344114399,cc-by-nc,"(c) Andres Perdomo Sarmiento, some rights reserved (CC BY-NC)",andresps,2023-08-13,4.7202171674,-73.8566529258,1.0,0.806,,,False,positivo_conf_alta_sin_revisar
inat_195579802_344114414.jpg,False,195579802,344114414,cc-by-nc,"(c) Andres Perdomo Sarmiento, some rights reserved (CC BY-NC)",andresps,2023-08-13,4.7202171674,-73.8566529258,1.0,0.915,,,False,positivo_conf_alta_sin_revisar
inat_195579802_344114436.jpg,False,195579802,344114436,cc-by-nc,"(c) Andres Perdomo Sarmiento, some rights reserved (CC BY-NC)",andresps,2023-08-13,4.7202171674,-73.8566529258,1.0,0.773,,,False,positivo_conf_alta_sin_revisar
inat_195817525_344593084.jpg,False,195817525,344593084,cc-by,"(c) Subhadra Devi, some rights reserved (CC BY)",subhadrad,2022-12-21,-0.4764148246,-78.3535766089,1.0,0.843,,,True,positivo_conf_alta_sin_revisar
inat_195817525_344593087.jpg,False,195817525,344593087,cc-by,"(c) Subhadra Devi, some rights reserved (CC BY)",subhadrad,2022-12-21,-0.4764148246,-78.3535766089,1.0,0.904,,,True,positivo_conf_alta_sin_revisar
inat_19606548_30185734.jpg,False,19606548,30185734,cc-by-nc,"(c) Morgan Stickrod, some rights reserved (CC BY-NC)",morganstickrod,2019-01-12,-1.3136364867,-78.1782587193,1.0,0.635,,,True,positivo_conf_alta_sin_revisar
inat_19606548_30185737.jpg,False,19606548,30185737,cc-by-nc,"(c) Morgan Stickrod, some rights reserved (CC BY-NC)",morganstickrod,2019-01-12,-1.3136364867,-78.1782587193,1.0,0.931,,,True,positivo_conf_alta_sin_revisar
inat_196124797_345208668.jpg,False,196124797,345208668,cc-by-nc,"(c) julietberton, some rights reserved (CC BY-NC)",julietberton,2024-01-08,-0.2008300507,-78.3871282921,0.0,0.0,oso,sin_oso_yolo,True,positivo
inat_196124797_345208705.jpg,False,196124797,345208705,cc-by-nc,"(c) julietberton, some rights reserved (CC BY-NC)",julietberton,2024-01-08,-0.2008300507,-78.3871282921,0.0,0.0,oso,sin_oso_yolo,True,positivo
inat_196124797_345208746.jpg,False,196124797,345208746,cc-by-nc,"(c) julietberton, some rights reserved (CC BY-NC)",julietberton,2024-01-08,-0.2008300507,-78.3871282921,0.0,0.0,duda,sin_oso_yolo,True,excluido_duda
inat_19665936_30288426.jpg,False,19665936,30288426,cc-by-nc,"(c) hermes_juez, some rights reserved (CC BY-NC)",hermes_juez,2018-10-30,4.7814048151,-75.3281456482,0.0,0.0,sin_oso,sin_oso_yolo,False,excluido_sin_oso
inat_196859657_346571726.jpg,False,196859657,346571726,cc-by-nc,"(c) Savimbo, some rights reserved (CC BY-NC)",savimbo,2014-07-04,0.9328485085,-76.9524371815,1.0,0.432,,,True,pendiente_revision
inat_196859657_346571726_frame_000.jpg,True,196859657,346571726,cc-by-nc,"(c) Savimbo, some rights reserved (CC BY-NC)",savimbo,2014-07-04,0.9328485085,-76.9524371815,,,oso,conf_baja_yolo,True,positivo
inat_196859657_346571726_frame_009.jpg,True,196859657,346571726,cc-by-nc,"(c) Savimbo, some rights reserved (CC BY-NC)",savimbo,2014-07-04,0.9328485085,-76.9524371815,,,oso,conf_baja_yolo,True,positivo
inat_196860866_346574052.jpg,False,196860866,346574052,cc-by-nc,"(c) Savimbo, some rights reserved (CC BY-NC)",savimbo,2014-07-06,0.9640185285,-76.9453335362,3.0,0.877,,,True,positivo_conf_alta_sin_revisar
inat_196917960_346688999.jpg,False,196917960,346688999,cc-by-nc,"(c) Savimbo, some rights reserved (CC BY-NC)",savimbo,2014-07-13,0.8064497664,-76.9699271258,1.0,0.936,,,True,positivo_conf_alta_sin_revisar
inat_196918298_346691190.jpg,False,196918298,346691190,cc-by-nc,"(c) Savimbo, some rights reserved (CC BY-NC)",savimbo,2014-12-09,0.8523770656,-76.9182392002,0.0,0.0,,,True,pendiente_revision
inat_196918298_346691190_frame_001.jpg,True,196918298,346691190,cc-by-nc,"(c) Savimbo, some rights reserved (CC BY-NC)",savimbo,2014-12-09,0.8523770656,-76.9182392002,,,oso,sin_oso_yolo,True,positivo
inat_196918298_346691190_frame_018.jpg,True,196918298,346691190,cc-by-nc,"(c) Savimbo, some rights reserved (CC BY-NC)",savimbo,2014-12-09,0.8523770656,-76.9182392002,,,oso,sin_oso_yolo,True,positivo
inat_197070185_347000902.jpg,False,197070185,347000902,cc-by-nc,"(c) Savimbo, some rights reserved (CC BY-NC)",savimbo,2014-04-22,0.8312265547,-76.9917214735,1.0,0.388,,,True,pendiente_revision
inat_197070185_347000902_frame_000.jpg,True,197070185,347000902,cc-by-nc,"(c) Savimbo, some rights reserved (CC BY-NC)",savimbo,2014-04-22,0.8312265547,-76.9917214735,,,oso,conf_baja_yolo,True,positivo
inat_197070185_347000902_frame_007.jpg,True,197070185,347000902,cc-by-nc,"(c) Savimbo, some rights reserved (CC BY-NC)",savimbo,2014-04-22,0.8312265547,-76.9917214735,,,oso,conf_baja_yolo,True,positivo
inat_197070185_347000902_frame_009.jpg,True,197070185,347000902,cc-by-nc,"(c) Savimbo, some rights reserved (CC BY-NC)",savimbo,2014-04-22,0.8312265547,-76.9917214735,,,oso,conf_baja_yolo,True,positivo
inat_197070875_347002485.jpg,False,197070875,347002485,cc-by-nc,"(c) Savimbo, some rights reserved (CC BY-NC)",savimbo,2014-01-05,0.9118073026,-76.8811788418,0.0,0.0,,,True,pendiente_revision
inat_197070875_347002485_frame_003.jpg,True,197070875,347002485,cc-by-nc,"(c) Savimbo, some rights reserved (CC BY-NC)",savimbo,2014-01-05,0.9118073026,-76.8811788418,,,oso,sin_oso_yolo,True,positivo
inat_197070875_347002485_frame_038.jpg,True,197070875,347002485,cc-by-nc,"(c) Savimbo, some rights reserved (CC BY-NC)",savimbo,2014-01-05,0.9118073026,-76.8811788418,,,oso,sin_oso_yolo,True,positivo
inat_197070875_347002485_frame_061.jpg,True,197070875,347002485,cc-by-nc,"(c) Savimbo, some rights reserved (CC BY-NC)",savimbo,2014-01-05,0.9118073026,-76.8811788418,,,oso,sin_oso_yolo,True,positivo
inat_197071131_347003626.jpg,False,197071131,347003626,cc-by-nc,"(c) Savimbo, some rights reserved (CC BY-NC)",savimbo,2012-11-04,0.9430840863,-76.8312904231,5.0,0.772,,,True,positivo_conf_alta_sin_revisar
inat_197223589_347309107.jpg,False,197223589,347309107,cc-by-nc,"(c) molly_mcw, some rights reserved (CC BY-NC)",molly_mcw,2024-01-08,-0.3134347547,-78.3689356554,0.0,0.0,oso,sin_oso_yolo,True,positivo
inat_197231536_347322704.jpg,False,197231536,347322704,cc-by-nc,"(c) Mark Nofsinger, some rights reserved (CC BY-NC)",driftlessroots,2023-12-27,-0.5769350663,-78.3111377326,1.0,0.857,,,True,positivo_conf_alta_sin_revisar
inat_197231536_347322731.jpg,False,197231536,347322731,cc-by-nc,"(c) Mark Nofsinger, some rights reserved (CC BY-NC)",driftlessroots,2023-12-27,-0.5769350663,-78.3111377326,1.0,0.802,,,True,positivo_conf_alta_sin_revisar
inat_197402719_347670771.jpg,False,197402719,347670771,cc-by-nc,"(c) Savimbo, some rights reserved (CC BY-NC)",savimbo,2023-12-07,0.9832993136,-76.8335518546,1.0,0.897,,,True,positivo_conf_alta_sin_revisar
inat_197402920_347671298.jpg,False,197402920,347671298,cc-by-nc,"(c) Savimbo, some rights reserved (CC BY-NC)",savimbo,2023-12-09,0.8845915142,-76.9801016922,1.0,0.86,,,True,positivo_conf_alta_sin_revisar
inat_197499498_347866473.jpg,False,197499498,347866473,cc-by-nc,"(c) thecaiman1, some rights reserved (CC BY-NC)",thecaiman1,2024-01-22,-0.4621351437,-78.2497869723,1.0,0.885,,,True,positivo_conf_alta_sin_revisar
inat_197499498_347866482.jpg,False,197499498,347866482,cc-by-nc,"(c) thecaiman1, some rights reserved (CC BY-NC)",thecaiman1,2024-01-22,-0.4621351437,-78.2497869723,1.0,0.864,,,True,positivo_conf_alta_sin_revisar
inat_197839918_348550665.jpg,False,197839918,348550665,cc-by,"(c) Rob Foster, some rights reserved (CC BY)",rob21,2024-01-28,-0.286277918,-78.2072411216,0.0,0.0,sin_oso,sin_oso_yolo,True,excluido_sin_oso
inat_197839918_348550682.jpg,False,197839918,348550682,cc-by,"(c) Rob Foster, some rights reserved (CC BY)",rob21,2024-01-28,-0.286277918,-78.2072411216,0.0,0.0,oso,sin_oso_yolo,True,positivo
inat_197839918_351831058.jpg,False,197839918,351831058,cc-by,"(c) Rob Foster, some rights reserved (CC BY)",rob21,2024-01-28,-0.286277918,-78.2072411216,0.0,0.0,duda,sin_oso_yolo,True,excluido_duda
inat_197839918_351831068.jpg,False,197839918,351831068,cc-by,"(c) Rob Foster, some rights reserved (CC BY)",rob21,2024-01-28,-0.286277918,-78.2072411216,2.0,0.775,,,True,positivo_conf_alta_sin_revisar
inat_198577276_350030978.jpg,False,198577276,350030978,cc-by-nc,"(c) Paul Taillie, some rights reserved (CC BY-NC)",paultaillie,2023-12-11,-0.38057245,-78.0375383777,1.0,0.912,,,True,positivo_conf_alta_sin_revisar
inat_198695778_350264124.jpg,False,198695778,350264124,cc-by-nc,"(c) Santi MD, some rights reserved (CC BY-NC)",smejiadu,2024-01-28,4.9640202199,-73.6525862132,1.0,0.915,,,False,positivo_conf_alta_sin_revisar
inat_19930100_30745666.jpg,False,19930100,30745666,cc-by-nc,"(c) dushenkov, some rights reserved (CC BY-NC)",dushenkov,2019-01-13,-0.3610182382,-78.3171380982,0.0,0.0,oso,sin_oso_yolo,True,positivo
inat_199368482_351583542.jpg,False,199368482,351583542,cc-by-nc,"(c) Ben Jesup, some rights reserved (CC BY-NC)",benjesup,2024-02-01,0.2877217486,-77.981004327,2.0,0.806,,,True,positivo_conf_alta_sin_revisar
inat_199368552_351584124.jpg,False,199368552,351584124,cc-by-nc,"(c) Ben Jesup, some rights reserved (CC BY-NC)",benjesup,2024-02-01,0.3010566502,-77.9928873331,1.0,0.732,,,True,positivo_conf_alta_sin_revisar
inat_19947593_30777867.jpg,False,19947593,30777867,cc-by-nc,"(c) Nelson Apolo, some rights reserved (CC BY-NC)",ecuadornaturetours,2017-11-28,0.1037504894,-78.7223756781,1.0,0.814,,,True,positivo_conf_alta_sin_revisar
inat_199573459_351971525.jpg,False,199573459,351971525,cc-by-nc,"(c) guylafond, some rights reserved (CC BY-NC)",guylafond,2023-11-14,-0.5109242174,-78.3415549383,2.0,0.098,oso,conf_baja_yolo,True,positivo
inat_199573459_351971596.jpg,False,199573459,351971596,cc-by-nc,"(c) guylafond, some rights reserved (CC BY-NC)",guylafond,2023-11-14,-0.5109242174,-78.3415549383,1.0,0.8,,,True,positivo_conf_alta_sin_revisar
inat_199573459_351971600.jpg,False,199573459,351971600,cc-by-nc,"(c) guylafond, some rights reserved (CC BY-NC)",guylafond,2023-11-14,-0.5109242174,-78.3415549383,0.0,0.0,duda,sin_oso_yolo,True,excluido_duda
inat_199917176_353534243.jpg,False,199917176,353534243,cc-by-nc,"(c) leocarroll, some rights reserved (CC BY-NC)",leocarroll,2024-02-20,4.0065527361,-73.6237916224,1.0,0.139,oso_cautivo,conf_baja_yolo,False,excluido_cautivo
inat_200322984_353408850.jpg,False,200322984,353408850,cc-by-nc,"(c) hernandoriosmaza, some rights reserved (CC BY-NC)",hernandoriosmaza,2022-01-15,4.7715205856,-73.9906766213,1.0,0.933,,,False,positivo_conf_alta_sin_revisar
inat_200467208_353685101.jpg,False,200467208,353685101,cc-by-nc,"(c) Rich Kostecke, some rights reserved (CC BY-NC)",rkostecke,2024-02-09,4.6314018717,-73.6471663507,0.0,0.0,rastro,sin_oso_yolo,False,excluido_rastro
inat_201164936_355055168.jpg,False,201164936,355055168,cc-by,"(c) Cajá-manga, some rights reserved (CC BY)",caja-manga,2023-11-12,4.7362165644,-73.866920759,1.0,0.966,,,False,positivo_conf_alta_sin_revisar
inat_201164936_355055203.jpg,False,201164936,355055203,cc-by,"(c) Cajá-manga, some rights reserved (CC BY)",caja-manga,2023-11-12,4.7362165644,-73.866920759,1.0,0.668,,,False,positivo_conf_alta_sin_revisar
inat_20131658_31047441.jpg,False,20131658,31047441,cc-by-nc,"(c) isaontaneda, some rights reserved (CC BY-NC)",isaontaneda,2017-09-26,0.1228382153,-78.7272188388,1.0,0.944,,,True,positivo_conf_alta_sin_revisar
inat_202007115_356690340.jpg,False,202007115,356690340,cc-by-nc,"(c) Andrew Newmark, some rights reserved (CC BY-NC)",anewmark,2024-03-10,-0.5010754813,-78.2987666471,2.0,0.899,,,True,positivo_conf_alta_sin_revisar
inat_202169168_357006903.jpg,False,202169168,357006903,cc-by-nc,"(c) Savimbo, some rights reserved (CC BY-NC)",savimbo,2024-01-26,0.9484367985,-76.8187248766,1.0,0.857,,,True,positivo_conf_alta_sin_revisar
inat_202169436_357007614.jpg,False,202169436,357007614,cc-by-nc,"(c) Savimbo, some rights reserved (CC BY-NC)",savimbo,2024-02-27,0.8769972123,-76.8831371358,3.0,0.897,,,True,positivo_conf_alta_sin_revisar
inat_202169795_357008330.jpg,False,202169795,357008330,cc-by-nc,"(c) Savimbo, some rights reserved (CC BY-NC)",savimbo,2024-02-06,0.9302062353,-76.9850778944,1.0,0.111,,,True,pendiente_revision
inat_202169795_357008330_frame_003.jpg,True,202169795,357008330,cc-by-nc,"(c) Savimbo, some rights reserved (CC BY-NC)",savimbo,2024-02-06,0.9302062353,-76.9850778944,,,oso,conf_baja_yolo,True,positivo
inat_202169795_357008330_frame_010.jpg,True,202169795,357008330,cc-by-nc,"(c) Savimbo, some rights reserved (CC BY-NC)",savimbo,2024-02-06,0.9302062353,-76.9850778944,,,oso,conf_baja_yolo,True,positivo
inat_202169795_357008330_frame_014.jpg,True,202169795,357008330,cc-by-nc,"(c) Savimbo, some rights reserved (CC BY-NC)",savimbo,2024-02-06,0.9302062353,-76.9850778944,,,oso,conf_baja_yolo,True,positivo
inat_202170016_357008799.jpg,False,202170016,357008799,cc-by-nc,"(c) Savimbo, some rights reserved (CC BY-NC)",savimbo,2024-02-08,0.9082764075,-76.9523944188,0.0,0.0,,,True,pendiente_revision
inat_202170016_357008799_frame_003.jpg,True,202170016,357008799,cc-by-nc,"(c) Savimbo, some rights reserved (CC BY-NC)",savimbo,2024-02-08,0.9082764075,-76.9523944188,,,oso,sin_oso_yolo,True,positivo
inat_202170016_357008799_frame_006.jpg,True,202170016,357008799,cc-by-nc,"(c) Savimbo, some rights reserved (CC BY-NC)",savimbo,2024-02-08,0.9082764075,-76.9523944188,,,oso,sin_oso_yolo,True,positivo
inat_202170016_357008799_frame_009.jpg,True,202170016,357008799,cc-by-nc,"(c) Savimbo, some rights reserved (CC BY-NC)",savimbo,2024-02-08,0.9082764075,-76.9523944188,,,oso,sin_oso_yolo,True,positivo
inat_202170016_357008799_frame_014.jpg,True,202170016,357008799,cc-by-nc,"(c) Savimbo, some rights reserved (CC BY-NC)",savimbo,2024-02-08,0.9082764075,-76.9523944188,,,oso,sin_oso_yolo,True,positivo
inat_202170207_357009170.jpg,False,202170207,357009170,cc-by-nc,"(c) Savimbo, some rights reserved (CC BY-NC)",savimbo,2024-02-17,0.976235642,-76.9266218663,1.0,0.612,,,True,positivo_conf_alta_sin_revisar
inat_20237971_31234275.jpg,False,20237971,31234275,cc-by-nc,"(c) David Torres, some rights reserved (CC BY-NC)",dawicho,2019-02-09,-0.4281853797,-78.2969289962,3.0,0.464,oso,conf_baja_yolo,True,positivo
inat_20237971_31234280.jpg,False,20237971,31234280,cc-by-nc,"(c) David Torres, some rights reserved (CC BY-NC)",dawicho,2019-02-09,-0.4281853797,-78.2969289962,2.0,0.776,,,True,positivo_conf_alta_sin_revisar
inat_20237971_79034741.jpg,False,20237971,79034741,cc-by-nc,"(c) David Torres, some rights reserved (CC BY-NC)",dawicho,2019-02-09,-0.4281853797,-78.2969289962,3.0,0.68,,,True,positivo_conf_alta_sin_revisar
inat_20237971_79034742.jpg,False,20237971,79034742,cc-by-nc,"(c) David Torres, some rights reserved (CC BY-NC)",dawicho,2019-02-09,-0.4281853797,-78.2969289962,4.0,0.415,oso,conf_baja_yolo,True,positivo
inat_20237971_79034743.jpg,False,20237971,79034743,cc-by-nc,"(c) David Torres, some rights reserved (CC BY-NC)",dawicho,2019-02-09,-0.4281853797,-78.2969289962,6.0,0.194,oso,conf_baja_yolo,True,positivo
inat_20237971_79034744.jpg,False,20237971,79034744,cc-by-nc,"(c) David Torres, some rights reserved (CC BY-NC)",dawicho,2019-02-09,-0.4281853797,-78.2969289962,5.0,0.8,,,True,positivo_conf_alta_sin_revisar
inat_20237971_79034745.jpg,False,20237971,79034745,cc-by-nc,"(c) David Torres, some rights reserved (CC BY-NC)",dawicho,2019-02-09,-0.4281853797,-78.2969289962,2.0,0.339,oso,conf_baja_yolo,True,positivo
inat_20237971_79034746.jpg,False,20237971,79034746,cc-by-nc,"(c) David Torres, some rights reserved (CC BY-NC)",dawicho,2019-02-09,-0.4281853797,-78.2969289962,1.0,0.174,oso,conf_baja_yolo,True,positivo
inat_202554131_357751054.jpg,False,202554131,357751054,cc-by-nc,"(c) craigjhowe, some rights reserved (CC BY-NC)",craigjhowe,2024-02-17,-0.5765407458,-78.2430567012,1.0,0.891,,,True,positivo_conf_alta_sin_revisar
inat_202554131_357751069.jpg,False,202554131,357751069,cc-by-nc,"(c) craigjhowe, some rights reserved (CC BY-NC)",craigjhowe,2024-02-17,-0.5765407458,-78.2430567012,1.0,0.922,,,True,positivo_conf_alta_sin_revisar
inat_202554131_357751075.jpg,False,202554131,357751075,cc-by-nc,"(c) craigjhowe, some rights reserved (CC BY-NC)",craigjhowe,2024-02-17,-0.5765407458,-78.2430567012,1.0,0.936,,,True,positivo_conf_alta_sin_revisar
inat_202554131_357751175.jpg,False,202554131,357751175,cc-by-nc,"(c) craigjhowe, some rights reserved (CC BY-NC)",craigjhowe,2024-02-17,-0.5765407458,-78.2430567012,1.0,0.902,,,True,positivo_conf_alta_sin_revisar
inat_202554131_357751179.jpg,False,202554131,357751179,cc-by-nc,"(c) craigjhowe, some rights reserved (CC BY-NC)",craigjhowe,2024-02-17,-0.5765407458,-78.2430567012,1.0,0.915,,,True,positivo_conf_alta_sin_revisar
inat_202554131_357751191.jpg,False,202554131,357751191,cc-by-nc,"(c) craigjhowe, some rights reserved (CC BY-NC)",craigjhowe,2024-02-17,-0.5765407458,-78.2430567012,1.0,0.94,,,True,positivo_conf_alta_sin_revisar
inat_20264187_31278908.jpg,False,20264187,31278908,cc-by-nc,"(c) paulaleoro, some rights reserved (CC BY-NC)",paulaleoro,2019-02-09,-0.540592187,-78.2312145659,6.0,0.718,,,True,positivo_conf_alta_sin_revisar
inat_20264187_31278915.jpg,False,20264187,31278915,cc-by-nc,"(c) paulaleoro, some rights reserved (CC BY-NC)",paulaleoro,2019-02-09,-0.540592187,-78.2312145659,1.0,0.806,,,True,positivo_conf_alta_sin_revisar
inat_202957609_358520878.jpg,False,202957609,358520878,cc-by-nc,"(c) Nelson Apolo, some rights reserved (CC BY-NC)",ecuadornaturetours,2024-02-23,-0.3999126361,-78.2711664321,1.0,0.701,,,True,positivo_conf_alta_sin_revisar
inat_204503138_361482848.jpg,False,204503138,361482848,cc-by-nc,"(c) Sandra K Vorpahl, some rights reserved (CC BY-NC)",skvorpahl,2021-10-17,-13.0723505196,-72.544192477,1.0,0.236,oso,conf_baja_yolo,False,positivo
inat_204503138_361482859.jpg,False,204503138,361482859,cc-by-nc,"(c) Sandra K Vorpahl, some rights reserved (CC BY-NC)",skvorpahl,2021-10-17,-13.0723505196,-72.544192477,0.0,0.0,oso,sin_oso_yolo,False,positivo
inat_204503138_361482862.jpg,False,204503138,361482862,cc-by-nc,"(c) Sandra K Vorpahl, some rights reserved (CC BY-NC)",skvorpahl,2021-10-17,-13.0723505196,-72.544192477,1.0,0.067,oso,conf_baja_yolo,False,positivo
inat_204503138_361482873.jpg,False,204503138,361482873,cc-by-nc,"(c) Sandra K Vorpahl, some rights reserved (CC BY-NC)",skvorpahl,2021-10-17,-13.0723505196,-72.544192477,1.0,0.124,oso,conf_baja_yolo,False,positivo
inat_204503138_361482881.jpg,False,204503138,361482881,cc-by-nc,"(c) Sandra K Vorpahl, some rights reserved (CC BY-NC)",skvorpahl,2021-10-17,-13.0723505196,-72.544192477,1.0,0.271,oso,conf_baja_yolo,False,positivo
inat_204503138_361482888.jpg,False,204503138,361482888,cc-by-nc,"(c) Sandra K Vorpahl, some rights reserved (CC BY-NC)",skvorpahl,2021-10-17,-13.0723505196,-72.544192477,1.0,0.396,oso,conf_baja_yolo,False,positivo
inat_204503138_361482889.jpg,False,204503138,361482889,cc-by-nc,"(c) Sandra K Vorpahl, some rights reserved (CC BY-NC)",skvorpahl,2021-10-17,-13.0723505196,-72.544192477,1.0,0.24,oso,conf_baja_yolo,False,positivo
inat_204503138_361482910.jpg,False,204503138,361482910,cc-by-nc,"(c) Sandra K Vorpahl, some rights reserved (CC BY-NC)",skvorpahl,2021-10-17,-13.0723505196,-72.544192477,1.0,0.107,oso,conf_baja_yolo,False,positivo
inat_206147476_364568429.jpg,False,206147476,364568429,cc-by-nc,"(c) Aurélie Jambon, some rights reserved (CC BY-NC)",aujam,2023-07-03,-0.5771056809,-78.2318675606,0.0,0.0,duda,sin_oso_yolo,True,excluido_duda
inat_206517028_365259213.jpg,False,206517028,365259213,cc-by-nc,"(c) Juan Carlos Figueroa, some rights reserved (CC BY-NC)",birdtrips_ecuador,2024-02-16,0.2639384759,-77.9970074457,1.0,0.917,,,True,positivo_conf_alta_sin_revisar
inat_206517028_365259239.jpg,False,206517028,365259239,cc-by-nc,"(c) Juan Carlos Figueroa, some rights reserved (CC BY-NC)",birdtrips_ecuador,2024-02-16,0.2639384759,-77.9970074457,1.0,0.865,,,True,positivo_conf_alta_sin_revisar
inat_206517028_365259261.jpg,False,206517028,365259261,cc-by-nc,"(c) Juan Carlos Figueroa, some rights reserved (CC BY-NC)",birdtrips_ecuador,2024-02-16,0.2639384759,-77.9970074457,2.0,0.867,,,True,positivo_conf_alta_sin_revisar
inat_206517028_365259283.jpg,False,206517028,365259283,cc-by-nc,"(c) Juan Carlos Figueroa, some rights reserved (CC BY-NC)",birdtrips_ecuador,2024-02-16,0.2639384759,-77.9970074457,1.0,0.929,,,True,positivo_conf_alta_sin_revisar
inat_207852911_367698207.jpg,False,207852911,367698207,cc-by-nc,"(c) Juan Carlos Figueroa, some rights reserved (CC BY-NC)",birdtrips_ecuador,2024-01-22,-0.5862202266,-78.281527998,1.0,0.807,,,True,positivo_conf_alta_sin_revisar
inat_207852911_367698225.jpg,False,207852911,367698225,cc-by-nc,"(c) Juan Carlos Figueroa, some rights reserved (CC BY-NC)",birdtrips_ecuador,2024-01-22,-0.5862202266,-78.281527998,1.0,0.629,,,True,positivo_conf_alta_sin_revisar
inat_207852911_367698244.jpg,False,207852911,367698244,cc-by-nc,"(c) Juan Carlos Figueroa, some rights reserved (CC BY-NC)",birdtrips_ecuador,2024-01-22,-0.5862202266,-78.281527998,2.0,0.873,,,True,positivo_conf_alta_sin_revisar
inat_20865121_32191353.jpg,False,20865121,32191353,cc-by-nc,"(c) Jeff Harding, some rights reserved (CC BY-NC)",jeffharding,2017-04-09,2.3067329456,-76.3859950467,0.0,0.0,rastro,sin_oso_yolo,False,excluido_rastro
inat_20865121_32191358.jpg,False,20865121,32191358,cc-by-nc,"(c) Jeff Harding, some rights reserved (CC BY-NC)",jeffharding,2017-04-09,2.3067329456,-76.3859950467,0.0,0.0,rastro,sin_oso_yolo,False,excluido_rastro
inat_209124147_370061828.jpg,False,209124147,370061828,cc-by-nc,"(c) Luis Yupa, some rights reserved (CC BY-NC)",luisyupa,2024-04-24,-0.2501647206,-78.210719902,1.0,0.961,,,True,positivo_conf_alta_sin_revisar
inat_209124147_370061830.jpg,False,209124147,370061830,cc-by-nc,"(c) Luis Yupa, some rights reserved (CC BY-NC)",luisyupa,2024-04-24,-0.2501647206,-78.210719902,1.0,0.941,,,True,positivo_conf_alta_sin_revisar
inat_209124147_370061834.jpg,False,209124147,370061834,cc-by-nc,"(c) Luis Yupa, some rights reserved (CC BY-NC)",luisyupa,2024-04-24,-0.2501647206,-78.210719902,2.0,0.816,,,True,positivo_conf_alta_sin_revisar
inat_209137859_370086414.jpg,False,209137859,370086414,cc-by-nc,"(c) Savimbo, some rights reserved (CC BY-NC)",savimbo,2024-01-10,0.8226436797,-76.9852494777,1.0,0.927,,,True,positivo_conf_alta_sin_revisar
inat_20996686_32428324.jpg,False,20996686,32428324,cc-by-nc,"(c) Steven Easley, some rights reserved (CC BY-NC)",cottontopbirding,2019-02-23,-0.3202846701,-78.2230711732,0.0,0.0,oso,sin_oso_yolo,True,positivo
inat_212924159_376275299.jpg,False,212924159,376275299,cc-by-nc,"(c) Diego Quiñónez-Sánchez, some rights reserved (CC BY-NC)",diegofqs87,2021-12-05,,,0.0,0.0,duda,sin_oso_yolo,False,excluido_duda
inat_212924159_376275301.jpg,False,212924159,376275301,cc-by-nc,"(c) Diego Quiñónez-Sánchez, some rights reserved (CC BY-NC)",diegofqs87,2021-12-05,,,0.0,0.0,duda,sin_oso_yolo,False,excluido_duda
inat_212924159_376275303.jpg,False,212924159,376275303,cc-by-nc,"(c) Diego Quiñónez-Sánchez, some rights reserved (CC BY-NC)",diegofqs87,2021-12-05,,,0.0,0.0,oso,sin_oso_yolo,False,positivo
inat_212924492_376275897.jpg,False,212924492,376275897,cc-by-nc,"(c) Diego Quiñónez-Sánchez, some rights reserved (CC BY-NC)",diegofqs87,2021-08-13,,,1.0,0.927,,,False,positivo_conf_alta_sin_revisar
inat_214259825_378698589.jpg,False,214259825,378698589,cc-by-nc,"(c) Bruce Wedderburn, some rights reserved (CC BY-NC)",bwedderburn,2024-02-27,-0.1008695565,-78.2525589566,2.0,0.546,,,True,positivo_conf_alta_sin_revisar
inat_21451094_33189381.jpg,False,21451094,33189381,cc-by-nc,"(c) Eric Carpenter, some rights reserved (CC BY-NC)",ecarpe,2019-02-23,-0.2497048271,-78.3818215682,0.0,0.0,oso,sin_oso_yolo,True,positivo
inat_217136302_384088043.jpg,False,217136302,384088043,cc-by-nc,"(c) Diego Quiñónez-Sánchez, some rights reserved (CC BY-NC)",diegofqs87,2015-08-26,-4.0903703878,-79.0223301451,1.0,0.135,oso,conf_baja_yolo,True,positivo
inat_217731423_385212806.jpg,False,217731423,385212806,cc-by-nc,"(c) bio-ec, some rights reserved (CC BY-NC)",bio-ec,2018-11-08,0.1764930941,-78.5088814856,1.0,0.88,,,True,positivo_conf_alta_sin_revisar
inat_219866404_389205473.jpg,False,219866404,389205473,cc-by-nc,"(c) Justin Walker, some rights reserved (CC BY-NC)",birdpackingadventures,2024-06-01,-0.5863862274,-78.2502282349,1.0,0.708,,,True,positivo_conf_alta_sin_revisar
inat_221440172_392151884.jpg,False,221440172,392151884,cc-by-nc,"(c) RF, some rights reserved (CC BY-NC)",rook_fu,2024-06-08,-0.4464527563,-78.3512813385,2.0,0.824,,,True,positivo_conf_alta_sin_revisar
inat_222117969_393419145.jpg,False,222117969,393419145,cc-by-nc,"(c) Diego Quiñónez-Sánchez, some rights reserved (CC BY-NC)",diegofqs87,2022-01-23,-4.1681835743,-78.7590047562,0.0,0.0,sin_oso,sin_oso_yolo,True,excluido_sin_oso
inat_222117969_393419250.jpg,False,222117969,393419250,cc-by-nc,"(c) Diego Quiñónez-Sánchez, some rights reserved (CC BY-NC)",diegofqs87,2022-01-23,-4.1681835743,-78.7590047562,1.0,0.057,rastro,conf_baja_yolo,True,excluido_rastro
inat_22276563_34497962.jpg,False,22276563,34497962,cc-by-nc,"(c) Nelson Apolo, some rights reserved (CC BY-NC)",ecuadornaturetours,2019-04-01,-0.2769571172,-78.2695109918,1.0,0.78,,,True,positivo_conf_alta_sin_revisar
inat_222900651_394888153.jpg,False,222900651,394888153,cc-by-nc,"(c) Juan Carlos Figueroa, some rights reserved (CC BY-NC)",birdtrips_ecuador,2021-11-26,-0.3714743164,-78.312296953,2.0,0.606,,,True,positivo_conf_alta_sin_revisar
inat_224335919_397594433.jpg,False,224335919,397594433,cc-by,"(c) Susan Murphy, some rights reserved (CC BY)",suemurphy,2024-02-01,-0.5452372721,-78.3195091023,2.0,0.809,,,True,positivo_conf_alta_sin_revisar
inat_224750818_398377940.jpg,False,224750818,398377940,cc-by-nc,"(c) osoandino, some rights reserved (CC BY-NC)",osoandino,2024-06-23,-0.3476956041,-78.2539160153,2.0,0.147,oso,conf_baja_yolo,True,positivo
inat_224750911_398378148.jpg,False,224750911,398378148,cc-by-nc,"(c) osoandino, some rights reserved (CC BY-NC)",osoandino,2024-06-23,-0.3516469282,-78.3950909605,1.0,0.344,oso,conf_baja_yolo,True,positivo
inat_224913815_398689035.jpg,False,224913815,398689035,cc-by-nc,"(c) Diego Quiñónez-Sánchez, some rights reserved (CC BY-NC)",diegofqs87,2012-11-27,,,1.0,0.955,,,False,positivo_conf_alta_sin_revisar
inat_224913815_398689040.jpg,False,224913815,398689040,cc-by-nc,"(c) Diego Quiñónez-Sánchez, some rights reserved (CC BY-NC)",diegofqs87,2012-11-27,,,1.0,0.955,,,False,positivo_conf_alta_sin_revisar
inat_225136894_399120893.jpg,False,225136894,399120893,cc-by-nc,"(c) Juan Carlos Figueroa, some rights reserved (CC BY-NC)",birdtrips_ecuador,2023-04-16,0.2857556377,-77.8740166309,1.0,0.305,oso,conf_baja_yolo,True,positivo
inat_225244788_399332516.jpg,False,225244788,399332516,cc-by-nc,"(c) Lindsay Willrick, some rights reserved (CC BY-NC)",ibrake4botany,2022-10-24,-0.3525243788,-78.0790982344,0.0,0.0,sin_oso,sin_oso_yolo,True,excluido_sin_oso
inat_225244788_399332533.jpg,False,225244788,399332533,cc-by-nc,"(c) Lindsay Willrick, some rights reserved (CC BY-NC)",ibrake4botany,2022-10-24,-0.3525243788,-78.0790982344,0.0,0.0,,,True,pendiente_revision
inat_227153601_402937708.jpg,False,227153601,402937708,cc-by-nc,"(c) Savimbo, some rights reserved (CC BY-NC)",savimbo,2024-06-21,0.2456048939,-77.2953709801,1.0,0.97,,,True,positivo_conf_alta_sin_revisar
inat_227170497_402966695.jpg,False,227170497,402966695,cc-by,"(c) Brooke Smith, some rights reserved (CC BY)",bgsmith,2024-06-16,0.3706531504,-77.8593545609,1.0,0.905,,,True,positivo_conf_alta_sin_revisar
inat_227170497_402966699.jpg,False,227170497,402966699,cc-by,"(c) Brooke Smith, some rights reserved (CC BY)",bgsmith,2024-06-16,0.3706531504,-77.8593545609,1.0,0.821,,,True,positivo_conf_alta_sin_revisar
inat_227170507_402966961.jpg,False,227170507,402966961,cc-by,"(c) Brooke Smith, some rights reserved (CC BY)",bgsmith,2024-06-17,0.383165585,-77.8395433441,1.0,0.897,,,True,positivo_conf_alta_sin_revisar
inat_227170507_402966966.jpg,False,227170507,402966966,cc-by,"(c) Brooke Smith, some rights reserved (CC BY)",bgsmith,2024-06-17,0.383165585,-77.8395433441,1.0,0.93,,,True,positivo_conf_alta_sin_revisar
inat_227614574_404251753.jpg,False,227614574,404251753,cc-by-nc,"(c) Diego Torres Sierra, some rights reserved (CC BY-NC)",diego_torres_sierra,2024-07-06,-0.2614845006,-78.1532901716,1.0,0.068,oso,conf_baja_yolo,True,positivo
inat_227661482_403900397.jpg,False,227661482,403900397,cc-by-nc,"(c) David Torres, some rights reserved (CC BY-NC)",dawicho,2024-07-06,-0.2366587553,-78.3629301912,1.0,0.906,,,True,positivo_conf_alta_sin_revisar
inat_227661482_403900511.jpg,False,227661482,403900511,cc-by-nc,"(c) David Torres, some rights reserved (CC BY-NC)",dawicho,2024-07-06,-0.2366587553,-78.3629301912,1.0,0.921,,,True,positivo_conf_alta_sin_revisar
inat_227661482_403900512.jpg,False,227661482,403900512,cc-by-nc,"(c) David Torres, some rights reserved (CC BY-NC)",dawicho,2024-07-06,-0.2366587553,-78.3629301912,1.0,0.908,,,True,positivo_conf_alta_sin_revisar
inat_227661482_403900562.jpg,False,227661482,403900562,cc-by-nc,"(c) David Torres, some rights reserved (CC BY-NC)",dawicho,2024-07-06,-0.2366587553,-78.3629301912,1.0,0.899,,,True,positivo_conf_alta_sin_revisar
inat_227661482_403900563.jpg,False,227661482,403900563,cc-by-nc,"(c) David Torres, some rights reserved (CC BY-NC)",dawicho,2024-07-06,-0.2366587553,-78.3629301912,2.0,0.833,,,True,positivo_conf_alta_sin_revisar
inat_227661482_403900589.jpg,False,227661482,403900589,cc-by-nc,"(c) David Torres, some rights reserved (CC BY-NC)",dawicho,2024-07-06,-0.2366587553,-78.3629301912,4.0,0.804,,,True,positivo_conf_alta_sin_revisar
inat_227661482_403900591.jpg,False,227661482,403900591,cc-by-nc,"(c) David Torres, some rights reserved (CC BY-NC)",dawicho,2024-07-06,-0.2366587553,-78.3629301912,1.0,0.774,,,True,positivo_conf_alta_sin_revisar
inat_227661482_403900612.jpg,False,227661482,403900612,cc-by-nc,"(c) David Torres, some rights reserved (CC BY-NC)",dawicho,2024-07-06,-0.2366587553,-78.3629301912,2.0,0.626,,,True,positivo_conf_alta_sin_revisar
inat_227661482_403900616.jpg,False,227661482,403900616,cc-by-nc,"(c) David Torres, some rights reserved (CC BY-NC)",dawicho,2024-07-06,-0.2366587553,-78.3629301912,2.0,0.559,,,True,positivo_conf_alta_sin_revisar
inat_227661482_403900643.jpg,False,227661482,403900643,cc-by-nc,"(c) David Torres, some rights reserved (CC BY-NC)",dawicho,2024-07-06,-0.2366587553,-78.3629301912,1.0,0.951,,,True,positivo_conf_alta_sin_revisar
inat_227661482_403900661.jpg,False,227661482,403900661,cc-by-nc,"(c) David Torres, some rights reserved (CC BY-NC)",dawicho,2024-07-06,-0.2366587553,-78.3629301912,1.0,0.952,,,True,positivo_conf_alta_sin_revisar
inat_227661482_403900670.jpg,False,227661482,403900670,cc-by-nc,"(c) David Torres, some rights reserved (CC BY-NC)",dawicho,2024-07-06,-0.2366587553,-78.3629301912,1.0,0.963,,,True,positivo_conf_alta_sin_revisar
inat_227661482_403900677.jpg,False,227661482,403900677,cc-by-nc,"(c) David Torres, some rights reserved (CC BY-NC)",dawicho,2024-07-06,-0.2366587553,-78.3629301912,1.0,0.967,,,True,positivo_conf_alta_sin_revisar
inat_227661482_403900683.jpg,False,227661482,403900683,cc-by-nc,"(c) David Torres, some rights reserved (CC BY-NC)",dawicho,2024-07-06,-0.2366587553,-78.3629301912,2.0,0.81,,,True,positivo_conf_alta_sin_revisar
inat_227661482_403900694.jpg,False,227661482,403900694,cc-by-nc,"(c) David Torres, some rights reserved (CC BY-NC)",dawicho,2024-07-06,-0.2366587553,-78.3629301912,1.0,0.966,,,True,positivo_conf_alta_sin_revisar
inat_227661482_403900700.jpg,False,227661482,403900700,cc-by-nc,"(c) David Torres, some rights reserved (CC BY-NC)",dawicho,2024-07-06,-0.2366587553,-78.3629301912,1.0,0.958,,,True,positivo_conf_alta_sin_revisar
inat_227661482_403900711.jpg,False,227661482,403900711,cc-by-nc,"(c) David Torres, some rights reserved (CC BY-NC)",dawicho,2024-07-06,-0.2366587553,-78.3629301912,1.0,0.968,,,True,positivo_conf_alta_sin_revisar
inat_227661482_403900713.jpg,False,227661482,403900713,cc-by-nc,"(c) David Torres, some rights reserved (CC BY-NC)",dawicho,2024-07-06,-0.2366587553,-78.3629301912,1.0,0.969,,,True,positivo_conf_alta_sin_revisar
inat_227661482_403900722.jpg,False,227661482,403900722,cc-by-nc,"(c) David Torres, some rights reserved (CC BY-NC)",dawicho,2024-07-06,-0.2366587553,-78.3629301912,1.0,0.971,,,True,positivo_conf_alta_sin_revisar
inat_227661482_403900738.jpg,False,227661482,403900738,cc-by-nc,"(c) David Torres, some rights reserved (CC BY-NC)",dawicho,2024-07-06,-0.2366587553,-78.3629301912,1.0,0.951,,,True,positivo_conf_alta_sin_revisar
inat_227792181_404145000.jpg,False,227792181,404145000,cc-by-nc,"(c) Ed Miller, some rights reserved (CC BY-NC)",bluevalhalla,2024-07-01,-0.2224099817,-78.2008608038,1.0,0.934,,,True,positivo_conf_alta_sin_revisar
inat_227792181_404145081.jpg,False,227792181,404145081,cc-by-nc,"(c) Ed Miller, some rights reserved (CC BY-NC)",bluevalhalla,2024-07-01,-0.2224099817,-78.2008608038,1.0,0.927,,,True,positivo_conf_alta_sin_revisar
inat_228124855_404780754.jpg,False,228124855,404780754,cc-by-nc,"(c) Nelson Apolo, some rights reserved (CC BY-NC)",ecuadornaturetours,2024-07-04,-0.3016165738,-78.3290852244,1.0,0.757,,,True,positivo_conf_alta_sin_revisar
inat_229584992_407539493.jpg,False,229584992,407539493,cc-by-nc,"(c) kck83, some rights reserved (CC BY-NC)",kck83,2021-06-25,-0.4594799446,-78.3218688435,0.0,0.0,oso,sin_oso_yolo,True,positivo
inat_229584992_407541356.jpg,False,229584992,407541356,cc-by-nc,"(c) kck83, some rights reserved (CC BY-NC)",kck83,2021-06-25,-0.4594799446,-78.3218688435,2.0,0.821,,,True,positivo_conf_alta_sin_revisar
inat_229987413_408306771.jpg,False,229987413,408306771,cc-by-nc,"(c) brewmaster, some rights reserved (CC BY-NC)",brewmaster,2024-07-08,4.7112162915,-73.9859649881,1.0,0.759,,,False,positivo_conf_alta_sin_revisar
inat_233817249_415575053.jpg,False,233817249,415575053,cc-by-nc,"(c) Juan Camilo Muñoz, some rights reserved (CC BY-NC)",juanc_munoz,2018-03-01,4.5187081192,-73.6110044043,1.0,0.78,,,False,positivo_conf_alta_sin_revisar
inat_233817249_415575091.jpg,False,233817249,415575091,cc-by-nc,"(c) Juan Camilo Muñoz, some rights reserved (CC BY-NC)",juanc_munoz,2018-03-01,4.5187081192,-73.6110044043,3.0,0.813,,,False,positivo_conf_alta_sin_revisar
inat_235332563_418509011.jpg,False,235332563,418509011,cc-by-nc,"(c) Daniel Branch, some rights reserved (CC BY-NC)",danielbranch94,2024-06-21,4.9607679304,-73.6720662047,1.0,0.874,,,False,positivo_conf_alta_sin_revisar
inat_235332563_418509019.jpg,False,235332563,418509019,cc-by-nc,"(c) Daniel Branch, some rights reserved (CC BY-NC)",danielbranch94,2024-06-21,4.9607679304,-73.6720662047,1.0,0.854,,,False,positivo_conf_alta_sin_revisar
inat_235332563_418509059.jpg,False,235332563,418509059,cc-by-nc,"(c) Daniel Branch, some rights reserved (CC BY-NC)",danielbranch94,2024-06-21,4.9607679304,-73.6720662047,1.0,0.824,,,False,positivo_conf_alta_sin_revisar
inat_235344362_418531097.jpg,False,235344362,418531097,cc-by-nc,"(c) Nelson Apolo, some rights reserved (CC BY-NC)",ecuadornaturetours,2024-07-31,-0.496154203,-78.257007006,1.0,0.794,,,True,positivo_conf_alta_sin_revisar
inat_235344362_418531797.jpg,False,235344362,418531797,cc-by-nc,"(c) Nelson Apolo, some rights reserved (CC BY-NC)",ecuadornaturetours,2024-07-31,-0.496154203,-78.257007006,2.0,0.713,,,True,positivo_conf_alta_sin_revisar
inat_235345232_418532824.jpg,False,235345232,418532824,cc-by-nc,"(c) Nelson Apolo, some rights reserved (CC BY-NC)",ecuadornaturetours,2024-07-31,-0.3073413804,-78.2827319549,2.0,0.661,,,True,positivo_conf_alta_sin_revisar
inat_235345232_418532869.jpg,False,235345232,418532869,cc-by-nc,"(c) Nelson Apolo, some rights reserved (CC BY-NC)",ecuadornaturetours,2024-07-31,-0.3073413804,-78.2827319549,3.0,0.831,,,True,positivo_conf_alta_sin_revisar
inat_235345232_418532916.jpg,False,235345232,418532916,cc-by-nc,"(c) Nelson Apolo, some rights reserved (CC BY-NC)",ecuadornaturetours,2024-07-31,-0.3073413804,-78.2827319549,1.0,0.84,,,True,positivo_conf_alta_sin_revisar
inat_235345232_418532974.jpg,False,235345232,418532974,cc-by-nc,"(c) Nelson Apolo, some rights reserved (CC BY-NC)",ecuadornaturetours,2024-07-31,-0.3073413804,-78.2827319549,1.0,0.892,,,True,positivo_conf_alta_sin_revisar
inat_235464964_418766399.jpg,False,235464964,418766399,cc-by-nc,"(c) Nelson Apolo, some rights reserved (CC BY-NC)",ecuadornaturetours,2024-07-31,-0.271466607,-78.2898460449,1.0,0.95,,,True,positivo_conf_alta_sin_revisar
inat_235464964_418766462.jpg,False,235464964,418766462,cc-by-nc,"(c) Nelson Apolo, some rights reserved (CC BY-NC)",ecuadornaturetours,2024-07-31,-0.271466607,-78.2898460449,1.0,0.95,,,True,positivo_conf_alta_sin_revisar
inat_235464964_418766551.jpg,False,235464964,418766551,cc-by-nc,"(c) Nelson Apolo, some rights reserved (CC BY-NC)",ecuadornaturetours,2024-07-31,-0.271466607,-78.2898460449,2.0,0.924,,,True,positivo_conf_alta_sin_revisar
inat_235474469_418785425.jpg,False,235474469,418785425,cc-by-nc,"(c) Sandra ten Zijthoff, some rights reserved (CC BY-NC)",tenzijth,2024-02-04,-0.0586543251,-78.7349818177,0.0,0.0,duda,sin_oso_yolo,True,excluido_duda
inat_237737122_423139281.jpg,False,237737122,423139281,cc-by-nc,"(c) diegos12, some rights reserved (CC BY-NC)",diegos12,2024-08-24,-4.5559011958,-79.0391769119,0.0,0.0,sin_oso,sin_oso_yolo,True,excluido_sin_oso
inat_237737122_423139316.jpg,False,237737122,423139316,cc-by-nc,"(c) diegos12, some rights reserved (CC BY-NC)",diegos12,2024-08-24,-4.5559011958,-79.0391769119,0.0,0.0,sin_oso,sin_oso_yolo,True,excluido_sin_oso
inat_238343677_424315719.jpg,False,238343677,424315719,cc-by-nc,"(c) Bird Explorers, some rights reserved (CC BY-NC)",birdexplorers,2024-08-12,4.6758445886,-73.6154687304,1.0,0.932,,,False,positivo_conf_alta_sin_revisar
inat_238343677_424394175.jpg,False,238343677,424394175,cc-by-nc,"(c) Bird Explorers, some rights reserved (CC BY-NC)",birdexplorers,2024-08-12,4.6758445886,-73.6154687304,1.0,0.742,,,False,positivo_conf_alta_sin_revisar
inat_238343677_424394390.jpg,False,238343677,424394390,cc-by-nc,"(c) Bird Explorers, some rights reserved (CC BY-NC)",birdexplorers,2024-08-12,4.6758445886,-73.6154687304,1.0,0.896,,,False,positivo_conf_alta_sin_revisar
inat_240838303_429114370.jpg,False,240838303,429114370,cc-by-nc,"(c) danielblanco521, some rights reserved (CC BY-NC)",danielblanco521,2015-11-19,-13.1980128769,-71.4337372909,1.0,0.91,,,False,positivo_conf_alta_sin_revisar
inat_244105568_435390292.jpg,False,244105568,435390292,cc-by-nc,"(c) Grace Bryant, some rights reserved (CC BY-NC)",grcilis,2016-11-10,-6.504983095,-79.46311128,0.0,0.0,oso,sin_oso_yolo,False,positivo
inat_244105568_435390759.jpg,False,244105568,435390759,cc-by-nc,"(c) Grace Bryant, some rights reserved (CC BY-NC)",grcilis,2016-11-10,-6.504983095,-79.46311128,1.0,0.68,,,False,positivo_conf_alta_sin_revisar
inat_244105709_435390868.jpg,False,244105709,435390868,cc-by-nc,"(c) Grace Bryant, some rights reserved (CC BY-NC)",grcilis,2016-11-10,-6.4612643047,-79.4655485965,1.0,0.887,,,False,positivo_conf_alta_sin_revisar
inat_244105709_435391126.jpg,False,244105709,435391126,cc-by-nc,"(c) Grace Bryant, some rights reserved (CC BY-NC)",grcilis,2016-11-10,-6.4612643047,-79.4655485965,1.0,0.519,,,False,positivo_conf_alta_sin_revisar
inat_24426235_37772628.jpg,False,24426235,37772628,cc-by-nc,"(c) Tadeusz Kawecki, some rights reserved (CC BY-NC)",tadkawecki,2018-02-12,4.7611620376,-73.9870525557,1.0,0.598,,,False,positivo_conf_alta_sin_revisar
inat_244962862_437036584.jpg,False,244962862,437036584,cc-by-nc,"(c) danielblanco521, some rights reserved (CC BY-NC)",danielblanco521,2008-12-11,-13.0364952193,-72.4876468245,1.0,0.912,,,False,positivo_conf_alta_sin_revisar
inat_244962862_437036628.jpg,False,244962862,437036628,cc-by-nc,"(c) danielblanco521, some rights reserved (CC BY-NC)",danielblanco521,2008-12-11,-13.0364952193,-72.4876468245,3.0,0.676,,,False,positivo_conf_alta_sin_revisar
inat_244962862_437036679.jpg,False,244962862,437036679,cc-by-nc,"(c) danielblanco521, some rights reserved (CC BY-NC)",danielblanco521,2008-12-11,-13.0364952193,-72.4876468245,1.0,0.958,,,False,positivo_conf_alta_sin_revisar
inat_244962862_437036709.jpg,False,244962862,437036709,cc-by-nc,"(c) danielblanco521, some rights reserved (CC BY-NC)",danielblanco521,2008-12-11,-13.0364952193,-72.4876468245,1.0,0.936,,,False,positivo_conf_alta_sin_revisar
inat_244985427_437087319.jpg,False,244985427,437087319,cc-by-nc,"(c) alihalcon, some rights reserved (CC BY-NC)",alihalcon,2024-09-28,-0.1341856337,-78.6388338722,0.0,0.0,rastro,sin_oso_yolo,True,excluido_rastro
inat_244985427_437087342.jpg,False,244985427,437087342,cc-by-nc,"(c) alihalcon, some rights reserved (CC BY-NC)",alihalcon,2024-09-28,-0.1341856337,-78.6388338722,0.0,0.0,rastro,sin_oso_yolo,True,excluido_rastro
inat_244985427_437087365.jpg,False,244985427,437087365,cc-by-nc,"(c) alihalcon, some rights reserved (CC BY-NC)",alihalcon,2024-09-28,-0.1341856337,-78.6388338722,0.0,0.0,rastro,sin_oso_yolo,True,excluido_rastro
inat_245850593_438783167.jpg,False,245850593,438783167,cc-by-nc,"(c) Santiago Corredor, some rights reserved (CC BY-NC)",tapirus_,2024-09-29,4.4274896308,-73.8331281299,0.0,0.0,rastro,sin_oso_yolo,False,excluido_rastro
inat_246681174_440426943.jpg,False,246681174,440426943,cc-by-nc,"(c) Tony Iwane, some rights reserved (CC BY-NC)",tiwane,2024-10-10,0.1244470065,-78.702434603,0.0,0.0,rastro,sin_oso_yolo,True,excluido_rastro
inat_246821501_440704767.jpg,False,246821501,440704767,cc-by-nc,"(c) Abhas Misraraj, some rights reserved (CC BY-NC)",abhasm,2024-10-10,0.059706915,-78.6168765677,0.0,0.0,rastro,sin_oso_yolo,True,excluido_rastro
inat_246821582_440705015.jpg,False,246821582,440705015,cc-by-nc,"(c) Abhas Misraraj, some rights reserved (CC BY-NC)",abhasm,2024-10-10,0.1982563518,-78.6761674633,0.0,0.0,rastro,sin_oso_yolo,True,excluido_rastro
inat_247924795_442891531.jpg,False,247924795,442891531,cc-by-nc,"(c) Boris Landázuri, some rights reserved (CC BY-NC)",borislandazuri,2024-10-10,-2.9981696791,-78.7377562251,1.0,0.948,,,True,positivo_conf_alta_sin_revisar
inat_248518633_444064470.jpg,False,248518633,444064470,cc-by-nc,"(c) Luis Yupa, some rights reserved (CC BY-NC)",luisyupa,2024-10-21,-0.2328412164,-78.2654687042,0.0,0.0,oso,sin_oso_yolo,True,positivo
inat_248518633_444064511.jpg,False,248518633,444064511,cc-by-nc,"(c) Luis Yupa, some rights reserved (CC BY-NC)",luisyupa,2024-10-21,-0.2328412164,-78.2654687042,1.0,0.577,,,True,positivo_conf_alta_sin_revisar
inat_249114207_445252794.jpg,False,249114207,445252794,cc-by-nc,"(c) Thibaut Foch, some rights reserved (CC BY-NC)",tibofoch,2024-10-23,,,1.0,0.92,,,False,positivo_conf_alta_sin_revisar
inat_249785296_446585747.jpg,False,249785296,446585747,cc-by,"(c) JR Ferrer-Paris, some rights reserved (CC BY)",neomapas,2024-10-24,4.409188024,-73.9756670821,0.0,0.0,rastro,sin_oso_yolo,False,excluido_rastro
inat_249785296_446585748.jpg,False,249785296,446585748,cc-by,"(c) JR Ferrer-Paris, some rights reserved (CC BY)",neomapas,2024-10-24,4.409188024,-73.9756670821,1.0,0.121,rastro,conf_baja_yolo,False,excluido_rastro
inat_249785296_446585749.jpg,False,249785296,446585749,cc-by,"(c) JR Ferrer-Paris, some rights reserved (CC BY)",neomapas,2024-10-24,4.409188024,-73.9756670821,1.0,0.783,,,False,positivo_conf_alta_sin_revisar
inat_249785296_446585757.jpg,False,249785296,446585757,cc-by,"(c) JR Ferrer-Paris, some rights reserved (CC BY)",neomapas,2024-10-24,4.409188024,-73.9756670821,1.0,0.555,,,False,positivo_conf_alta_sin_revisar
inat_249785296_446585759.jpg,False,249785296,446585759,cc-by,"(c) JR Ferrer-Paris, some rights reserved (CC BY)",neomapas,2024-10-24,4.409188024,-73.9756670821,0.0,0.0,rastro,sin_oso_yolo,False,excluido_rastro
inat_249785296_446585762.jpg,False,249785296,446585762,cc-by,"(c) JR Ferrer-Paris, some rights reserved (CC BY)",neomapas,2024-10-24,4.409188024,-73.9756670821,0.0,0.0,rastro,sin_oso_yolo,False,excluido_rastro
inat_250622090_448266145.jpg,False,250622090,448266145,cc-by-nc,"(c) Arturo Ruiz Villanueva, some rights reserved (CC BY-NC)",airvillanueva,2024-09-14,-13.325914614,-72.4618786689,1.0,0.763,,,False,positivo_conf_alta_sin_revisar
inat_250741748_448394822.jpg,False,250741748,448394822,cc-by-nc,"(c) Omar Miranda B., some rights reserved (CC BY-NC)",frogbo,2024-10-18,-16.5116530665,-67.5708406165,0.0,0.0,rastro,sin_oso_yolo,False,excluido_rastro
inat_250741752_448394979.jpg,False,250741752,448394979,cc-by-nc,"(c) Omar Miranda B., some rights reserved (CC BY-NC)",frogbo,2024-10-18,-16.5988997052,-67.4862583694,0.0,0.0,sin_oso,sin_oso_yolo,False,excluido_sin_oso
inat_250741752_448394986.jpg,False,250741752,448394986,cc-by-nc,"(c) Omar Miranda B., some rights reserved (CC BY-NC)",frogbo,2024-10-18,-16.5988997052,-67.4862583694,0.0,0.0,sin_oso,sin_oso_yolo,False,excluido_sin_oso
inat_250741752_448395001.jpg,False,250741752,448395001,cc-by-nc,"(c) Omar Miranda B., some rights reserved (CC BY-NC)",frogbo,2024-10-18,-16.5988997052,-67.4862583694,0.0,0.0,sin_oso,sin_oso_yolo,False,excluido_sin_oso
inat_250741752_448395054.jpg,False,250741752,448395054,cc-by-nc,"(c) Omar Miranda B., some rights reserved (CC BY-NC)",frogbo,2024-10-18,-16.5988997052,-67.4862583694,0.0,0.0,sin_oso,sin_oso_yolo,False,excluido_sin_oso
inat_250741777_448395297.jpg,False,250741777,448395297,cc-by-nc,"(c) Omar Miranda B., some rights reserved (CC BY-NC)",frogbo,2024-10-18,-16.598162581,-67.5674002455,0.0,0.0,sin_oso,sin_oso_yolo,False,excluido_sin_oso
inat_250741778_448395315.jpg,False,250741778,448395315,cc-by-nc,"(c) Omar Miranda B., some rights reserved (CC BY-NC)",frogbo,2024-10-18,-16.4398239105,-67.4436475276,0.0,0.0,sin_oso,sin_oso_yolo,False,excluido_sin_oso
inat_250741778_448395317.jpg,False,250741778,448395317,cc-by-nc,"(c) Omar Miranda B., some rights reserved (CC BY-NC)",frogbo,2024-10-18,-16.4398239105,-67.4436475276,0.0,0.0,sin_oso,sin_oso_yolo,False,excluido_sin_oso
inat_250741797_448395648.jpg,False,250741797,448395648,cc-by-nc,"(c) Omar Miranda B., some rights reserved (CC BY-NC)",frogbo,2024-10-19,-16.5384717157,-67.5242000355,0.0,0.0,sin_oso,sin_oso_yolo,False,excluido_sin_oso
inat_250741797_448395665.jpg,False,250741797,448395665,cc-by-nc,"(c) Omar Miranda B., some rights reserved (CC BY-NC)",frogbo,2024-10-19,-16.5384717157,-67.5242000355,0.0,0.0,sin_oso,sin_oso_yolo,False,excluido_sin_oso
inat_250967820_448942886.jpg,False,250967820,448942886,cc-by-nc,"(c) Daniel Hetzel, some rights reserved (CC BY-NC)",thesafarihiker,2014-10-09,-13.0163799481,-72.5876988232,1.0,0.096,oso,conf_baja_yolo,False,positivo
inat_250967820_448942887.jpg,False,250967820,448942887,cc-by-nc,"(c) Daniel Hetzel, some rights reserved (CC BY-NC)",thesafarihiker,2014-10-09,-13.0163799481,-72.5876988232,2.0,0.329,oso,conf_baja_yolo,False,positivo
inat_250967820_448942890.jpg,False,250967820,448942890,cc-by-nc,"(c) Daniel Hetzel, some rights reserved (CC BY-NC)",thesafarihiker,2014-10-09,-13.0163799481,-72.5876988232,2.0,0.058,oso,conf_baja_yolo,False,positivo
inat_251806640_450629396.jpg,False,251806640,450629396,cc-by-nc,"(c) thewildgtrv, some rights reserved (CC BY-NC)",thewildgtrv,2024-11-14,4.438494682,-73.6739009577,1.0,0.861,,,False,positivo_conf_alta_sin_revisar
inat_252065744_451149625.jpg,False,252065744,451149625,cc-by-nc,"(c) judina, some rights reserved (CC BY-NC)",judina,2024-11-17,-0.3740273289,-78.0450238216,1.0,0.09,oso,conf_baja_yolo,True,positivo
inat_252065744_451149673.jpg,False,252065744,451149673,cc-by-nc,"(c) judina, some rights reserved (CC BY-NC)",judina,2024-11-17,-0.3740273289,-78.0450238216,1.0,0.596,,,True,positivo_conf_alta_sin_revisar
inat_252935526_452827520.jpg,False,252935526,452827520,cc-by,"(c) Benjamin Hidalgo, some rights reserved (CC BY)",benjaminhidalgo,2021-11-07,-0.3790220671,-78.1621100767,2.0,0.336,oso,conf_baja_yolo,True,positivo
inat_252952832_452856480.jpg,False,252952832,452856480,cc-by-nc,"(c) gbrunvoll, some rights reserved (CC BY-NC)",gbrunvoll,2024-11-02,-0.2078831851,-78.3495179466,2.0,0.643,,,True,positivo_conf_alta_sin_revisar
inat_253316102_453547639.jpg,False,253316102,453547639,cc-by-nc,"(c) Pancho Sornoza, some rights reserved (CC BY-NC)",francisco_sornoza,2024-11-27,-0.1641966771,-78.44665097,0.0,0.0,rastro,sin_oso_yolo,True,excluido_rastro
inat_253316102_453547661.jpg,False,253316102,453547661,cc-by-nc,"(c) Pancho Sornoza, some rights reserved (CC BY-NC)",francisco_sornoza,2024-11-27,-0.1641966771,-78.44665097,0.0,0.0,rastro,sin_oso_yolo,True,excluido_rastro
inat_253316102_453547676.jpg,False,253316102,453547676,cc-by-nc,"(c) Pancho Sornoza, some rights reserved (CC BY-NC)",francisco_sornoza,2024-11-27,-0.1641966771,-78.44665097,0.0,0.0,rastro,sin_oso_yolo,True,excluido_rastro
inat_253875871_454653460.jpg,False,253875871,454653460,cc-by-nc,"(c) Samuel Serna Wills, some rights reserved (CC BY-NC)",samuelsernawills,2024-12-01,4.5362663991,-73.6070706037,0.0,0.0,sin_oso,sin_oso_yolo,False,excluido_sin_oso
inat_253898562_454680396.jpg,False,253898562,454680396,cc-by-nc,"(c) Samuel Serna Wills, some rights reserved (CC BY-NC)",samuelsernawills,2024-12-01,4.5009460565,-73.7205967025,1.0,0.176,oso,conf_baja_yolo,False,positivo
inat_253898562_454680432.jpg,False,253898562,454680432,cc-by-nc,"(c) Samuel Serna Wills, some rights reserved (CC BY-NC)",samuelsernawills,2024-12-01,4.5009460565,-73.7205967025,1.0,0.084,oso,conf_baja_yolo,False,positivo
inat_253898562_454680485.jpg,False,253898562,454680485,cc-by-nc,"(c) Samuel Serna Wills, some rights reserved (CC BY-NC)",samuelsernawills,2024-12-01,4.5009460565,-73.7205967025,0.0,0.0,oso,sin_oso_yolo,False,positivo
inat_254351030_455572394.jpg,False,254351030,455572394,cc-by-nc,"(c) Buckwheat Bastard, some rights reserved (CC BY-NC)",buckwheatbastard,2024-12-06,-0.2553836143,-78.3002754137,3.0,0.541,,,True,positivo_conf_alta_sin_revisar
inat_254358316_455495546.jpg,False,254358316,455495546,cc-by-nc,"(c) Alejandra Castiblanco V., some rights reserved (CC BY-NC)",alejandracastiblanco,2024-11-30,4.5572916503,-73.7101058097,0.0,0.0,rastro,sin_oso_yolo,False,excluido_rastro
inat_254540061_455949346.jpg,False,254540061,455949346,cc-by-nc,"(c) crp_carolina_reyes_puig, some rights reserved (CC BY-NC)",crp_carolina_reyes_puig,2024-10-10,-1.4805426057,-78.1656948293,0.0,0.0,rastro,sin_oso_yolo,True,excluido_rastro
inat_254557459_455977439.jpg,False,254557459,455977439,cc-by-nc,"(c) Alejandra Castiblanco V., some rights reserved (CC BY-NC)",alejandracastiblanco,2024-12-01,4.4635142149,-73.7494437763,0.0,0.0,oso,sin_oso_yolo,False,positivo
inat_254557459_455977464.jpg,False,254557459,455977464,cc-by-nc,"(c) Alejandra Castiblanco V., some rights reserved (CC BY-NC)",alejandracastiblanco,2024-12-01,4.4635142149,-73.7494437763,1.0,0.769,,,False,positivo_conf_alta_sin_revisar
inat_254557459_455977469.jpg,False,254557459,455977469,cc-by-nc,"(c) Alejandra Castiblanco V., some rights reserved (CC BY-NC)",alejandracastiblanco,2024-12-01,4.4635142149,-73.7494437763,1.0,0.906,,,False,positivo_conf_alta_sin_revisar
inat_254557464_455977354.jpg,False,254557464,455977354,cc-by-nc,"(c) Alejandra Castiblanco V., some rights reserved (CC BY-NC)",alejandracastiblanco,2024-12-01,4.4477903526,-73.6971243463,0.0,0.0,duda,sin_oso_yolo,False,excluido_duda
inat_254557464_455977357.jpg,False,254557464,455977357,cc-by-nc,"(c) Alejandra Castiblanco V., some rights reserved (CC BY-NC)",alejandracastiblanco,2024-12-01,4.4477903526,-73.6971243463,0.0,0.0,oso,sin_oso_yolo,False,positivo
inat_254557464_455977379.jpg,False,254557464,455977379,cc-by-nc,"(c) Alejandra Castiblanco V., some rights reserved (CC BY-NC)",alejandracastiblanco,2024-12-01,4.4477903526,-73.6971243463,1.0,0.309,oso,conf_baja_yolo,False,positivo
inat_254557464_455977381.jpg,False,254557464,455977381,cc-by-nc,"(c) Alejandra Castiblanco V., some rights reserved (CC BY-NC)",alejandracastiblanco,2024-12-01,4.4477903526,-73.6971243463,1.0,0.358,oso,conf_baja_yolo,False,positivo
inat_254557464_455977390.jpg,False,254557464,455977390,cc-by-nc,"(c) Alejandra Castiblanco V., some rights reserved (CC BY-NC)",alejandracastiblanco,2024-12-01,4.4477903526,-73.6971243463,1.0,0.688,,,False,positivo_conf_alta_sin_revisar
inat_254557464_455977395.jpg,False,254557464,455977395,cc-by-nc,"(c) Alejandra Castiblanco V., some rights reserved (CC BY-NC)",alejandracastiblanco,2024-12-01,4.4477903526,-73.6971243463,1.0,0.163,oso,conf_baja_yolo,False,positivo
inat_254557464_455977405.jpg,False,254557464,455977405,cc-by-nc,"(c) Alejandra Castiblanco V., some rights reserved (CC BY-NC)",alejandracastiblanco,2024-12-01,4.4477903526,-73.6971243463,1.0,0.58,,,False,positivo_conf_alta_sin_revisar
inat_254557464_455977450.jpg,False,254557464,455977450,cc-by-nc,"(c) Alejandra Castiblanco V., some rights reserved (CC BY-NC)",alejandracastiblanco,2024-12-01,4.4477903526,-73.6971243463,1.0,0.662,,,False,positivo_conf_alta_sin_revisar
inat_254557465_455977429.jpg,False,254557465,455977429,cc-by-nc,"(c) Alejandra Castiblanco V., some rights reserved (CC BY-NC)",alejandracastiblanco,2024-12-01,4.5527014061,-73.7645227657,1.0,0.897,,,False,positivo_conf_alta_sin_revisar
inat_254557465_455977520.jpg,False,254557465,455977520,cc-by-nc,"(c) Alejandra Castiblanco V., some rights reserved (CC BY-NC)",alejandracastiblanco,2024-12-01,4.5527014061,-73.7645227657,1.0,0.854,,,False,positivo_conf_alta_sin_revisar
inat_254557465_455977526.jpg,False,254557465,455977526,cc-by-nc,"(c) Alejandra Castiblanco V., some rights reserved (CC BY-NC)",alejandracastiblanco,2024-12-01,4.5527014061,-73.7645227657,1.0,0.831,,,False,positivo_conf_alta_sin_revisar
inat_254557465_455977527.jpg,False,254557465,455977527,cc-by-nc,"(c) Alejandra Castiblanco V., some rights reserved (CC BY-NC)",alejandracastiblanco,2024-12-01,4.5527014061,-73.7645227657,1.0,0.906,,,False,positivo_conf_alta_sin_revisar
inat_254557465_455977556.jpg,False,254557465,455977556,cc-by-nc,"(c) Alejandra Castiblanco V., some rights reserved (CC BY-NC)",alejandracastiblanco,2024-12-01,4.5527014061,-73.7645227657,1.0,0.902,,,False,positivo_conf_alta_sin_revisar
inat_254557465_455977574.jpg,False,254557465,455977574,cc-by-nc,"(c) Alejandra Castiblanco V., some rights reserved (CC BY-NC)",alejandracastiblanco,2024-12-01,4.5527014061,-73.7645227657,1.0,0.72,,,False,positivo_conf_alta_sin_revisar
inat_255111054_457102130.jpg,False,255111054,457102130,cc-by-nc,"(c) Christopher Boccia, some rights reserved (CC BY-NC)",terciopelo,2022-05-19,-0.3023766097,-78.0853184002,1.0,0.88,,,True,positivo_conf_alta_sin_revisar
inat_255542757_457966354.jpg,False,255542757,457966354,cc-by-nc,"(c) erstadh, some rights reserved (CC BY-NC)",erstadh,2024-12-17,-0.5356321546,-78.0202936871,2.0,0.173,oso,conf_baja_yolo,True,positivo
inat_2560070_2851705.jpg,False,2560070,2851705,cc-by-nc,"(c) Matt Clark, some rights reserved (CC BY-NC)",mattclark72,2015-12-24,-4.1431517026,-79.0875590527,2.0,0.695,,,True,positivo_conf_alta_sin_revisar
inat_2560070_2851716.jpg,False,2560070,2851716,cc-by-nc,"(c) Matt Clark, some rights reserved (CC BY-NC)",mattclark72,2015-12-24,-4.1431517026,-79.0875590527,1.0,0.576,,,True,positivo_conf_alta_sin_revisar
inat_2560070_2851717.jpg,False,2560070,2851717,cc-by-nc,"(c) Matt Clark, some rights reserved (CC BY-NC)",mattclark72,2015-12-24,-4.1431517026,-79.0875590527,3.0,0.587,,,True,positivo_conf_alta_sin_revisar
inat_2560070_2851718.jpg,False,2560070,2851718,cc-by-nc,"(c) Matt Clark, some rights reserved (CC BY-NC)",mattclark72,2015-12-24,-4.1431517026,-79.0875590527,3.0,0.585,,,True,positivo_conf_alta_sin_revisar
inat_2560070_2851719.jpg,False,2560070,2851719,cc-by-nc,"(c) Matt Clark, some rights reserved (CC BY-NC)",mattclark72,2015-12-24,-4.1431517026,-79.0875590527,2.0,0.789,,,True,positivo_conf_alta_sin_revisar
inat_2560070_2851729.jpg,False,2560070,2851729,cc-by-nc,"(c) Matt Clark, some rights reserved (CC BY-NC)",mattclark72,2015-12-24,-4.1431517026,-79.0875590527,2.0,0.896,,,True,positivo_conf_alta_sin_revisar
inat_2560070_2851730.jpg,False,2560070,2851730,cc-by-nc,"(c) Matt Clark, some rights reserved (CC BY-NC)",mattclark72,2015-12-24,-4.1431517026,-79.0875590527,4.0,0.41,oso,conf_baja_yolo,True,positivo
inat_2560070_2851731.jpg,False,2560070,2851731,cc-by-nc,"(c) Matt Clark, some rights reserved (CC BY-NC)",mattclark72,2015-12-24,-4.1431517026,-79.0875590527,2.0,0.484,oso,conf_baja_yolo,True,positivo
inat_256663767_460239841.jpg,False,256663767,460239841,cc-by-nc,"(c) Luis Yupa, some rights reserved (CC BY-NC)",luisyupa,2024-12-06,-0.2266016733,-78.3729472041,1.0,0.518,,,True,positivo_conf_alta_sin_revisar
inat_256663767_460239842.jpg,False,256663767,460239842,cc-by-nc,"(c) Luis Yupa, some rights reserved (CC BY-NC)",luisyupa,2024-12-06,-0.2266016733,-78.3729472041,1.0,0.876,,,True,positivo_conf_alta_sin_revisar
inat_256920636_460748167.jpg,False,256920636,460748167,cc-by-nc,"(c) leekelai, some rights reserved (CC BY-NC)",leekelai,2023-11-27,-0.5024457869,-78.3994674666,4.0,0.15,oso,conf_baja_yolo,True,positivo
inat_256920636_460748174.jpg,False,256920636,460748174,cc-by-nc,"(c) leekelai, some rights reserved (CC BY-NC)",leekelai,2023-11-27,-0.5024457869,-78.3994674666,3.0,0.322,oso,conf_baja_yolo,True,positivo
inat_256920636_460748177.jpg,False,256920636,460748177,cc-by-nc,"(c) leekelai, some rights reserved (CC BY-NC)",leekelai,2023-11-27,-0.5024457869,-78.3994674666,3.0,0.485,oso,conf_baja_yolo,True,positivo
inat_256920636_460748196.jpg,False,256920636,460748196,cc-by-nc,"(c) leekelai, some rights reserved (CC BY-NC)",leekelai,2023-11-27,-0.5024457869,-78.3994674666,1.0,0.51,,,True,positivo_conf_alta_sin_revisar
inat_256920636_460748203.jpg,False,256920636,460748203,cc-by-nc,"(c) leekelai, some rights reserved (CC BY-NC)",leekelai,2023-11-27,-0.5024457869,-78.3994674666,1.0,0.594,,,True,positivo_conf_alta_sin_revisar
inat_256920636_460748212.jpg,False,256920636,460748212,cc-by-nc,"(c) leekelai, some rights reserved (CC BY-NC)",leekelai,2023-11-27,-0.5024457869,-78.3994674666,0.0,0.0,oso,sin_oso_yolo,True,positivo
inat_256920636_460748227.jpg,False,256920636,460748227,cc-by-nc,"(c) leekelai, some rights reserved (CC BY-NC)",leekelai,2023-11-27,-0.5024457869,-78.3994674666,1.0,0.335,oso,conf_baja_yolo,True,positivo
inat_257799432_462519642.jpg,False,257799432,462519642,cc-by-nc,"(c) EgutierrezR, some rights reserved (CC BY-NC)",nepogutierrez,2024-12-26,4.9590453688,-73.6765361878,1.0,0.381,oso,conf_baja_yolo,False,positivo
inat_258055864_463351279.jpg,False,258055864,463351279,cc-by,"(c) CaracalShan, some rights reserved (CC BY)",caracalshan,2010-02-28,-0.0856880517,-78.6720113692,0.0,0.0,oso,sin_oso_yolo,True,positivo
inat_258055864_463351283.jpg,False,258055864,463351283,cc-by,"(c) CaracalShan, some rights reserved (CC BY)",caracalshan,2010-02-28,-0.0856880517,-78.6720113692,1.0,0.139,oso,conf_baja_yolo,True,positivo
inat_258055864_463351285.jpg,False,258055864,463351285,cc-by,"(c) CaracalShan, some rights reserved (CC BY)",caracalshan,2010-02-28,-0.0856880517,-78.6720113692,1.0,0.756,,,True,positivo_conf_alta_sin_revisar
inat_258081313_462989325.jpg,False,258081313,462989325,cc-by-nc,"(c) Alegria, Henry Duban Alegria, some rights reserved (CC BY-NC)",alegria_henry91,2023-09-01,2.4289857885,-76.1468159447,1.0,0.936,,,False,positivo_conf_alta_sin_revisar
inat_258082272_462991145.jpg,False,258082272,462991145,cc-by-nc,"(c) Alegria, Henry Duban Alegria, some rights reserved (CC BY-NC)",alegria_henry91,2023-06-21,2.5882984159,-76.3994553804,1.0,0.942,,,False,positivo_conf_alta_sin_revisar
inat_258741220_464302163.jpg,False,258741220,464302163,cc-by-nc,"(c) Jaen, some rights reserved (CC BY-NC)",munozjaen_,2025-01-17,-0.3035108231,-78.3170253198,0.0,0.0,oso,sin_oso_yolo,True,positivo
inat_258779859_464380123.jpg,False,258779859,464380123,cc-by-nc,"(c) Jeff Chapman, some rights reserved (CC BY-NC)",woodridgejeff,2025-01-17,-0.5962077141,-78.2565693031,0.0,0.0,oso,sin_oso_yolo,True,positivo
inat_258779859_464380166.jpg,False,258779859,464380166,cc-by-nc,"(c) Jeff Chapman, some rights reserved (CC BY-NC)",woodridgejeff,2025-01-17,-0.5962077141,-78.2565693031,1.0,0.111,oso,conf_baja_yolo,True,positivo
inat_258779859_464380187.jpg,False,258779859,464380187,cc-by-nc,"(c) Jeff Chapman, some rights reserved (CC BY-NC)",woodridgejeff,2025-01-17,-0.5962077141,-78.2565693031,0.0,0.0,oso,sin_oso_yolo,True,positivo
inat_258799620_464418144.jpg,False,258799620,464418144,cc-by-nc,"(c) Jaen, some rights reserved (CC BY-NC)",munozjaen_,2025-01-17,-0.3622957362,-78.0095842111,0.0,0.0,duda,sin_oso_yolo,True,excluido_duda
inat_258799621_464418374.jpg,False,258799621,464418374,cc-by-nc,"(c) Jaen, some rights reserved (CC BY-NC)",munozjaen_,2025-01-17,-0.2882492307,-78.309215247,0.0,0.0,duda,sin_oso_yolo,True,excluido_duda
inat_258799621_464418395.jpg,False,258799621,464418395,cc-by-nc,"(c) Jaen, some rights reserved (CC BY-NC)",munozjaen_,2025-01-17,-0.2882492307,-78.309215247,0.0,0.0,duda,sin_oso_yolo,True,excluido_duda
inat_258879470_464577541.jpg,False,258879470,464577541,cc-by-nc,"(c) Alegria, Henry Duban Alegria, some rights reserved (CC BY-NC)",alegria_henry91,2024-10-05,1.7055358527,-76.8781856726,0.0,0.0,rastro,sin_oso_yolo,False,excluido_rastro
inat_258879470_464578188.jpg,False,258879470,464578188,cc-by-nc,"(c) Alegria, Henry Duban Alegria, some rights reserved (CC BY-NC)",alegria_henry91,2024-10-05,1.7055358527,-76.8781856726,0.0,0.0,rastro,sin_oso_yolo,False,excluido_rastro
inat_258973213_464767513.jpg,False,258973213,464767513,cc-by-nc,"(c) Jaen, some rights reserved (CC BY-NC)",munozjaen_,2025-01-18,-0.4586161561,-78.2738778104,0.0,0.0,duda,sin_oso_yolo,True,excluido_duda
inat_258973214_464767412.jpg,False,258973214,464767412,cc-by-nc,"(c) Jaen, some rights reserved (CC BY-NC)",munozjaen_,2025-01-18,-0.5291110295,-78.3890471153,0.0,0.0,duda,sin_oso_yolo,True,excluido_duda
inat_258973214_464767463.jpg,False,258973214,464767463,cc-by-nc,"(c) Jaen, some rights reserved (CC BY-NC)",munozjaen_,2025-01-18,-0.5291110295,-78.3890471153,0.0,0.0,duda,sin_oso_yolo,True,excluido_duda
inat_258973214_464767556.jpg,False,258973214,464767556,cc-by-nc,"(c) Jaen, some rights reserved (CC BY-NC)",munozjaen_,2025-01-18,-0.5291110295,-78.3890471153,0.0,0.0,duda,sin_oso_yolo,True,excluido_duda
inat_259056666_464944617.jpg,False,259056666,464944617,cc-by-nc,"(c) Alexander Lees, some rights reserved (CC BY-NC)",alexlees,2012-12-05,-13.0956155323,-72.5371687175,1.0,0.809,,,False,positivo_conf_alta_sin_revisar
inat_259116687_465065361.jpg,False,259116687,465065361,cc-by-nc,"(c) Brendan Fogarty, some rights reserved (CC BY-NC)",bfogarty,2024-07-15,-0.1356125274,-78.7809954582,2.0,0.605,,,True,positivo_conf_alta_sin_revisar
inat_259175487_465184860.jpg,False,259175487,465184860,cc-by-nc,"(c) Ariel R., some rights reserved (CC BY-NC)",blobb,2025-01-20,-0.5346939458,-77.9718827325,0.0,0.0,rastro,sin_oso_yolo,True,excluido_rastro
inat_259190243_465214962.jpg,False,259190243,465214962,cc-by-nc,"(c) Jeremy Liberman, some rights reserved (CC BY-NC)",tsikilili,2025-01-08,0.0243419681,-78.546270173,1.0,0.674,,,True,positivo_conf_alta_sin_revisar
inat_259190243_465214963.jpg,False,259190243,465214963,cc-by-nc,"(c) Jeremy Liberman, some rights reserved (CC BY-NC)",tsikilili,2025-01-08,0.0243419681,-78.546270173,2.0,0.41,oso,conf_baja_yolo,True,positivo
inat_259190243_465214966.jpg,False,259190243,465214966,cc-by-nc,"(c) Jeremy Liberman, some rights reserved (CC BY-NC)",tsikilili,2025-01-08,0.0243419681,-78.546270173,1.0,0.094,oso,conf_baja_yolo,True,positivo
inat_259190243_465214968.jpg,False,259190243,465214968,cc-by-nc,"(c) Jeremy Liberman, some rights reserved (CC BY-NC)",tsikilili,2025-01-08,0.0243419681,-78.546270173,2.0,0.222,oso,conf_baja_yolo,True,positivo
inat_259324434_465490908.jpg,False,259324434,465490908,cc-by-nc,"(c) thewildgtrv, some rights reserved (CC BY-NC)",thewildgtrv,2024-11-13,4.4689894097,-73.7821170295,3.0,0.405,oso,conf_baja_yolo,False,positivo
inat_259783040_466410135.jpg,False,259783040,466410135,cc-by-nc,"(c) Manuel Morales, some rights reserved (CC BY-NC)",manuel_inaturalist,2025-01-27,-0.5361352064,-78.3133139852,1.0,0.235,duda,conf_baja_yolo,True,excluido_duda
inat_259783040_466410166.jpg,False,259783040,466410166,cc-by-nc,"(c) Manuel Morales, some rights reserved (CC BY-NC)",manuel_inaturalist,2025-01-27,-0.5361352064,-78.3133139852,3.0,0.138,duda,conf_baja_yolo,True,excluido_duda
inat_259783040_466410184.jpg,False,259783040,466410184,cc-by-nc,"(c) Manuel Morales, some rights reserved (CC BY-NC)",manuel_inaturalist,2025-01-27,-0.5361352064,-78.3133139852,1.0,0.426,duda,conf_baja_yolo,True,excluido_duda
inat_259808476_466459115.jpg,False,259808476,466459115,cc-by-nc,"(c) rebeccacall, some rights reserved (CC BY-NC)",rebeccacall,2025-01-27,-0.548369419,-78.2395365631,0.0,0.0,duda,sin_oso_yolo,True,excluido_duda
inat_259811331_466464149.jpg,False,259811331,466464149,cc-by-nc,"(c) arianaopp26, some rights reserved (CC BY-NC)",arianaopp26,2025-01-27,-0.4760803693,-78.2662494696,1.0,0.066,duda,conf_baja_yolo,True,excluido_duda
inat_259811331_466464165.jpg,False,259811331,466464165,cc-by-nc,"(c) arianaopp26, some rights reserved (CC BY-NC)",arianaopp26,2025-01-27,-0.4760803693,-78.2662494696,0.0,0.0,duda,sin_oso_yolo,True,excluido_duda
inat_259824328_466553342.jpg,False,259824328,466553342,cc-by-nc,"(c) bekah212, some rights reserved (CC BY-NC)",bekah212,2025-01-27,-0.4423548123,-78.3915429615,0.0,0.0,duda,sin_oso_yolo,True,excluido_duda
inat_259824328_466553356.jpg,False,259824328,466553356,cc-by-nc,"(c) bekah212, some rights reserved (CC BY-NC)",bekah212,2025-01-27,-0.4423548123,-78.3915429615,0.0,0.0,duda,sin_oso_yolo,True,excluido_duda
inat_259824328_466553369.jpg,False,259824328,466553369,cc-by-nc,"(c) bekah212, some rights reserved (CC BY-NC)",bekah212,2025-01-27,-0.4423548123,-78.3915429615,0.0,0.0,duda,sin_oso_yolo,True,excluido_duda
inat_259824328_466553377.jpg,False,259824328,466553377,cc-by-nc,"(c) bekah212, some rights reserved (CC BY-NC)",bekah212,2025-01-27,-0.4423548123,-78.3915429615,2.0,0.107,duda,conf_baja_yolo,True,excluido_duda
inat_259824328_466553396.jpg,False,259824328,466553396,cc-by-nc,"(c) bekah212, some rights reserved (CC BY-NC)",bekah212,2025-01-27,-0.4423548123,-78.3915429615,1.0,0.301,duda,conf_baja_yolo,True,excluido_duda
inat_259860782_466561423.jpg,False,259860782,466561423,cc-by-nc,"(c) pauliv, some rights reserved (CC BY-NC)",pauliv,2025-01-27,-0.4856986258,-78.179609586,0.0,0.0,duda,sin_oso_yolo,True,excluido_duda
inat_259860782_466561431.jpg,False,259860782,466561431,cc-by-nc,"(c) pauliv, some rights reserved (CC BY-NC)",pauliv,2025-01-27,-0.4856986258,-78.179609586,0.0,0.0,duda,sin_oso_yolo,True,excluido_duda
inat_259860782_466561438.jpg,False,259860782,466561438,cc-by-nc,"(c) pauliv, some rights reserved (CC BY-NC)",pauliv,2025-01-27,-0.4856986258,-78.179609586,0.0,0.0,duda,sin_oso_yolo,True,excluido_duda
inat_259868353_466575334.jpg,False,259868353,466575334,cc-by-nc,"(c) carolinen108, some rights reserved (CC BY-NC)",carolinen108,2025-01-27,-0.5730320088,-78.1518734357,1.0,0.147,duda,conf_baja_yolo,True,excluido_duda
inat_259942471_466721805.jpg,False,259942471,466721805,cc-by-nc,"(c) crlssi, some rights reserved (CC BY-NC)",crlssi,2023-08-07,-0.5264497577,-77.970903012,0.0,0.0,oso,sin_oso_yolo,True,positivo
inat_259993810_466822366.jpg,False,259993810,466822366,cc-by-nc,"(c) Lisa Baile, some rights reserved (CC BY-NC)",lbaile,2025-01-25,4.6830515725,-73.8397260741,1.0,0.782,,,False,positivo_conf_alta_sin_revisar
inat_261800879_470407640.jpg,False,261800879,470407640,cc-by-nc,"(c) ethan currens, some rights reserved (CC BY-NC)",ethanec,2025-02-06,-1.3503509251,-78.551577207,1.0,0.905,,,True,positivo_conf_alta_sin_revisar
inat_261800879_470407656.jpg,False,261800879,470407656,cc-by-nc,"(c) ethan currens, some rights reserved (CC BY-NC)",ethanec,2025-02-06,-1.3503509251,-78.551577207,4.0,0.405,oso,conf_baja_yolo,True,positivo
inat_261800879_470407661.jpg,False,261800879,470407661,cc-by-nc,"(c) ethan currens, some rights reserved (CC BY-NC)",ethanec,2025-02-06,-1.3503509251,-78.551577207,1.0,0.863,,,True,positivo_conf_alta_sin_revisar
inat_261800879_470407673.jpg,False,261800879,470407673,cc-by-nc,"(c) ethan currens, some rights reserved (CC BY-NC)",ethanec,2025-02-06,-1.3503509251,-78.551577207,1.0,0.125,oso,conf_baja_yolo,True,positivo
inat_262025161_470823855.jpg,False,262025161,470823855,cc-by-nc,"(c) ethan currens, some rights reserved (CC BY-NC)",ethanec,2025-02-08,-1.2535567211,-78.5075261458,0.0,0.0,rastro,sin_oso_yolo,True,excluido_rastro
inat_262025161_470823865.jpg,False,262025161,470823865,cc-by-nc,"(c) ethan currens, some rights reserved (CC BY-NC)",ethanec,2025-02-08,-1.2535567211,-78.5075261458,0.0,0.0,rastro,sin_oso_yolo,True,excluido_rastro
inat_262025161_470823875.jpg,False,262025161,470823875,cc-by-nc,"(c) ethan currens, some rights reserved (CC BY-NC)",ethanec,2025-02-08,-1.2535567211,-78.5075261458,0.0,0.0,rastro,sin_oso_yolo,True,excluido_rastro
inat_262751605_471893313.jpg,False,262751605,471893313,cc-by-nc,"(c) Olivier Barden, some rights reserved (CC BY-NC)",iridosornis,2025-01-30,-6.5260712578,-79.4591784651,1.0,0.82,,,False,positivo_conf_alta_sin_revisar
inat_262751605_471893335.jpg,False,262751605,471893335,cc-by-nc,"(c) Olivier Barden, some rights reserved (CC BY-NC)",iridosornis,2025-01-30,-6.5260712578,-79.4591784651,1.0,0.712,,,False,positivo_conf_alta_sin_revisar
inat_264029265_474419386.jpg,False,264029265,474419386,cc-by-nc,"(c) Armando Castellanos, some rights reserved (CC BY-NC)",armando_castellanos,2025-03-05,0.3790267665,-77.8062088807,2.0,0.642,,,True,positivo_conf_alta_sin_revisar
inat_264998337_475917067.jpg,False,264998337,475917067,cc-by-nc,"(c) Ariel R., some rights reserved (CC BY-NC)",blobb,2025-03-10,-0.1993483978,-78.7201867385,4.0,0.57,,,True,positivo_conf_alta_sin_revisar
inat_264998337_475917075.jpg,False,264998337,475917075,cc-by-nc,"(c) Ariel R., some rights reserved (CC BY-NC)",blobb,2025-03-10,-0.1993483978,-78.7201867385,1.0,0.938,,,True,positivo_conf_alta_sin_revisar
inat_265296922_476506075.jpg,False,265296922,476506075,cc-by-nc,"(c) samwoods0, some rights reserved (CC BY-NC)",samwoods0,2025-03-04,-0.0330038776,-78.6495748225,2.0,0.9,,,True,positivo_conf_alta_sin_revisar
inat_265298117_476508500.jpg,False,265298117,476508500,cc-by-nc,"(c) samwoods0, some rights reserved (CC BY-NC)",samwoods0,2025-03-04,-0.1645840729,-78.7511474459,2.0,0.62,,,True,positivo_conf_alta_sin_revisar
inat_265299837_476512095.jpg,False,265299837,476512095,cc-by-nc,"(c) samwoods0, some rights reserved (CC BY-NC)",samwoods0,2025-03-04,-0.0841444686,-78.6718348117,1.0,0.951,,,True,positivo_conf_alta_sin_revisar
inat_265301011_476513657.jpg,False,265301011,476513657,cc-by-nc,"(c) samwoods0, some rights reserved (CC BY-NC)",samwoods0,2025-03-04,-0.1056012755,-78.7538728042,1.0,0.873,,,True,positivo_conf_alta_sin_revisar
inat_265795461_477485251.jpg,False,265795461,477485251,cc-by-nc,"(c) John Sullivan, some rights reserved (CC BY-NC)",sullivanribbit,2025-02-25,-0.3546547328,-78.3868312365,4.0,0.406,oso,conf_baja_yolo,True,positivo
inat_265833436_477561438.jpg,False,265833436,477561438,cc-by-nc,"(c) francesab, some rights reserved (CC BY-NC)",francesab,2025-03-18,-0.0002438905,-78.7176557876,1.0,0.334,oso,conf_baja_yolo,True,positivo
inat_265870047_477630278.jpg,False,265870047,477630278,cc-by,"(c) Francisco Sánchez Karste, some rights reserved (CC BY)",fkarste,2021-10-31,-2.5161116906,-79.3342077754,1.0,0.957,,,True,positivo_conf_alta_sin_revisar
inat_266506102_478850363.jpg,False,266506102,478850363,cc-by-nc,"(c) Dave Suszcynsky, some rights reserved (CC BY-NC)",rocknsky,2025-03-02,-0.1371585732,-78.7344328021,1.0,0.925,,,True,positivo_conf_alta_sin_revisar
inat_266506102_478850370.jpg,False,266506102,478850370,cc-by-nc,"(c) Dave Suszcynsky, some rights reserved (CC BY-NC)",rocknsky,2025-03-02,-0.1371585732,-78.7344328021,1.0,0.95,,,True,positivo_conf_alta_sin_revisar
inat_266506102_478850392.jpg,False,266506102,478850392,cc-by-nc,"(c) Dave Suszcynsky, some rights reserved (CC BY-NC)",rocknsky,2025-03-02,-0.1371585732,-78.7344328021,1.0,0.949,,,True,positivo_conf_alta_sin_revisar
inat_266506102_478850403.jpg,False,266506102,478850403,cc-by-nc,"(c) Dave Suszcynsky, some rights reserved (CC BY-NC)",rocknsky,2025-03-02,-0.1371585732,-78.7344328021,1.0,0.956,,,True,positivo_conf_alta_sin_revisar
inat_266506102_478850411.jpg,False,266506102,478850411,cc-by-nc,"(c) Dave Suszcynsky, some rights reserved (CC BY-NC)",rocknsky,2025-03-02,-0.1371585732,-78.7344328021,1.0,0.929,,,True,positivo_conf_alta_sin_revisar
inat_266506102_478850435.jpg,False,266506102,478850435,cc-by-nc,"(c) Dave Suszcynsky, some rights reserved (CC BY-NC)",rocknsky,2025-03-02,-0.1371585732,-78.7344328021,1.0,0.884,,,True,positivo_conf_alta_sin_revisar
inat_266506102_478850468.jpg,False,266506102,478850468,cc-by-nc,"(c) Dave Suszcynsky, some rights reserved (CC BY-NC)",rocknsky,2025-03-02,-0.1371585732,-78.7344328021,4.0,0.642,,,True,positivo_conf_alta_sin_revisar
inat_266506102_478850477.jpg,False,266506102,478850477,cc-by-nc,"(c) Dave Suszcynsky, some rights reserved (CC BY-NC)",rocknsky,2025-03-02,-0.1371585732,-78.7344328021,1.0,0.548,,,True,positivo_conf_alta_sin_revisar
inat_266506102_478850487.jpg,False,266506102,478850487,cc-by-nc,"(c) Dave Suszcynsky, some rights reserved (CC BY-NC)",rocknsky,2025-03-02,-0.1371585732,-78.7344328021,2.0,0.667,,,True,positivo_conf_alta_sin_revisar
inat_266506102_478850498.jpg,False,266506102,478850498,cc-by-nc,"(c) Dave Suszcynsky, some rights reserved (CC BY-NC)",rocknsky,2025-03-02,-0.1371585732,-78.7344328021,1.0,0.744,,,True,positivo_conf_alta_sin_revisar
inat_266506102_478850506.jpg,False,266506102,478850506,cc-by-nc,"(c) Dave Suszcynsky, some rights reserved (CC BY-NC)",rocknsky,2025-03-02,-0.1371585732,-78.7344328021,1.0,0.939,,,True,positivo_conf_alta_sin_revisar
inat_266506102_478850600.jpg,False,266506102,478850600,cc-by-nc,"(c) Dave Suszcynsky, some rights reserved (CC BY-NC)",rocknsky,2025-03-02,-0.1371585732,-78.7344328021,3.0,0.918,,,True,positivo_conf_alta_sin_revisar
inat_266506102_482140439.jpg,False,266506102,482140439,cc-by-nc,"(c) Dave Suszcynsky, some rights reserved (CC BY-NC)",rocknsky,2025-03-02,-0.1371585732,-78.7344328021,1.0,0.94,,,True,positivo_conf_alta_sin_revisar
inat_267557014_480831177.jpg,False,267557014,480831177,cc-by-nc,"(c) Pam, some rights reserved (CC BY-NC)",paminaz,2025-03-08,-0.1274808414,-78.6304264319,1.0,0.921,,,True,positivo_conf_alta_sin_revisar
inat_267557014_480831191.jpg,False,267557014,480831191,cc-by-nc,"(c) Pam, some rights reserved (CC BY-NC)",paminaz,2025-03-08,-0.1274808414,-78.6304264319,4.0,0.895,,,True,positivo_conf_alta_sin_revisar
inat_268470121_482565329.jpg,False,268470121,482565329,cc-by-nc,"(c) JeffreyGammon, some rights reserved (CC BY-NC)",kingmush,2025-03-21,-0.0853350909,-78.7910551974,6.0,0.426,oso,conf_baja_yolo,True,positivo
inat_268470121_482565513.jpg,False,268470121,482565513,cc-by-nc,"(c) JeffreyGammon, some rights reserved (CC BY-NC)",kingmush,2025-03-21,-0.0853350909,-78.7910551974,5.0,0.552,,,True,positivo_conf_alta_sin_revisar
inat_268470126_482565702.jpg,False,268470126,482565702,cc-by-nc,"(c) JeffreyGammon, some rights reserved (CC BY-NC)",kingmush,2025-03-21,-0.1825644972,-78.7888389305,3.0,0.701,,,True,positivo_conf_alta_sin_revisar
inat_268470424_482568294.jpg,False,268470424,482568294,cc-by-nc,"(c) JeffreyGammon, some rights reserved (CC BY-NC)",kingmush,2025-03-22,-0.0285949952,-78.7426801373,1.0,0.626,,,True,positivo_conf_alta_sin_revisar
inat_268470424_482568306.jpg,False,268470424,482568306,cc-by-nc,"(c) JeffreyGammon, some rights reserved (CC BY-NC)",kingmush,2025-03-22,-0.0285949952,-78.7426801373,1.0,0.873,,,True,positivo_conf_alta_sin_revisar
inat_268470426_482568307.jpg,False,268470426,482568307,cc-by-nc,"(c) JeffreyGammon, some rights reserved (CC BY-NC)",kingmush,2025-03-22,-0.1798051587,-78.7298359354,2.0,0.826,,,True,positivo_conf_alta_sin_revisar
inat_268470426_482568314.jpg,False,268470426,482568314,cc-by-nc,"(c) JeffreyGammon, some rights reserved (CC BY-NC)",kingmush,2025-03-22,-0.1798051587,-78.7298359354,1.0,0.903,,,True,positivo_conf_alta_sin_revisar
inat_268470426_482568326.jpg,False,268470426,482568326,cc-by-nc,"(c) JeffreyGammon, some rights reserved (CC BY-NC)",kingmush,2025-03-22,-0.1798051587,-78.7298359354,1.0,0.914,,,True,positivo_conf_alta_sin_revisar
inat_268470426_482568339.jpg,False,268470426,482568339,cc-by-nc,"(c) JeffreyGammon, some rights reserved (CC BY-NC)",kingmush,2025-03-22,-0.1798051587,-78.7298359354,3.0,0.965,,,True,positivo_conf_alta_sin_revisar
inat_268470426_482568341.jpg,False,268470426,482568341,cc-by-nc,"(c) JeffreyGammon, some rights reserved (CC BY-NC)",kingmush,2025-03-22,-0.1798051587,-78.7298359354,2.0,0.965,,,True,positivo_conf_alta_sin_revisar
inat_268470426_482568347.jpg,False,268470426,482568347,cc-by-nc,"(c) JeffreyGammon, some rights reserved (CC BY-NC)",kingmush,2025-03-22,-0.1798051587,-78.7298359354,2.0,0.568,,,True,positivo_conf_alta_sin_revisar
inat_268470426_482569047.jpg,False,268470426,482569047,cc-by-nc,"(c) JeffreyGammon, some rights reserved (CC BY-NC)",kingmush,2025-03-22,-0.1798051587,-78.7298359354,4.0,0.928,,,True,positivo_conf_alta_sin_revisar
inat_268470426_482569060.jpg,False,268470426,482569060,cc-by-nc,"(c) JeffreyGammon, some rights reserved (CC BY-NC)",kingmush,2025-03-22,-0.1798051587,-78.7298359354,1.0,0.556,,,True,positivo_conf_alta_sin_revisar
inat_268470426_482569079.jpg,False,268470426,482569079,cc-by-nc,"(c) JeffreyGammon, some rights reserved (CC BY-NC)",kingmush,2025-03-22,-0.1798051587,-78.7298359354,1.0,0.831,,,True,positivo_conf_alta_sin_revisar
inat_268662277_482948605.jpg,False,268662277,482948605,cc-by-nc,"(c) martyhing, some rights reserved (CC BY-NC)",martyhing,2025-03-26,-0.335963022,-78.2981366277,1.0,0.139,oso,conf_baja_yolo,True,positivo
inat_268662277_482948665.jpg,False,268662277,482948665,cc-by-nc,"(c) martyhing, some rights reserved (CC BY-NC)",martyhing,2025-03-26,-0.335963022,-78.2981366277,1.0,0.574,,,True,positivo_conf_alta_sin_revisar
inat_268662277_482948786.jpg,False,268662277,482948786,cc-by-nc,"(c) martyhing, some rights reserved (CC BY-NC)",martyhing,2025-03-26,-0.335963022,-78.2981366277,1.0,0.28,oso,conf_baja_yolo,True,positivo
inat_268662277_482948892.jpg,False,268662277,482948892,cc-by-nc,"(c) martyhing, some rights reserved (CC BY-NC)",martyhing,2025-03-26,-0.335963022,-78.2981366277,1.0,0.586,,,True,positivo_conf_alta_sin_revisar
inat_269793080_485132362.jpg,False,269793080,485132362,cc-by-nc,"(c) gnormand, some rights reserved (CC BY-NC)",gnormand,2025-04-01,-2.8248786564,-78.7756797701,1.0,0.498,oso,conf_baja_yolo,True,positivo
inat_270722673_486899149.jpg,False,270722673,486899149,cc-by-nc,"(c) James G. Graham, some rights reserved (CC BY-NC)",ucayalitaxa,2021-11-22,-9.4273066459,-74.5876923291,3.0,0.744,,,False,positivo_conf_alta_sin_revisar
inat_270722673_486899230.jpg,False,270722673,486899230,cc-by-nc,"(c) James G. Graham, some rights reserved (CC BY-NC)",ucayalitaxa,2021-11-22,-9.4273066459,-74.5876923291,1.0,0.105,oso,conf_baja_yolo,False,positivo
inat_270722673_486899282.jpg,False,270722673,486899282,cc-by-nc,"(c) James G. Graham, some rights reserved (CC BY-NC)",ucayalitaxa,2021-11-22,-9.4273066459,-74.5876923291,1.0,0.288,oso,conf_baja_yolo,False,positivo
inat_272490239_490236512.jpg,False,272490239,490236512,cc-by-nc,"(c) Attila Steiner, some rights reserved (CC BY-NC)",attila21,2024-12-06,-0.3872230098,-78.2871038381,1.0,0.934,,,True,positivo_conf_alta_sin_revisar
inat_272590682_490415245.jpg,False,272590682,490415245,cc-by-nc,"(c) Fundacion ProAves, some rights reserved (CC BY-NC)",fundacion_proaves,2025-04-03,6.4538303755,-76.1149065424,1.0,0.947,,,False,positivo_conf_alta_sin_revisar
inat_27421724_42666546.jpg,False,27421724,42666546,cc-by-nc,"(c) osoandino, some rights reserved (CC BY-NC)",osoandino,2016-08-25,-0.2582052468,-78.1767363165,1.0,0.954,,,True,positivo_conf_alta_sin_revisar
inat_275570590_495138658.jpg,False,275570590,495138658,cc-by-nc,"(c) camilaloayza17, some rights reserved (CC BY-NC)",camilaloayza17,2025-04-26,-16.3091943682,-67.8700903102,0.0,0.0,rastro,sin_oso_yolo,False,excluido_rastro
inat_275570590_495138789.jpg,False,275570590,495138789,cc-by-nc,"(c) camilaloayza17, some rights reserved (CC BY-NC)",camilaloayza17,2025-04-26,-16.3091943682,-67.8700903102,0.0,0.0,rastro,sin_oso_yolo,False,excluido_rastro
inat_27766119_43234876.jpg,False,27766119,43234876,cc0,no rights reserved,charliefarrell2,2016-08-11,-12.0880154283,-71.6042853215,2.0,0.178,oso,conf_baja_yolo,False,positivo
inat_27766119_43235343.jpg,False,27766119,43235343,cc0,no rights reserved,charliefarrell2,2016-08-11,-12.0880154283,-71.6042853215,1.0,0.592,,,False,positivo_conf_alta_sin_revisar
inat_27766119_43720909.jpg,False,27766119,43720909,cc0,no rights reserved,charliefarrell2,2016-08-11,-12.0880154283,-71.6042853215,1.0,0.868,,,False,positivo_conf_alta_sin_revisar
inat_277766545_499235883.jpg,False,277766545,499235883,cc-by-nc,"(c) Sandra Gaibor, some rights reserved (CC BY-NC)",lorenabastos,2025-03-22,-0.088559805,-78.6787826527,1.0,0.81,,,True,positivo_conf_alta_sin_revisar
inat_277766545_499236889.jpg,False,277766545,499236889,cc-by-nc,"(c) Sandra Gaibor, some rights reserved (CC BY-NC)",lorenabastos,2025-03-22,-0.088559805,-78.6787826527,2.0,0.845,,,True,positivo_conf_alta_sin_revisar
inat_277766545_499236938.jpg,False,277766545,499236938,cc-by-nc,"(c) Sandra Gaibor, some rights reserved (CC BY-NC)",lorenabastos,2025-03-22,-0.088559805,-78.6787826527,1.0,0.95,,,True,positivo_conf_alta_sin_revisar
inat_277949312_499083372.jpg,False,277949312,499083372,cc-by-nc,"(c) wpl500, some rights reserved (CC BY-NC)",wpl500,2019-03-17,4.5437013092,-73.7345256994,1.0,0.944,,,False,positivo_conf_alta_sin_revisar
inat_279694118_502274628.jpg,False,279694118,502274628,cc-by-nc,"(c) kwat, some rights reserved (CC BY-NC)",kwat,2025-05-07,-0.0597189496,-78.7374865664,0.0,0.0,oso,sin_oso_yolo,True,positivo
inat_280575921_503933806.jpg,False,280575921,503933806,cc-by-nc,"(c) Kevin Reyes arteaga, some rights reserved (CC BY-NC)",kevin8621,2025-04-17,0.6355374119,-77.9777037705,1.0,0.735,,,True,positivo_conf_alta_sin_revisar
inat_280575921_503933870.jpg,False,280575921,503933870,cc-by-nc,"(c) Kevin Reyes arteaga, some rights reserved (CC BY-NC)",kevin8621,2025-04-17,0.6355374119,-77.9777037705,1.0,0.915,,,True,positivo_conf_alta_sin_revisar
inat_280575921_503933974.jpg,False,280575921,503933974,cc-by-nc,"(c) Kevin Reyes arteaga, some rights reserved (CC BY-NC)",kevin8621,2025-04-17,0.6355374119,-77.9777037705,1.0,0.935,,,True,positivo_conf_alta_sin_revisar
inat_280575921_503934024.jpg,False,280575921,503934024,cc-by-nc,"(c) Kevin Reyes arteaga, some rights reserved (CC BY-NC)",kevin8621,2025-04-17,0.6355374119,-77.9777037705,3.0,0.74,,,True,positivo_conf_alta_sin_revisar
inat_280575921_503934062.jpg,False,280575921,503934062,cc-by-nc,"(c) Kevin Reyes arteaga, some rights reserved (CC BY-NC)",kevin8621,2025-04-17,0.6355374119,-77.9777037705,1.0,0.894,,,True,positivo_conf_alta_sin_revisar
inat_280575921_503934146.jpg,False,280575921,503934146,cc-by-nc,"(c) Kevin Reyes arteaga, some rights reserved (CC BY-NC)",kevin8621,2025-04-17,0.6355374119,-77.9777037705,2.0,0.655,,,True,positivo_conf_alta_sin_revisar
inat_281148403_505019026.jpg,False,281148403,505019026,cc-by-nc,"(c) Alex Baldwin, some rights reserved (CC BY-NC)",alexito-en-los-cedros,2025-05-10,0.307113856,-78.6291863557,0.0,0.0,sin_oso,sin_oso_yolo,True,excluido_sin_oso
inat_281148403_505019039.jpg,False,281148403,505019039,cc-by-nc,"(c) Alex Baldwin, some rights reserved (CC BY-NC)",alexito-en-los-cedros,2025-05-10,0.307113856,-78.6291863557,0.0,0.0,sin_oso,sin_oso_yolo,True,excluido_sin_oso
inat_281368015_505426966.jpg,False,281368015,505426966,cc-by-nc,"(c) Christopher Boccia, some rights reserved (CC BY-NC)",terciopelo,2025-01-19,-0.2948594153,-78.2219516304,1.0,0.763,,,True,positivo_conf_alta_sin_revisar
inat_281368015_505426999.jpg,False,281368015,505426999,cc-by-nc,"(c) Christopher Boccia, some rights reserved (CC BY-NC)",terciopelo,2025-01-19,-0.2948594153,-78.2219516304,1.0,0.863,,,True,positivo_conf_alta_sin_revisar
inat_282722776_507961208.jpg,False,282722776,507961208,cc-by-nc,"(c) Mateo Montesdeoca, some rights reserved (CC BY-NC)",gdtmateo_ecu,2025-03-12,-0.1350443514,-78.7595356148,2.0,0.487,oso,conf_baja_yolo,True,positivo
inat_283456371_509329243.jpg,False,283456371,509329243,cc-by-nc,"(c) Angel Mario Hualpa Erazo, some rights reserved (CC BY-NC)",angelmario,2025-05-18,-4.0241848791,-79.1954373293,1.0,0.591,,,True,positivo_conf_alta_sin_revisar
inat_283456371_509329246.jpg,False,283456371,509329246,cc-by-nc,"(c) Angel Mario Hualpa Erazo, some rights reserved (CC BY-NC)",angelmario,2025-05-18,-4.0241848791,-79.1954373293,1.0,0.508,,,True,positivo_conf_alta_sin_revisar
inat_283456371_509329267.jpg,False,283456371,509329267,cc-by-nc,"(c) Angel Mario Hualpa Erazo, some rights reserved (CC BY-NC)",angelmario,2025-05-18,-4.0241848791,-79.1954373293,1.0,0.267,oso,conf_baja_yolo,True,positivo
inat_283456371_509329274.jpg,False,283456371,509329274,cc-by-nc,"(c) Angel Mario Hualpa Erazo, some rights reserved (CC BY-NC)",angelmario,2025-05-18,-4.0241848791,-79.1954373293,1.0,0.052,oso,conf_baja_yolo,True,positivo
inat_283456371_509329275.jpg,False,283456371,509329275,cc-by-nc,"(c) Angel Mario Hualpa Erazo, some rights reserved (CC BY-NC)",angelmario,2025-05-18,-4.0241848791,-79.1954373293,2.0,0.783,,,True,positivo_conf_alta_sin_revisar
inat_284277908_510877837.jpg,False,284277908,510877837,cc-by-nc,"(c) andre ram, some rights reserved (CC BY-NC)",andre58482,2025-04-09,,,1.0,0.739,,,False,positivo_conf_alta_sin_revisar
inat_28433063_44323320.jpg,False,28433063,44323320,cc-by-nc,"(c) Holger Beck, some rights reserved (CC BY-NC)",holgerbeck,2018-07-30,0.1814880586,-78.6810245585,1.0,0.939,,,True,positivo_conf_alta_sin_revisar
inat_284738733_511750565.jpg,False,284738733,511750565,cc-by-nc,"(c) dayana_zapata39, some rights reserved (CC BY-NC)",dayana_zapata39,2025-05-25,-13.5548658319,-71.6264549522,1.0,0.654,,,False,positivo_conf_alta_sin_revisar
inat_284738734_511750566.jpg,False,284738734,511750566,cc-by-nc,"(c) dayana_zapata39, some rights reserved (CC BY-NC)",dayana_zapata39,2025-05-25,-13.4277629827,-71.6222320431,1.0,0.41,oso,conf_baja_yolo,False,positivo
inat_284844895_511953632.jpg,False,284844895,511953632,cc-by-nc,"(c) Cesar JImenez, some rights reserved (CC BY-NC)",cesar_jimemez_podocarpus_zamora,2025-05-28,-4.0549769841,-78.9003814965,0.0,0.0,duda,sin_oso_yolo,True,excluido_duda
inat_284844895_511953713.jpg,False,284844895,511953713,cc-by-nc,"(c) Cesar JImenez, some rights reserved (CC BY-NC)",cesar_jimemez_podocarpus_zamora,2025-05-28,-4.0549769841,-78.9003814965,0.0,0.0,sin_oso,sin_oso_yolo,True,excluido_sin_oso
inat_284844895_511953776.jpg,False,284844895,511953776,cc-by-nc,"(c) Cesar JImenez, some rights reserved (CC BY-NC)",cesar_jimemez_podocarpus_zamora,2025-05-28,-4.0549769841,-78.9003814965,0.0,0.0,sin_oso,sin_oso_yolo,True,excluido_sin_oso
inat_284844895_511953820.jpg,False,284844895,511953820,cc-by-nc,"(c) Cesar JImenez, some rights reserved (CC BY-NC)",cesar_jimemez_podocarpus_zamora,2025-05-28,-4.0549769841,-78.9003814965,0.0,0.0,sin_oso,sin_oso_yolo,True,excluido_sin_oso
inat_284844895_511953857.jpg,False,284844895,511953857,cc-by-nc,"(c) Cesar JImenez, some rights reserved (CC BY-NC)",cesar_jimemez_podocarpus_zamora,2025-05-28,-4.0549769841,-78.9003814965,0.0,0.0,sin_oso,sin_oso_yolo,True,excluido_sin_oso
inat_284844895_511953901.jpg,False,284844895,511953901,cc-by-nc,"(c) Cesar JImenez, some rights reserved (CC BY-NC)",cesar_jimemez_podocarpus_zamora,2025-05-28,-4.0549769841,-78.9003814965,0.0,0.0,sin_oso,sin_oso_yolo,True,excluido_sin_oso
inat_284844895_511953936.jpg,False,284844895,511953936,cc-by-nc,"(c) Cesar JImenez, some rights reserved (CC BY-NC)",cesar_jimemez_podocarpus_zamora,2025-05-28,-4.0549769841,-78.9003814965,0.0,0.0,sin_oso,sin_oso_yolo,True,excluido_sin_oso
inat_284844895_511954001.jpg,False,284844895,511954001,cc-by-nc,"(c) Cesar JImenez, some rights reserved (CC BY-NC)",cesar_jimemez_podocarpus_zamora,2025-05-28,-4.0549769841,-78.9003814965,0.0,0.0,sin_oso,sin_oso_yolo,True,excluido_sin_oso
inat_284844895_511954050.jpg,False,284844895,511954050,cc-by-nc,"(c) Cesar JImenez, some rights reserved (CC BY-NC)",cesar_jimemez_podocarpus_zamora,2025-05-28,-4.0549769841,-78.9003814965,0.0,0.0,sin_oso,sin_oso_yolo,True,excluido_sin_oso
inat_284844895_511954089.jpg,False,284844895,511954089,cc-by-nc,"(c) Cesar JImenez, some rights reserved (CC BY-NC)",cesar_jimemez_podocarpus_zamora,2025-05-28,-4.0549769841,-78.9003814965,0.0,0.0,duda,sin_oso_yolo,True,excluido_duda
inat_284844895_511954132.jpg,False,284844895,511954132,cc-by-nc,"(c) Cesar JImenez, some rights reserved (CC BY-NC)",cesar_jimemez_podocarpus_zamora,2025-05-28,-4.0549769841,-78.9003814965,0.0,0.0,duda,sin_oso_yolo,True,excluido_duda
inat_284844895_511954177.jpg,False,284844895,511954177,cc-by-nc,"(c) Cesar JImenez, some rights reserved (CC BY-NC)",cesar_jimemez_podocarpus_zamora,2025-05-28,-4.0549769841,-78.9003814965,0.0,0.0,duda,sin_oso_yolo,True,excluido_duda
inat_284844895_511954217.jpg,False,284844895,511954217,cc-by-nc,"(c) Cesar JImenez, some rights reserved (CC BY-NC)",cesar_jimemez_podocarpus_zamora,2025-05-28,-4.0549769841,-78.9003814965,1.0,0.078,duda,conf_baja_yolo,True,excluido_duda
inat_284844895_511954284.jpg,False,284844895,511954284,cc-by-nc,"(c) Cesar JImenez, some rights reserved (CC BY-NC)",cesar_jimemez_podocarpus_zamora,2025-05-28,-4.0549769841,-78.9003814965,0.0,0.0,duda,sin_oso_yolo,True,excluido_duda
inat_284844895_511954314.jpg,False,284844895,511954314,cc-by-nc,"(c) Cesar JImenez, some rights reserved (CC BY-NC)",cesar_jimemez_podocarpus_zamora,2025-05-28,-4.0549769841,-78.9003814965,0.0,0.0,duda,sin_oso_yolo,True,excluido_duda
inat_284844895_511954353.jpg,False,284844895,511954353,cc-by-nc,"(c) Cesar JImenez, some rights reserved (CC BY-NC)",cesar_jimemez_podocarpus_zamora,2025-05-28,-4.0549769841,-78.9003814965,0.0,0.0,duda,sin_oso_yolo,True,excluido_duda
inat_284844895_511954401.jpg,False,284844895,511954401,cc-by-nc,"(c) Cesar JImenez, some rights reserved (CC BY-NC)",cesar_jimemez_podocarpus_zamora,2025-05-28,-4.0549769841,-78.9003814965,0.0,0.0,duda,sin_oso_yolo,True,excluido_duda
inat_285063137_512363563.jpg,False,285063137,512363563,cc-by-nc,"(c) tf2lazuli, some rights reserved (CC BY-NC)",tf2lazuli,2025-05-29,-0.1539407249,-78.6693165007,1.0,0.9,,,True,positivo_conf_alta_sin_revisar
inat_285074463_512384149.jpg,False,285074463,512384149,cc-by-nc,"(c) jdkiersten, some rights reserved (CC BY-NC)",jdkiersten,2025-05-29,-0.0208442174,-78.6708662911,1.0,0.863,,,True,positivo_conf_alta_sin_revisar
inat_285074463_512384216.jpg,False,285074463,512384216,cc-by-nc,"(c) jdkiersten, some rights reserved (CC BY-NC)",jdkiersten,2025-05-29,-0.0208442174,-78.6708662911,1.0,0.887,,,True,positivo_conf_alta_sin_revisar
inat_285074463_512441181.jpg,False,285074463,512441181,cc-by-nc,"(c) jdkiersten, some rights reserved (CC BY-NC)",jdkiersten,2025-05-29,-0.0208442174,-78.6708662911,1.0,0.306,oso,conf_baja_yolo,True,positivo
inat_285074463_512444036.jpg,False,285074463,512444036,cc-by-nc,"(c) jdkiersten, some rights reserved (CC BY-NC)",jdkiersten,2025-05-29,-0.0208442174,-78.6708662911,1.0,0.787,,,True,positivo_conf_alta_sin_revisar
inat_285144458_512510335.jpg,False,285144458,512510335,cc-by-nc,"(c) rioguacamayos, some rights reserved (CC BY-NC)",rioguacamayos,2025-05-01,-0.7872897417,-77.560780203,1.0,0.941,,,True,positivo_conf_alta_sin_revisar
inat_285192120_512613584.jpg,False,285192120,512613584,cc-by-nc,"(c) celestedelgado, some rights reserved (CC BY-NC)",celestedelgado,2025-05-29,0.1274735909,-78.979615161,2.0,0.262,oso,conf_baja_yolo,True,positivo
inat_285237118_512690775.jpg,False,285237118,512690775,cc-by-nc,"(c) ellasvar, some rights reserved (CC BY-NC)",ellasvar,2025-05-29,0.1737607309,-78.6883404509,2.0,0.262,oso,conf_baja_yolo,True,positivo
inat_285367347_512928443.jpg,False,285367347,512928443,cc-by-nc,"(c) Kevin Reyes arteaga, some rights reserved (CC BY-NC)",kevin8621,2025-05-29,0.792346551,-77.8808345513,2.0,0.167,oso,conf_baja_yolo,True,positivo
inat_285367347_512930586.jpg,False,285367347,512930586,cc-by-nc,"(c) Kevin Reyes arteaga, some rights reserved (CC BY-NC)",kevin8621,2025-05-29,0.792346551,-77.8808345513,1.0,0.651,,,True,positivo_conf_alta_sin_revisar
inat_285368666_512930939.jpg,False,285368666,512930939,cc-by-nc,"(c) Kevin Reyes arteaga, some rights reserved (CC BY-NC)",kevin8621,2025-05-29,0.7636289422,-78.0596381412,0.0,0.0,oso,sin_oso_yolo,True,positivo
inat_285368666_512930982.jpg,False,285368666,512930982,cc-by-nc,"(c) Kevin Reyes arteaga, some rights reserved (CC BY-NC)",kevin8621,2025-05-29,0.7636289422,-78.0596381412,1.0,0.473,oso,conf_baja_yolo,True,positivo
inat_285384907_512960923.jpg,False,285384907,512960923,cc-by-nc,"(c) Nelson Apolo, some rights reserved (CC BY-NC)",ecuadornaturetours,2025-05-21,-0.1227411081,-78.7159208592,1.0,0.569,,,True,positivo_conf_alta_sin_revisar
inat_285946390_514008226.jpg,False,285946390,514008226,cc-by-nc,"(c) Logan Part, some rights reserved (CC BY-NC)",logankparr,2025-05-29,4.7325773384,-73.8795916514,1.0,0.16,oso,conf_baja_yolo,False,positivo
inat_286358549_514792343.jpg,False,286358549,514792343,cc-by,"(c) Francisco Sánchez Karste, some rights reserved (CC BY)",fkarste,2022-01-01,-2.598791333,-79.2455574525,1.0,0.931,,,True,positivo_conf_alta_sin_revisar
inat_286359998_514794990.jpg,False,286359998,514794990,cc-by,"(c) Francisco Sánchez Karste, some rights reserved (CC BY)",fkarste,2022-06-11,-2.8780103153,-79.597515619,1.0,0.808,,,True,positivo_conf_alta_sin_revisar
inat_287330384_516628710.jpg,False,287330384,516628710,cc-by,"(c) Francisco Sánchez Karste, some rights reserved (CC BY)",fkarste,2021-03-28,-2.6183875807,-79.1907852987,1.0,0.941,,,True,positivo_conf_alta_sin_revisar
inat_287330384_516628722.jpg,False,287330384,516628722,cc-by,"(c) Francisco Sánchez Karste, some rights reserved (CC BY)",fkarste,2021-03-28,-2.6183875807,-79.1907852987,1.0,0.963,,,True,positivo_conf_alta_sin_revisar
inat_287420663_516833638.jpg,False,287420663,516833638,cc-by-nc,"(c) Nelson Apolo, some rights reserved (CC BY-NC)",ecuadornaturetours,2025-06-06,-0.1543634516,-78.6309808526,1.0,0.878,,,True,positivo_conf_alta_sin_revisar
inat_287420663_516833719.jpg,False,287420663,516833719,cc-by-nc,"(c) Nelson Apolo, some rights reserved (CC BY-NC)",ecuadornaturetours,2025-06-06,-0.1543634516,-78.6309808526,1.0,0.904,,,True,positivo_conf_alta_sin_revisar
inat_288091427_518053917.jpg,False,288091427,518053917,cc-by-nc,"(c) ERIKA JAZMIN TEPAN VALLADARES, some rights reserved (CC BY-NC)",erika_tepan,2025-05-31,-1.5818158466,-77.8843152802,1.0,0.908,,,True,positivo_conf_alta_sin_revisar
inat_288387418_518619035.jpg,False,288387418,518619035,cc-by-nc,"(c) Kami and Kids, some rights reserved (CC BY-NC)",familia-latorre,2024-03-28,4.8488423807,-73.8908477845,0.0,0.0,duda,sin_oso_yolo,False,excluido_duda
inat_289897251_521448322.jpg,False,289897251,521448322,cc-by-nc,"(c) Diana G Vera Villagomez, some rights reserved (CC BY-NC)",unatreefah,2025-01-17,-0.3233789492,-78.2263703103,0.0,0.0,duda,sin_oso_yolo,True,excluido_duda
inat_289897251_521448375.jpg,False,289897251,521448375,cc-by-nc,"(c) Diana G Vera Villagomez, some rights reserved (CC BY-NC)",unatreefah,2025-01-17,-0.3233789492,-78.2263703103,0.0,0.0,duda,sin_oso_yolo,True,excluido_duda
inat_289897251_521448412.jpg,False,289897251,521448412,cc-by-nc,"(c) Diana G Vera Villagomez, some rights reserved (CC BY-NC)",unatreefah,2025-01-17,-0.3233789492,-78.2263703103,0.0,0.0,duda,sin_oso_yolo,True,excluido_duda
inat_289897251_521448455.jpg,False,289897251,521448455,cc-by-nc,"(c) Diana G Vera Villagomez, some rights reserved (CC BY-NC)",unatreefah,2025-01-17,-0.3233789492,-78.2263703103,0.0,0.0,duda,sin_oso_yolo,True,excluido_duda
inat_289897251_521448499.jpg,False,289897251,521448499,cc-by-nc,"(c) Diana G Vera Villagomez, some rights reserved (CC BY-NC)",unatreefah,2025-01-17,-0.3233789492,-78.2263703103,0.0,0.0,duda,sin_oso_yolo,True,excluido_duda
inat_289897412_521448553.jpg,False,289897412,521448553,cc-by-nc,"(c) Diana G Vera Villagomez, some rights reserved (CC BY-NC)",unatreefah,2025-01-17,-0.2665943343,-78.2572400049,0.0,0.0,duda,sin_oso_yolo,True,excluido_duda
inat_289897456_521448623.jpg,False,289897456,521448623,cc-by-nc,"(c) Diana G Vera Villagomez, some rights reserved (CC BY-NC)",unatreefah,2025-01-17,-0.2990351146,-78.2497161715,0.0,0.0,duda,sin_oso_yolo,True,excluido_duda
inat_289897456_521448678.jpg,False,289897456,521448678,cc-by-nc,"(c) Diana G Vera Villagomez, some rights reserved (CC BY-NC)",unatreefah,2025-01-17,-0.2990351146,-78.2497161715,0.0,0.0,duda,sin_oso_yolo,True,excluido_duda
inat_289897456_521448727.jpg,False,289897456,521448727,cc-by-nc,"(c) Diana G Vera Villagomez, some rights reserved (CC BY-NC)",unatreefah,2025-01-17,-0.2990351146,-78.2497161715,0.0,0.0,duda,sin_oso_yolo,True,excluido_duda
inat_289897456_521448770.jpg,False,289897456,521448770,cc-by-nc,"(c) Diana G Vera Villagomez, some rights reserved (CC BY-NC)",unatreefah,2025-01-17,-0.2990351146,-78.2497161715,0.0,0.0,duda,sin_oso_yolo,True,excluido_duda
inat_289897456_521448817.jpg,False,289897456,521448817,cc-by-nc,"(c) Diana G Vera Villagomez, some rights reserved (CC BY-NC)",unatreefah,2025-01-17,-0.2990351146,-78.2497161715,0.0,0.0,duda,sin_oso_yolo,True,excluido_duda
inat_289897456_521448876.jpg,False,289897456,521448876,cc-by-nc,"(c) Diana G Vera Villagomez, some rights reserved (CC BY-NC)",unatreefah,2025-01-17,-0.2990351146,-78.2497161715,0.0,0.0,duda,sin_oso_yolo,True,excluido_duda
inat_289897456_521448941.jpg,False,289897456,521448941,cc-by-nc,"(c) Diana G Vera Villagomez, some rights reserved (CC BY-NC)",unatreefah,2025-01-17,-0.2990351146,-78.2497161715,0.0,0.0,duda,sin_oso_yolo,True,excluido_duda
inat_290515920_522621411.jpg,False,290515920,522621411,cc-by-nc,"(c) Boris Landázuri, some rights reserved (CC BY-NC)",borislandazuri,2025-06-15,-2.5748580526,-78.4368566142,0.0,0.0,oso,sin_oso_yolo,True,positivo
inat_290515920_522621917.jpg,False,290515920,522621917,cc-by-nc,"(c) Boris Landázuri, some rights reserved (CC BY-NC)",borislandazuri,2025-06-15,-2.5748580526,-78.4368566142,2.0,0.338,oso,conf_baja_yolo,True,positivo
inat_291331507_524157785.jpg,False,291331507,524157785,cc-by-nc,"(c) Armando Castellanos, some rights reserved (CC BY-NC)",armando_castellanos,2025-06-18,-1.370173618,-78.5022066609,1.0,0.8,,,True,positivo_conf_alta_sin_revisar
inat_291635328_524725900.jpg,False,291635328,524725900,cc-by-nc,"(c) Joey Negreann, some rights reserved (CC BY-NC)",jnegreann,2023-10-19,-0.3806811605,-78.3412936027,1.0,0.273,sin_oso,conf_baja_yolo,True,excluido_sin_oso
inat_292182342_525772695.jpg,False,292182342,525772695,cc-by-nc,"(c) gavjsp, some rights reserved (CC BY-NC)",gavjsp,2025-06-11,-1.2944477146,-78.5761881104,0.0,0.0,rastro,sin_oso_yolo,True,excluido_rastro
inat_292182342_525772835.jpg,False,292182342,525772835,cc-by-nc,"(c) gavjsp, some rights reserved (CC BY-NC)",gavjsp,2025-06-11,-1.2944477146,-78.5761881104,0.0,0.0,rastro,sin_oso_yolo,True,excluido_rastro
inat_292182419_525772912.jpg,False,292182419,525772912,cc-by-nc,"(c) gavjsp, some rights reserved (CC BY-NC)",gavjsp,2025-06-09,-1.2619027737,-78.5802121324,0.0,0.0,rastro,sin_oso_yolo,True,excluido_rastro
inat_292936369_527205502.jpg,False,292936369,527205502,cc-by-nc,"(c) gavjsp, some rights reserved (CC BY-NC)",gavjsp,2025-06-25,-1.3409522919,-78.5313514264,0.0,0.0,rastro,sin_oso_yolo,True,excluido_rastro
inat_293909205_528976191.jpg,False,293909205,528976191,cc-by,"(c) Melissa Meadows, some rights reserved (CC BY)",melissameadows,2025-05-29,-0.1100534748,-78.7110975354,1.0,0.936,,,True,positivo_conf_alta_sin_revisar
inat_293909205_528976195.jpg,False,293909205,528976195,cc-by,"(c) Melissa Meadows, some rights reserved (CC BY)",melissameadows,2025-05-29,-0.1100534748,-78.7110975354,1.0,0.79,,,True,positivo_conf_alta_sin_revisar
inat_293909205_528976199.jpg,False,293909205,528976199,cc-by,"(c) Melissa Meadows, some rights reserved (CC BY)",melissameadows,2025-05-29,-0.1100534748,-78.7110975354,1.0,0.913,,,True,positivo_conf_alta_sin_revisar
inat_293909205_528976213.jpg,False,293909205,528976213,cc-by,"(c) Melissa Meadows, some rights reserved (CC BY)",melissameadows,2025-05-29,-0.1100534748,-78.7110975354,1.0,0.905,,,True,positivo_conf_alta_sin_revisar
inat_294224586_529575447.jpg,False,294224586,529575447,cc-by,"(c) Frank Dietze, some rights reserved (CC BY)",frankdietze,2025-06-30,0.0486978682,-78.507097669,0.0,0.0,rastro,sin_oso_yolo,True,excluido_rastro
inat_294224586_529575575.jpg,False,294224586,529575575,cc-by,"(c) Frank Dietze, some rights reserved (CC BY)",frankdietze,2025-06-30,0.0486978682,-78.507097669,0.0,0.0,rastro,sin_oso_yolo,True,excluido_rastro
inat_295090976_531206083.jpg,False,295090976,531206083,cc-by-nc,"(c) Mathieu Sannier, some rights reserved (CC BY-NC)",mathieusanniervireon,2025-06-23,-12.4457484588,-72.0893855445,1.0,0.954,,,False,positivo_conf_alta_sin_revisar
inat_296515363_533916633.jpg,False,296515363,533916633,cc-by-nc,"(c) Juan Camilo Muñoz, some rights reserved (CC BY-NC)",juanc_munoz,2021-02-21,4.6199090638,-73.9053411726,0.0,0.0,rastro,sin_oso_yolo,False,excluido_rastro
inat_296515363_533916636.jpg,False,296515363,533916636,cc-by-nc,"(c) Juan Camilo Muñoz, some rights reserved (CC BY-NC)",juanc_munoz,2021-02-21,4.6199090638,-73.9053411726,0.0,0.0,rastro,sin_oso_yolo,False,excluido_rastro
inat_297975893_536680519.jpg,False,297975893,536680519,cc-by-nc,"(c) Aaron Rusak, some rights reserved (CC BY-NC)",afrusak,2025-07-05,-0.0766241589,-78.7218470997,1.0,0.832,,,True,positivo_conf_alta_sin_revisar
inat_298187182_537084628.jpg,False,298187182,537084628,cc-by-nc,"(c) andre ram, some rights reserved (CC BY-NC)",andre58482,2024-03-25,,,1.0,0.92,,,False,positivo_conf_alta_sin_revisar
inat_298200858_537110854.jpg,False,298200858,537110854,cc-by-nc,"(c) Sonia Molino, some rights reserved (CC BY-NC)",soniamolino,2025-06-11,-0.2153276255,-78.3962374097,0.0,0.0,sin_oso,sin_oso_yolo,True,excluido_sin_oso
inat_298208812_537123972.jpg,False,298208812,537123972,cc-by-nc,"(c) David Thomas, some rights reserved (CC BY-NC)",syrrhaptes,2025-01-18,-0.2810909203,-78.3698985544,0.0,0.0,oso,sin_oso_yolo,True,positivo
inat_298208812_537123982.jpg,False,298208812,537123982,cc-by-nc,"(c) David Thomas, some rights reserved (CC BY-NC)",syrrhaptes,2025-01-18,-0.2810909203,-78.3698985544,0.0,0.0,oso,sin_oso_yolo,True,positivo
inat_298208812_537123989.jpg,False,298208812,537123989,cc-by-nc,"(c) David Thomas, some rights reserved (CC BY-NC)",syrrhaptes,2025-01-18,-0.2810909203,-78.3698985544,0.0,0.0,oso,sin_oso_yolo,True,positivo
inat_298209541_537125624.jpg,False,298209541,537125624,cc-by-nc,"(c) David Thomas, some rights reserved (CC BY-NC)",syrrhaptes,2025-01-19,-0.3437514234,-78.0051574986,7.0,0.809,,,True,positivo_conf_alta_sin_revisar
inat_299188751_539006021.jpg,False,299188751,539006021,cc-by-nc,"(c) Nelson Apolo, some rights reserved (CC BY-NC)",ecuadornaturetours,2025-06-16,-0.3516103054,-78.2037261567,1.0,0.647,,,True,positivo_conf_alta_sin_revisar
inat_299188902_539063411.jpg,False,299188902,539063411,cc-by-nc,"(c) Nelson Apolo, some rights reserved (CC BY-NC)",ecuadornaturetours,2025-06-16,-0.2425713082,-78.3767189142,1.0,0.798,,,True,positivo_conf_alta_sin_revisar
inat_300220401_540915631.jpg,False,300220401,540915631,cc-by-nc,"(c) Marie Tarrant, some rights reserved (CC BY-NC)",marietarrant,2025-07-22,-0.2910936761,-78.0587088147,0.0,0.0,oso,sin_oso_yolo,True,positivo
inat_300220401_540915658.jpg,False,300220401,540915658,cc-by-nc,"(c) Marie Tarrant, some rights reserved (CC BY-NC)",marietarrant,2025-07-22,-0.2910936761,-78.0587088147,1.0,0.539,,,True,positivo_conf_alta_sin_revisar
inat_301591929_543472685.jpg,False,301591929,543472685,cc-by-nc,"(c) dupuy31, some rights reserved (CC BY-NC)",dupuy31,2021-10-14,-0.0964162308,-78.7871238096,1.0,0.955,,,True,positivo_conf_alta_sin_revisar
inat_302308533_544816107.jpg,False,302308533,544816107,cc-by-nc,"(c) André Nagelhout, some rights reserved (CC BY-NC)",nagelhoutandre,2025-07-10,-18.3384188514,-63.6337936147,0.0,0.0,rastro,sin_oso_yolo,False,excluido_rastro
inat_302629230_545409424.jpg,False,302629230,545409424,cc-by-nc,"(c) ficherthescarab, some rights reserved (CC BY-NC)",ficherthescarab,2025-07-27,4.9351332218,-73.7460197507,2.0,0.792,,,False,positivo_conf_alta_sin_revisar
inat_302629230_545409457.jpg,False,302629230,545409457,cc-by-nc,"(c) ficherthescarab, some rights reserved (CC BY-NC)",ficherthescarab,2025-07-27,4.9351332218,-73.7460197507,1.0,0.113,oso,conf_baja_yolo,False,positivo
inat_302629230_545409486.jpg,False,302629230,545409486,cc-by-nc,"(c) ficherthescarab, some rights reserved (CC BY-NC)",ficherthescarab,2025-07-27,4.9351332218,-73.7460197507,0.0,0.0,duda,sin_oso_yolo,False,excluido_duda
inat_302629230_545409521.jpg,False,302629230,545409521,cc-by-nc,"(c) ficherthescarab, some rights reserved (CC BY-NC)",ficherthescarab,2025-07-27,4.9351332218,-73.7460197507,0.0,0.0,duda,sin_oso_yolo,False,excluido_duda
inat_302629230_545409558.jpg,False,302629230,545409558,cc-by-nc,"(c) ficherthescarab, some rights reserved (CC BY-NC)",ficherthescarab,2025-07-27,4.9351332218,-73.7460197507,2.0,0.406,oso,conf_baja_yolo,False,positivo
inat_30395026_47486195.jpg,False,30395026,47486195,cc-by-nc,"(c) Greg Boreham, some rights reserved (CC BY-NC)",treklightly,2019-05-10,-0.2556582325,-78.3819147454,1.0,0.904,,,True,positivo_conf_alta_sin_revisar
inat_30395026_47487220.jpg,False,30395026,47487220,cc-by-nc,"(c) Greg Boreham, some rights reserved (CC BY-NC)",treklightly,2019-05-10,-0.2556582325,-78.3819147454,1.0,0.907,,,True,positivo_conf_alta_sin_revisar
inat_30395029_47486200.jpg,False,30395029,47486200,cc-by-nc,"(c) Greg Boreham, some rights reserved (CC BY-NC)",treklightly,2019-05-10,-0.3233031396,-78.2889173318,1.0,0.795,,,True,positivo_conf_alta_sin_revisar
inat_30395029_47487155.jpg,False,30395029,47487155,cc-by-nc,"(c) Greg Boreham, some rights reserved (CC BY-NC)",treklightly,2019-05-10,-0.3233031396,-78.2889173318,1.0,0.296,oso,conf_baja_yolo,True,positivo
inat_30395029_47487157.jpg,False,30395029,47487157,cc-by-nc,"(c) Greg Boreham, some rights reserved (CC BY-NC)",treklightly,2019-05-10,-0.3233031396,-78.2889173318,1.0,0.524,,,True,positivo_conf_alta_sin_revisar
inat_30406242_47505659.jpg,False,30406242,47505659,cc-by-nc,"(c) josiahclark, some rights reserved (CC BY-NC)",josiahclark,2019-08-07,-0.5585515121,-78.2114974158,0.0,0.0,oso,sin_oso_yolo,True,positivo
inat_304138673_548222120.jpg,False,304138673,548222120,cc-by-nc,"(c) Catherine Hirsch, some rights reserved (CC BY-NC)",catherinehirsch,2025-07-22,-0.2200504533,-78.2274252519,1.0,0.683,,,True,positivo_conf_alta_sin_revisar
inat_30442666_47561320.jpg,False,30442666,47561320,cc-by-nc,"(c) Holger Beck, some rights reserved (CC BY-NC)",holgerbeck,2016-12-22,0.1260505227,-78.7919456079,0.0,0.0,oso,sin_oso_yolo,True,positivo
inat_305407568_550658102.jpg,False,305407568,550658102,cc-by-nc,"(c) Matthew Voelker, some rights reserved (CC BY-NC)",matthew_voelker,2025-06-06,-0.1113444037,-78.737095309,2.0,0.626,,,True,positivo_conf_alta_sin_revisar
inat_305919474_551631851.jpg,False,305919474,551631851,cc-by-nc,"(c) danplant, some rights reserved (CC BY-NC)",danplant,2025-08-11,-9.7926153306,-75.9964670561,0.0,0.0,oso,sin_oso_yolo,False,positivo
inat_306237482_552237593.jpg,False,306237482,552237593,cc-by-nc,"(c) Tom Lansley, some rights reserved (CC BY-NC)",tomlansley,2025-07-31,-0.1683106195,-78.6181478635,1.0,0.904,,,True,positivo_conf_alta_sin_revisar
inat_306598736_552927137.jpg,False,306598736,552927137,cc-by-nc,"(c) Dustyn DeFoor, some rights reserved (CC BY-NC)",ddefoor,2025-06-20,-0.1084597585,-78.6684399994,1.0,0.854,,,True,positivo_conf_alta_sin_revisar
inat_306598736_552927291.jpg,False,306598736,552927291,cc-by-nc,"(c) Dustyn DeFoor, some rights reserved (CC BY-NC)",ddefoor,2025-06-20,-0.1084597585,-78.6684399994,2.0,0.408,oso,conf_baja_yolo,True,positivo
inat_307858862_555349436.jpg,False,307858862,555349436,cc-by-nc,"(c) Martin W, some rights reserved (CC BY-NC)",martinwettges,2025-08-20,-10.6761274513,-75.4705914374,0.0,0.0,sin_oso,sin_oso_yolo,False,excluido_sin_oso
inat_309053072_557645904.jpg,False,309053072,557645904,cc-by-nc,"(c) cbernz, some rights reserved (CC BY-NC)",cbernz,2020-12-05,-0.2040696726,-78.2897725736,1.0,0.872,,,True,positivo_conf_alta_sin_revisar
inat_30943799_48379001.jpg,False,30943799,48379001,cc-by-nc,"(c) osoandino, some rights reserved (CC BY-NC)",osoandino,2017-02-14,-0.2356144058,-78.1600407557,2.0,0.747,,,True,positivo_conf_alta_sin_revisar
inat_30943799_48379137.jpg,False,30943799,48379137,cc-by-nc,"(c) osoandino, some rights reserved (CC BY-NC)",osoandino,2017-02-14,-0.2356144058,-78.1600407557,1.0,0.225,oso,conf_baja_yolo,True,positivo
inat_30975850_48433285.jpg,False,30975850,48433285,cc-by-nc,"(c) osoandino, some rights reserved (CC BY-NC)",osoandino,2016-12-29,-0.2591396383,-78.1573081582,1.0,0.401,oso,conf_baja_yolo,True,positivo
inat_30976331_48434188.jpg,False,30976331,48434188,cc-by-nc,"(c) osoandino, some rights reserved (CC BY-NC)",osoandino,2016-10-22,-0.5616218764,-78.3347333239,1.0,0.646,,,True,positivo_conf_alta_sin_revisar
inat_30976331_48434214.jpg,False,30976331,48434214,cc-by-nc,"(c) osoandino, some rights reserved (CC BY-NC)",osoandino,2016-10-22,-0.5616218764,-78.3347333239,1.0,0.15,oso,conf_baja_yolo,True,positivo
inat_30977930_48437451.jpg,False,30977930,48437451,cc-by-nc,"(c) osoandino, some rights reserved (CC BY-NC)",osoandino,2016-12-31,-0.3874125251,-78.3831462859,1.0,0.762,,,True,positivo_conf_alta_sin_revisar
inat_30978130_48437857.jpg,False,30978130,48437857,cc-by-nc,"(c) osoandino, some rights reserved (CC BY-NC)",osoandino,2016-09-27,-0.3900681524,-78.0514420341,1.0,0.951,,,True,positivo_conf_alta_sin_revisar
inat_30980753_48441294.jpg,False,30980753,48441294,cc-by-nc,"(c) osoandino, some rights reserved (CC BY-NC)",osoandino,2016-12-26,-0.3390943749,-78.3053885196,1.0,0.894,,,True,positivo_conf_alta_sin_revisar
inat_30980753_48441333.jpg,False,30980753,48441333,cc-by-nc,"(c) osoandino, some rights reserved (CC BY-NC)",osoandino,2016-12-26,-0.3390943749,-78.3053885196,0.0,0.0,oso,sin_oso_yolo,True,positivo
inat_30980969_48441675.jpg,False,30980969,48441675,cc-by-nc,"(c) osoandino, some rights reserved (CC BY-NC)",osoandino,2016-09-20,-0.3796773246,-78.2337138334,1.0,0.876,,,True,positivo_conf_alta_sin_revisar
inat_310110391_559657685.jpg,False,310110391,559657685,cc-by-nc,"(c) Juan Jacobo Castillo @jcastillo.ph, some rights reserved (CC BY-NC)",juan_jacobo5,2025-05-31,4.8140150752,-73.8077926556,4.0,0.924,,,False,positivo_conf_alta_sin_revisar
inat_311006082_561375836.jpg,False,311006082,561375836,cc-by-nc,"(c) Kenneth Bader, some rights reserved (CC BY-NC)",kucycads,2025-09-01,-0.5045373874,-78.3195245573,1.0,0.757,,,True,positivo_conf_alta_sin_revisar
inat_311006082_561375871.jpg,False,311006082,561375871,cc-by-nc,"(c) Kenneth Bader, some rights reserved (CC BY-NC)",kucycads,2025-09-01,-0.5045373874,-78.3195245573,1.0,0.072,oso,conf_baja_yolo,True,positivo
inat_311006082_561375898.jpg,False,311006082,561375898,cc-by-nc,"(c) Kenneth Bader, some rights reserved (CC BY-NC)",kucycads,2025-09-01,-0.5045373874,-78.3195245573,1.0,0.878,,,True,positivo_conf_alta_sin_revisar
inat_311006082_561375926.jpg,False,311006082,561375926,cc-by-nc,"(c) Kenneth Bader, some rights reserved (CC BY-NC)",kucycads,2025-09-01,-0.5045373874,-78.3195245573,1.0,0.934,,,True,positivo_conf_alta_sin_revisar
inat_311006082_561375951.jpg,False,311006082,561375951,cc-by-nc,"(c) Kenneth Bader, some rights reserved (CC BY-NC)",kucycads,2025-09-01,-0.5045373874,-78.3195245573,1.0,0.895,,,True,positivo_conf_alta_sin_revisar
inat_311006082_561375985.jpg,False,311006082,561375985,cc-by-nc,"(c) Kenneth Bader, some rights reserved (CC BY-NC)",kucycads,2025-09-01,-0.5045373874,-78.3195245573,1.0,0.877,,,True,positivo_conf_alta_sin_revisar
inat_311006082_561376008.jpg,False,311006082,561376008,cc-by-nc,"(c) Kenneth Bader, some rights reserved (CC BY-NC)",kucycads,2025-09-01,-0.5045373874,-78.3195245573,1.0,0.9,,,True,positivo_conf_alta_sin_revisar
inat_311006082_561376032.jpg,False,311006082,561376032,cc-by-nc,"(c) Kenneth Bader, some rights reserved (CC BY-NC)",kucycads,2025-09-01,-0.5045373874,-78.3195245573,1.0,0.945,,,True,positivo_conf_alta_sin_revisar
inat_31357205_49070123.jpg,False,31357205,49070123,cc-by,"(c) sandy-espinozaf, some rights reserved (CC BY)",sandyespinozaf,2017-01-19,0.1770301695,-78.7111506342,1.0,0.917,,,True,positivo_conf_alta_sin_revisar
inat_315133082_569257117.jpg,False,315133082,569257117,cc-by-nc,"(c) Santiago, some rights reserved (CC BY-NC)",santiago_alb,2025-04-19,-0.0498416565,-78.6035841422,1.0,0.944,,,True,positivo_conf_alta_sin_revisar
inat_315133082_569257149.jpg,False,315133082,569257149,cc-by-nc,"(c) Santiago, some rights reserved (CC BY-NC)",santiago_alb,2025-04-19,-0.0498416565,-78.6035841422,3.0,0.41,oso,conf_baja_yolo,True,positivo
inat_315380094_569718473.jpg,False,315380094,569718473,cc-by-nc,"(c) david-villa, some rights reserved (CC BY-NC)",david-villa,2025-09-20,-3.0801835918,-78.6414244403,0.0,0.0,rastro,sin_oso_yolo,True,excluido_rastro
inat_315380094_569718501.jpg,False,315380094,569718501,cc-by-nc,"(c) david-villa, some rights reserved (CC BY-NC)",david-villa,2025-09-20,-3.0801835918,-78.6414244403,0.0,0.0,rastro,sin_oso_yolo,True,excluido_rastro
inat_315380094_569718531.jpg,False,315380094,569718531,cc-by-nc,"(c) david-villa, some rights reserved (CC BY-NC)",david-villa,2025-09-20,-3.0801835918,-78.6414244403,0.0,0.0,rastro,sin_oso_yolo,True,excluido_rastro
inat_315380094_569718551.jpg,False,315380094,569718551,cc-by-nc,"(c) david-villa, some rights reserved (CC BY-NC)",david-villa,2025-09-20,-3.0801835918,-78.6414244403,0.0,0.0,rastro,sin_oso_yolo,True,excluido_rastro
inat_315380094_569718580.jpg,False,315380094,569718580,cc-by-nc,"(c) david-villa, some rights reserved (CC BY-NC)",david-villa,2025-09-20,-3.0801835918,-78.6414244403,0.0,0.0,rastro,sin_oso_yolo,True,excluido_rastro
inat_316910162_572614652.jpg,False,316910162,572614652,cc-by-nc,"(c) uzun, some rights reserved (CC BY-NC)",uzun,2025-09-19,-0.4171269342,-78.3336771863,1.0,0.781,,,True,positivo_conf_alta_sin_revisar
inat_316910162_572614762.jpg,False,316910162,572614762,cc-by-nc,"(c) uzun, some rights reserved (CC BY-NC)",uzun,2025-09-19,-0.4171269342,-78.3336771863,1.0,0.837,,,True,positivo_conf_alta_sin_revisar
inat_316910162_572614774.jpg,False,316910162,572614774,cc-by-nc,"(c) uzun, some rights reserved (CC BY-NC)",uzun,2025-09-19,-0.4171269342,-78.3336771863,1.0,0.823,,,True,positivo_conf_alta_sin_revisar
inat_320708111_579893786.jpg,False,320708111,579893786,cc-by-nc,"(c) wotterbed, some rights reserved (CC BY-NC)",wotterbed,2025-09-27,0.1950404149,-78.7720052563,1.0,0.792,,,True,positivo_conf_alta_sin_revisar
inat_320708111_579896610.jpg,False,320708111,579896610,cc-by-nc,"(c) wotterbed, some rights reserved (CC BY-NC)",wotterbed,2025-09-27,0.1950404149,-78.7720052563,1.0,0.863,,,True,positivo_conf_alta_sin_revisar
inat_320708111_579896629.jpg,False,320708111,579896629,cc-by-nc,"(c) wotterbed, some rights reserved (CC BY-NC)",wotterbed,2025-09-27,0.1950404149,-78.7720052563,1.0,0.604,,,True,positivo_conf_alta_sin_revisar
inat_321921952_582265509.jpg,False,321921952,582265509,cc0,no rights reserved,rolandisimo,2025-10-19,4.6351891107,-73.9642261768,1.0,0.856,,,False,positivo_conf_alta_sin_revisar
inat_321922423_582266373.jpg,False,321922423,582266373,cc0,no rights reserved,mike_cove,2025-10-19,4.737134611,-73.9561804534,0.0,0.0,duda,sin_oso_yolo,False,excluido_duda
inat_321922423_582266442.jpg,False,321922423,582266442,cc0,no rights reserved,mike_cove,2025-10-19,4.737134611,-73.9561804534,0.0,0.0,duda,sin_oso_yolo,False,excluido_duda
inat_321922423_582266495.jpg,False,321922423,582266495,cc0,no rights reserved,mike_cove,2025-10-19,4.737134611,-73.9561804534,0.0,0.0,duda,sin_oso_yolo,False,excluido_duda
inat_321922423_582266578.jpg,False,321922423,582266578,cc0,no rights reserved,mike_cove,2025-10-19,4.737134611,-73.9561804534,0.0,0.0,duda,sin_oso_yolo,False,excluido_duda
inat_321922423_582266639.jpg,False,321922423,582266639,cc0,no rights reserved,mike_cove,2025-10-19,4.737134611,-73.9561804534,0.0,0.0,duda,sin_oso_yolo,False,excluido_duda
inat_321922423_582266702.jpg,False,321922423,582266702,cc0,no rights reserved,mike_cove,2025-10-19,4.737134611,-73.9561804534,0.0,0.0,duda,sin_oso_yolo,False,excluido_duda
inat_321953468_582329495.jpg,False,321953468,582329495,cc-by-nc,"(c) Diego Torres Sierra, some rights reserved (CC BY-NC)",diego_torres_sierra,2025-10-19,-0.2331881043,-78.300457897,1.0,0.437,oso,conf_baja_yolo,True,positivo
inat_321953468_582329516.jpg,False,321953468,582329516,cc-by-nc,"(c) Diego Torres Sierra, some rights reserved (CC BY-NC)",diego_torres_sierra,2025-10-19,-0.2331881043,-78.300457897,1.0,0.403,oso,conf_baja_yolo,True,positivo
inat_321953468_582329551.jpg,False,321953468,582329551,cc-by-nc,"(c) Diego Torres Sierra, some rights reserved (CC BY-NC)",diego_torres_sierra,2025-10-19,-0.2331881043,-78.300457897,1.0,0.745,,,True,positivo_conf_alta_sin_revisar
inat_321953468_582329598.jpg,False,321953468,582329598,cc-by-nc,"(c) Diego Torres Sierra, some rights reserved (CC BY-NC)",diego_torres_sierra,2025-10-19,-0.2331881043,-78.300457897,1.0,0.096,oso,conf_baja_yolo,True,positivo
inat_321953468_582329643.jpg,False,321953468,582329643,cc-by-nc,"(c) Diego Torres Sierra, some rights reserved (CC BY-NC)",diego_torres_sierra,2025-10-19,-0.2331881043,-78.300457897,0.0,0.0,oso,sin_oso_yolo,True,positivo
inat_321953468_582329718.jpg,False,321953468,582329718,cc-by-nc,"(c) Diego Torres Sierra, some rights reserved (CC BY-NC)",diego_torres_sierra,2025-10-19,-0.2331881043,-78.300457897,1.0,0.74,,,True,positivo_conf_alta_sin_revisar
inat_321953468_582329738.jpg,False,321953468,582329738,cc-by-nc,"(c) Diego Torres Sierra, some rights reserved (CC BY-NC)",diego_torres_sierra,2025-10-19,-0.2331881043,-78.300457897,1.0,0.142,oso,conf_baja_yolo,True,positivo
inat_322044251_582513627.jpg,False,322044251,582513627,cc-by-nc,"(c) Luis Yupa, some rights reserved (CC BY-NC)",luisyupa,2025-10-20,-0.2001686431,-78.2105124777,1.0,0.904,,,True,positivo_conf_alta_sin_revisar
inat_322661323_583741275.jpg,False,322661323,583741275,cc-by-nc,"(c) David Torres, some rights reserved (CC BY-NC)",dawicho,2025-10-19,-0.3687550326,-78.3261676513,0.0,0.0,oso,sin_oso_yolo,True,positivo
inat_322661323_583741290.jpg,False,322661323,583741290,cc-by-nc,"(c) David Torres, some rights reserved (CC BY-NC)",dawicho,2025-10-19,-0.3687550326,-78.3261676513,1.0,0.324,oso,conf_baja_yolo,True,positivo
inat_322661323_583741299.jpg,False,322661323,583741299,cc-by-nc,"(c) David Torres, some rights reserved (CC BY-NC)",dawicho,2025-10-19,-0.3687550326,-78.3261676513,1.0,0.458,oso,conf_baja_yolo,True,positivo
inat_322661323_583741301.jpg,False,322661323,583741301,cc-by-nc,"(c) David Torres, some rights reserved (CC BY-NC)",dawicho,2025-10-19,-0.3687550326,-78.3261676513,1.0,0.795,,,True,positivo_conf_alta_sin_revisar
inat_322661323_583741320.jpg,False,322661323,583741320,cc-by-nc,"(c) David Torres, some rights reserved (CC BY-NC)",dawicho,2025-10-19,-0.3687550326,-78.3261676513,3.0,0.554,,,True,positivo_conf_alta_sin_revisar
inat_322661323_583741341.jpg,False,322661323,583741341,cc-by-nc,"(c) David Torres, some rights reserved (CC BY-NC)",dawicho,2025-10-19,-0.3687550326,-78.3261676513,1.0,0.605,,,True,positivo_conf_alta_sin_revisar
inat_322661323_583741342.jpg,False,322661323,583741342,cc-by-nc,"(c) David Torres, some rights reserved (CC BY-NC)",dawicho,2025-10-19,-0.3687550326,-78.3261676513,1.0,0.611,,,True,positivo_conf_alta_sin_revisar
inat_322661323_583741348.jpg,False,322661323,583741348,cc-by-nc,"(c) David Torres, some rights reserved (CC BY-NC)",dawicho,2025-10-19,-0.3687550326,-78.3261676513,0.0,0.0,oso,sin_oso_yolo,True,positivo
inat_322661323_583741373.jpg,False,322661323,583741373,cc-by-nc,"(c) David Torres, some rights reserved (CC BY-NC)",dawicho,2025-10-19,-0.3687550326,-78.3261676513,1.0,0.869,,,True,positivo_conf_alta_sin_revisar
inat_322661323_583741379.jpg,False,322661323,583741379,cc-by-nc,"(c) David Torres, some rights reserved (CC BY-NC)",dawicho,2025-10-19,-0.3687550326,-78.3261676513,1.0,0.057,oso,conf_baja_yolo,True,positivo
inat_322661323_583741384.jpg,False,322661323,583741384,cc-by-nc,"(c) David Torres, some rights reserved (CC BY-NC)",dawicho,2025-10-19,-0.3687550326,-78.3261676513,5.0,0.245,oso,conf_baja_yolo,True,positivo
inat_322661323_583741397.jpg,False,322661323,583741397,cc-by-nc,"(c) David Torres, some rights reserved (CC BY-NC)",dawicho,2025-10-19,-0.3687550326,-78.3261676513,1.0,0.157,oso,conf_baja_yolo,True,positivo
inat_322661323_583741408.jpg,False,322661323,583741408,cc-by-nc,"(c) David Torres, some rights reserved (CC BY-NC)",dawicho,2025-10-19,-0.3687550326,-78.3261676513,0.0,0.0,oso,sin_oso_yolo,True,positivo
inat_322661323_583741415.jpg,False,322661323,583741415,cc-by-nc,"(c) David Torres, some rights reserved (CC BY-NC)",dawicho,2025-10-19,-0.3687550326,-78.3261676513,0.0,0.0,oso,sin_oso_yolo,True,positivo
inat_322661323_583741420.jpg,False,322661323,583741420,cc-by-nc,"(c) David Torres, some rights reserved (CC BY-NC)",dawicho,2025-10-19,-0.3687550326,-78.3261676513,2.0,0.227,oso,conf_baja_yolo,True,positivo
inat_322661323_583741439.jpg,False,322661323,583741439,cc-by-nc,"(c) David Torres, some rights reserved (CC BY-NC)",dawicho,2025-10-19,-0.3687550326,-78.3261676513,2.0,0.426,oso,conf_baja_yolo,True,positivo
inat_322661323_583741446.jpg,False,322661323,583741446,cc-by-nc,"(c) David Torres, some rights reserved (CC BY-NC)",dawicho,2025-10-19,-0.3687550326,-78.3261676513,2.0,0.178,oso,conf_baja_yolo,True,positivo
inat_322661323_583741457.jpg,False,322661323,583741457,cc-by-nc,"(c) David Torres, some rights reserved (CC BY-NC)",dawicho,2025-10-19,-0.3687550326,-78.3261676513,2.0,0.278,oso,conf_baja_yolo,True,positivo
inat_322661323_583741476.jpg,False,322661323,583741476,cc-by-nc,"(c) David Torres, some rights reserved (CC BY-NC)",dawicho,2025-10-19,-0.3687550326,-78.3261676513,2.0,0.178,oso,conf_baja_yolo,True,positivo
inat_322661323_583741486.jpg,False,322661323,583741486,cc-by-nc,"(c) David Torres, some rights reserved (CC BY-NC)",dawicho,2025-10-19,-0.3687550326,-78.3261676513,5.0,0.168,oso,conf_baja_yolo,True,positivo
inat_322664608_583749272.jpg,False,322664608,583749272,cc-by-nc,"(c) David Torres, some rights reserved (CC BY-NC)",dawicho,2025-10-19,-0.2365439758,-78.2500657584,1.0,0.655,,,True,positivo_conf_alta_sin_revisar
inat_322664608_583749293.jpg,False,322664608,583749293,cc-by-nc,"(c) David Torres, some rights reserved (CC BY-NC)",dawicho,2025-10-19,-0.2365439758,-78.2500657584,1.0,0.262,oso,conf_baja_yolo,True,positivo
inat_322664608_583749294.jpg,False,322664608,583749294,cc-by-nc,"(c) David Torres, some rights reserved (CC BY-NC)",dawicho,2025-10-19,-0.2365439758,-78.2500657584,0.0,0.0,oso,sin_oso_yolo,True,positivo
inat_322664608_583749307.jpg,False,322664608,583749307,cc-by-nc,"(c) David Torres, some rights reserved (CC BY-NC)",dawicho,2025-10-19,-0.2365439758,-78.2500657584,1.0,0.21,oso,conf_baja_yolo,True,positivo
inat_322664608_583749318.jpg,False,322664608,583749318,cc-by-nc,"(c) David Torres, some rights reserved (CC BY-NC)",dawicho,2025-10-19,-0.2365439758,-78.2500657584,1.0,0.174,oso,conf_baja_yolo,True,positivo
inat_322664608_583749335.jpg,False,322664608,583749335,cc-by-nc,"(c) David Torres, some rights reserved (CC BY-NC)",dawicho,2025-10-19,-0.2365439758,-78.2500657584,1.0,0.499,oso,conf_baja_yolo,True,positivo
inat_322664608_583749359.jpg,False,322664608,583749359,cc-by-nc,"(c) David Torres, some rights reserved (CC BY-NC)",dawicho,2025-10-19,-0.2365439758,-78.2500657584,1.0,0.234,oso,conf_baja_yolo,True,positivo
inat_322664608_583749378.jpg,False,322664608,583749378,cc-by-nc,"(c) David Torres, some rights reserved (CC BY-NC)",dawicho,2025-10-19,-0.2365439758,-78.2500657584,1.0,0.807,,,True,positivo_conf_alta_sin_revisar
inat_322664608_583749434.jpg,False,322664608,583749434,cc-by-nc,"(c) David Torres, some rights reserved (CC BY-NC)",dawicho,2025-10-19,-0.2365439758,-78.2500657584,1.0,0.716,,,True,positivo_conf_alta_sin_revisar
inat_322664608_583749443.jpg,False,322664608,583749443,cc-by-nc,"(c) David Torres, some rights reserved (CC BY-NC)",dawicho,2025-10-19,-0.2365439758,-78.2500657584,1.0,0.935,,,True,positivo_conf_alta_sin_revisar
inat_322664608_583749471.jpg,False,322664608,583749471,cc-by-nc,"(c) David Torres, some rights reserved (CC BY-NC)",dawicho,2025-10-19,-0.2365439758,-78.2500657584,3.0,0.892,,,True,positivo_conf_alta_sin_revisar
inat_322664608_583749513.jpg,False,322664608,583749513,cc-by-nc,"(c) David Torres, some rights reserved (CC BY-NC)",dawicho,2025-10-19,-0.2365439758,-78.2500657584,1.0,0.5,,,True,positivo_conf_alta_sin_revisar
inat_322664608_583749519.jpg,False,322664608,583749519,cc-by-nc,"(c) David Torres, some rights reserved (CC BY-NC)",dawicho,2025-10-19,-0.2365439758,-78.2500657584,1.0,0.705,,,True,positivo_conf_alta_sin_revisar
inat_322664608_583749533.jpg,False,322664608,583749533,cc-by-nc,"(c) David Torres, some rights reserved (CC BY-NC)",dawicho,2025-10-19,-0.2365439758,-78.2500657584,1.0,0.873,,,True,positivo_conf_alta_sin_revisar
inat_322664608_583749563.jpg,False,322664608,583749563,cc-by-nc,"(c) David Torres, some rights reserved (CC BY-NC)",dawicho,2025-10-19,-0.2365439758,-78.2500657584,1.0,0.921,,,True,positivo_conf_alta_sin_revisar
inat_322664608_583749596.jpg,False,322664608,583749596,cc-by-nc,"(c) David Torres, some rights reserved (CC BY-NC)",dawicho,2025-10-19,-0.2365439758,-78.2500657584,1.0,0.871,,,True,positivo_conf_alta_sin_revisar
inat_322664608_583749676.jpg,False,322664608,583749676,cc-by-nc,"(c) David Torres, some rights reserved (CC BY-NC)",dawicho,2025-10-19,-0.2365439758,-78.2500657584,1.0,0.921,,,True,positivo_conf_alta_sin_revisar
inat_322664608_583749720.jpg,False,322664608,583749720,cc-by-nc,"(c) David Torres, some rights reserved (CC BY-NC)",dawicho,2025-10-19,-0.2365439758,-78.2500657584,1.0,0.826,,,True,positivo_conf_alta_sin_revisar
inat_322664608_583749759.jpg,False,322664608,583749759,cc-by-nc,"(c) David Torres, some rights reserved (CC BY-NC)",dawicho,2025-10-19,-0.2365439758,-78.2500657584,1.0,0.943,,,True,positivo_conf_alta_sin_revisar
inat_322664608_583749766.jpg,False,322664608,583749766,cc-by-nc,"(c) David Torres, some rights reserved (CC BY-NC)",dawicho,2025-10-19,-0.2365439758,-78.2500657584,1.0,0.95,,,True,positivo_conf_alta_sin_revisar
inat_322824612_584059835.jpg,False,322824612,584059835,cc-by-nc,"(c) Edwin Gutierrez Tito, some rights reserved (CC BY-NC)",edwingutierrez,2025-08-19,-13.8515862376,-69.2038803768,1.0,0.954,,,False,positivo_conf_alta_sin_revisar
inat_323642337_585644003.jpg,False,323642337,585644003,cc-by-nc,"(c) Alex Baldwin, some rights reserved (CC BY-NC)",alexito-en-los-cedros,2025-09-23,0.3076005655,-78.7442358034,0.0,0.0,rastro,sin_oso_yolo,True,excluido_rastro
inat_323642337_585644008.jpg,False,323642337,585644008,cc-by-nc,"(c) Alex Baldwin, some rights reserved (CC BY-NC)",alexito-en-los-cedros,2025-09-23,0.3076005655,-78.7442358034,0.0,0.0,rastro,sin_oso_yolo,True,excluido_rastro
inat_324083822_586514857.jpg,False,324083822,586514857,cc-by,"(c) Raquel Mondino, some rights reserved (CC BY)",raquel_mondino,2025-10-24,-17.9856480606,-64.4010482101,0.0,0.0,,,False,pendiente_revision
inat_324367058_587073702.jpg,False,324367058,587073702,cc-by-nc,"(c) gabites98, some rights reserved (CC BY-NC)",gabites98,2025-10-26,-17.8666315279,-64.5369340694,0.0,0.0,,,False,pendiente_revision
inat_324591523_587527930.jpg,False,324591523,587527930,cc-by-nc,"(c) Estefanía Aldana, some rights reserved (CC BY-NC)",ealdana_geo,2025-11-01,-6.6687022677,-79.3116400254,0.0,0.0,oso,sin_oso_yolo,False,positivo
inat_324739656_587829642.jpg,False,324739656,587829642,cc-by-nc,"(c) Estefanía Aldana, some rights reserved (CC BY-NC)",ealdana_geo,2025-11-02,-6.5345772774,-79.5432781586,2.0,0.808,,,False,positivo_conf_alta_sin_revisar
inat_324758885_587864225.jpg,False,324758885,587864225,cc-by-nc,"(c) Estefanía Aldana, some rights reserved (CC BY-NC)",ealdana_geo,2025-11-01,-6.5519621936,-79.58010617,1.0,0.824,,,False,positivo_conf_alta_sin_revisar
inat_324758885_587864270.jpg,False,324758885,587864270,cc-by-nc,"(c) Estefanía Aldana, some rights reserved (CC BY-NC)",ealdana_geo,2025-11-01,-6.5519621936,-79.58010617,1.0,0.912,,,False,positivo_conf_alta_sin_revisar
inat_324758885_587864283.jpg,False,324758885,587864283,cc-by-nc,"(c) Estefanía Aldana, some rights reserved (CC BY-NC)",ealdana_geo,2025-11-01,-6.5519621936,-79.58010617,1.0,0.941,,,False,positivo_conf_alta_sin_revisar
inat_324759155_587869969.jpg,False,324759155,587869969,cc-by-nc,"(c) Estefanía Aldana, some rights reserved (CC BY-NC)",ealdana_geo,2025-11-02,-6.4675199592,-79.5081146581,0.0,0.0,duda,sin_oso_yolo,False,excluido_duda
inat_325385770_589122126.jpg,False,325385770,589122126,cc-by-nc,"(c) CRISTHINA GABRIELA DELGADO GARCIA, some rights reserved (CC BY-NC)",cristhina_gabriela,2025-11-07,0.3640866037,-78.0287035766,0.0,0.0,oso,sin_oso_yolo,True,positivo
inat_325594503_589534011.jpg,False,325594503,589534011,cc-by-nc,"(c) patrick van thull, some rights reserved (CC BY-NC)",pvanthull,2025-11-08,-6.4360179937,-79.5420505859,1.0,0.954,,,False,positivo_conf_alta_sin_revisar
inat_326027658_590399108.jpg,False,326027658,590399108,cc-by-nc,"(c) Aaron Rusak, some rights reserved (CC BY-NC)",afrusak,2025-07-07,-0.1719180498,-78.7484645366,1.0,0.654,,,True,positivo_conf_alta_sin_revisar
inat_326052695_590446809.jpg,False,326052695,590446809,cc-by-nc,"(c) gnormand, some rights reserved (CC BY-NC)",gnormand,2025-11-02,-2.9202982728,-78.7768650263,1.0,0.713,,,True,positivo_conf_alta_sin_revisar
inat_327391985_593117621.jpg,False,327391985,593117621,cc-by-nc,"(c) jimburger, some rights reserved (CC BY-NC)",jimburger,2022-06-19,-0.3066795753,-78.0989768941,0.0,0.0,oso,sin_oso_yolo,True,positivo
inat_327606298_593543093.jpg,False,327606298,593543093,cc-by-nc,"(c) Fredy Ramón C., some rights reserved (CC BY-NC)",ramon_fredy,2025-07-25,-4.447353724,-79.137918992,1.0,0.924,,,True,positivo_conf_alta_sin_revisar
inat_327606298_593543114.jpg,False,327606298,593543114,cc-by-nc,"(c) Fredy Ramón C., some rights reserved (CC BY-NC)",ramon_fredy,2025-07-25,-4.447353724,-79.137918992,1.0,0.948,,,True,positivo_conf_alta_sin_revisar
inat_327606298_593543128.jpg,False,327606298,593543128,cc-by-nc,"(c) Fredy Ramón C., some rights reserved (CC BY-NC)",ramon_fredy,2025-07-25,-4.447353724,-79.137918992,1.0,0.802,,,True,positivo_conf_alta_sin_revisar
inat_327606298_593543149.jpg,False,327606298,593543149,cc-by-nc,"(c) Fredy Ramón C., some rights reserved (CC BY-NC)",ramon_fredy,2025-07-25,-4.447353724,-79.137918992,1.0,0.86,,,True,positivo_conf_alta_sin_revisar
inat_327710614_593743330.jpg,False,327710614,593743330,cc-by-nc,"(c) Cathy Pasterczyk, some rights reserved (CC BY-NC)",cathyp,2025-11-21,-0.2077163499,-78.2656769212,0.0,0.0,oso,sin_oso_yolo,True,positivo
inat_327710614_593743365.jpg,False,327710614,593743365,cc-by-nc,"(c) Cathy Pasterczyk, some rights reserved (CC BY-NC)",cathyp,2025-11-21,-0.2077163499,-78.2656769212,0.0,0.0,oso,sin_oso_yolo,True,positivo
inat_327710614_593743410.jpg,False,327710614,593743410,cc-by-nc,"(c) Cathy Pasterczyk, some rights reserved (CC BY-NC)",cathyp,2025-11-21,-0.2077163499,-78.2656769212,0.0,0.0,duda,sin_oso_yolo,True,excluido_duda
inat_327792323_593894917.jpg,False,327792323,593894917,cc-by-nc,"(c) Joachim Bertrands, some rights reserved (CC BY-NC)",joachimbertrands_ornis_birding,2025-11-22,-10.6393195092,-75.4979305068,1.0,0.416,oso,conf_baja_yolo,False,positivo
inat_327792323_593894919.jpg,False,327792323,593894919,cc-by-nc,"(c) Joachim Bertrands, some rights reserved (CC BY-NC)",joachimbertrands_ornis_birding,2025-11-22,-10.6393195092,-75.4979305068,1.0,0.642,,,False,positivo_conf_alta_sin_revisar
inat_327803075_593916054.jpg,False,327803075,593916054,cc-by-nc,"(c) samwoods0, some rights reserved (CC BY-NC)",samwoods0,2025-11-22,-0.2670464367,-78.3662466596,1.0,0.903,,,True,positivo_conf_alta_sin_revisar
inat_327803154_593916857.jpg,False,327803154,593916857,cc-by-nc,"(c) samwoods0, some rights reserved (CC BY-NC)",samwoods0,2025-11-22,-0.2430803766,-78.2038043305,1.0,0.955,,,True,positivo_conf_alta_sin_revisar
inat_327848537_594008593.jpg,False,327848537,594008593,cc-by-nc,"(c) samwoods0, some rights reserved (CC BY-NC)",samwoods0,2025-11-22,-0.3066580797,-78.3062622648,1.0,0.936,,,True,positivo_conf_alta_sin_revisar
inat_327851811_594014688.jpg,False,327851811,594014688,cc-by-nc,"(c) Cathy Pasterczyk, some rights reserved (CC BY-NC)",cathyp,2025-11-23,-0.2085772705,-78.2354732344,0.0,0.0,duda,sin_oso_yolo,True,excluido_duda
inat_327851811_597835900.jpg,False,327851811,597835900,cc-by-nc,"(c) Cathy Pasterczyk, some rights reserved (CC BY-NC)",cathyp,2025-11-23,-0.2085772705,-78.2354732344,1.0,0.782,,,True,positivo_conf_alta_sin_revisar
inat_327851811_597836540.jpg,False,327851811,597836540,cc-by-nc,"(c) Cathy Pasterczyk, some rights reserved (CC BY-NC)",cathyp,2025-11-23,-0.2085772705,-78.2354732344,1.0,0.364,oso,conf_baja_yolo,True,positivo
inat_327851811_597836655.jpg,False,327851811,597836655,cc-by-nc,"(c) Cathy Pasterczyk, some rights reserved (CC BY-NC)",cathyp,2025-11-23,-0.2085772705,-78.2354732344,1.0,0.247,oso,conf_baja_yolo,True,positivo
inat_327851811_597836853.jpg,False,327851811,597836853,cc-by-nc,"(c) Cathy Pasterczyk, some rights reserved (CC BY-NC)",cathyp,2025-11-23,-0.2085772705,-78.2354732344,1.0,0.699,,,True,positivo_conf_alta_sin_revisar
inat_327851811_597836956.jpg,False,327851811,597836956,cc-by-nc,"(c) Cathy Pasterczyk, some rights reserved (CC BY-NC)",cathyp,2025-11-23,-0.2085772705,-78.2354732344,2.0,0.733,,,True,positivo_conf_alta_sin_revisar
inat_328841178_595967831.jpg,False,328841178,595967831,cc-by-nc,"(c) isaontaneda, some rights reserved (CC BY-NC)",isaontaneda,2025-11-29,0.0988870538,-78.7822132025,1.0,0.348,oso,conf_baja_yolo,True,positivo
inat_32890636_51621012.jpg,False,32890636,51621012,cc-by-nc,"(c) Holger Beck, some rights reserved (CC BY-NC)",holgerbeck,2019-09-16,0.1142857708,-78.6784493314,3.0,0.872,,,True,positivo_conf_alta_sin_revisar
inat_329334258_596954890.jpg,False,329334258,596954890,cc-by-nc,"(c) Jeanne Benioff, some rights reserved (CC BY-NC)",jeanne153,2025-10-09,-6.449473065,-79.5911733233,1.0,0.937,,,False,positivo_conf_alta_sin_revisar
inat_329627214_597547788.jpg,False,329627214,597547788,cc-by-nc,"(c) Indira Carrion, some rights reserved (CC BY-NC)",indira_carrion,2025-11-15,0.0592811806,-78.9033548608,1.0,0.057,oso,conf_baja_yolo,True,positivo
inat_329860038_598007322.jpg,False,329860038,598007322,cc-by-nc,"(c) bcur155, some rights reserved (CC BY-NC)",bcur155,2025-11-16,-0.4841862621,-78.3211380232,1.0,0.822,,,True,positivo_conf_alta_sin_revisar
inat_330183261_598677885.jpg,False,330183261,598677885,cc-by-nc,"(c) Jimmy Velasteguí, some rights reserved (CC BY-NC)",jimmydavidvg6,2025-11-30,-0.2654688397,-78.0415023434,0.0,0.0,rastro,sin_oso_yolo,True,excluido_rastro
inat_330183261_598677909.jpg,False,330183261,598677909,cc-by-nc,"(c) Jimmy Velasteguí, some rights reserved (CC BY-NC)",jimmydavidvg6,2025-11-30,-0.2654688397,-78.0415023434,0.0,0.0,rastro,sin_oso_yolo,True,excluido_rastro
inat_330365668_599049003.jpg,False,330365668,599049003,cc-by-nc,"(c) arobey63, some rights reserved (CC BY-NC)",arobey63,2025-12-11,0.1759887134,-78.7664656944,2.0,0.313,oso,conf_baja_yolo,True,positivo
inat_330524329_599375050.jpg,False,330524329,599375050,cc-by,"(c) Elizabeth Axley, some rights reserved (CC BY)",actuallyaxley,2025-12-12,-0.3918070652,-78.3835342666,2.0,0.227,oso,conf_baja_yolo,True,positivo
inat_330524329_599375052.jpg,False,330524329,599375052,cc-by,"(c) Elizabeth Axley, some rights reserved (CC BY)",actuallyaxley,2025-12-12,-0.3918070652,-78.3835342666,2.0,0.23,oso,conf_baja_yolo,True,positivo
inat_330524329_599375055.jpg,False,330524329,599375055,cc-by,"(c) Elizabeth Axley, some rights reserved (CC BY)",actuallyaxley,2025-12-12,-0.3918070652,-78.3835342666,0.0,0.0,oso,sin_oso_yolo,True,positivo
inat_330524329_599375056.jpg,False,330524329,599375056,cc-by,"(c) Elizabeth Axley, some rights reserved (CC BY)",actuallyaxley,2025-12-12,-0.3918070652,-78.3835342666,0.0,0.0,oso,sin_oso_yolo,True,positivo
inat_330524329_599375057.jpg,False,330524329,599375057,cc-by,"(c) Elizabeth Axley, some rights reserved (CC BY)",actuallyaxley,2025-12-12,-0.3918070652,-78.3835342666,2.0,0.111,oso,conf_baja_yolo,True,positivo
inat_330524329_599375058.jpg,False,330524329,599375058,cc-by,"(c) Elizabeth Axley, some rights reserved (CC BY)",actuallyaxley,2025-12-12,-0.3918070652,-78.3835342666,2.0,0.12,oso,conf_baja_yolo,True,positivo
inat_330524329_599375060.jpg,False,330524329,599375060,cc-by,"(c) Elizabeth Axley, some rights reserved (CC BY)",actuallyaxley,2025-12-12,-0.3918070652,-78.3835342666,2.0,0.228,oso,conf_baja_yolo,True,positivo
inat_330524329_599375061.jpg,False,330524329,599375061,cc-by,"(c) Elizabeth Axley, some rights reserved (CC BY)",actuallyaxley,2025-12-12,-0.3918070652,-78.3835342666,1.0,0.761,,,True,positivo_conf_alta_sin_revisar
inat_330524329_599375064.jpg,False,330524329,599375064,cc-by,"(c) Elizabeth Axley, some rights reserved (CC BY)",actuallyaxley,2025-12-12,-0.3918070652,-78.3835342666,1.0,0.117,oso,conf_baja_yolo,True,positivo
inat_330524329_599375066.jpg,False,330524329,599375066,cc-by,"(c) Elizabeth Axley, some rights reserved (CC BY)",actuallyaxley,2025-12-12,-0.3918070652,-78.3835342666,0.0,0.0,oso,sin_oso_yolo,True,positivo
inat_330524329_599375067.jpg,False,330524329,599375067,cc-by,"(c) Elizabeth Axley, some rights reserved (CC BY)",actuallyaxley,2025-12-12,-0.3918070652,-78.3835342666,0.0,0.0,oso,sin_oso_yolo,True,positivo
inat_330741656_599826523.jpg,False,330741656,599826523,cc-by-nc,"(c) Ulises Balza, some rights reserved (CC BY-NC)",ulisesbalza,2025-12-14,-0.2352490181,-78.3115412005,2.0,0.734,,,True,positivo_conf_alta_sin_revisar
inat_331410704_601204392.jpg,False,331410704,601204392,cc-by-nc,"(c) Aaron Marshall, some rights reserved (CC BY-NC)",marshall09,2025-02-13,-0.4189710693,-78.2837059243,0.0,0.0,duda,sin_oso_yolo,True,excluido_duda
inat_331410704_601204430.jpg,False,331410704,601204430,cc-by-nc,"(c) Aaron Marshall, some rights reserved (CC BY-NC)",marshall09,2025-02-13,-0.4189710693,-78.2837059243,1.0,0.386,oso,conf_baja_yolo,True,positivo
inat_331410704_601204432.jpg,False,331410704,601204432,cc-by-nc,"(c) Aaron Marshall, some rights reserved (CC BY-NC)",marshall09,2025-02-13,-0.4189710693,-78.2837059243,3.0,0.439,oso,conf_baja_yolo,True,positivo
inat_331462626_601313534.jpg,False,331462626,601313534,cc-by-nc,"(c) Cody Limber, some rights reserved (CC BY-NC)",codylimber,2025-12-11,-0.0688434051,-78.6166882509,1.0,0.908,,,True,positivo_conf_alta_sin_revisar
inat_331462626_601313553.jpg,False,331462626,601313553,cc-by-nc,"(c) Cody Limber, some rights reserved (CC BY-NC)",codylimber,2025-12-11,-0.0688434051,-78.6166882509,2.0,0.288,oso,conf_baja_yolo,True,positivo
inat_331462626_601313563.jpg,False,331462626,601313563,cc-by-nc,"(c) Cody Limber, some rights reserved (CC BY-NC)",codylimber,2025-12-11,-0.0688434051,-78.6166882509,3.0,0.905,,,True,positivo_conf_alta_sin_revisar
inat_331462626_601313626.jpg,False,331462626,601313626,cc-by-nc,"(c) Cody Limber, some rights reserved (CC BY-NC)",codylimber,2025-12-11,-0.0688434051,-78.6166882509,1.0,0.23,oso,conf_baja_yolo,True,positivo
inat_331462626_601313637.jpg,False,331462626,601313637,cc-by-nc,"(c) Cody Limber, some rights reserved (CC BY-NC)",codylimber,2025-12-11,-0.0688434051,-78.6166882509,0.0,0.0,oso,sin_oso_yolo,True,positivo
inat_331462626_601313658.jpg,False,331462626,601313658,cc-by-nc,"(c) Cody Limber, some rights reserved (CC BY-NC)",codylimber,2025-12-11,-0.0688434051,-78.6166882509,1.0,0.83,,,True,positivo_conf_alta_sin_revisar
inat_331462626_601313709.jpg,False,331462626,601313709,cc-by-nc,"(c) Cody Limber, some rights reserved (CC BY-NC)",codylimber,2025-12-11,-0.0688434051,-78.6166882509,2.0,0.669,,,True,positivo_conf_alta_sin_revisar
inat_331462626_601313725.jpg,False,331462626,601313725,cc-by-nc,"(c) Cody Limber, some rights reserved (CC BY-NC)",codylimber,2025-12-11,-0.0688434051,-78.6166882509,2.0,0.651,,,True,positivo_conf_alta_sin_revisar
inat_332251439_602930439.jpg,False,332251439,602930439,cc-by-nc,"(c) John Sterling, some rights reserved (CC BY-NC)",jsterling60,2021-12-06,-0.2493321306,-78.3818925808,1.0,0.726,,,True,positivo_conf_alta_sin_revisar
inat_33226643_52168792.jpg,False,33226643,52168792,cc-by-nc,"(c) Holger Beck, some rights reserved (CC BY-NC)",holgerbeck,2019-09-22,0.0505340831,-78.7715308938,2.0,0.158,oso,conf_baja_yolo,True,positivo
inat_332286484_603092726.jpg,False,332286484,603092726,cc-by-nc,"(c) Marco Pecoraro, some rights reserved (CC BY-NC)",marcopecoraro,2025-12-27,4.9387279009,-73.6488998033,2.0,0.066,oso,conf_baja_yolo,False,positivo
inat_332286484_603092744.jpg,False,332286484,603092744,cc-by-nc,"(c) Marco Pecoraro, some rights reserved (CC BY-NC)",marcopecoraro,2025-12-27,4.9387279009,-73.6488998033,1.0,0.866,,,False,positivo_conf_alta_sin_revisar
inat_332732628_603908292.jpg,False,332732628,603908292,cc-by-nc,"(c) Uri Wolkowski, some rights reserved (CC BY-NC)",sauriscus,2025-05-17,4.6837679116,-73.6151244563,1.0,0.939,,,False,positivo_conf_alta_sin_revisar
inat_332732628_603908305.jpg,False,332732628,603908305,cc-by-nc,"(c) Uri Wolkowski, some rights reserved (CC BY-NC)",sauriscus,2025-05-17,4.6837679116,-73.6151244563,5.0,0.893,,,False,positivo_conf_alta_sin_revisar
inat_332732628_603908306.jpg,False,332732628,603908306,cc-by-nc,"(c) Uri Wolkowski, some rights reserved (CC BY-NC)",sauriscus,2025-05-17,4.6837679116,-73.6151244563,1.0,0.942,,,False,positivo_conf_alta_sin_revisar
inat_332732628_603908322.jpg,False,332732628,603908322,cc-by-nc,"(c) Uri Wolkowski, some rights reserved (CC BY-NC)",sauriscus,2025-05-17,4.6837679116,-73.6151244563,1.0,0.917,,,False,positivo_conf_alta_sin_revisar
inat_33306082_52302791.jpg,False,33306082,52302791,cc-by-nc,"(c) Holger Beck, some rights reserved (CC BY-NC)",holgerbeck,2019-09-23,0.0679843265,-78.7595119848,1.0,0.901,,,True,positivo_conf_alta_sin_revisar
inat_33340910_52359720.jpg,False,33340910,52359720,cc-by-nc,"(c) Holger Beck, some rights reserved (CC BY-NC)",holgerbeck,2019-09-24,0.0480990779,-78.7420834553,2.0,0.624,,,True,positivo_conf_alta_sin_revisar
inat_334047681_606544102.jpg,False,334047681,606544102,cc-by-nc,"(c) kawasi, some rights reserved (CC BY-NC)",kawasi,2026-01-07,-0.2001920061,-78.142145394,0.0,0.0,sin_oso,sin_oso_yolo,True,excluido_sin_oso
inat_334286556_607031805.jpg,False,334286556,607031805,cc-by-nc,"(c) ashalit25, some rights reserved (CC BY-NC)",ashalit25,2026-01-10,4.5742895659,-73.7727880462,1.0,0.623,,,False,positivo_conf_alta_sin_revisar
inat_334286556_607031829.jpg,False,334286556,607031829,cc-by-nc,"(c) ashalit25, some rights reserved (CC BY-NC)",ashalit25,2026-01-10,4.5742895659,-73.7727880462,1.0,0.729,,,False,positivo_conf_alta_sin_revisar
inat_334286556_607031845.jpg,False,334286556,607031845,cc-by-nc,"(c) ashalit25, some rights reserved (CC BY-NC)",ashalit25,2026-01-10,4.5742895659,-73.7727880462,1.0,0.586,,,False,positivo_conf_alta_sin_revisar
inat_334286556_607031858.jpg,False,334286556,607031858,cc-by-nc,"(c) ashalit25, some rights reserved (CC BY-NC)",ashalit25,2026-01-10,4.5742895659,-73.7727880462,2.0,0.89,,,False,positivo_conf_alta_sin_revisar
inat_334286556_607031876.jpg,False,334286556,607031876,cc-by-nc,"(c) ashalit25, some rights reserved (CC BY-NC)",ashalit25,2026-01-10,4.5742895659,-73.7727880462,1.0,0.752,,,False,positivo_conf_alta_sin_revisar
inat_334286556_607031890.jpg,False,334286556,607031890,cc-by-nc,"(c) ashalit25, some rights reserved (CC BY-NC)",ashalit25,2026-01-10,4.5742895659,-73.7727880462,1.0,0.871,,,False,positivo_conf_alta_sin_revisar
inat_334286556_607031906.jpg,False,334286556,607031906,cc-by-nc,"(c) ashalit25, some rights reserved (CC BY-NC)",ashalit25,2026-01-10,4.5742895659,-73.7727880462,4.0,0.378,oso,conf_baja_yolo,False,positivo
inat_334286556_607031924.jpg,False,334286556,607031924,cc-by-nc,"(c) ashalit25, some rights reserved (CC BY-NC)",ashalit25,2026-01-10,4.5742895659,-73.7727880462,1.0,0.143,oso,conf_baja_yolo,False,positivo
inat_334450549_607365726.jpg,False,334450549,607365726,cc-by-nc,"(c) Renske Pannekoek, some rights reserved (CC BY-NC)",renske33489,2026-01-11,-0.3164080583,-77.7199420346,1.0,0.078,oso,conf_baja_yolo,True,positivo
inat_334485270_607436333.jpg,False,334485270,607436333,cc-by-nc,"(c) Zina Lüschen, some rights reserved (CC BY-NC)",zina31276,2026-01-11,,,4.0,0.393,oso,conf_baja_yolo,False,positivo
inat_334559150_607587772.jpg,False,334559150,607587772,cc-by-nc,"(c) jimzonneveld, some rights reserved (CC BY-NC)",jimzonneveld,2026-01-11,-0.322640282,-78.2044180637,5.0,0.623,,,True,positivo_conf_alta_sin_revisar
inat_334662218_607792042.jpg,False,334662218,607792042,cc-by-nc,"(c) emmyzeilstra, some rights reserved (CC BY-NC)",emmyzeilstra,2026-01-11,-0.3446711704,-78.3815865666,4.0,0.634,,,True,positivo_conf_alta_sin_revisar
inat_335428335_609592049.jpg,False,335428335,609592049,cc-by-nc,"(c) gabovinasco1, some rights reserved (CC BY-NC)",gabovinasco1,2026-01-06,4.4287168472,-73.7893011977,2.0,0.885,,,False,positivo_conf_alta_sin_revisar
inat_335428335_609592057.jpg,False,335428335,609592057,cc-by-nc,"(c) gabovinasco1, some rights reserved (CC BY-NC)",gabovinasco1,2026-01-06,4.4287168472,-73.7893011977,2.0,0.896,,,False,positivo_conf_alta_sin_revisar
inat_335428335_609592063.jpg,False,335428335,609592063,cc-by-nc,"(c) gabovinasco1, some rights reserved (CC BY-NC)",gabovinasco1,2026-01-06,4.4287168472,-73.7893011977,3.0,0.854,,,False,positivo_conf_alta_sin_revisar
inat_335428335_609592077.jpg,False,335428335,609592077,cc-by-nc,"(c) gabovinasco1, some rights reserved (CC BY-NC)",gabovinasco1,2026-01-06,4.4287168472,-73.7893011977,2.0,0.925,,,False,positivo_conf_alta_sin_revisar
inat_336086781_610673967.jpg,False,336086781,610673967,cc-by-nc,"(c) eddie padilla gamarra, some rights reserved (CC BY-NC)",gustavoeddie,2025-07-19,-6.6444774015,-79.5474928751,1.0,0.919,,,False,positivo_conf_alta_sin_revisar
inat_336086781_611438225.jpg,False,336086781,611438225,cc-by-nc,"(c) eddie padilla gamarra, some rights reserved (CC BY-NC)",gustavoeddie,2025-07-19,-6.6444774015,-79.5474928751,0.0,0.0,oso,sin_oso_yolo,False,positivo
inat_336086781_611438230.jpg,False,336086781,611438230,cc-by-nc,"(c) eddie padilla gamarra, some rights reserved (CC BY-NC)",gustavoeddie,2025-07-19,-6.6444774015,-79.5474928751,1.0,0.786,,,False,positivo_conf_alta_sin_revisar
inat_336086781_611438239.jpg,False,336086781,611438239,cc-by-nc,"(c) eddie padilla gamarra, some rights reserved (CC BY-NC)",gustavoeddie,2025-07-19,-6.6444774015,-79.5474928751,1.0,0.937,,,False,positivo_conf_alta_sin_revisar
inat_336086781_611438243.jpg,False,336086781,611438243,cc-by-nc,"(c) eddie padilla gamarra, some rights reserved (CC BY-NC)",gustavoeddie,2025-07-19,-6.6444774015,-79.5474928751,2.0,0.951,,,False,positivo_conf_alta_sin_revisar
inat_336086781_611438249.jpg,False,336086781,611438249,cc-by-nc,"(c) eddie padilla gamarra, some rights reserved (CC BY-NC)",gustavoeddie,2025-07-19,-6.6444774015,-79.5474928751,1.0,0.935,,,False,positivo_conf_alta_sin_revisar
inat_336086781_611438260.jpg,False,336086781,611438260,cc-by-nc,"(c) eddie padilla gamarra, some rights reserved (CC BY-NC)",gustavoeddie,2025-07-19,-6.6444774015,-79.5474928751,1.0,0.94,,,False,positivo_conf_alta_sin_revisar
inat_336399806_611299207.jpg,False,336399806,611299207,cc-by-nc,"(c) Leidy Higuita, some rights reserved (CC BY-NC)",leidy37537,2026-01-27,6.6914610537,-75.8829594858,1.0,0.363,oso,conf_baja_yolo,False,positivo
inat_336399806_611299212.jpg,False,336399806,611299212,cc-by-nc,"(c) Leidy Higuita, some rights reserved (CC BY-NC)",leidy37537,2026-01-27,6.6914610537,-75.8829594858,1.0,0.783,,,False,positivo_conf_alta_sin_revisar
inat_336414635_611332417.jpg,False,336414635,611332417,cc-by-nc,"(c) Omar Miranda B., some rights reserved (CC BY-NC)",frogbo,2026-01-01,-16.4503715581,-67.4515521714,0.0,0.0,duda,sin_oso_yolo,False,excluido_duda
inat_336415483_611332919.jpg,False,336415483,611332919,cc-by-nc,"(c) Omar Miranda B., some rights reserved (CC BY-NC)",frogbo,2026-01-02,-16.4264373508,-67.5497215945,0.0,0.0,duda,sin_oso_yolo,False,excluido_duda
inat_337211000_612954229.jpg,False,337211000,612954229,cc-by-nc,"(c) Orlando Padilla, some rights reserved (CC BY-NC)",orlandopr,2025-11-21,1.092436412,-77.0541150187,0.0,0.0,oso,sin_oso_yolo,True,positivo
inat_337327874_613192552.jpg,False,337327874,613192552,cc-by-nc,"(c) Carolina, some rights reserved (CC BY-NC)",levorak,2026-01-30,5.5137635812,-75.9296266869,0.0,0.0,rastro,sin_oso_yolo,False,excluido_rastro
inat_337404729_613351246.jpg,False,337404729,613351246,cc-by-nc,"(c) ethan currens, some rights reserved (CC BY-NC)",ethanec,2026-02-03,-1.3466326421,-78.4557414049,0.0,0.0,rastro,sin_oso_yolo,True,excluido_rastro
inat_338014824_614602509.jpg,False,338014824,614602509,cc-by-nc,"(c) kevin_solano, some rights reserved (CC BY-NC)",kevin_solano,2025-10-11,-0.1659984729,-78.3612572766,1.0,0.93,,,True,positivo_conf_alta_sin_revisar
inat_338242610_615066857.jpg,False,338242610,615066857,cc-by,"(c) desertnaturalist, some rights reserved (CC BY)",desertnaturalist,2026-02-07,4.4609572618,-73.6637869278,1.0,0.773,,,False,positivo_conf_alta_sin_revisar
inat_338242610_615068008.jpg,False,338242610,615068008,cc-by,"(c) desertnaturalist, some rights reserved (CC BY)",desertnaturalist,2026-02-07,4.4609572618,-73.6637869278,1.0,0.954,,,False,positivo_conf_alta_sin_revisar
inat_338242610_615068034.jpg,False,338242610,615068034,cc-by,"(c) desertnaturalist, some rights reserved (CC BY)",desertnaturalist,2026-02-07,4.4609572618,-73.6637869278,1.0,0.381,oso,conf_baja_yolo,False,positivo
inat_338242610_615068053.jpg,False,338242610,615068053,cc-by,"(c) desertnaturalist, some rights reserved (CC BY)",desertnaturalist,2026-02-07,4.4609572618,-73.6637869278,1.0,0.518,,,False,positivo_conf_alta_sin_revisar
inat_338502989_615608476.jpg,False,338502989,615608476,cc-by-nc,"(c) HSE COLOMBIA, some rights reserved (CC BY-NC)",hse_colombia,2020-04-24,5.0821220891,-73.6731564399,1.0,0.953,,,False,positivo_conf_alta_sin_revisar
inat_338728748_616057244.jpg,False,338728748,616057244,cc-by-nc,"(c) pierreyveshenry, some rights reserved (CC BY-NC)",pierreyveshenry,2006-11-13,-1.0629471327,-78.3303758364,0.0,0.0,rastro,sin_oso_yolo,True,excluido_rastro
inat_338728748_616060709.jpg,False,338728748,616060709,cc-by-nc,"(c) pierreyveshenry, some rights reserved (CC BY-NC)",pierreyveshenry,2006-11-13,-1.0629471327,-78.3303758364,0.0,0.0,rastro,sin_oso_yolo,True,excluido_rastro
inat_338728748_616060781.jpg,False,338728748,616060781,cc-by-nc,"(c) pierreyveshenry, some rights reserved (CC BY-NC)",pierreyveshenry,2006-11-13,-1.0629471327,-78.3303758364,1.0,0.055,rastro,conf_baja_yolo,True,excluido_rastro
inat_338911279_616416320.jpg,False,338911279,616416320,cc-by-nc,"(c) Iván Lau, some rights reserved (CC BY-NC)",ivanlau,2026-01-15,4.7248217567,-73.6287522285,1.0,0.09,oso,conf_baja_yolo,False,positivo
inat_339346436_617299522.jpg,False,339346436,617299522,cc-by-nc,"(c) Orlando Padilla, some rights reserved (CC BY-NC)",orlandopr,2025-10-15,7.0391376756,-75.1057862761,0.0,0.0,duda,sin_oso_yolo,False,excluido_duda
inat_339346436_617300693.jpg,False,339346436,617300693,cc-by-nc,"(c) Orlando Padilla, some rights reserved (CC BY-NC)",orlandopr,2025-10-15,7.0391376756,-75.1057862761,0.0,0.0,duda,sin_oso_yolo,False,excluido_duda
inat_339346436_617309528.jpg,False,339346436,617309528,cc-by-nc,"(c) Orlando Padilla, some rights reserved (CC BY-NC)",orlandopr,2025-10-15,7.0391376756,-75.1057862761,2.0,0.586,,,False,positivo_conf_alta_sin_revisar
inat_339495933_617716203.jpg,False,339495933,617716203,cc-by-nc,"(c) mollyric, some rights reserved (CC BY-NC)",mollyric,2026-02-20,-0.2061566645,-78.2694068885,1.0,0.116,oso,conf_baja_yolo,True,positivo
inat_339496023_617716212.jpg,False,339496023,617716212,cc-by-nc,"(c) mollyric, some rights reserved (CC BY-NC)",mollyric,2026-02-20,-0.2494733193,-78.2656443629,1.0,0.051,oso,conf_baja_yolo,True,positivo
inat_339496023_617716218.jpg,False,339496023,617716218,cc-by-nc,"(c) mollyric, some rights reserved (CC BY-NC)",mollyric,2026-02-20,-0.2494733193,-78.2656443629,0.0,0.0,oso,sin_oso_yolo,True,positivo
inat_339496023_617716228.jpg,False,339496023,617716228,cc-by-nc,"(c) mollyric, some rights reserved (CC BY-NC)",mollyric,2026-02-20,-0.2494733193,-78.2656443629,1.0,0.623,,,True,positivo_conf_alta_sin_revisar
inat_339550771_617718184.jpg,False,339550771,617718184,cc-by-nc,"(c) Nelson Apolo, some rights reserved (CC BY-NC)",ecuadornaturetours,2026-02-20,-0.2246427876,-78.318474969,1.0,0.953,,,True,positivo_conf_alta_sin_revisar
inat_339550771_617718193.jpg,False,339550771,617718193,cc-by-nc,"(c) Nelson Apolo, some rights reserved (CC BY-NC)",ecuadornaturetours,2026-02-20,-0.2246427876,-78.318474969,1.0,0.803,,,True,positivo_conf_alta_sin_revisar
inat_33968556_53406948.jpg,False,33968556,53406948,cc-by-nc,"(c) Holger Beck, some rights reserved (CC BY-NC)",holgerbeck,2019-09-24,0.0617578955,-78.7057490385,2.0,0.7,,,True,positivo_conf_alta_sin_revisar
inat_339794405_618207164.jpg,False,339794405,618207164,cc-by-nc,"(c) Scott Ramos, some rights reserved (CC BY-NC)",farpost,2026-02-02,-0.2508835425,-78.2290406802,1.0,0.85,,,True,positivo_conf_alta_sin_revisar
inat_339794405_618207165.jpg,False,339794405,618207165,cc-by-nc,"(c) Scott Ramos, some rights reserved (CC BY-NC)",farpost,2026-02-02,-0.2508835425,-78.2290406802,1.0,0.873,,,True,positivo_conf_alta_sin_revisar
inat_339824113_618270634.jpg,False,339824113,618270634,cc-by-nc,"(c) Lilia-Meike Richter Guérin, some rights reserved (CC BY-NC)",liliameikerg,2026-02-18,-0.3404656072,-78.0803813547,3.0,0.869,,,True,positivo_conf_alta_sin_revisar
inat_340019034_618669461.jpg,False,340019034,618669461,cc-by-nc,"(c) Russ Hedley, some rights reserved (CC BY-NC)",russhedley,2026-02-03,4.8790646572,-73.7432981992,1.0,0.949,,,False,positivo_conf_alta_sin_revisar
inat_340019034_618669482.jpg,False,340019034,618669482,cc-by-nc,"(c) Russ Hedley, some rights reserved (CC BY-NC)",russhedley,2026-02-03,4.8790646572,-73.7432981992,1.0,0.944,,,False,positivo_conf_alta_sin_revisar
inat_340358050_619362862.jpg,False,340358050,619362862,cc-by-nc,"(c) bunsky, some rights reserved (CC BY-NC)",bunsky,2026-02-26,-0.1012221799,-78.7173953828,2.0,0.927,,,True,positivo_conf_alta_sin_revisar
inat_340782794_620221352.jpg,False,340782794,620221352,cc-by-nc,"(c) My World of Bird Photography, some rights reserved (CC BY-NC)",myworldofbirdphotography,2019-11-04,-0.4454998618,-78.2846570842,2.0,0.941,,,True,positivo_conf_alta_sin_revisar
inat_340782794_620221353.jpg,False,340782794,620221353,cc-by-nc,"(c) My World of Bird Photography, some rights reserved (CC BY-NC)",myworldofbirdphotography,2019-11-04,-0.4454998618,-78.2846570842,1.0,0.943,,,True,positivo_conf_alta_sin_revisar
inat_340782794_620221355.jpg,False,340782794,620221355,cc-by-nc,"(c) My World of Bird Photography, some rights reserved (CC BY-NC)",myworldofbirdphotography,2019-11-04,-0.4454998618,-78.2846570842,1.0,0.934,,,True,positivo_conf_alta_sin_revisar
inat_340782794_620221369.jpg,False,340782794,620221369,cc-by-nc,"(c) My World of Bird Photography, some rights reserved (CC BY-NC)",myworldofbirdphotography,2019-11-04,-0.4454998618,-78.2846570842,2.0,0.722,,,True,positivo_conf_alta_sin_revisar
inat_342174734_623059003.jpg,False,342174734,623059003,cc-by,"(c) Josh Noseworthy, some rights reserved (CC BY)",josh_noseworthy,2026-03-08,4.5127156668,-73.6019136512,3.0,0.804,,,False,positivo_conf_alta_sin_revisar
inat_342174734_623059082.jpg,False,342174734,623059082,cc-by,"(c) Josh Noseworthy, some rights reserved (CC BY)",josh_noseworthy,2026-03-08,4.5127156668,-73.6019136512,2.0,0.483,oso,conf_baja_yolo,False,positivo
inat_343009633_624726094.jpg,False,343009633,624726094,cc-by-nc,"(c) Dalton Spencer, some rights reserved (CC BY-NC)",pheasantboy77,2026-02-16,-6.533818771,-79.564050572,0.0,0.0,oso,sin_oso_yolo,False,positivo
inat_343225428_625171182.jpg,False,343225428,625171182,cc-by-nc,"(c) Abby McBride, some rights reserved (CC BY-NC)",almcbride,2020-03-08,-0.3971106967,-78.1906669196,1.0,0.519,,,True,positivo_conf_alta_sin_revisar
inat_343225428_625171188.jpg,False,343225428,625171188,cc-by-nc,"(c) Abby McBride, some rights reserved (CC BY-NC)",almcbride,2020-03-08,-0.3971106967,-78.1906669196,1.0,0.474,oso,conf_baja_yolo,True,positivo
inat_343225428_625171194.jpg,False,343225428,625171194,cc-by-nc,"(c) Abby McBride, some rights reserved (CC BY-NC)",almcbride,2020-03-08,-0.3971106967,-78.1906669196,0.0,0.0,duda,sin_oso_yolo,True,excluido_duda
inat_343225428_625171226.jpg,False,343225428,625171226,cc-by-nc,"(c) Abby McBride, some rights reserved (CC BY-NC)",almcbride,2020-03-08,-0.3971106967,-78.1906669196,1.0,0.869,,,True,positivo_conf_alta_sin_revisar
inat_343225428_625171227.jpg,False,343225428,625171227,cc-by-nc,"(c) Abby McBride, some rights reserved (CC BY-NC)",almcbride,2020-03-08,-0.3971106967,-78.1906669196,1.0,0.832,,,True,positivo_conf_alta_sin_revisar
inat_344020678_626763001.jpg,False,344020678,626763001,cc-by-nc,"(c) Barna Takats, some rights reserved (CC BY-NC)",beavisnail,2025-12-11,-0.276504627,-78.1164768406,1.0,0.809,,,True,positivo_conf_alta_sin_revisar
inat_344020678_626763065.jpg,False,344020678,626763065,cc-by-nc,"(c) Barna Takats, some rights reserved (CC BY-NC)",beavisnail,2025-12-11,-0.276504627,-78.1164768406,1.0,0.723,,,True,positivo_conf_alta_sin_revisar
inat_344020678_626763408.jpg,False,344020678,626763408,cc-by-nc,"(c) Barna Takats, some rights reserved (CC BY-NC)",beavisnail,2025-12-11,-0.276504627,-78.1164768406,1.0,0.711,,,True,positivo_conf_alta_sin_revisar
inat_344020678_626763736.jpg,False,344020678,626763736,cc-by-nc,"(c) Barna Takats, some rights reserved (CC BY-NC)",beavisnail,2025-12-11,-0.276504627,-78.1164768406,1.0,0.208,oso,conf_baja_yolo,True,positivo
inat_344020678_626764185.jpg,False,344020678,626764185,cc-by-nc,"(c) Barna Takats, some rights reserved (CC BY-NC)",beavisnail,2025-12-11,-0.276504627,-78.1164768406,1.0,0.438,oso,conf_baja_yolo,True,positivo
inat_344056031_626839054.jpg,False,344056031,626839054,cc-by-nc,"(c) valerybeltran, some rights reserved (CC BY-NC)",valerybeltran,2026-03-20,7.3983960946,-72.2333604465,1.0,0.52,,,False,positivo_conf_alta_sin_revisar
inat_344056031_626839097.jpg,False,344056031,626839097,cc-by-nc,"(c) valerybeltran, some rights reserved (CC BY-NC)",valerybeltran,2026-03-20,7.3983960946,-72.2333604465,1.0,0.692,,,False,positivo_conf_alta_sin_revisar
inat_344697768_628011140.jpg,False,344697768,628011140,cc-by-nc,"(c) thierry-heigold, some rights reserved (CC BY-NC)",thierry-heigold,2026-02-18,-0.3129566833,-78.0832987897,2.0,0.638,,,True,positivo_conf_alta_sin_revisar
inat_344697768_628011146.jpg,False,344697768,628011146,cc-by-nc,"(c) thierry-heigold, some rights reserved (CC BY-NC)",thierry-heigold,2026-02-18,-0.3129566833,-78.0832987897,3.0,0.54,,,True,positivo_conf_alta_sin_revisar
inat_344697768_628011184.jpg,False,344697768,628011184,cc-by-nc,"(c) thierry-heigold, some rights reserved (CC BY-NC)",thierry-heigold,2026-02-18,-0.3129566833,-78.0832987897,1.0,0.482,oso,conf_baja_yolo,True,positivo
inat_344697768_628011188.jpg,False,344697768,628011188,cc-by-nc,"(c) thierry-heigold, some rights reserved (CC BY-NC)",thierry-heigold,2026-02-18,-0.3129566833,-78.0832987897,2.0,0.671,,,True,positivo_conf_alta_sin_revisar
inat_344697768_628011202.jpg,False,344697768,628011202,cc-by-nc,"(c) thierry-heigold, some rights reserved (CC BY-NC)",thierry-heigold,2026-02-18,-0.3129566833,-78.0832987897,2.0,0.851,,,True,positivo_conf_alta_sin_revisar
inat_344697768_628011213.jpg,False,344697768,628011213,cc-by-nc,"(c) thierry-heigold, some rights reserved (CC BY-NC)",thierry-heigold,2026-02-18,-0.3129566833,-78.0832987897,2.0,0.811,,,True,positivo_conf_alta_sin_revisar
inat_344697768_628011222.jpg,False,344697768,628011222,cc-by-nc,"(c) thierry-heigold, some rights reserved (CC BY-NC)",thierry-heigold,2026-02-18,-0.3129566833,-78.0832987897,2.0,0.698,,,True,positivo_conf_alta_sin_revisar
inat_34490534_54290036.jpg,False,34490534,54290036,cc-by-nc,"(c) David Weaver, some rights reserved (CC BY-NC)",davidweaver,2019-10-13,0.1269107159,-78.6000436181,1.0,0.834,,,True,positivo_conf_alta_sin_revisar
inat_34490534_54290038.jpg,False,34490534,54290038,cc-by-nc,"(c) David Weaver, some rights reserved (CC BY-NC)",davidweaver,2019-10-13,0.1269107159,-78.6000436181,1.0,0.394,oso,conf_baja_yolo,True,positivo
inat_344928187_628527758.jpg,False,344928187,628527758,cc-by-nc,"(c) Eric Gren, some rights reserved (CC BY-NC)",greneric59,2026-03-22,-1.3151802299,-78.4746895104,0.0,0.0,sin_oso,sin_oso_yolo,True,excluido_sin_oso
inat_344928187_628527761.jpg,False,344928187,628527761,cc-by-nc,"(c) Eric Gren, some rights reserved (CC BY-NC)",greneric59,2026-03-22,-1.3151802299,-78.4746895104,0.0,0.0,rastro,sin_oso_yolo,True,excluido_rastro
inat_344928187_628527764.jpg,False,344928187,628527764,cc-by-nc,"(c) Eric Gren, some rights reserved (CC BY-NC)",greneric59,2026-03-22,-1.3151802299,-78.4746895104,0.0,0.0,rastro,sin_oso_yolo,True,excluido_rastro
inat_344928187_628527765.jpg,False,344928187,628527765,cc-by-nc,"(c) Eric Gren, some rights reserved (CC BY-NC)",greneric59,2026-03-22,-1.3151802299,-78.4746895104,0.0,0.0,rastro,sin_oso_yolo,True,excluido_rastro
inat_344928187_628527766.jpg,False,344928187,628527766,cc-by-nc,"(c) Eric Gren, some rights reserved (CC BY-NC)",greneric59,2026-03-22,-1.3151802299,-78.4746895104,0.0,0.0,rastro,sin_oso_yolo,True,excluido_rastro
inat_344960842_628587077.jpg,False,344960842,628587077,cc-by-nc,"(c) Andrés León-Reyes, some rights reserved (CC BY-NC)",aeleon,2026-03-06,-0.59632816,-78.213956623,2.0,0.762,,,True,positivo_conf_alta_sin_revisar
inat_344960893_628587456.jpg,False,344960893,628587456,cc-by-nc,"(c) Andrés León-Reyes, some rights reserved (CC BY-NC)",aeleon,2026-03-06,-0.4319886443,-78.3958960776,1.0,0.891,,,True,positivo_conf_alta_sin_revisar
inat_345538681_629729280.jpg,False,345538681,629729280,cc-by-nc,"(c) rose-free, some rights reserved (CC BY-NC)",rose-free,2026-03-15,-13.2931628168,-72.6286625226,1.0,0.898,,,False,positivo_conf_alta_sin_revisar
inat_345538681_629729299.jpg,False,345538681,629729299,cc-by-nc,"(c) rose-free, some rights reserved (CC BY-NC)",rose-free,2026-03-15,-13.2931628168,-72.6286625226,1.0,0.534,,,False,positivo_conf_alta_sin_revisar
inat_345538681_629729330.jpg,False,345538681,629729330,cc-by-nc,"(c) rose-free, some rights reserved (CC BY-NC)",rose-free,2026-03-15,-13.2931628168,-72.6286625226,1.0,0.956,,,False,positivo_conf_alta_sin_revisar
inat_345538681_629729347.jpg,False,345538681,629729347,cc-by-nc,"(c) rose-free, some rights reserved (CC BY-NC)",rose-free,2026-03-15,-13.2931628168,-72.6286625226,2.0,0.808,,,False,positivo_conf_alta_sin_revisar
inat_345583106_629819962.jpg,False,345583106,629819962,cc-by-nc,"(c) kviall, some rights reserved (CC BY-NC)",kviall,2026-03-13,-13.3304159255,-72.7611669731,1.0,0.939,,,False,positivo_conf_alta_sin_revisar
inat_345583106_629820017.jpg,False,345583106,629820017,cc-by-nc,"(c) kviall, some rights reserved (CC BY-NC)",kviall,2026-03-13,-13.3304159255,-72.7611669731,1.0,0.951,,,False,positivo_conf_alta_sin_revisar
inat_345583106_629820047.jpg,False,345583106,629820047,cc-by-nc,"(c) kviall, some rights reserved (CC BY-NC)",kviall,2026-03-13,-13.3304159255,-72.7611669731,1.0,0.931,,,False,positivo_conf_alta_sin_revisar
inat_345583106_629820076.jpg,False,345583106,629820076,cc-by-nc,"(c) kviall, some rights reserved (CC BY-NC)",kviall,2026-03-13,-13.3304159255,-72.7611669731,1.0,0.922,,,False,positivo_conf_alta_sin_revisar
inat_345583106_629820109.jpg,False,345583106,629820109,cc-by-nc,"(c) kviall, some rights reserved (CC BY-NC)",kviall,2026-03-13,-13.3304159255,-72.7611669731,1.0,0.556,,,False,positivo_conf_alta_sin_revisar
inat_347645626_633897009.jpg,False,347645626,633897009,cc-by-nc,"(c) Brayan Molina, some rights reserved (CC BY-NC)",brayan_119,2026-04-03,4.7044068043,-73.7632709556,0.0,0.0,rastro,sin_oso_yolo,False,excluido_rastro
inat_347645626_633899439.jpg,False,347645626,633899439,cc-by-nc,"(c) Brayan Molina, some rights reserved (CC BY-NC)",brayan_119,2026-04-03,4.7044068043,-73.7632709556,0.0,0.0,sin_oso,sin_oso_yolo,False,excluido_sin_oso
inat_34878154_54948257.jpg,False,34878154,54948257,cc-by-nc,"(c) Holger Beck, some rights reserved (CC BY-NC)",holgerbeck,2019-10-23,0.1719612126,-78.7797558636,2.0,0.808,,,True,positivo_conf_alta_sin_revisar
inat_349624219_637808081.jpg,False,349624219,637808081,cc-by-nc,"(c) Michael Phillips, some rights reserved (CC BY-NC)",cw4phillips,2026-03-22,-0.3116406825,-78.3207278405,1.0,0.422,oso,conf_baja_yolo,True,positivo
inat_349872186_638290028.jpg,False,349872186,638290028,cc-by-nc,"(c) HSE COLOMBIA, some rights reserved (CC BY-NC)",hse_colombia,2026-03-03,4.8773944523,-73.7846901228,1.0,0.58,,,False,positivo_conf_alta_sin_revisar
inat_351516123_641482041.jpg,False,351516123,641482041,cc-by-nc,"(c) Bosko Ruffner, some rights reserved (CC BY-NC)",boskoruffner,2026-04-19,-10.4837735316,-75.5304593667,1.0,0.89,,,False,positivo_conf_alta_sin_revisar
inat_351516126_641482043.jpg,False,351516126,641482043,cc-by-nc,"(c) Bosko Ruffner, some rights reserved (CC BY-NC)",boskoruffner,2026-04-19,-10.4432623488,-75.4680425356,1.0,0.206,oso,conf_baja_yolo,False,positivo
inat_351516127_641482045.jpg,False,351516127,641482045,cc-by-nc,"(c) Bosko Ruffner, some rights reserved (CC BY-NC)",boskoruffner,2026-04-19,-10.5422238889,-75.4532564051,1.0,0.904,,,False,positivo_conf_alta_sin_revisar
inat_351516133_641482384.jpg,False,351516133,641482384,cc-by-nc,"(c) Bosko Ruffner, some rights reserved (CC BY-NC)",boskoruffner,2026-04-19,-10.5733501874,-75.4239815695,0.0,0.0,oso,sin_oso_yolo,False,positivo
inat_351516135_641482403.jpg,False,351516135,641482403,cc-by-nc,"(c) Bosko Ruffner, some rights reserved (CC BY-NC)",boskoruffner,2026-04-19,-10.5108082689,-75.4992778286,5.0,0.185,oso,conf_baja_yolo,False,positivo
inat_351516137_641482410.jpg,False,351516137,641482410,cc-by-nc,"(c) Bosko Ruffner, some rights reserved (CC BY-NC)",boskoruffner,2026-04-19,-10.5846538163,-75.5747074231,4.0,0.155,oso,conf_baja_yolo,False,positivo
inat_351516140_641482605.jpg,False,351516140,641482605,cc-by-nc,"(c) Bosko Ruffner, some rights reserved (CC BY-NC)",boskoruffner,2026-04-19,-10.4991498698,-75.4740021577,2.0,0.61,,,False,positivo_conf_alta_sin_revisar
inat_351516141_641482870.jpg,False,351516141,641482870,cc-by-nc,"(c) Bosko Ruffner, some rights reserved (CC BY-NC)",boskoruffner,2026-04-19,-10.492861876,-75.4096878355,1.0,0.442,oso,conf_baja_yolo,False,positivo
inat_351516142_641482787.jpg,False,351516142,641482787,cc-by-nc,"(c) Bosko Ruffner, some rights reserved (CC BY-NC)",boskoruffner,2026-04-19,-10.4684752432,-75.4911047622,1.0,0.802,,,False,positivo_conf_alta_sin_revisar
inat_351516145_641482987.jpg,False,351516145,641482987,cc-by-nc,"(c) Bosko Ruffner, some rights reserved (CC BY-NC)",boskoruffner,2026-04-19,-10.4378870604,-75.4948364416,3.0,0.441,oso,conf_baja_yolo,False,positivo
inat_351516146_641483065.jpg,False,351516146,641483065,cc-by-nc,"(c) Bosko Ruffner, some rights reserved (CC BY-NC)",boskoruffner,2026-04-19,-10.4144349055,-75.4449400821,2.0,0.656,,,False,positivo_conf_alta_sin_revisar
inat_351516147_641483067.jpg,False,351516147,641483067,cc-by-nc,"(c) Bosko Ruffner, some rights reserved (CC BY-NC)",boskoruffner,2026-04-19,-10.4710535801,-75.4605851649,3.0,0.38,oso,conf_baja_yolo,False,positivo
inat_351516152_641483079.jpg,False,351516152,641483079,cc-by-nc,"(c) Bosko Ruffner, some rights reserved (CC BY-NC)",boskoruffner,2026-04-19,-10.4484515446,-75.4811332373,3.0,0.189,oso,conf_baja_yolo,False,positivo
inat_351516153_641483284.jpg,False,351516153,641483284,cc-by-nc,"(c) Bosko Ruffner, some rights reserved (CC BY-NC)",boskoruffner,2026-04-19,-10.4072083258,-75.5470240151,3.0,0.263,oso,conf_baja_yolo,False,positivo
inat_351516154_641483279.jpg,False,351516154,641483279,cc-by-nc,"(c) Bosko Ruffner, some rights reserved (CC BY-NC)",boskoruffner,2026-04-19,-10.4435626265,-75.5472991825,2.0,0.409,oso,conf_baja_yolo,False,positivo
inat_351516160_641483361.jpg,False,351516160,641483361,cc-by-nc,"(c) Bosko Ruffner, some rights reserved (CC BY-NC)",boskoruffner,2026-04-19,-10.5160417464,-75.5982376828,1.0,0.721,,,False,positivo_conf_alta_sin_revisar
inat_351516161_641483285.jpg,False,351516161,641483285,cc-by-nc,"(c) Bosko Ruffner, some rights reserved (CC BY-NC)",boskoruffner,2026-04-19,-10.4488855024,-75.4590675355,4.0,0.289,oso,conf_baja_yolo,False,positivo
inat_351516163_641483410.jpg,False,351516163,641483410,cc-by-nc,"(c) Bosko Ruffner, some rights reserved (CC BY-NC)",boskoruffner,2026-04-19,-10.5224347832,-75.5601780833,3.0,0.261,oso,conf_baja_yolo,False,positivo
inat_351516168_641483416.jpg,False,351516168,641483416,cc-by-nc,"(c) Bosko Ruffner, some rights reserved (CC BY-NC)",boskoruffner,2026-04-19,-10.458780228,-75.5302340223,0.0,0.0,oso,sin_oso_yolo,False,positivo
inat_351516170_641483455.jpg,False,351516170,641483455,cc-by-nc,"(c) Bosko Ruffner, some rights reserved (CC BY-NC)",boskoruffner,2026-04-19,-10.4875276549,-75.4877981421,1.0,0.108,oso,conf_baja_yolo,False,positivo
inat_351516171_641483525.jpg,False,351516171,641483525,cc-by-nc,"(c) Bosko Ruffner, some rights reserved (CC BY-NC)",boskoruffner,2026-04-19,-10.4615604211,-75.5726866982,2.0,0.668,,,False,positivo_conf_alta_sin_revisar
inat_351516174_641483593.jpg,False,351516174,641483593,cc-by-nc,"(c) Bosko Ruffner, some rights reserved (CC BY-NC)",boskoruffner,2026-04-19,-10.5834537824,-75.5461262721,1.0,0.82,,,False,positivo_conf_alta_sin_revisar
inat_351516175_641483645.jpg,False,351516175,641483645,cc-by-nc,"(c) Bosko Ruffner, some rights reserved (CC BY-NC)",boskoruffner,2026-04-19,-10.4934114645,-75.5384070985,1.0,0.881,,,False,positivo_conf_alta_sin_revisar
inat_351598168_641643330.jpg,False,351598168,641643330,cc-by-nc,"(c) ERIKA GOMEZ, some rights reserved (CC BY-NC)",erika6439,2025-06-29,-0.2871217462,-78.1316175708,2.0,0.923,,,True,positivo_conf_alta_sin_revisar
inat_351866524_642163854.jpg,False,351866524,642163854,cc-by-nc,"(c) Wesley McGee, some rights reserved (CC BY-NC)",wesleymcgee1207,2026-01-27,-0.5532773829,-78.3251567184,0.0,0.0,duda,sin_oso_yolo,True,excluido_duda
inat_351866524_642164018.jpg,False,351866524,642164018,cc-by-nc,"(c) Wesley McGee, some rights reserved (CC BY-NC)",wesleymcgee1207,2026-01-27,-0.5532773829,-78.3251567184,0.0,0.0,duda,sin_oso_yolo,True,excluido_duda
inat_351866524_654434663.jpg,False,351866524,654434663,cc-by-nc,"(c) Wesley McGee, some rights reserved (CC BY-NC)",wesleymcgee1207,2026-01-27,-0.5532773829,-78.3251567184,1.0,0.665,,,True,positivo_conf_alta_sin_revisar
inat_351866524_654434732.jpg,False,351866524,654434732,cc-by-nc,"(c) Wesley McGee, some rights reserved (CC BY-NC)",wesleymcgee1207,2026-01-27,-0.5532773829,-78.3251567184,0.0,0.0,oso,sin_oso_yolo,True,positivo
inat_351866524_654434761.jpg,False,351866524,654434761,cc-by-nc,"(c) Wesley McGee, some rights reserved (CC BY-NC)",wesleymcgee1207,2026-01-27,-0.5532773829,-78.3251567184,0.0,0.0,oso,sin_oso_yolo,True,positivo
inat_352358683_643113614.jpg,False,352358683,643113614,cc-by-nc,"(c) Luis Yupa, some rights reserved (CC BY-NC)",luisyupa,2026-04-14,-0.2432340294,-78.3000613671,1.0,0.617,,,True,positivo_conf_alta_sin_revisar
inat_353787379_645463093.jpg,False,353787379,645463093,cc-by-nc,"(c) Elizete Nogueira Barbosa, some rights reserved (CC BY-NC)",elizetenogueirabarbosa,2026-03-02,-0.0842969272,-78.6440519919,1.0,0.925,,,True,positivo_conf_alta_sin_revisar
inat_353787514_645568793.jpg,False,353787514,645568793,cc-by-nc,"(c) Elizete Nogueira Barbosa, some rights reserved (CC BY-NC)",elizetenogueirabarbosa,2026-03-02,-0.0095436289,-78.6591387853,1.0,0.944,,,True,positivo_conf_alta_sin_revisar
inat_354300539_646357483.jpg,False,354300539,646357483,cc-by-nc,"(c) Tripper, some rights reserved (CC BY-NC)",pepaul,2026-04-10,-0.3353788969,-78.2728170562,1.0,0.79,,,True,positivo_conf_alta_sin_revisar
inat_354510156_646699969.jpg,False,354510156,646699969,cc-by-nc,"(c) Sergio Chumacero, some rights reserved (CC BY-NC)",sergiochuma,2026-04-26,-15.6395893877,-67.7289308468,0.0,0.0,rastro,sin_oso_yolo,False,excluido_rastro
inat_357763747_652425747.jpg,False,357763747,652425747,cc-by-nc,"(c) Omar Miranda B., some rights reserved (CC BY-NC)",frogbo,2026-04-25,-16.3395674231,-67.8542589587,0.0,0.0,sin_oso,sin_oso_yolo,False,excluido_sin_oso
inat_357763747_652425775.jpg,False,357763747,652425775,cc-by-nc,"(c) Omar Miranda B., some rights reserved (CC BY-NC)",frogbo,2026-04-25,-16.3395674231,-67.8542589587,0.0,0.0,rastro,sin_oso_yolo,False,excluido_rastro
inat_358811826_654604107.jpg,False,358811826,654604107,cc-by-nc,"(c) Ingo Rogalla, some rights reserved (CC BY-NC)",ingorogalla,2026-04-19,-0.5781357416,-78.3337391451,2.0,0.881,,,True,positivo_conf_alta_sin_revisar
inat_359300782_655531384.jpg,False,359300782,655531384,cc-by-nc,"(c) Lisbeth Balderrama, some rights reserved (CC BY-NC)",telmaoliveraprepromo,2026-05-07,-17.5833428312,-65.2408248836,1.0,0.911,,,False,positivo_conf_alta_sin_revisar
inat_35977834_56807271.jpg,False,35977834,56807271,cc-by-nc,"(c) osoandino, some rights reserved (CC BY-NC)",osoandino,2016-04-29,0.1091464586,-78.6077054059,0.0,0.0,oso,sin_oso_yolo,True,positivo
inat_360374635_657576256.jpg,False,360374635,657576256,cc-by-nc,"(c) odlc, some rights reserved (CC BY-NC)",odlc,2026-04-30,4.8423940044,-73.6838502623,1.0,0.896,,,False,positivo_conf_alta_sin_revisar
inat_362589414_661796145.jpg,False,362589414,661796145,cc-by-nc,"(c) Justin Cook, some rights reserved (CC BY-NC)",dirb72,2026-05-02,-0.2382596066,-78.2433905294,2.0,0.586,,,True,positivo_conf_alta_sin_revisar
inat_362847370_662282417.jpg,False,362847370,662282417,cc-by-nc,"(c) bbaum21, some rights reserved (CC BY-NC)",bbaum21,2023-11-11,-0.3899026951,-78.3625165677,1.0,0.078,oso,conf_baja_yolo,True,positivo
inat_36352681_57456052.jpg,False,36352681,57456052,cc-by-nc,"(c) Laura Bond, some rights reserved (CC BY-NC)",bond_with_nature,2019-12-03,-0.1308981721,-78.654636931,1.0,0.456,oso,conf_baja_yolo,True,positivo
inat_363818292_664142511.jpg,False,363818292,664142511,cc-by-nc,"(c) @gonzalezduran, some rights reserved (CC BY-NC)",gustavogonzalezduran,2026-05-20,4.4257980612,-73.6306539073,0.0,0.0,rastro,sin_oso_yolo,False,excluido_rastro
inat_36412527_57556471.jpg,False,36412527,57556471,cc-by-nc,"(c) Holger Beck, some rights reserved (CC BY-NC)",holgerbeck,2010-01-13,0.0178793428,-78.656940397,2.0,0.623,,,True,positivo_conf_alta_sin_revisar
inat_364447173_665312071.jpg,False,364447173,665312071,cc-by-nc,"(c) Scott Wieman, some rights reserved (CC BY-NC)",amurfalcon,2026-05-23,-0.518967725,-78.3049499254,3.0,0.674,,,True,positivo_conf_alta_sin_revisar
inat_364447173_665312103.jpg,False,364447173,665312103,cc-by-nc,"(c) Scott Wieman, some rights reserved (CC BY-NC)",amurfalcon,2026-05-23,-0.518967725,-78.3049499254,2.0,0.838,,,True,positivo_conf_alta_sin_revisar
inat_364447173_665312123.jpg,False,364447173,665312123,cc-by-nc,"(c) Scott Wieman, some rights reserved (CC BY-NC)",amurfalcon,2026-05-23,-0.518967725,-78.3049499254,2.0,0.756,,,True,positivo_conf_alta_sin_revisar
inat_364447173_665312174.jpg,False,364447173,665312174,cc-by-nc,"(c) Scott Wieman, some rights reserved (CC BY-NC)",amurfalcon,2026-05-23,-0.518967725,-78.3049499254,1.0,0.745,,,True,positivo_conf_alta_sin_revisar
inat_364447173_665312224.jpg,False,364447173,665312224,cc-by-nc,"(c) Scott Wieman, some rights reserved (CC BY-NC)",amurfalcon,2026-05-23,-0.518967725,-78.3049499254,1.0,0.825,,,True,positivo_conf_alta_sin_revisar
inat_364447173_665312248.jpg,False,364447173,665312248,cc-by-nc,"(c) Scott Wieman, some rights reserved (CC BY-NC)",amurfalcon,2026-05-23,-0.518967725,-78.3049499254,1.0,0.866,,,True,positivo_conf_alta_sin_revisar
inat_364447173_674992508.jpg,False,364447173,674992508,cc-by-nc,"(c) Scott Wieman, some rights reserved (CC BY-NC)",amurfalcon,2026-05-23,-0.518967725,-78.3049499254,1.0,0.62,,,True,positivo_conf_alta_sin_revisar
inat_364456716_665331026.jpg,False,364456716,665331026,cc-by-nc,"(c) Jana Václavíková, some rights reserved (CC BY-NC)",jvacl,2026-05-10,-0.4418987499,-78.2225467082,1.0,0.428,oso,conf_baja_yolo,True,positivo
inat_364553282_665522889.jpg,False,364553282,665522889,cc-by-nc,"(c) Alec Hopping, some rights reserved (CC BY-NC)",hoppockets,2023-07-20,-0.1344500315,-78.7045709313,1.0,0.921,,,True,positivo_conf_alta_sin_revisar
inat_364826385_666030987.jpg,False,364826385,666030987,cc-by-nc,"(c) Martinez-Diaz M, some rights reserved (CC BY-NC)",lophostoma4293,2026-01-07,-14.0856685851,-67.8377309914,1.0,0.881,,,False,positivo_conf_alta_sin_revisar
inat_364998321_666364022.jpg,False,364998321,666364022,cc-by-nc,"(c) sergioueda, some rights reserved (CC BY-NC)",sergioueda,2017-07-27,-13.1622012752,-72.4665282918,3.0,0.372,oso,conf_baja_yolo,False,positivo
inat_36604788_57884124.jpg,False,36604788,57884124,cc-by-nc,"(c) Dr. Ryne D. Rutherford, some rights reserved (CC BY-NC)",ryruther,2013-12-31,-0.0661213565,-78.6812939536,0.0,0.0,rastro,sin_oso_yolo,True,excluido_rastro
inat_36604792_57884138.jpg,False,36604792,57884138,cc-by-nc,"(c) Dr. Ryne D. Rutherford, some rights reserved (CC BY-NC)",ryruther,2013-12-31,-0.0126545182,-78.7678940673,0.0,0.0,rastro,sin_oso_yolo,True,excluido_rastro
inat_367792235_671682127.jpg,False,367792235,671682127,cc-by-nc,"(c) Fundacion ProAves, some rights reserved (CC BY-NC)",fundacion_proaves,2026-05-08,4.3219914008,-75.4376671144,1.0,0.914,,,False,positivo_conf_alta_sin_revisar
inat_367792235_671682235.jpg,False,367792235,671682235,cc-by-nc,"(c) Fundacion ProAves, some rights reserved (CC BY-NC)",fundacion_proaves,2026-05-08,4.3219914008,-75.4376671144,1.0,0.963,,,False,positivo_conf_alta_sin_revisar
inat_367853632_671810104.jpg,False,367853632,671810104,cc-by-nc,"(c) Clément panisse, some rights reserved (CC BY-NC)",panisseclement,2026-06-01,-2.8075838309,-78.7846161266,1.0,0.702,,,True,positivo_conf_alta_sin_revisar
inat_36801638_58233951.jpg,False,36801638,58233951,cc-by-nc,"(c) Danny Santana Rosero, some rights reserved (CC BY-NC)",danny292,2018-06-29,1.7801419325,-76.5062706022,2.0,0.665,,,False,positivo_conf_alta_sin_revisar
inat_368144596_672371091.jpg,False,368144596,672371091,cc-by-nc,"(c) Ulises Yumbo, some rights reserved (CC BY-NC)",uyumbo,2026-05-25,-0.5458562397,-78.0258971392,2.0,0.661,,,True,positivo_conf_alta_sin_revisar
inat_368144596_672371509.jpg,False,368144596,672371509,cc-by-nc,"(c) Ulises Yumbo, some rights reserved (CC BY-NC)",uyumbo,2026-05-25,-0.5458562397,-78.0258971392,1.0,0.881,,,True,positivo_conf_alta_sin_revisar
inat_368144596_672371969.jpg,False,368144596,672371969,cc-by-nc,"(c) Ulises Yumbo, some rights reserved (CC BY-NC)",uyumbo,2026-05-25,-0.5458562397,-78.0258971392,1.0,0.885,,,True,positivo_conf_alta_sin_revisar
inat_368144596_672372415.jpg,False,368144596,672372415,cc-by-nc,"(c) Ulises Yumbo, some rights reserved (CC BY-NC)",uyumbo,2026-05-25,-0.5458562397,-78.0258971392,1.0,0.539,,,True,positivo_conf_alta_sin_revisar
inat_368149644_672379400.jpg,False,368149644,672379400,cc-by-nc,"(c) alanvannorman, some rights reserved (CC BY-NC)",alanvannorman,2018-11-30,-0.2400058473,-78.1333181783,1.0,0.697,,,True,positivo_conf_alta_sin_revisar
inat_368149644_672379402.jpg,False,368149644,672379402,cc-by-nc,"(c) alanvannorman, some rights reserved (CC BY-NC)",alanvannorman,2018-11-30,-0.2400058473,-78.1333181783,1.0,0.121,oso,conf_baja_yolo,True,positivo
inat_368149644_672379407.jpg,False,368149644,672379407,cc-by-nc,"(c) alanvannorman, some rights reserved (CC BY-NC)",alanvannorman,2018-11-30,-0.2400058473,-78.1333181783,1.0,0.145,oso,conf_baja_yolo,True,positivo
inat_368149644_672379445.jpg,False,368149644,672379445,cc-by-nc,"(c) alanvannorman, some rights reserved (CC BY-NC)",alanvannorman,2018-11-30,-0.2400058473,-78.1333181783,3.0,0.859,,,True,positivo_conf_alta_sin_revisar
inat_368161655_672403871.jpg,False,368161655,672403871,cc-by-nc,"(c) Mario Pelletier, some rights reserved (CC BY-NC)",garsola,2026-03-23,-0.3453570581,-78.3709680768,0.0,0.0,duda,sin_oso_yolo,True,excluido_duda
inat_368161655_672403895.jpg,False,368161655,672403895,cc-by-nc,"(c) Mario Pelletier, some rights reserved (CC BY-NC)",garsola,2026-03-23,-0.3453570581,-78.3709680768,0.0,0.0,duda,sin_oso_yolo,True,excluido_duda
inat_368161655_682202570.jpg,False,368161655,682202570,cc-by-nc,"(c) Mario Pelletier, some rights reserved (CC BY-NC)",garsola,2026-03-23,-0.3453570581,-78.3709680768,1.0,0.877,,,True,positivo_conf_alta_sin_revisar
inat_369551257_675043283.jpg,False,369551257,675043283,cc-by-nc,"(c) Tony Oz, some rights reserved (CC BY-NC)",tony22138,2026-06-06,4.7583273733,-73.9818941029,2.0,0.76,,,False,positivo_conf_alta_sin_revisar
inat_370741557_677318315.jpg,False,370741557,677318315,cc-by-nc,"(c) anniehawk8, some rights reserved (CC BY-NC)",anniehawk8,2026-06-11,-0.2528299352,-78.2716045689,1.0,0.89,,,True,positivo_conf_alta_sin_revisar
inat_370741557_677318361.jpg,False,370741557,677318361,cc-by-nc,"(c) anniehawk8, some rights reserved (CC BY-NC)",anniehawk8,2026-06-11,-0.2528299352,-78.2716045689,5.0,0.757,,,True,positivo_conf_alta_sin_revisar
inat_370741557_677318397.jpg,False,370741557,677318397,cc-by-nc,"(c) anniehawk8, some rights reserved (CC BY-NC)",anniehawk8,2026-06-11,-0.2528299352,-78.2716045689,1.0,0.945,,,True,positivo_conf_alta_sin_revisar
inat_370741557_677318438.jpg,False,370741557,677318438,cc-by-nc,"(c) anniehawk8, some rights reserved (CC BY-NC)",anniehawk8,2026-06-11,-0.2528299352,-78.2716045689,4.0,0.439,oso,conf_baja_yolo,True,positivo
inat_370741557_677318467.jpg,False,370741557,677318467,cc-by-nc,"(c) anniehawk8, some rights reserved (CC BY-NC)",anniehawk8,2026-06-11,-0.2528299352,-78.2716045689,1.0,0.957,,,True,positivo_conf_alta_sin_revisar
inat_371116146_678043644.jpg,False,371116146,678043644,cc-by-nc,"(c) Sunset Recinos Moya, some rights reserved (CC BY-NC)",sunset_ruby,2026-06-11,-0.4475202364,-78.3561521628,3.0,0.78,,,True,positivo_conf_alta_sin_revisar
inat_371116146_678043676.jpg,False,371116146,678043676,cc-by-nc,"(c) Sunset Recinos Moya, some rights reserved (CC BY-NC)",sunset_ruby,2026-06-11,-0.4475202364,-78.3561521628,4.0,0.597,,,True,positivo_conf_alta_sin_revisar
inat_371116146_678043708.jpg,False,371116146,678043708,cc-by-nc,"(c) Sunset Recinos Moya, some rights reserved (CC BY-NC)",sunset_ruby,2026-06-11,-0.4475202364,-78.3561521628,3.0,0.628,,,True,positivo_conf_alta_sin_revisar
inat_371116146_678043726.jpg,False,371116146,678043726,cc-by-nc,"(c) Sunset Recinos Moya, some rights reserved (CC BY-NC)",sunset_ruby,2026-06-11,-0.4475202364,-78.3561521628,2.0,0.862,,,True,positivo_conf_alta_sin_revisar
inat_371116146_678043759.jpg,False,371116146,678043759,cc-by-nc,"(c) Sunset Recinos Moya, some rights reserved (CC BY-NC)",sunset_ruby,2026-06-11,-0.4475202364,-78.3561521628,1.0,0.613,,,True,positivo_conf_alta_sin_revisar
inat_371116146_678043787.jpg,False,371116146,678043787,cc-by-nc,"(c) Sunset Recinos Moya, some rights reserved (CC BY-NC)",sunset_ruby,2026-06-11,-0.4475202364,-78.3561521628,2.0,0.33,oso,conf_baja_yolo,True,positivo
inat_371116146_678043817.jpg,False,371116146,678043817,cc-by-nc,"(c) Sunset Recinos Moya, some rights reserved (CC BY-NC)",sunset_ruby,2026-06-11,-0.4475202364,-78.3561521628,2.0,0.131,oso,conf_baja_yolo,True,positivo
inat_371116146_678045686.jpg,False,371116146,678045686,cc-by-nc,"(c) Sunset Recinos Moya, some rights reserved (CC BY-NC)",sunset_ruby,2026-06-11,-0.4475202364,-78.3561521628,2.0,0.752,,,True,positivo_conf_alta_sin_revisar
inat_371245105_678279170.jpg,False,371245105,678279170,cc-by-nc,"(c) odlc, some rights reserved (CC BY-NC)",odlc,2026-06-10,0.3068549026,-77.9310907221,2.0,0.68,,,True,positivo_conf_alta_sin_revisar
inat_371377548_678526437.jpg,False,371377548,678526437,cc-by-nc,"(c) Shea, some rights reserved (CC BY-NC)",thetreesknees,2026-06-12,4.6069781767,-73.6013366976,1.0,0.719,,,False,positivo_conf_alta_sin_revisar
inat_371452062_678670667.jpg,False,371452062,678670667,cc-by-nc,"(c) Sebastian K. Herzog, some rights reserved (CC BY-NC)",skherzog,2026-06-11,-0.4185517442,-78.2079828302,1.0,0.924,,,True,positivo_conf_alta_sin_revisar
inat_371452062_678671968.jpg,False,371452062,678671968,cc-by-nc,"(c) Sebastian K. Herzog, some rights reserved (CC BY-NC)",skherzog,2026-06-11,-0.4185517442,-78.2079828302,3.0,0.826,,,True,positivo_conf_alta_sin_revisar
inat_371452062_678671969.jpg,False,371452062,678671969,cc-by-nc,"(c) Sebastian K. Herzog, some rights reserved (CC BY-NC)",skherzog,2026-06-11,-0.4185517442,-78.2079828302,1.0,0.781,,,True,positivo_conf_alta_sin_revisar
inat_371766648_679268031.jpg,False,371766648,679268031,cc-by-nc,"(c) Conserva Aves, some rights reserved (CC BY-NC)",conservaaves,2026-06-10,-0.4340176033,-78.2129531711,1.0,0.835,,,True,positivo_conf_alta_sin_revisar
inat_371766648_679268428.jpg,False,371766648,679268428,cc-by-nc,"(c) Conserva Aves, some rights reserved (CC BY-NC)",conservaaves,2026-06-10,-0.4340176033,-78.2129531711,3.0,0.462,oso,conf_baja_yolo,True,positivo
inat_371766648_679268430.jpg,False,371766648,679268430,cc-by-nc,"(c) Conserva Aves, some rights reserved (CC BY-NC)",conservaaves,2026-06-10,-0.4340176033,-78.2129531711,1.0,0.901,,,True,positivo_conf_alta_sin_revisar
inat_371766648_679268441.jpg,False,371766648,679268441,cc-by-nc,"(c) Conserva Aves, some rights reserved (CC BY-NC)",conservaaves,2026-06-10,-0.4340176033,-78.2129531711,1.0,0.932,,,True,positivo_conf_alta_sin_revisar
inat_371766648_679268454.jpg,False,371766648,679268454,cc-by-nc,"(c) Conserva Aves, some rights reserved (CC BY-NC)",conservaaves,2026-06-10,-0.4340176033,-78.2129531711,4.0,0.714,,,True,positivo_conf_alta_sin_revisar
inat_371957478_679641693.jpg,False,371957478,679641693,cc-by-nc,"(c) Mario Pelletier, some rights reserved (CC BY-NC)",garsola,2026-03-21,-0.3957943553,-78.3341485838,1.0,0.85,,,True,positivo_conf_alta_sin_revisar
inat_374491713_684507616.jpg,False,374491713,684507616,cc-by-nc,"(c) Savimbo, some rights reserved (CC BY-NC)",savimbo,2026-01-31,0.9498943404,-76.742057811,1.0,0.156,,,True,pendiente_revision
inat_374491713_684507616_frame_001.jpg,True,374491713,684507616,cc-by-nc,"(c) Savimbo, some rights reserved (CC BY-NC)",savimbo,2026-01-31,0.9498943404,-76.742057811,,,oso,conf_baja_yolo,True,positivo
inat_374491713_684507616_frame_013.jpg,True,374491713,684507616,cc-by-nc,"(c) Savimbo, some rights reserved (CC BY-NC)",savimbo,2026-01-31,0.9498943404,-76.742057811,,,oso,conf_baja_yolo,True,positivo
inat_374687138_684879156.jpg,False,374687138,684879156,cc-by-nc,"(c) galan_daniela, some rights reserved (CC BY-NC)",galan_daniela,2026-06-16,-2.9849940844,-78.6402973879,0.0,0.0,oso,sin_oso_yolo,True,positivo
inat_374780708_685067206.jpg,False,374780708,685067206,cc-by-nc,"(c) bautista-catalina, some rights reserved (CC BY-NC)",bautista-catalina,2026-06-23,-2.6033801286,-78.5231905703,1.0,0.816,,,True,positivo_conf_alta_sin_revisar
inat_375008924_685502111.jpg,False,375008924,685502111,cc-by-nc,"(c) Douglas J. Long, some rights reserved (CC BY-NC)",douglasglobal,2026-04-18,0.7889665118,-78.3031097586,1.0,0.936,,,True,positivo_conf_alta_sin_revisar
inat_376144543_687693939.jpg,False,376144543,687693939,cc-by-nc,"(c) Noa Vedel, some rights reserved (CC BY-NC)",noansv,2025-08-29,-0.3305813254,-78.0356843726,1.0,0.869,,,True,positivo_conf_alta_sin_revisar
inat_37769733_59936551.jpg,False,37769733,59936551,cc-by-nc,"(c) David Torres, some rights reserved (CC BY-NC)",dawicho,2020-01-19,-0.3413651083,-78.055873356,0.0,0.0,sin_oso,sin_oso_yolo,True,excluido_sin_oso
inat_37769733_59947432.jpg,False,37769733,59947432,cc-by-nc,"(c) David Torres, some rights reserved (CC BY-NC)",dawicho,2020-01-19,-0.3413651083,-78.055873356,0.0,0.0,sin_oso,sin_oso_yolo,True,excluido_sin_oso
inat_37769733_59947435.jpg,False,37769733,59947435,cc-by-nc,"(c) David Torres, some rights reserved (CC BY-NC)",dawicho,2020-01-19,-0.3413651083,-78.055873356,0.0,0.0,sin_oso,sin_oso_yolo,True,excluido_sin_oso
inat_37924789_60197776.jpg,False,37924789,60197776,cc-by-nc,"(c) sammabrams, some rights reserved (CC BY-NC)",sammabrams,2020-01-04,0.0482722156,-78.6514187221,0.0,0.0,rastro,sin_oso_yolo,True,excluido_rastro
inat_37924789_60197784.jpg,False,37924789,60197784,cc-by-nc,"(c) sammabrams, some rights reserved (CC BY-NC)",sammabrams,2020-01-04,0.0482722156,-78.6514187221,1.0,0.223,rastro,conf_baja_yolo,True,excluido_rastro
inat_37924789_60197790.jpg,False,37924789,60197790,cc-by-nc,"(c) sammabrams, some rights reserved (CC BY-NC)",sammabrams,2020-01-04,0.0482722156,-78.6514187221,0.0,0.0,rastro,sin_oso_yolo,True,excluido_rastro
inat_380155555_695460971.jpg,False,380155555,695460971,cc-by-nc,"(c) C.V. Vick, some rights reserved (CC BY-NC)",cvvick,2026-06-12,-0.4195047696,-78.0680896025,4.0,0.22,oso,conf_baja_yolo,True,positivo
inat_38065943_60444332.jpg,False,38065943,60444332,cc-by-nc,"(c) Michael Hanrahan, some rights reserved (CC BY-NC)",michaelhanrahan,2019-09-23,0.1481432789,-78.7800040894,2.0,0.594,,,True,positivo_conf_alta_sin_revisar
inat_381027924_697167453.jpg,False,381027924,697167453,cc-by-nc,"(c) Jen, some rights reserved (CC BY-NC)",jecmanatee,2026-07-13,-10.5126898471,-75.5049834853,0.0,0.0,duda,sin_oso_yolo,False,excluido_duda
inat_381027924_697167497.jpg,False,381027924,697167497,cc-by-nc,"(c) Jen, some rights reserved (CC BY-NC)",jecmanatee,2026-07-13,-10.5126898471,-75.5049834853,0.0,0.0,duda,sin_oso_yolo,False,excluido_duda
inat_381027924_697167543.jpg,False,381027924,697167543,cc-by-nc,"(c) Jen, some rights reserved (CC BY-NC)",jecmanatee,2026-07-13,-10.5126898471,-75.5049834853,1.0,0.159,duda,conf_baja_yolo,False,excluido_duda
inat_381027924_697167585.jpg,False,381027924,697167585,cc-by-nc,"(c) Jen, some rights reserved (CC BY-NC)",jecmanatee,2026-07-13,-10.5126898471,-75.5049834853,0.0,0.0,duda,sin_oso_yolo,False,excluido_duda
inat_381027924_697232827.jpg,False,381027924,697232827,cc-by-nc,"(c) Jen, some rights reserved (CC BY-NC)",jecmanatee,2026-07-13,-10.5126898471,-75.5049834853,1.0,0.836,,,False,positivo_conf_alta_sin_revisar
inat_381027924_697232853.jpg,False,381027924,697232853,cc-by-nc,"(c) Jen, some rights reserved (CC BY-NC)",jecmanatee,2026-07-13,-10.5126898471,-75.5049834853,1.0,0.072,oso,conf_baja_yolo,False,positivo
inat_381308170_697688992.jpg,False,381308170,697688992,cc-by-nc,"(c) piotrkz, some rights reserved (CC BY-NC)",piotrkz,2026-06-28,-0.0113384219,-77.8369024738,1.0,0.941,,,True,positivo_conf_alta_sin_revisar
inat_381308170_697689010.jpg,False,381308170,697689010,cc-by-nc,"(c) piotrkz, some rights reserved (CC BY-NC)",piotrkz,2026-06-28,-0.0113384219,-77.8369024738,3.0,0.93,,,True,positivo_conf_alta_sin_revisar
inat_381308170_697689011.jpg,False,381308170,697689011,cc-by-nc,"(c) piotrkz, some rights reserved (CC BY-NC)",piotrkz,2026-06-28,-0.0113384219,-77.8369024738,1.0,0.954,,,True,positivo_conf_alta_sin_revisar
inat_384029108_702929636.jpg,False,384029108,702929636,cc-by-nc,"(c) evanghouston, some rights reserved (CC BY-NC)",evanghouston,2026-07-19,-0.2568775035,-78.3469367859,2.0,0.756,,,True,positivo_conf_alta_sin_revisar
inat_384029108_702929799.jpg,False,384029108,702929799,cc-by-nc,"(c) evanghouston, some rights reserved (CC BY-NC)",evanghouston,2026-07-19,-0.2568775035,-78.3469367859,4.0,0.205,oso,conf_baja_yolo,True,positivo
inat_384138381_703145886.jpg,False,384138381,703145886,cc-by-nc,"(c) yonathan_daurte_botto, some rights reserved (CC BY-NC)",yonathan_daurte_botto,2026-05-03,4.8529918781,-75.8343953639,1.0,0.92,,,False,positivo_conf_alta_sin_revisar
inat_384301806_703458405.jpg,False,384301806,703458405,cc-by-nc,"(c) luisarotingo, some rights reserved (CC BY-NC)",luisarotingo,2026-05-27,0.2706878985,-78.3389073411,1.0,0.744,,,True,positivo_conf_alta_sin_revisar
inat_384301806_703458661.jpg,False,384301806,703458661,cc-by-nc,"(c) luisarotingo, some rights reserved (CC BY-NC)",luisarotingo,2026-05-27,0.2706878985,-78.3389073411,1.0,0.883,,,True,positivo_conf_alta_sin_revisar
inat_384301806_703458718.jpg,False,384301806,703458718,cc-by-nc,"(c) luisarotingo, some rights reserved (CC BY-NC)",luisarotingo,2026-05-27,0.2706878985,-78.3389073411,1.0,0.871,,,True,positivo_conf_alta_sin_revisar
inat_384301806_703458838.jpg,False,384301806,703458838,cc-by-nc,"(c) luisarotingo, some rights reserved (CC BY-NC)",luisarotingo,2026-05-27,0.2706878985,-78.3389073411,1.0,0.587,,,True,positivo_conf_alta_sin_revisar
inat_384301806_703458897.jpg,False,384301806,703458897,cc-by-nc,"(c) luisarotingo, some rights reserved (CC BY-NC)",luisarotingo,2026-05-27,0.2706878985,-78.3389073411,1.0,0.929,,,True,positivo_conf_alta_sin_revisar
inat_387762324_711210894.jpg,False,387762324,711210894,cc-by-nc,"(c) Max Laubstein, some rights reserved (CC BY-NC)",maxlaubstein,2026-08-01,4.8009162259,-73.6281557472,2.0,0.218,oso,conf_baja_yolo,False,positivo
inat_389213189_712910192.jpg,False,389213189,712910192,cc-by-nc,"(c) Alex Bentley, some rights reserved (CC BY-NC)",agbentley77,2026-08-07,-0.2717970023,-78.1056883087,0.0,0.0,rastro,sin_oso_yolo,True,excluido_rastro
inat_389213189_712910193.jpg,False,389213189,712910193,cc-by-nc,"(c) Alex Bentley, some rights reserved (CC BY-NC)",agbentley77,2026-08-07,-0.2717970023,-78.1056883087,0.0,0.0,rastro,sin_oso_yolo,True,excluido_rastro
inat_389213189_712910200.jpg,False,389213189,712910200,cc-by-nc,"(c) Alex Bentley, some rights reserved (CC BY-NC)",agbentley77,2026-08-07,-0.2717970023,-78.1056883087,0.0,0.0,rastro,sin_oso_yolo,True,excluido_rastro
inat_389760420_713968740.jpg,False,389760420,713968740,cc-by-nc,"(c) jhon fredy ccoyoccosi quispe, some rights reserved (CC BY-NC)",jhon_fredy62066,2025-10-24,-13.5859592479,-71.6541953065,1.0,0.884,,,False,positivo_conf_alta_sin_revisar
inat_390381556_715187375.jpg,False,390381556,715187375,cc-by-nc,"(c) Jose Granizo, some rights reserved (CC BY-NC)",josegranizo,2026-08-03,-0.4509593116,-78.0181871696,1.0,0.699,,,True,positivo_conf_alta_sin_revisar
inat_390381556_715187394.jpg,False,390381556,715187394,cc-by-nc,"(c) Jose Granizo, some rights reserved (CC BY-NC)",josegranizo,2026-08-03,-0.4509593116,-78.0181871696,1.0,0.842,,,True,positivo_conf_alta_sin_revisar
inat_390381556_715187427.jpg,False,390381556,715187427,cc-by-nc,"(c) Jose Granizo, some rights reserved (CC BY-NC)",josegranizo,2026-08-03,-0.4509593116,-78.0181871696,1.0,0.91,,,True,positivo_conf_alta_sin_revisar
inat_390381556_715187440.jpg,False,390381556,715187440,cc-by-nc,"(c) Jose Granizo, some rights reserved (CC BY-NC)",josegranizo,2026-08-03,-0.4509593116,-78.0181871696,2.0,0.585,,,True,positivo_conf_alta_sin_revisar
inat_391008482_716412171.jpg,False,391008482,716412171,cc-by-nc,"(c) shepburn, some rights reserved (CC BY-NC)",shepburn,2026-07-27,-0.2833854012,-78.3851192757,1.0,0.744,,,True,positivo_conf_alta_sin_revisar
inat_391008482_716412377.jpg,False,391008482,716412377,cc-by-nc,"(c) shepburn, some rights reserved (CC BY-NC)",shepburn,2026-07-27,-0.2833854012,-78.3851192757,2.0,0.481,oso,conf_baja_yolo,True,positivo
inat_391554946_717480089.jpg,False,391554946,717480089,cc-by-nc,"(c) odlc, some rights reserved (CC BY-NC)",odlc,2026-07-22,-0.3996845457,-78.3974008299,1.0,0.078,sin_oso,conf_baja_yolo,True,excluido_sin_oso
inat_391971517_718279343.jpg,False,391971517,718279343,cc-by-nc,"(c) Lydie Martin, some rights reserved (CC BY-NC)",lydie_m,2026-08-15,-0.2796768258,-78.222522428,2.0,0.703,,,True,positivo_conf_alta_sin_revisar
inat_391971517_718279356.jpg,False,391971517,718279356,cc-by-nc,"(c) Lydie Martin, some rights reserved (CC BY-NC)",lydie_m,2026-08-15,-0.2796768258,-78.222522428,1.0,0.81,,,True,positivo_conf_alta_sin_revisar
inat_392280160_718874268.jpg,False,392280160,718874268,cc-by-nc,"(c) David Chernack, some rights reserved (CC BY-NC)",dchernack,2025-12-12,-0.3789107708,-78.2450510547,1.0,0.83,,,True,positivo_conf_alta_sin_revisar
inat_392280160_718874273.jpg,False,392280160,718874273,cc-by-nc,"(c) David Chernack, some rights reserved (CC BY-NC)",dchernack,2025-12-12,-0.3789107708,-78.2450510547,2.0,0.845,,,True,positivo_conf_alta_sin_revisar
inat_392280160_718874282.jpg,False,392280160,718874282,cc-by-nc,"(c) David Chernack, some rights reserved (CC BY-NC)",dchernack,2025-12-12,-0.3789107708,-78.2450510547,1.0,0.891,,,True,positivo_conf_alta_sin_revisar
inat_392991797_720245901.jpg,False,392991797,720245901,cc-by-nc,"(c) Julián Alberto Ríos-Soto, some rights reserved (CC BY-NC)",julianrs,2026-07-11,4.2144878809,-75.7705866142,2.0,0.935,,,False,positivo_conf_alta_sin_revisar
inat_39303499_62339452.jpg,False,39303499,62339452,cc-by-nc,"(c) angela_parrar, some rights reserved (CC BY-NC)",angela_parrar,2019-09-05,4.7562484171,-73.7019375132,0.0,0.0,rastro,sin_oso_yolo,False,excluido_rastro
inat_39318254_62362185.jpg,False,39318254,62362185,cc-by-nc,"(c) angela_parrar, some rights reserved (CC BY-NC)",angela_parrar,2019-08-15,4.5488615946,-73.7553296836,1.0,0.958,,,False,positivo_conf_alta_sin_revisar
inat_3941361_4642425.jpg,False,3941361,4642425,cc-by-nc,"(c) ar_maclaren, some rights reserved (CC BY-NC)",ar_maclaren,2016-07-19,-0.2988833792,-78.0179785328,0.0,0.0,rastro,sin_oso_yolo,True,excluido_rastro
inat_394359318_722961441.jpg,False,394359318,722961441,cc-by-nc,"(c) ayuwat, some rights reserved (CC BY-NC)",ayuwat,2026-07-09,-0.2664046173,-78.3104016055,5.0,0.725,,,True,positivo_conf_alta_sin_revisar
inat_394359318_722961443.jpg,False,394359318,722961443,cc-by-nc,"(c) ayuwat, some rights reserved (CC BY-NC)",ayuwat,2026-07-09,-0.2664046173,-78.3104016055,5.0,0.382,oso,conf_baja_yolo,True,positivo
inat_394359318_722961444.jpg,False,394359318,722961444,cc-by-nc,"(c) ayuwat, some rights reserved (CC BY-NC)",ayuwat,2026-07-09,-0.2664046173,-78.3104016055,1.0,0.052,oso,conf_baja_yolo,True,positivo
inat_394359318_722961457.jpg,False,394359318,722961457,cc-by-nc,"(c) ayuwat, some rights reserved (CC BY-NC)",ayuwat,2026-07-09,-0.2664046173,-78.3104016055,3.0,0.35,oso,conf_baja_yolo,True,positivo
inat_39476682_62637454.jpg,False,39476682,62637454,cc-by-nc,"(c) Cabildo musuiuiai, some rights reserved (CC BY-NC)",cabildomusuiuiai,2019-06-09,0.9639532912,-76.953053838,1.0,0.925,,,True,positivo_conf_alta_sin_revisar
inat_3949312_4653132.jpg,False,3949312,4653132,cc-by-nc,"(c) hap32, some rights reserved (CC BY-NC)",hap32,2016-07-19,-0.2409603672,-78.1823317258,0.0,0.0,rastro,sin_oso_yolo,True,excluido_rastro
inat_3949312_4653133.jpg,False,3949312,4653133,cc-by-nc,"(c) hap32, some rights reserved (CC BY-NC)",hap32,2016-07-19,-0.2409603672,-78.1823317258,0.0,0.0,rastro,sin_oso_yolo,True,excluido_rastro
inat_3949312_4653134.jpg,False,3949312,4653134,cc-by-nc,"(c) hap32, some rights reserved (CC BY-NC)",hap32,2016-07-19,-0.2409603672,-78.1823317258,0.0,0.0,rastro,sin_oso_yolo,True,excluido_rastro
inat_395450065_725103486.jpg,False,395450065,725103486,cc-by-nc,"(c) Daniel Branch, some rights reserved (CC BY-NC)",danielbranch94,2026-08-15,0.3597962652,-77.8934178536,2.0,0.809,,,True,positivo_conf_alta_sin_revisar
inat_39572560_62794763.jpg,False,39572560,62794763,cc-by-nc,"(c) David Torres, some rights reserved (CC BY-NC)",dawicho,2019-11-16,-0.0912128524,-78.7153784226,0.0,0.0,rastro,sin_oso_yolo,True,excluido_rastro
inat_39572560_62794770.jpg,False,39572560,62794770,cc-by-nc,"(c) David Torres, some rights reserved (CC BY-NC)",dawicho,2019-11-16,-0.0912128524,-78.7153784226,0.0,0.0,rastro,sin_oso_yolo,True,excluido_rastro
inat_395847042_725864701.jpg,False,395847042,725864701,cc-by-nc,"(c) molofinder, some rights reserved (CC BY-NC)",molofinder,2026-08-22,6.3949451109,-75.5696254022,1.0,0.951,,,False,positivo_conf_alta_sin_revisar
inat_395897101_725964198.jpg,False,395897101,725964198,cc-by-nc,"(c) Stalin Fierro, some rights reserved (CC BY-NC)",stalin_fierro,2026-08-30,0.1824100423,-78.1722460894,1.0,0.091,oso,conf_baja_yolo,True,positivo
inat_395897101_725964255.jpg,False,395897101,725964255,cc-by-nc,"(c) Stalin Fierro, some rights reserved (CC BY-NC)",stalin_fierro,2026-08-30,0.1824100423,-78.1722460894,0.0,0.0,oso,sin_oso_yolo,True,positivo
inat_40437497_64173882.jpg,False,40437497,64173882,cc-by-nc,"(c) Holger Beck, some rights reserved (CC BY-NC)",holgerbeck,2012-11-28,0.1413571921,-78.7857842594,3.0,0.869,,,True,positivo_conf_alta_sin_revisar
inat_40690518_64503751.jpg,False,40690518,64503751,cc-by-nc,"(c) Luis Yupa, some rights reserved (CC BY-NC)",luisyupa,2020-03-24,-0.5773545547,-78.2931744175,1.0,0.5,,,True,positivo_conf_alta_sin_revisar
inat_40826240_64720256.jpg,False,40826240,64720256,cc-by,"(c) Frank Dietze, some rights reserved (CC BY)",frankdietze,2018-08-10,-0.713035544,-78.452368797,1.0,0.887,,,True,positivo_conf_alta_sin_revisar
inat_40826240_64720267.jpg,False,40826240,64720267,cc-by,"(c) Frank Dietze, some rights reserved (CC BY)",frankdietze,2018-08-10,-0.713035544,-78.452368797,1.0,0.874,,,True,positivo_conf_alta_sin_revisar
inat_40826240_67655132.jpg,False,40826240,67655132,cc-by,"(c) Frank Dietze, some rights reserved (CC BY)",frankdietze,2018-08-10,-0.713035544,-78.452368797,0.0,0.0,oso,sin_oso_yolo,True,positivo
inat_40826240_67655157.jpg,False,40826240,67655157,cc-by,"(c) Frank Dietze, some rights reserved (CC BY)",frankdietze,2018-08-10,-0.713035544,-78.452368797,0.0,0.0,oso,sin_oso_yolo,True,positivo
inat_40836667_64734733.jpg,False,40836667,64734733,cc-by,"(c) Frank Dietze, some rights reserved (CC BY)",frankdietze,2009-10-15,0.0864206727,-78.7234042,1.0,0.683,,,True,positivo_conf_alta_sin_revisar
inat_40836667_64734736.jpg,False,40836667,64734736,cc-by,"(c) Frank Dietze, some rights reserved (CC BY)",frankdietze,2009-10-15,0.0864206727,-78.7234042,1.0,0.754,,,True,positivo_conf_alta_sin_revisar
inat_40836667_64734745.jpg,False,40836667,64734745,cc-by,"(c) Frank Dietze, some rights reserved (CC BY)",frankdietze,2009-10-15,0.0864206727,-78.7234042,2.0,0.389,oso,conf_baja_yolo,True,positivo
inat_41835616_66382833.jpg,False,41835616,66382833,cc-by,"(c) desertnaturalist, some rights reserved (CC BY)",desertnaturalist,1996-04-01,-4.3288910326,-79.0304212274,1.0,0.929,,,True,positivo_conf_alta_sin_revisar
inat_41835616_66383476.jpg,False,41835616,66383476,cc-by,"(c) desertnaturalist, some rights reserved (CC BY)",desertnaturalist,1996-04-01,-4.3288910326,-79.0304212274,1.0,0.928,,,True,positivo_conf_alta_sin_revisar
inat_41887209_66468683.jpg,False,41887209,66468683,cc-by-nc,"(c) Nathalia Prada Alarcón, some rights reserved (CC BY-NC)",nataprada,2020-02-27,4.8485661782,-73.6064571011,1.0,0.838,,,False,positivo_conf_alta_sin_revisar
inat_42415614_67344971.jpg,False,42415614,67344971,cc-by-nc,"(c) jorgebrito, some rights reserved (CC BY-NC)",jorgebrito,2015-09-29,-2.0644604798,-78.0247783724,1.0,0.361,oso,conf_baja_yolo,True,positivo
inat_42415616_67345007.jpg,False,42415616,67345007,cc-by-nc,"(c) jorgebrito, some rights reserved (CC BY-NC)",jorgebrito,2015-09-10,-2.0339838518,-78.1918079734,1.0,0.892,,,True,positivo_conf_alta_sin_revisar
inat_42415620_67345130.jpg,False,42415620,67345130,cc-by-nc,"(c) jorgebrito, some rights reserved (CC BY-NC)",jorgebrito,2015-09-26,-2.113576435,-78.1890426973,1.0,0.908,,,True,positivo_conf_alta_sin_revisar
inat_42566614_67592901.jpg,False,42566614,67592901,cc-by-nc,"(c) osoandino, some rights reserved (CC BY-NC)",osoandino,2008-03-01,0.077421416,-78.66945185,1.0,0.085,oso,conf_baja_yolo,True,positivo
inat_42567797_67594777.jpg,False,42567797,67594777,cc-by-nc,"(c) osoandino, some rights reserved (CC BY-NC)",osoandino,2008-03-06,0.0551537389,-78.7561761823,1.0,0.764,,,True,positivo_conf_alta_sin_revisar
inat_42568480_67595857.jpg,False,42568480,67595857,cc-by-nc,"(c) osoandino, some rights reserved (CC BY-NC)",osoandino,2008-03-06,0.1484319284,-78.7248787152,5.0,0.823,,,True,positivo_conf_alta_sin_revisar
inat_42574409_67605496.jpg,False,42574409,67605496,cc-by-nc,"(c) osoandino, some rights reserved (CC BY-NC)",osoandino,2008-03-06,0.1697186989,-78.7325519817,0.0,0.0,oso,sin_oso_yolo,True,positivo
inat_42574409_67606969.jpg,False,42574409,67606969,cc-by-nc,"(c) osoandino, some rights reserved (CC BY-NC)",osoandino,2008-03-06,0.1697186989,-78.7325519817,0.0,0.0,oso,sin_oso_yolo,True,positivo
inat_42835772_68027109.jpg,False,42835772,68027109,cc-by-nc,"(c) Alex Bentley, some rights reserved (CC BY-NC)",agbentley77,2020-03-19,-1.2648612837,-78.1587273063,0.0,0.0,sin_oso,sin_oso_yolo,True,excluido_sin_oso
inat_42835772_68027161.jpg,False,42835772,68027161,cc-by-nc,"(c) Alex Bentley, some rights reserved (CC BY-NC)",agbentley77,2020-03-19,-1.2648612837,-78.1587273063,0.0,0.0,rastro,sin_oso_yolo,True,excluido_rastro
inat_42835772_68027196.jpg,False,42835772,68027196,cc-by-nc,"(c) Alex Bentley, some rights reserved (CC BY-NC)",agbentley77,2020-03-19,-1.2648612837,-78.1587273063,0.0,0.0,rastro,sin_oso_yolo,True,excluido_rastro
inat_42835772_68027274.jpg,False,42835772,68027274,cc-by-nc,"(c) Alex Bentley, some rights reserved (CC BY-NC)",agbentley77,2020-03-19,-1.2648612837,-78.1587273063,0.0,0.0,sin_oso,sin_oso_yolo,True,excluido_sin_oso
inat_42835772_68027338.jpg,False,42835772,68027338,cc-by-nc,"(c) Alex Bentley, some rights reserved (CC BY-NC)",agbentley77,2020-03-19,-1.2648612837,-78.1587273063,1.0,0.059,rastro,conf_baja_yolo,True,excluido_rastro
inat_42835772_68027359.jpg,False,42835772,68027359,cc-by-nc,"(c) Alex Bentley, some rights reserved (CC BY-NC)",agbentley77,2020-03-19,-1.2648612837,-78.1587273063,0.0,0.0,rastro,sin_oso_yolo,True,excluido_rastro
inat_42835772_68027384.jpg,False,42835772,68027384,cc-by-nc,"(c) Alex Bentley, some rights reserved (CC BY-NC)",agbentley77,2020-03-19,-1.2648612837,-78.1587273063,0.0,0.0,sin_oso,sin_oso_yolo,True,excluido_sin_oso
inat_42835772_68027411.jpg,False,42835772,68027411,cc-by-nc,"(c) Alex Bentley, some rights reserved (CC BY-NC)",agbentley77,2020-03-19,-1.2648612837,-78.1587273063,0.0,0.0,sin_oso,sin_oso_yolo,True,excluido_sin_oso
inat_42835772_68027479.jpg,False,42835772,68027479,cc-by-nc,"(c) Alex Bentley, some rights reserved (CC BY-NC)",agbentley77,2020-03-19,-1.2648612837,-78.1587273063,0.0,0.0,rastro,sin_oso_yolo,True,excluido_rastro
inat_44231592_70129001.jpg,False,44231592,70129001,cc-by-nc,"(c) Elka, some rights reserved (CC BY-NC)",elka_bamboo,2019-01-12,-1.7718365753,-78.3277110738,2.0,0.785,,,True,positivo_conf_alta_sin_revisar
inat_44231592_70129556.jpg,False,44231592,70129556,cc-by-nc,"(c) Elka, some rights reserved (CC BY-NC)",elka_bamboo,2019-01-12,-1.7718365753,-78.3277110738,1.0,0.943,,,True,positivo_conf_alta_sin_revisar
inat_44299923_70163934.jpg,False,44299923,70163934,cc-by-nc,"(c) Andrés León-Reyes, some rights reserved (CC BY-NC)",aeleon,2019-03-25,-0.4107938033,-78.2243207749,0.0,0.0,oso,sin_oso_yolo,True,positivo
inat_45081966_71474392.jpg,False,45081966,71474392,cc-by-nc,"(c) Andrés León-Reyes, some rights reserved (CC BY-NC)",aeleon,2011-12-02,0.1766919164,-78.6534237343,2.0,0.602,,,True,positivo_conf_alta_sin_revisar
inat_46422616_73628357.jpg,False,46422616,73628357,cc-by-nc,"(c) Eduardo Obando, some rights reserved (CC BY-NC)",edu_obando,2015-03-26,0.2143445749,-77.8000129904,1.0,0.824,,,True,positivo_conf_alta_sin_revisar
inat_46489867_73737197.jpg,False,46489867,73737197,cc-by-nc,"(c) Eduardo Obando, some rights reserved (CC BY-NC)",edu_obando,2019-06-28,0.2715608099,-77.9898257353,2.0,0.463,duda,conf_baja_yolo,True,excluido_duda
inat_46627161_73953094.jpg,False,46627161,73953094,cc-by-nc,"(c) segundopantoja, some rights reserved (CC BY-NC)",segundopantoja,2017-02-07,0.3836222262,-78.0795874772,0.0,0.0,oso,sin_oso_yolo,True,positivo
inat_46652283_73990424.jpg,False,46652283,73990424,cc-by-nc,"(c) Holger Beck, some rights reserved (CC BY-NC)",holgerbeck,2015-08-23,0.0561469869,-78.6440244673,0.0,0.0,oso,sin_oso_yolo,True,positivo
inat_46684391_74041659.jpg,False,46684391,74041659,cc-by-nc,"(c) Eduardo Obando, some rights reserved (CC BY-NC)",edu_obando,2017-03-22,0.3845309821,-78.4530701958,0.0,0.0,rastro,sin_oso_yolo,True,excluido_rastro
inat_46711174_74084637.jpg,False,46711174,74084637,cc-by-nc,"(c) Holger Beck, some rights reserved (CC BY-NC)",holgerbeck,2015-09-10,0.0094678741,-78.422003148,2.0,0.108,oso,conf_baja_yolo,True,positivo
inat_46711972_74086112.jpg,False,46711972,74086112,cc-by-nc,"(c) Holger Beck, some rights reserved (CC BY-NC)",holgerbeck,2015-09-27,0.0911830145,-78.6209605582,3.0,0.712,,,True,positivo_conf_alta_sin_revisar
inat_46801959_74224930.jpg,False,46801959,74224930,cc-by-nc,"(c) Ricardo Benavides Vasquez, some rights reserved (CC BY-NC)",ricardobenavides,2019-10-21,0.5198001471,-78.0110018266,0.0,0.0,sin_oso,sin_oso_yolo,True,excluido_sin_oso
inat_46801959_74224991.jpg,False,46801959,74224991,cc-by-nc,"(c) Ricardo Benavides Vasquez, some rights reserved (CC BY-NC)",ricardobenavides,2019-10-21,0.5198001471,-78.0110018266,0.0,0.0,rastro,sin_oso_yolo,True,excluido_rastro
inat_46905601_74387694.jpg,False,46905601,74387694,cc-by-nc,"(c) Juan E. Yèpez C, some rights reserved (CC BY-NC)",jeduardo_2125,2020-03-13,0.2946244537,-77.8853846271,1.0,0.955,,,True,positivo_conf_alta_sin_revisar
inat_46905603_74388301.jpg,False,46905603,74388301,cc-by-nc,"(c) Juan E. Yèpez C, some rights reserved (CC BY-NC)",jeduardo_2125,2020-03-13,0.2374924665,-77.8696804489,2.0,0.777,,,True,positivo_conf_alta_sin_revisar
inat_47020993_74566326.jpg,False,47020993,74566326,cc-by-nc,"(c) Andrés León-Reyes, some rights reserved (CC BY-NC)",aeleon,2011-12-02,0.0741964548,-78.6119283783,2.0,0.479,oso,conf_baja_yolo,True,positivo
inat_47020993_74567134.jpg,False,47020993,74567134,cc-by-nc,"(c) Andrés León-Reyes, some rights reserved (CC BY-NC)",aeleon,2011-12-02,0.0741964548,-78.6119283783,2.0,0.58,,,True,positivo_conf_alta_sin_revisar
inat_47020993_74567159.jpg,False,47020993,74567159,cc-by-nc,"(c) Andrés León-Reyes, some rights reserved (CC BY-NC)",aeleon,2011-12-02,0.0741964548,-78.6119283783,1.0,0.056,oso,conf_baja_yolo,True,positivo
inat_47020993_74569278.jpg,False,47020993,74569278,cc-by-nc,"(c) Andrés León-Reyes, some rights reserved (CC BY-NC)",aeleon,2011-12-02,0.0741964548,-78.6119283783,1.0,0.681,,,True,positivo_conf_alta_sin_revisar
inat_47172293_74808356.jpg,False,47172293,74808356,cc-by-nc,"(c) Holger Beck, some rights reserved (CC BY-NC)",holgerbeck,2016-04-11,0.1278449528,-78.470603024,1.0,0.68,,,True,positivo_conf_alta_sin_revisar
inat_47272875_74973262.jpg,False,47272875,74973262,cc-by-nc,"(c) Holger Beck, some rights reserved (CC BY-NC)",holgerbeck,2016-05-10,0.0567085655,-78.644596431,0.0,0.0,oso,sin_oso_yolo,True,positivo
inat_4763347_5797828.jpg,False,4763347,5797828,cc-by-nc,"(c) Matt Clark, some rights reserved (CC BY-NC)",mattclark72,2016-12-10,-4.0062483655,-79.0145589339,1.0,0.215,oso,conf_baja_yolo,True,positivo
inat_4763347_5797867.jpg,False,4763347,5797867,cc-by-nc,"(c) Matt Clark, some rights reserved (CC BY-NC)",mattclark72,2016-12-10,-4.0062483655,-79.0145589339,2.0,0.6,,,True,positivo_conf_alta_sin_revisar
inat_48083699_76277375.jpg,False,48083699,76277375,cc-by-nc,"(c) Nicolas Betancourt, some rights reserved (CC BY-NC)",nicolasbetancourt,2019-01-09,-0.5364967148,-78.0371606303,0.0,0.0,duda,sin_oso_yolo,True,excluido_duda
inat_48083699_76277498.jpg,False,48083699,76277498,cc-by-nc,"(c) Nicolas Betancourt, some rights reserved (CC BY-NC)",nicolasbetancourt,2019-01-09,-0.5364967148,-78.0371606303,1.0,0.052,duda,conf_baja_yolo,True,excluido_duda
inat_48083699_76277571.jpg,False,48083699,76277571,cc-by-nc,"(c) Nicolas Betancourt, some rights reserved (CC BY-NC)",nicolasbetancourt,2019-01-09,-0.5364967148,-78.0371606303,0.0,0.0,duda,sin_oso_yolo,True,excluido_duda
inat_48083699_76277646.jpg,False,48083699,76277646,cc-by-nc,"(c) Nicolas Betancourt, some rights reserved (CC BY-NC)",nicolasbetancourt,2019-01-09,-0.5364967148,-78.0371606303,0.0,0.0,duda,sin_oso_yolo,True,excluido_duda
inat_48083699_77737788.jpg,False,48083699,77737788,cc-by-nc,"(c) Nicolas Betancourt, some rights reserved (CC BY-NC)",nicolasbetancourt,2019-01-09,-0.5364967148,-78.0371606303,0.0,0.0,duda,sin_oso_yolo,True,excluido_duda
inat_48546645_77036783.jpg,False,48546645,77036783,cc-by-nc,"(c) Holger Beck, some rights reserved (CC BY-NC)",holgerbeck,2019-04-19,0.1554956181,-78.660751299,3.0,0.144,oso,conf_baja_yolo,True,positivo
inat_48660817_77200359.jpg,False,48660817,77200359,cc-by-nc,"(c) olliedav, some rights reserved (CC BY-NC)",olliedav,2019-12-13,0.142134754,-78.7595778582,1.0,0.451,oso,conf_baja_yolo,True,positivo
inat_49344081_78329193.jpg,False,49344081,78329193,cc-by-nc,"(c) Andrés León-Reyes, some rights reserved (CC BY-NC)",aeleon,2015-08-31,0.1060722205,-78.7219038072,2.0,0.857,,,True,positivo_conf_alta_sin_revisar
inat_49344081_78329214.jpg,False,49344081,78329214,cc-by-nc,"(c) Andrés León-Reyes, some rights reserved (CC BY-NC)",aeleon,2015-08-31,0.1060722205,-78.7219038072,2.0,0.596,,,True,positivo_conf_alta_sin_revisar
inat_49344081_78329285.jpg,False,49344081,78329285,cc-by-nc,"(c) Andrés León-Reyes, some rights reserved (CC BY-NC)",aeleon,2015-08-31,0.1060722205,-78.7219038072,1.0,0.282,oso,conf_baja_yolo,True,positivo
inat_49344081_78329345.jpg,False,49344081,78329345,cc-by-nc,"(c) Andrés León-Reyes, some rights reserved (CC BY-NC)",aeleon,2015-08-31,0.1060722205,-78.7219038072,1.0,0.894,,,True,positivo_conf_alta_sin_revisar
inat_49478668_78544255.jpg,False,49478668,78544255,cc-by,"(c) Frank Dietze, some rights reserved (CC BY)",frankdietze,2015-11-02,0.1258953484,-78.4473081705,0.0,0.0,sin_oso,sin_oso_yolo,True,excluido_sin_oso
inat_49481551_78549048.jpg,False,49481551,78549048,cc-by,"(c) Frank Dietze, some rights reserved (CC BY)",frankdietze,2015-11-02,0.124419823,-78.5518955615,0.0,0.0,sin_oso,sin_oso_yolo,True,excluido_sin_oso
inat_49672975_78858104.jpg,False,49672975,78858104,cc-by-nc,"(c) AwadNeme, some rights reserved (CC BY-NC)",awad,2020-01-30,5.8075834823,-73.5585166762,1.0,0.891,,,False,positivo_conf_alta_sin_revisar
inat_49672975_78858215.jpg,False,49672975,78858215,cc-by-nc,"(c) AwadNeme, some rights reserved (CC BY-NC)",awad,2020-01-30,5.8075834823,-73.5585166762,3.0,0.861,,,False,positivo_conf_alta_sin_revisar
inat_49672975_78858327.jpg,False,49672975,78858327,cc-by-nc,"(c) AwadNeme, some rights reserved (CC BY-NC)",awad,2020-01-30,5.8075834823,-73.5585166762,1.0,0.669,,,False,positivo_conf_alta_sin_revisar
inat_51211446_81351776.jpg,False,51211446,81351776,cc-by-nc,"(c) juandiegocastillo, some rights reserved (CC BY-NC)",juandiegocastillo,2020-06-25,4.632633707,-73.8517489228,1.0,0.599,,,False,positivo_conf_alta_sin_revisar
inat_52993006_84267923.jpg,False,52993006,84267923,cc-by-nc,"(c) Eduardo Obando, some rights reserved (CC BY-NC)",edu_obando,2020-07-11,0.8756986191,-78.1431935026,0.0,0.0,rastro,sin_oso_yolo,True,excluido_rastro
inat_53099915_84436898.jpg,False,53099915,84436898,cc-by-nc,"(c) Eric DeFonso, some rights reserved (CC BY-NC)",baywren,2011-04-16,-0.077449923,-78.7871214055,0.0,0.0,oso,sin_oso_yolo,True,positivo
inat_53181777_84570836.jpg,False,53181777,84570836,cc-by-nc,"(c) Paola Ordóñez M., some rights reserved (CC BY-NC)",pao_montero,2018-12-12,-4.7570000501,-78.9679190196,1.0,0.803,,,True,positivo_conf_alta_sin_revisar
inat_54074871_86022890.jpg,False,54074871,86022890,cc-by-nc,"(c) hermes_juez, some rights reserved (CC BY-NC)",hermes_juez,2018-08-23,4.2112491548,-75.4223407209,0.0,0.0,sin_oso,sin_oso_yolo,False,excluido_sin_oso
inat_54075142_86023360.jpg,False,54075142,86023360,cc-by-nc,"(c) hermes_juez, some rights reserved (CC BY-NC)",hermes_juez,2018-06-14,4.579232659,-75.2717593654,0.0,0.0,sin_oso,sin_oso_yolo,False,excluido_sin_oso
inat_54075578_86023734.jpg,False,54075578,86023734,cc-by-nc,"(c) hermes_juez, some rights reserved (CC BY-NC)",hermes_juez,2018-05-21,4.6049984002,-75.2639775352,0.0,0.0,sin_oso,sin_oso_yolo,False,excluido_sin_oso
inat_54076358_86025597.jpg,False,54076358,86025597,cc-by-nc,"(c) hermes_juez, some rights reserved (CC BY-NC)",hermes_juez,2018-06-28,4.4593666191,-75.3224150998,0.0,0.0,rastro,sin_oso_yolo,False,excluido_rastro
inat_54076564_86026165.jpg,False,54076564,86026165,cc-by-nc,"(c) hermes_juez, some rights reserved (CC BY-NC)",hermes_juez,2018-09-06,4.144156614,-75.6309032398,0.0,0.0,sin_oso,sin_oso_yolo,False,excluido_sin_oso
inat_54076972_86026776.jpg,False,54076972,86026776,cc-by-nc,"(c) hermes_juez, some rights reserved (CC BY-NC)",hermes_juez,2019-07-25,3.2428561432,-75.9765418411,0.0,0.0,rastro,sin_oso_yolo,False,excluido_rastro
inat_54081104_86027245.jpg,False,54081104,86027245,cc-by-nc,"(c) hermes_juez, some rights reserved (CC BY-NC)",hermes_juez,2019-05-07,3.7901838057,-74.6813631348,0.0,0.0,rastro,sin_oso_yolo,False,excluido_rastro
inat_55413181_88234251.jpg,False,55413181,88234251,cc-by-nc,"(c) Alex Reynolds, some rights reserved (CC BY-NC)",bosquenublado,2015-07-07,0.3013152622,-78.4715643247,1.0,0.94,,,True,positivo_conf_alta_sin_revisar
inat_58358735_93165305.jpg,False,58358735,93165305,cc-by-nc,"(c) Holger Beck, some rights reserved (CC BY-NC)",holgerbeck,2020-08-23,0.1410138326,-78.6946314689,1.0,0.629,,,True,positivo_conf_alta_sin_revisar
inat_58367708_93178554.jpg,False,58367708,93178554,cc-by-nc,"(c) Holger Beck, some rights reserved (CC BY-NC)",holgerbeck,2020-08-29,0.1321254199,-78.7038230552,6.0,0.258,oso,conf_baja_yolo,True,positivo
inat_58367719_93180257.jpg,False,58367719,93180257,cc-by-nc,"(c) Holger Beck, some rights reserved (CC BY-NC)",holgerbeck,2020-08-30,0.0174463719,-78.7884326083,2.0,0.471,oso,conf_baja_yolo,True,positivo
inat_58662504_93671104.jpg,False,58662504,93671104,cc-by-nc,"(c) Nelson Apolo, some rights reserved (CC BY-NC)",ecuadornaturetours,2017-01-06,0.0215348525,-78.7173136289,2.0,0.809,,,True,positivo_conf_alta_sin_revisar
inat_58910805_94086278.jpg,False,58910805,94086278,cc-by-nc,"(c) zacpfeifer, some rights reserved (CC BY-NC)",zacpfeifer,2020-01-23,-0.3134236465,-78.071723973,3.0,0.327,oso,conf_baja_yolo,True,positivo
inat_59237210_94637576.jpg,False,59237210,94637576,cc-by-nc,"(c) Andrés León-Reyes, some rights reserved (CC BY-NC)",aeleon,2020-09-07,0.0076133857,-78.673347048,3.0,0.643,,,True,positivo_conf_alta_sin_revisar
inat_59237210_94637579.jpg,False,59237210,94637579,cc-by-nc,"(c) Andrés León-Reyes, some rights reserved (CC BY-NC)",aeleon,2020-09-07,0.0076133857,-78.673347048,1.0,0.917,,,True,positivo_conf_alta_sin_revisar
inat_59237210_94637599.jpg,False,59237210,94637599,cc-by-nc,"(c) Andrés León-Reyes, some rights reserved (CC BY-NC)",aeleon,2020-09-07,0.0076133857,-78.673347048,2.0,0.488,oso,conf_baja_yolo,True,positivo
inat_61182724_97878360.jpg,False,61182724,97878360,cc-by-nc,"(c) Joselin Yar, some rights reserved (CC BY-NC)",joselinyar,2020-09-26,0.4373752812,-78.0651972008,3.0,0.825,,,True,positivo_conf_alta_sin_revisar
inat_61744903_98837255.jpg,False,61744903,98837255,cc-by-nc,"(c) Christian Nunes, some rights reserved (CC BY-NC)",christian_nunes,2010-01-03,-5.6620079873,-77.6511766561,0.0,0.0,rastro,sin_oso_yolo,False,excluido_rastro
inat_61770689_98884410.jpg,False,61770689,98884410,cc-by-nc,"(c) Lorena, some rights reserved (CC BY-NC)",lolavioleta,2020-10-04,-0.5305096393,-78.3018442445,1.0,0.804,,,True,positivo_conf_alta_sin_revisar
inat_61770689_98884432.jpg,False,61770689,98884432,cc-by-nc,"(c) Lorena, some rights reserved (CC BY-NC)",lolavioleta,2020-10-04,-0.5305096393,-78.3018442445,1.0,0.382,oso,conf_baja_yolo,True,positivo
inat_61770689_98884458.jpg,False,61770689,98884458,cc-by-nc,"(c) Lorena, some rights reserved (CC BY-NC)",lolavioleta,2020-10-04,-0.5305096393,-78.3018442445,1.0,0.059,oso,conf_baja_yolo,True,positivo
inat_61952422_99198203.jpg,False,61952422,99198203,cc-by-nc,"(c) Holger Beck, some rights reserved (CC BY-NC)",holgerbeck,2020-09-06,0.1492912432,-78.7311582018,2.0,0.742,,,True,positivo_conf_alta_sin_revisar
inat_62669810_100450669.jpg,False,62669810,100450669,cc-by-nc,"(c) nimaroca, some rights reserved (CC BY-NC)",nimaroca,2020-10-02,4.627914207,-73.7958081897,1.0,0.947,,,False,positivo_conf_alta_sin_revisar
inat_63502754_101921888.jpg,False,63502754,101921888,cc-by-nc,"(c) danilovasquez, some rights reserved (CC BY-NC)",danilovasquez,2020-09-10,,,1.0,0.95,,,False,positivo_conf_alta_sin_revisar
inat_63854124_102552886.jpg,False,63854124,102552886,cc-by-nc,"(c) gustavopisso, some rights reserved (CC BY-NC)",gustavopisso,2020-10-26,2.2133764015,-76.2082140459,1.0,0.929,,,False,positivo_conf_alta_sin_revisar
inat_64181768_103143017.jpg,False,64181768,103143017,cc-by-nc,"(c) Mario Humberto Yánez-Muñoz, some rights reserved (CC BY-NC)",mario_yanez_munoz,2020-10-25,0.2727333283,-77.8942520413,0.0,0.0,duda,sin_oso_yolo,True,excluido_duda
inat_64181768_103143035.jpg,False,64181768,103143035,cc-by-nc,"(c) Mario Humberto Yánez-Muñoz, some rights reserved (CC BY-NC)",mario_yanez_munoz,2020-10-25,0.2727333283,-77.8942520413,2.0,0.523,,,True,positivo_conf_alta_sin_revisar
inat_64440045_103601814.jpg,False,64440045,103601814,cc-by-nc,"(c) jaceballos, some rights reserved (CC BY-NC)",jaceballos,2019-02-08,4.6974305849,-73.6385548978,1.0,0.911,,,False,positivo_conf_alta_sin_revisar
inat_65040579_104654675.jpg,False,65040579,104654675,cc-by-nc,"(c) gustavopisso, some rights reserved (CC BY-NC)",gustavopisso,2020-11-04,2.3340233164,-76.3741518615,1.0,0.938,,,False,positivo_conf_alta_sin_revisar
inat_65757559_105892367.jpg,False,65757559,105892367,cc-by-nc,"(c) osoandino, some rights reserved (CC BY-NC)",osoandino,2008-03-17,0.1277179886,-78.6555796346,3.0,0.112,oso,conf_baja_yolo,True,positivo
inat_65757559_105892677.jpg,False,65757559,105892677,cc-by-nc,"(c) osoandino, some rights reserved (CC BY-NC)",osoandino,2008-03-17,0.1277179886,-78.6555796346,0.0,0.0,oso,sin_oso_yolo,True,positivo
inat_65757866_105892957.jpg,False,65757866,105892957,cc-by-nc,"(c) osoandino, some rights reserved (CC BY-NC)",osoandino,2008-03-17,0.0584508967,-78.6533475132,1.0,0.11,oso,conf_baja_yolo,True,positivo
inat_65758026_105893345.jpg,False,65758026,105893345,cc-by-nc,"(c) osoandino, some rights reserved (CC BY-NC)",osoandino,2008-03-14,0.0100255455,-78.7597041339,4.0,0.229,oso,conf_baja_yolo,True,positivo
inat_65758297_105893594.jpg,False,65758297,105893594,cc-by-nc,"(c) osoandino, some rights reserved (CC BY-NC)",osoandino,2008-03-14,0.1809225986,-78.6898349566,2.0,0.851,,,True,positivo_conf_alta_sin_revisar
inat_65758967_105894642.jpg,False,65758967,105894642,cc-by-nc,"(c) osoandino, some rights reserved (CC BY-NC)",osoandino,2008-03-12,0.0124704631,-78.6099752702,1.0,0.72,,,True,positivo_conf_alta_sin_revisar
inat_65759134_105894914.jpg,False,65759134,105894914,cc-by-nc,"(c) osoandino, some rights reserved (CC BY-NC)",osoandino,2008-03-12,0.0681097235,-78.6308307805,1.0,0.095,oso,conf_baja_yolo,True,positivo
inat_66042093_106382972.jpg,False,66042093,106382972,cc-by-nc,"(c) Nelson Apolo, some rights reserved (CC BY-NC)",ecuadornaturetours,2020-11-24,-0.238080443,-78.3965927241,2.0,0.835,,,True,positivo_conf_alta_sin_revisar
inat_66099850_106484602.jpg,False,66099850,106484602,cc-by-nc,"(c) Nelson Apolo, some rights reserved (CC BY-NC)",ecuadornaturetours,2020-11-24,-0.3830808112,-78.0199906032,1.0,0.94,,,True,positivo_conf_alta_sin_revisar
inat_66545226_107298059.jpg,False,66545226,107298059,cc-by-nc,"(c) brewmaster, some rights reserved (CC BY-NC)",brewmaster,2020-11-24,-0.4583937088,-78.352634946,1.0,0.846,,,True,positivo_conf_alta_sin_revisar
inat_66545226_107298070.jpg,False,66545226,107298070,cc-by-nc,"(c) brewmaster, some rights reserved (CC BY-NC)",brewmaster,2020-11-24,-0.4583937088,-78.352634946,1.0,0.901,,,True,positivo_conf_alta_sin_revisar
inat_66545226_107298076.jpg,False,66545226,107298076,cc-by-nc,"(c) brewmaster, some rights reserved (CC BY-NC)",brewmaster,2020-11-24,-0.4583937088,-78.352634946,1.0,0.931,,,True,positivo_conf_alta_sin_revisar
inat_66545226_107298083.jpg,False,66545226,107298083,cc-by-nc,"(c) brewmaster, some rights reserved (CC BY-NC)",brewmaster,2020-11-24,-0.4583937088,-78.352634946,1.0,0.932,,,True,positivo_conf_alta_sin_revisar
inat_66545226_107298092.jpg,False,66545226,107298092,cc-by-nc,"(c) brewmaster, some rights reserved (CC BY-NC)",brewmaster,2020-11-24,-0.4583937088,-78.352634946,1.0,0.957,,,True,positivo_conf_alta_sin_revisar
inat_66617503_107432313.jpg,False,66617503,107432313,cc-by-nc,"(c) djhird, some rights reserved (CC BY-NC)",djhird,2020-01-11,0.0770911603,-78.7782330953,1.0,0.892,,,True,positivo_conf_alta_sin_revisar
inat_66617503_107432442.jpg,False,66617503,107432442,cc-by-nc,"(c) djhird, some rights reserved (CC BY-NC)",djhird,2020-01-11,0.0770911603,-78.7782330953,1.0,0.94,,,True,positivo_conf_alta_sin_revisar
inat_67243217_108592992.jpg,False,67243217,108592992,cc-by,"(c) Luis Ángel Niño Barreat, some rights reserved (CC BY)",luis_barreat,2020-12-21,8.6835286728,-71.0579997741,0.0,0.0,rastro,sin_oso_yolo,False,excluido_rastro
inat_67243217_108593637.jpg,False,67243217,108593637,cc-by,"(c) Luis Ángel Niño Barreat, some rights reserved (CC BY)",luis_barreat,2020-12-21,8.6835286728,-71.0579997741,0.0,0.0,rastro,sin_oso_yolo,False,excluido_rastro
inat_67876056_109777008.jpg,False,67876056,109777008,cc-by,"(c) Tristan Jobin, some rights reserved (CC BY)",ziggypop74,2019-04-01,-0.2597434553,-78.2509074295,1.0,0.851,,,True,positivo_conf_alta_sin_revisar
inat_68270326_110501282.jpg,False,68270326,110501282,cc-by,"(c) Morten Ross, some rights reserved (CC BY)",morten,2018-11-24,0.0875244524,-78.9767685584,1.0,0.208,oso,conf_baja_yolo,True,positivo
inat_68738508_111379636.jpg,False,68738508,111379636,cc-by-nc,"(c) sofianogales, some rights reserved (CC BY-NC)",sofianogales,2021-01-22,-1.5706620875,-78.0628622612,0.0,0.0,rastro,sin_oso_yolo,True,excluido_rastro
inat_68738508_111379645.jpg,False,68738508,111379645,cc-by-nc,"(c) sofianogales, some rights reserved (CC BY-NC)",sofianogales,2021-01-22,-1.5706620875,-78.0628622612,0.0,0.0,rastro,sin_oso_yolo,True,excluido_rastro
inat_68738508_111379657.jpg,False,68738508,111379657,cc-by-nc,"(c) sofianogales, some rights reserved (CC BY-NC)",sofianogales,2021-01-22,-1.5706620875,-78.0628622612,0.0,0.0,rastro,sin_oso_yolo,True,excluido_rastro
inat_69658628_113075999.jpg,False,69658628,113075999,cc-by-nc,"(c) David Torres, some rights reserved (CC BY-NC)",dawicho,2021-02-14,0.0018619561,-78.6733214397,2.0,0.169,rastro,conf_baja_yolo,True,excluido_rastro
inat_69658628_113076001.jpg,False,69658628,113076001,cc-by-nc,"(c) David Torres, some rights reserved (CC BY-NC)",dawicho,2021-02-14,0.0018619561,-78.6733214397,1.0,0.108,rastro,conf_baja_yolo,True,excluido_rastro
inat_69658628_113076093.jpg,False,69658628,113076093,cc-by-nc,"(c) David Torres, some rights reserved (CC BY-NC)",dawicho,2021-02-14,0.0018619561,-78.6733214397,0.0,0.0,rastro,sin_oso_yolo,True,excluido_rastro
inat_69658628_113076108.jpg,False,69658628,113076108,cc-by-nc,"(c) David Torres, some rights reserved (CC BY-NC)",dawicho,2021-02-14,0.0018619561,-78.6733214397,0.0,0.0,rastro,sin_oso_yolo,True,excluido_rastro
inat_69658628_113076112.jpg,False,69658628,113076112,cc-by-nc,"(c) David Torres, some rights reserved (CC BY-NC)",dawicho,2021-02-14,0.0018619561,-78.6733214397,0.0,0.0,rastro,sin_oso_yolo,True,excluido_rastro
inat_70571311_114748972.jpg,False,70571311,114748972,cc-by-nc,"(c) David Torres, some rights reserved (CC BY-NC)",dawicho,2021-02-27,-0.3450209734,-78.1527615261,0.0,0.0,sin_oso,sin_oso_yolo,True,excluido_sin_oso
inat_70734170_115044458.jpg,False,70734170,115044458,cc-by-nc,"(c) xavierhc, some rights reserved (CC BY-NC)",xavierhc,2020-08-23,0.0579238402,-78.6066187388,1.0,0.855,,,True,positivo_conf_alta_sin_revisar
inat_71771197_116903880.jpg,False,71771197,116903880,cc-by-nc,"(c) juan-tatamuez, some rights reserved (CC BY-NC)",juan-tatamuez,2021-03-21,0.5603436757,-77.8158504864,4.0,0.201,oso,conf_baja_yolo,True,positivo
inat_7346685_9522552.jpg,False,7346685,9522552,cc-by-nc,"(c) Alvaro Jaramillo, some rights reserved (CC BY-NC)",alvarojaramillo,2017-08-03,-0.510097523,-77.8877291541,1.0,0.904,,,True,positivo_conf_alta_sin_revisar
inat_73568198_120116262.jpg,False,73568198,120116262,cc-by-nc,"(c) David Torres, some rights reserved (CC BY-NC)",dawicho,2021-04-10,-0.27441689,-78.2640324555,1.0,0.965,,,True,positivo_conf_alta_sin_revisar
inat_73568198_120116278.jpg,False,73568198,120116278,cc-by-nc,"(c) David Torres, some rights reserved (CC BY-NC)",dawicho,2021-04-10,-0.27441689,-78.2640324555,1.0,0.835,,,True,positivo_conf_alta_sin_revisar
inat_73568198_120116291.jpg,False,73568198,120116291,cc-by-nc,"(c) David Torres, some rights reserved (CC BY-NC)",dawicho,2021-04-10,-0.27441689,-78.2640324555,1.0,0.768,,,True,positivo_conf_alta_sin_revisar
inat_73568198_120116305.jpg,False,73568198,120116305,cc-by-nc,"(c) David Torres, some rights reserved (CC BY-NC)",dawicho,2021-04-10,-0.27441689,-78.2640324555,1.0,0.832,,,True,positivo_conf_alta_sin_revisar
inat_73568198_120116320.jpg,False,73568198,120116320,cc-by-nc,"(c) David Torres, some rights reserved (CC BY-NC)",dawicho,2021-04-10,-0.27441689,-78.2640324555,1.0,0.943,,,True,positivo_conf_alta_sin_revisar
inat_73568198_120116331.jpg,False,73568198,120116331,cc-by-nc,"(c) David Torres, some rights reserved (CC BY-NC)",dawicho,2021-04-10,-0.27441689,-78.2640324555,1.0,0.93,,,True,positivo_conf_alta_sin_revisar
inat_73568198_120116346.jpg,False,73568198,120116346,cc-by-nc,"(c) David Torres, some rights reserved (CC BY-NC)",dawicho,2021-04-10,-0.27441689,-78.2640324555,1.0,0.939,,,True,positivo_conf_alta_sin_revisar
inat_73568198_120116357.jpg,False,73568198,120116357,cc-by-nc,"(c) David Torres, some rights reserved (CC BY-NC)",dawicho,2021-04-10,-0.27441689,-78.2640324555,2.0,0.41,oso,conf_baja_yolo,True,positivo
inat_73568198_120116370.jpg,False,73568198,120116370,cc-by-nc,"(c) David Torres, some rights reserved (CC BY-NC)",dawicho,2021-04-10,-0.27441689,-78.2640324555,2.0,0.766,,,True,positivo_conf_alta_sin_revisar
inat_73568198_120116378.jpg,False,73568198,120116378,cc-by-nc,"(c) David Torres, some rights reserved (CC BY-NC)",dawicho,2021-04-10,-0.27441689,-78.2640324555,1.0,0.872,,,True,positivo_conf_alta_sin_revisar
inat_73568198_120116390.jpg,False,73568198,120116390,cc-by-nc,"(c) David Torres, some rights reserved (CC BY-NC)",dawicho,2021-04-10,-0.27441689,-78.2640324555,1.0,0.826,,,True,positivo_conf_alta_sin_revisar
inat_73568198_120116402.jpg,False,73568198,120116402,cc-by-nc,"(c) David Torres, some rights reserved (CC BY-NC)",dawicho,2021-04-10,-0.27441689,-78.2640324555,2.0,0.599,,,True,positivo_conf_alta_sin_revisar
inat_73568198_120116410.jpg,False,73568198,120116410,cc-by-nc,"(c) David Torres, some rights reserved (CC BY-NC)",dawicho,2021-04-10,-0.27441689,-78.2640324555,2.0,0.763,,,True,positivo_conf_alta_sin_revisar
inat_73568198_120116424.jpg,False,73568198,120116424,cc-by-nc,"(c) David Torres, some rights reserved (CC BY-NC)",dawicho,2021-04-10,-0.27441689,-78.2640324555,4.0,0.373,oso,conf_baja_yolo,True,positivo
inat_73568198_120116433.jpg,False,73568198,120116433,cc-by-nc,"(c) David Torres, some rights reserved (CC BY-NC)",dawicho,2021-04-10,-0.27441689,-78.2640324555,3.0,0.555,,,True,positivo_conf_alta_sin_revisar
inat_73720061_120391343.jpg,False,73720061,120391343,cc-by-nc,"(c) David Torres, some rights reserved (CC BY-NC)",dawicho,2021-04-10,-0.3035856342,-78.0829776439,1.0,0.878,,,True,positivo_conf_alta_sin_revisar
inat_73720061_120391349.jpg,False,73720061,120391349,cc-by-nc,"(c) David Torres, some rights reserved (CC BY-NC)",dawicho,2021-04-10,-0.3035856342,-78.0829776439,2.0,0.86,,,True,positivo_conf_alta_sin_revisar
inat_73720061_120391361.jpg,False,73720061,120391361,cc-by-nc,"(c) David Torres, some rights reserved (CC BY-NC)",dawicho,2021-04-10,-0.3035856342,-78.0829776439,1.0,0.923,,,True,positivo_conf_alta_sin_revisar
inat_73720061_120391383.jpg,False,73720061,120391383,cc-by-nc,"(c) David Torres, some rights reserved (CC BY-NC)",dawicho,2021-04-10,-0.3035856342,-78.0829776439,1.0,0.944,,,True,positivo_conf_alta_sin_revisar
inat_73720061_120391404.jpg,False,73720061,120391404,cc-by-nc,"(c) David Torres, some rights reserved (CC BY-NC)",dawicho,2021-04-10,-0.3035856342,-78.0829776439,1.0,0.915,,,True,positivo_conf_alta_sin_revisar
inat_73720061_120391409.jpg,False,73720061,120391409,cc-by-nc,"(c) David Torres, some rights reserved (CC BY-NC)",dawicho,2021-04-10,-0.3035856342,-78.0829776439,1.0,0.893,,,True,positivo_conf_alta_sin_revisar
inat_73720061_120391413.jpg,False,73720061,120391413,cc-by-nc,"(c) David Torres, some rights reserved (CC BY-NC)",dawicho,2021-04-10,-0.3035856342,-78.0829776439,1.0,0.912,,,True,positivo_conf_alta_sin_revisar
inat_73720061_120391422.jpg,False,73720061,120391422,cc-by-nc,"(c) David Torres, some rights reserved (CC BY-NC)",dawicho,2021-04-10,-0.3035856342,-78.0829776439,1.0,0.906,,,True,positivo_conf_alta_sin_revisar
inat_73720061_120391433.jpg,False,73720061,120391433,cc-by-nc,"(c) David Torres, some rights reserved (CC BY-NC)",dawicho,2021-04-10,-0.3035856342,-78.0829776439,2.0,0.752,,,True,positivo_conf_alta_sin_revisar
inat_73720061_120391440.jpg,False,73720061,120391440,cc-by-nc,"(c) David Torres, some rights reserved (CC BY-NC)",dawicho,2021-04-10,-0.3035856342,-78.0829776439,4.0,0.381,oso,conf_baja_yolo,True,positivo
inat_73720061_120391444.jpg,False,73720061,120391444,cc-by-nc,"(c) David Torres, some rights reserved (CC BY-NC)",dawicho,2021-04-10,-0.3035856342,-78.0829776439,1.0,0.923,,,True,positivo_conf_alta_sin_revisar
inat_73720061_120391445.jpg,False,73720061,120391445,cc-by-nc,"(c) David Torres, some rights reserved (CC BY-NC)",dawicho,2021-04-10,-0.3035856342,-78.0829776439,1.0,0.911,,,True,positivo_conf_alta_sin_revisar
inat_73720061_120391455.jpg,False,73720061,120391455,cc-by-nc,"(c) David Torres, some rights reserved (CC BY-NC)",dawicho,2021-04-10,-0.3035856342,-78.0829776439,1.0,0.937,,,True,positivo_conf_alta_sin_revisar
inat_73720061_120391459.jpg,False,73720061,120391459,cc-by-nc,"(c) David Torres, some rights reserved (CC BY-NC)",dawicho,2021-04-10,-0.3035856342,-78.0829776439,1.0,0.922,,,True,positivo_conf_alta_sin_revisar
inat_73720061_120391466.jpg,False,73720061,120391466,cc-by-nc,"(c) David Torres, some rights reserved (CC BY-NC)",dawicho,2021-04-10,-0.3035856342,-78.0829776439,1.0,0.929,,,True,positivo_conf_alta_sin_revisar
inat_73720061_120391470.jpg,False,73720061,120391470,cc-by-nc,"(c) David Torres, some rights reserved (CC BY-NC)",dawicho,2021-04-10,-0.3035856342,-78.0829776439,1.0,0.905,,,True,positivo_conf_alta_sin_revisar
inat_73720061_120391473.jpg,False,73720061,120391473,cc-by-nc,"(c) David Torres, some rights reserved (CC BY-NC)",dawicho,2021-04-10,-0.3035856342,-78.0829776439,1.0,0.937,,,True,positivo_conf_alta_sin_revisar
inat_73720061_120391478.jpg,False,73720061,120391478,cc-by-nc,"(c) David Torres, some rights reserved (CC BY-NC)",dawicho,2021-04-10,-0.3035856342,-78.0829776439,1.0,0.91,,,True,positivo_conf_alta_sin_revisar
inat_7538062_9833482.jpg,False,7538062,9833482,cc-by-nc,"(c) jayim, some rights reserved (CC BY-NC)",jayimk,2017-08-03,-13.146525556,-72.4352339035,1.0,0.904,,,False,positivo_conf_alta_sin_revisar
inat_7538062_9835026.jpg,False,7538062,9835026,cc-by-nc,"(c) jayim, some rights reserved (CC BY-NC)",jayimk,2017-08-03,-13.146525556,-72.4352339035,1.0,0.957,,,False,positivo_conf_alta_sin_revisar
inat_7538062_9835051.jpg,False,7538062,9835051,cc-by-nc,"(c) jayim, some rights reserved (CC BY-NC)",jayimk,2017-08-03,-13.146525556,-72.4352339035,1.0,0.476,oso,conf_baja_yolo,False,positivo
inat_77204419_126244745.jpg,False,77204419,126244745,cc-by-nc,"(c) Angel Mario Hualpa Erazo, some rights reserved (CC BY-NC)",angelmario,2021-05-02,-4.1823747994,-79.0866833581,0.0,0.0,sin_oso,sin_oso_yolo,True,excluido_sin_oso
inat_77511026_126767390.jpg,False,77511026,126767390,cc-by-nc,"(c) Holger Beck, some rights reserved (CC BY-NC)",holgerbeck,2021-04-27,0.0859938992,-78.5037778287,1.0,0.179,oso,conf_baja_yolo,True,positivo
inat_79222935_129740683.jpg,False,79222935,129740683,cc-by-nc,"(c) hermes_juez, some rights reserved (CC BY-NC)",hermes_juez,2021-05-17,-0.0490263263,-78.5737354469,1.0,0.809,,,True,positivo_conf_alta_sin_revisar
inat_80101886_131257849.jpg,False,80101886,131257849,cc-by-nc,"(c) Santiago Salazar, some rights reserved (CC BY-NC)",neotropical_nature_birding,2020-05-02,-0.1931655011,-77.9234068762,3.0,0.567,,,True,positivo_conf_alta_sin_revisar
inat_82444676_135310724.jpg,False,82444676,135310724,cc-by-nc,"(c) Catalina, some rights reserved (CC BY-NC)",cataarangod,2021-05-13,4.6007808681,-73.8881979338,0.0,0.0,duda,sin_oso_yolo,False,excluido_duda
inat_83581046_137286429.jpg,False,83581046,137286429,cc-by-nc,"(c) joel_calapina, some rights reserved (CC BY-NC)",joel_calapina,2021-06-05,-0.996617816,-78.2630579815,2.0,0.854,,,True,positivo_conf_alta_sin_revisar
inat_86459237_142431902.jpg,False,86459237,142431902,cc-by-nc,"(c) Galo Zapata Ríos, some rights reserved (CC BY-NC)",galozapatarios,2011-03-31,0.0747981422,-77.8193799095,1.0,0.727,,,True,positivo_conf_alta_sin_revisar
inat_8649458_11581021.jpg,False,8649458,11581021,cc-by-nc,"(c) maquipucuna, some rights reserved (CC BY-NC)",maquipucuna,2014-01-04,0.0558709475,-78.7747697754,3.0,0.316,oso,conf_baja_yolo,True,positivo
inat_8649496_11581072.jpg,False,8649496,11581072,cc-by-nc,"(c) maquipucuna, some rights reserved (CC BY-NC)",maquipucuna,2006-12-15,,,1.0,0.824,,,False,positivo_conf_alta_sin_revisar
inat_87003478_143419381.jpg,False,87003478,143419381,cc-by-nc,"(c) Nick Ebanks, some rights reserved (CC BY-NC)",nickevision,2021-03-12,-0.1720704095,-78.7482744318,1.0,0.942,,,True,positivo_conf_alta_sin_revisar
inat_8701613_11666750.jpg,False,8701613,11666750,cc-by-nc,"(c) Juan Carlos Delgado Madrid, some rights reserved (CC BY-NC)",juandelgado_sib,2017-10-21,6.4888234439,-76.1653363041,1.0,0.828,,,False,positivo_conf_alta_sin_revisar
inat_8821614_11850866.jpg,False,8821614,11850866,cc-by-nc,"(c) pfaucher, some rights reserved (CC BY-NC)",pfaucher,2017-11-15,0.1872591369,-78.7274698386,1.0,0.929,,,True,positivo_conf_alta_sin_revisar
inat_88943612_146818508.jpg,False,88943612,146818508,cc-by-nc,"(c) rhcarvajal, some rights reserved (CC BY-NC)",rhcarvajal,2021-05-11,-1.3778620382,-78.4736266528,1.0,0.203,oso,conf_baja_yolo,True,positivo
inat_88943615_146818538.jpg,False,88943615,146818538,cc-by-nc,"(c) rhcarvajal, some rights reserved (CC BY-NC)",rhcarvajal,2021-05-11,-1.2881446256,-78.5525337622,2.0,0.635,,,True,positivo_conf_alta_sin_revisar
inat_88943616_146818569.jpg,False,88943616,146818569,cc-by-nc,"(c) rhcarvajal, some rights reserved (CC BY-NC)",rhcarvajal,2021-05-11,-1.3691603173,-78.4223663679,2.0,0.148,oso,conf_baja_yolo,True,positivo
inat_89412031_147647268.jpg,False,89412031,147647268,cc-by-nc,"(c) Galo Zapata Ríos, some rights reserved (CC BY-NC)",galozapatarios,2017-08-01,-0.2097192295,-78.3427619724,2.0,0.182,oso,conf_baja_yolo,True,positivo
inat_8993378_12120443.jpg,False,8993378,12120443,cc-by-nc,"(c) kjohnston406, some rights reserved (CC BY-NC)",kjohnston406,2017-11-18,0.0513064938,-78.7876818317,1.0,0.493,oso,conf_baja_yolo,True,positivo
inat_90085545_148838187.jpg,False,90085545,148838187,cc-by-nc,"(c) capepolly, some rights reserved (CC BY-NC)",capepolly,2021-07-31,4.6130529309,-73.9166180224,1.0,0.939,,,False,positivo_conf_alta_sin_revisar
inat_9053871_12221204.jpg,False,9053871,12221204,cc-by-nc,"(c) pfaucher, some rights reserved (CC BY-NC)",pfaucher,2017-12-01,-0.3729838379,-78.2022315678,0.0,0.0,oso,sin_oso_yolo,True,positivo
inat_91872417_152032560.jpg,False,91872417,152032560,cc-by-nc,"(c) fervaldezr, some rights reserved (CC BY-NC)",fervaldezr,2017-04-22,-9.7511271156,-76.0245342355,0.0,0.0,rastro,sin_oso_yolo,False,excluido_rastro
inat_94784968_157264487.jpg,False,94784968,157264487,cc-by-nc,"(c) Lorena, some rights reserved (CC BY-NC)",lolavioleta,2015-08-19,0.0672446956,-78.6221722994,0.0,0.0,rastro,sin_oso_yolo,True,excluido_rastro
inat_94945335_157557814.jpg,False,94945335,157557814,cc-by-nc,"(c) eduardapaladines, some rights reserved (CC BY-NC)",eduardapaladines,2021-07-08,-3.8117926752,-79.1459939168,3.0,0.911,,,True,positivo_conf_alta_sin_revisar
inat_96432888_160206027.jpg,False,96432888,160206027,cc-by-nc,"(c) Bettina Arrigoni, some rights reserved (CC BY-NC)",bettina,2021-09-27,-0.2884756728,-78.0335382535,1.0,0.963,,,True,positivo_conf_alta_sin_revisar
inat_97319000_161830515.jpg,False,97319000,161830515,cc-by-nc,"(c) Daniel Higuita Tamayo, some rights reserved (CC BY-NC)",higuita,2021-10-05,6.5077750878,-76.0524615647,1.0,0.24,oso,conf_baja_yolo,False,positivo
inat_97319000_161830533.jpg,False,97319000,161830533,cc-by-nc,"(c) Daniel Higuita Tamayo, some rights reserved (CC BY-NC)",higuita,2021-10-05,6.5077750878,-76.0524615647,0.0,0.0,oso,sin_oso_yolo,False,positivo
inat_97319000_161830545.jpg,False,97319000,161830545,cc-by-nc,"(c) Daniel Higuita Tamayo, some rights reserved (CC BY-NC)",higuita,2021-10-05,6.5077750878,-76.0524615647,0.0,0.0,duda,sin_oso_yolo,False,excluido_duda
inat_97319000_161830557.jpg,False,97319000,161830557,cc-by-nc,"(c) Daniel Higuita Tamayo, some rights reserved (CC BY-NC)",higuita,2021-10-05,6.5077750878,-76.0524615647,1.0,0.067,oso,conf_baja_yolo,False,positivo
inat_97319000_161830573.jpg,False,97319000,161830573,cc-by-nc,"(c) Daniel Higuita Tamayo, some rights reserved (CC BY-NC)",higuita,2021-10-05,6.5077750878,-76.0524615647,1.0,0.596,,,False,positivo_conf_alta_sin_revisar
inat_97400266_161976305.jpg,False,97400266,161976305,cc-by-nc,"(c) Bill Crins, some rights reserved (CC BY-NC)",wjcrins,2013-02-04,5.171822799,-75.4151392099,3.0,0.576,,,False,positivo_conf_alta_sin_revisar
inat_98639476_164270301.jpg,False,98639476,164270301,cc-by-nc,"(c) Holger Beck, some rights reserved (CC BY-NC)",holgerbeck,2021-10-16,0.181093722,-78.726034459,0.0,0.0,oso,sin_oso_yolo,True,positivo
inat_98670528_164334614.jpg,False,98670528,164334614,cc-by-nc,"(c) Luis Yupa, some rights reserved (CC BY-NC)",luisyupa,2021-10-18,-0.213407462,-78.3179665694,4.0,0.752,,,True,positivo_conf_alta_sin_revisar
inat_98670528_164334906.jpg,False,98670528,164334906,cc-by-nc,"(c) Luis Yupa, some rights reserved (CC BY-NC)",luisyupa,2021-10-18,-0.213407462,-78.3179665694,2.0,0.8,,,True,positivo_conf_alta_sin_revisar
inat_99109154_165160691.jpg,False,99109154,165160691,cc-by-nc,"(c) simonmrog, some rights reserved (CC BY-NC)",simonmrog,2021-07-20,7.0103126026,-75.8050514823,1.0,0.426,oso,conf_baja_yolo,False,positivo
inat_99549905_165975083.jpg,False,99549905,165975083,cc-by,"(c) Jonathan Candil Méndez, some rights reserved (CC BY)",jcandilm,2021-10-09,4.9860466623,-73.8267640271,1.0,0.876,,,False,positivo_conf_alta_sin_revisar
inat_99645347_166153700.jpg,False,99645347,166153700,cc-by-nc,"(c) Howard Laidlaw, some rights reserved (CC BY-NC)",hlaidlaw,2021-10-23,-0.2731157444,-78.363619442,3.0,0.165,oso,conf_baja_yolo,True,positivo
