fuente,archivo,ruta,bytes,corrupta,ancho,alto,modo,brillo_medio,dif_canales,escala_grises,phash,orientacion,megapixeles
inaturalist,inat_101293546_169152786.jpg,data/raw/inaturalist\inat_101293546_169152786.jpg,262691,False,485,1024,RGB,100.6,21.44,False,9f88916176a709fc,vertical,0.5
inaturalist,inat_101293546_169152801.jpg,data/raw/inaturalist\inat_101293546_169152801.jpg,200970,False,1024,485,RGB,95.8,11.26,False,85e1675a18b96747,horizontal,0.5
inaturalist,inat_101541869_169590449.jpg,data/raw/inaturalist\inat_101541869_169590449.jpg,269098,False,1024,768,RGB,109.3,25.87,False,d4549869f6923bc9,horizontal,0.79
inaturalist,inat_101728832_169919723.jpg,data/raw/inaturalist\inat_101728832_169919723.jpg,280098,False,1024,680,RGB,130.0,19.15,False,a8a8c7676e090ff2,horizontal,0.7
inaturalist,inat_101728832_169922803.jpg,data/raw/inaturalist\inat_101728832_169922803.jpg,352195,False,1024,785,RGB,127.2,11.48,False,b387cc8d73326466,horizontal,0.8
inaturalist,inat_101823394_170091049.jpg,data/raw/inaturalist\inat_101823394_170091049.jpg,98655,False,706,495,RGB,51.0,11.28,False,c7c38bc1cbe5606c,horizontal,0.35
inaturalist,inat_102298789_170973074.jpg,data/raw/inaturalist\inat_102298789_170973074.jpg,98655,False,706,495,RGB,51.0,11.28,False,c7c38bc1cbe5606c,horizontal,0.35
inaturalist,inat_102352111_171071810.jpg,data/raw/inaturalist\inat_102352111_171071810.jpg,349337,False,1024,576,RGB,127.0,12.98,False,b30c8e7390798edc,horizontal,0.59
inaturalist,inat_102630828_171604260.jpg,data/raw/inaturalist\inat_102630828_171604260.jpg,646177,False,997,1024,RGB,188.8,16.12,False,c71d19cc67131a67,vertical,1.02
inaturalist,inat_102630828_171604266.jpg,data/raw/inaturalist\inat_102630828_171604266.jpg,687919,False,1024,1024,RGB,181.0,15.78,False,811e1cd4672b9b75,cuadrada,1.05
inaturalist,inat_102630828_171604278.jpg,data/raw/inaturalist\inat_102630828_171604278.jpg,567104,False,988,1024,RGB,169.6,18.71,False,807b0fd73cc961b2,vertical,1.01
inaturalist,inat_10293762_14254748.jpg,data/raw/inaturalist\inat_10293762_14254748.jpg,727260,False,682,1024,RGB,141.8,5.61,False,b895df770ac22d28,vertical,0.7
inaturalist,inat_103617339_173423568.jpg,data/raw/inaturalist\inat_103617339_173423568.jpg,303036,False,1024,680,RGB,140.9,33.38,False,9ef6c505273f0d24,horizontal,0.7
inaturalist,inat_104063509_174317541.jpg,data/raw/inaturalist\inat_104063509_174317541.jpg,686671,False,1024,683,RGB,95.6,35.5,False,a460dcfd8d7b4710,horizontal,0.7
inaturalist,inat_104436233_174991867.jpg,data/raw/inaturalist\inat_104436233_174991867.jpg,508957,False,1024,768,RGB,131.5,13.36,False,b9ccc622095d7ed8,horizontal,0.79
inaturalist,inat_104436233_174994135.jpg,data/raw/inaturalist\inat_104436233_174994135.jpg,481902,False,1024,768,RGB,149.5,13.41,False,e533da78c1cdc489,horizontal,0.79
inaturalist,inat_104436233_174994137.jpg,data/raw/inaturalist\inat_104436233_174994137.jpg,464019,False,1024,768,RGB,127.0,13.18,False,a9428f25c51cf29f,horizontal,0.79
inaturalist,inat_104572898_175251947.jpg,data/raw/inaturalist\inat_104572898_175251947.jpg,777516,False,1024,721,RGB,125.5,13.29,False,d13fc6cc23a1364e,horizontal,0.74
inaturalist,inat_104572899_175251949.jpg,data/raw/inaturalist\inat_104572899_175251949.jpg,644221,False,1024,632,RGB,139.3,5.76,False,c6a1c959b6a0c69f,horizontal,0.65
inaturalist,inat_104887017_175852607.jpg,data/raw/inaturalist\inat_104887017_175852607.jpg,856991,False,1024,906,RGB,145.7,11.52,False,a61b9ca0256fcd39,horizontal,0.93
inaturalist,inat_107670892_181136391.jpg,data/raw/inaturalist\inat_107670892_181136391.jpg,238602,False,1024,576,RGB,114.4,14.03,False,d86886cead66da15,horizontal,0.59
inaturalist,inat_108196234_182120433.jpg,data/raw/inaturalist\inat_108196234_182120433.jpg,327970,False,461,1024,RGB,80.0,11.27,False,8995ad632b9399ca,vertical,0.47
inaturalist,inat_108196234_182120447.jpg,data/raw/inaturalist\inat_108196234_182120447.jpg,362933,False,461,1024,RGB,115.0,13.46,False,a54b945f329ea12d,vertical,0.47
inaturalist,inat_108196234_182120560.jpg,data/raw/inaturalist\inat_108196234_182120560.jpg,294749,False,461,1024,RGB,61.5,8.91,False,9d906d6b629d526c,vertical,0.47
inaturalist,inat_108196234_182120570.jpg,data/raw/inaturalist\inat_108196234_182120570.jpg,331830,False,461,1024,RGB,70.3,8.04,False,8f54722b559a29d5,vertical,0.47
inaturalist,inat_108510091_182707831.jpg,data/raw/inaturalist\inat_108510091_182707831.jpg,895790,False,768,1024,RGB,112.7,32.14,False,9de3323d2ba99390,vertical,0.79
inaturalist,inat_108694340_183055262.jpg,data/raw/inaturalist\inat_108694340_183055262.jpg,89687,False,516,347,RGB,148.9,15.48,False,bd61c6c7383113a7,horizontal,0.18
inaturalist,inat_108751448_183162795.jpg,data/raw/inaturalist\inat_108751448_183162795.jpg,85552,False,1000,731,RGB,119.0,6.59,False,916acf08b9862d3f,horizontal,0.73
inaturalist,inat_108751448_183162806.jpg,data/raw/inaturalist\inat_108751448_183162806.jpg,87067,False,1000,731,RGB,116.2,6.26,False,9162dc09bb960d3f,horizontal,0.73
inaturalist,inat_108751448_183162812.jpg,data/raw/inaturalist\inat_108751448_183162812.jpg,75633,False,1000,731,RGB,111.5,4.64,False,9162cf4cb992853f,horizontal,0.73
inaturalist,inat_108764701_183188138.jpg,data/raw/inaturalist\inat_108764701_183188138.jpg,569408,False,813,1024,RGB,184.3,17.03,False,b048dbb965d69325,vertical,0.83
inaturalist,inat_108967364_183567257.jpg,data/raw/inaturalist\inat_108967364_183567257.jpg,1039862,False,1024,683,RGB,123.9,33.53,False,d619cbd84e2c33e4,horizontal,0.7
inaturalist,inat_108967364_183567380.jpg,data/raw/inaturalist\inat_108967364_183567380.jpg,619654,False,1024,683,RGB,132.2,31.47,False,9147dda3621b0de5,horizontal,0.7
inaturalist,inat_109296502_184185034.jpg,data/raw/inaturalist\inat_109296502_184185034.jpg,86255,False,484,1024,RGB,129.3,21.88,False,b0a3cc1c2c733bcb,vertical,0.5
inaturalist,inat_109296502_184185045.jpg,data/raw/inaturalist\inat_109296502_184185045.jpg,140791,False,1024,768,RGB,137.0,21.9,False,e4986167d832cb37,horizontal,0.79
inaturalist,inat_109334179_184255102.jpg,data/raw/inaturalist\inat_109334179_184255102.jpg,204631,False,1024,682,RGB,132.9,21.72,False,f3b449b366c81566,horizontal,0.7
inaturalist,inat_109334179_184255110.jpg,data/raw/inaturalist\inat_109334179_184255110.jpg,246091,False,1024,683,RGB,133.5,21.49,False,b14fcf73d85063c0,horizontal,0.7
inaturalist,inat_109393417_184365586.jpg,data/raw/inaturalist\inat_109393417_184365586.jpg,408933,False,1024,768,RGB,115.5,13.73,False,df02d1c686d1d9c6,horizontal,0.79
inaturalist,inat_11011377_15522572.jpg,data/raw/inaturalist\inat_11011377_15522572.jpg,457473,False,480,800,RGB,83.9,17.58,False,aaa5d55dda62c922,vertical,0.38
inaturalist,inat_111313948_187898989.jpg,data/raw/inaturalist\inat_111313948_187898989.jpg,302624,False,1000,962,RGB,121.7,18.93,False,edb190d8e4a7c8d2,horizontal,0.96
inaturalist,inat_111406007_188064919.jpg,data/raw/inaturalist\inat_111406007_188064919.jpg,1471424,False,960,720,RGBA,112.1,11.17,False,ac3a9be85d831279,horizontal,0.69
inaturalist,inat_111707116_188602366.jpg,data/raw/inaturalist\inat_111707116_188602366.jpg,755554,False,1024,552,RGB,147.9,27.83,False,e71f8802717be8c3,horizontal,0.57
inaturalist,inat_111974137_189082439.jpg,data/raw/inaturalist\inat_111974137_189082439.jpg,290251,False,1024,680,RGB,121.2,22.45,False,f48e933f1b417036,horizontal,0.7
inaturalist,inat_112237124_189572353.jpg,data/raw/inaturalist\inat_112237124_189572353.jpg,574187,False,768,1024,RGB,120.3,14.81,False,ebb6930751e25c32,vertical,0.79
inaturalist,inat_112237124_189572362.jpg,data/raw/inaturalist\inat_112237124_189572362.jpg,598066,False,1024,768,RGB,90.6,16.91,False,ebc7871ec23c3838,horizontal,0.79
inaturalist,inat_116757332_197115720.jpg,data/raw/inaturalist\inat_116757332_197115720.jpg,38651,False,404,217,RGB,192.0,12.61,False,87e41c83db857c27,horizontal,0.09
inaturalist,inat_116757332_197115733.jpg,data/raw/inaturalist\inat_116757332_197115733.jpg,105426,False,750,404,RGB,192.0,11.52,False,87e41c83db857c27,horizontal,0.3
inaturalist,inat_117944758_199230228.jpg,data/raw/inaturalist\inat_117944758_199230228.jpg,156534,False,843,658,RGB,172.9,9.02,False,e2a4da3a76ce3903,horizontal,0.55
inaturalist,inat_117944758_199230452.jpg,data/raw/inaturalist\inat_117944758_199230452.jpg,184834,False,704,1024,RGB,172.4,6.05,False,a326f3134b639c96,vertical,0.72
inaturalist,inat_118989247_201102526.jpg,data/raw/inaturalist\inat_118989247_201102526.jpg,508495,False,1024,760,RGB,74.7,9.15,False,931433b29c7306f7,horizontal,0.78
inaturalist,inat_118989247_201102646.jpg,data/raw/inaturalist\inat_118989247_201102646.jpg,530037,False,1024,808,RGB,80.1,10.69,False,911e199b963196ee,horizontal,0.83
inaturalist,inat_120446902_203713164.jpg,data/raw/inaturalist\inat_120446902_203713164.jpg,1532816,False,1024,781,RGBA,141.0,18.22,False,e73baccc96633680,horizontal,0.8
inaturalist,inat_12360432_17804066.jpg,data/raw/inaturalist\inat_12360432_17804066.jpg,663981,False,1024,768,RGB,127.8,26.34,False,9390c49b383339bf,horizontal,0.79
inaturalist,inat_123905284_209956411.jpg,data/raw/inaturalist\inat_123905284_209956411.jpg,433622,False,768,1024,RGB,116.5,22.46,False,f98c07b2c3afe0c1,vertical,0.79
inaturalist,inat_126666811_214940566.jpg,data/raw/inaturalist\inat_126666811_214940566.jpg,384718,False,1024,683,RGB,88.6,13.64,False,d84664cb1e64e99e,horizontal,0.7
inaturalist,inat_126666811_214940605.jpg,data/raw/inaturalist\inat_126666811_214940605.jpg,467609,False,1024,683,RGB,108.3,14.47,False,b7a4f199dcc07682,horizontal,0.7
inaturalist,inat_128542087_218349836.jpg,data/raw/inaturalist\inat_128542087_218349836.jpg,300400,False,1024,682,RGB,120.8,6.44,False,b38620f570cec4f3,horizontal,0.7
inaturalist,inat_128546441_218353421.jpg,data/raw/inaturalist\inat_128546441_218353421.jpg,443108,False,1024,683,RGB,146.5,6.82,False,ebd3942d226c4bb2,horizontal,0.7
inaturalist,inat_131403325_223613368.jpg,data/raw/inaturalist\inat_131403325_223613368.jpg,453546,False,1024,768,RGB,164.1,33.95,False,fb9658259063a6da,horizontal,0.79
inaturalist,inat_131403325_223613635.jpg,data/raw/inaturalist\inat_131403325_223613635.jpg,450411,False,1024,768,RGB,122.6,33.49,False,d9adc6c221965aa7,horizontal,0.79
inaturalist,inat_131403325_223613707.jpg,data/raw/inaturalist\inat_131403325_223613707.jpg,503058,False,1024,768,RGB,127.0,23.85,False,b0b5ce9934ce683a,horizontal,0.79
inaturalist,inat_133281813_227003139.jpg,data/raw/inaturalist\inat_133281813_227003139.jpg,264239,False,1024,640,RGB,159.6,6.56,False,dc17d470a29da32d,horizontal,0.66
inaturalist,inat_133361772_227143102.jpg,data/raw/inaturalist\inat_133361772_227143102.jpg,453161,False,1024,768,RGB,138.7,5.57,False,b7e6c9d931c60833,horizontal,0.79
inaturalist,inat_135695726_231474886.jpg,data/raw/inaturalist\inat_135695726_231474886.jpg,465938,False,768,1024,RGB,50.3,15.87,False,cd9b34cc239913e6,vertical,0.79
inaturalist,inat_136649140_233244898.jpg,data/raw/inaturalist\inat_136649140_233244898.jpg,59921,False,698,390,RGB,115.8,12.92,False,a608c7712c37b9ce,horizontal,0.27
inaturalist,inat_136766218_233468247.jpg,data/raw/inaturalist\inat_136766218_233468247.jpg,47174,False,461,1024,RGB,140.4,6.97,False,a4c9f08b9596d1d6,vertical,0.47
inaturalist,inat_139213364_238069116.jpg,data/raw/inaturalist\inat_139213364_238069116.jpg,504214,False,461,1024,RGB,99.8,23.36,False,eada16442d0f4d8f,vertical,0.47
inaturalist,inat_139469902_243492616.jpg,data/raw/inaturalist\inat_139469902_243492616.jpg,606688,False,1024,683,RGB,154.5,9.04,False,96143b42c295abef,horizontal,0.7
inaturalist,inat_139469902_243924669.jpg,data/raw/inaturalist\inat_139469902_243924669.jpg,322919,False,1024,641,RGB,123.4,15.36,False,bdf8d18244bae5c1,horizontal,0.66
inaturalist,inat_139761947_239109191.jpg,data/raw/inaturalist\inat_139761947_239109191.jpg,270083,False,1024,768,RGB,119.8,28.33,False,d7c489f0e620bf1a,horizontal,0.79
inaturalist,inat_139761947_239109207.jpg,data/raw/inaturalist\inat_139761947_239109207.jpg,166954,False,1024,768,RGB,118.9,29.82,False,d7c48bf0e620bf18,horizontal,0.79
inaturalist,inat_139971714_239512537.jpg,data/raw/inaturalist\inat_139971714_239512537.jpg,182578,False,1024,768,RGB,83.1,18.94,False,8ecdad26318bcc8e,horizontal,0.79
inaturalist,inat_139978264_239521771.jpg,data/raw/inaturalist\inat_139978264_239521771.jpg,255054,False,1024,683,RGB,97.1,21.77,False,ed12d66c3943669c,horizontal,0.7
inaturalist,inat_139978264_239521818.jpg,data/raw/inaturalist\inat_139978264_239521818.jpg,308664,False,1024,683,RGB,99.3,23.95,False,e6135b643c786297,horizontal,0.7
inaturalist,inat_139978264_239521845.jpg,data/raw/inaturalist\inat_139978264_239521845.jpg,369696,False,1024,683,RGB,123.7,25.07,False,b39a8933105efa8e,horizontal,0.7
inaturalist,inat_139978264_239521901.jpg,data/raw/inaturalist\inat_139978264_239521901.jpg,343771,False,1024,683,RGB,123.4,22.74,False,a4459a7c7d2b2635,horizontal,0.7
inaturalist,inat_141614165_242647339.jpg,data/raw/inaturalist\inat_141614165_242647339.jpg,759856,False,1024,682,RGB,93.3,10.49,False,b72f0ca1b586c279,horizontal,0.7
inaturalist,inat_141672989_242758733.jpg,data/raw/inaturalist\inat_141672989_242758733.jpg,438928,False,1024,683,RGB,102.9,4.43,False,e90a9ec640f46f1b,horizontal,0.7
inaturalist,inat_141672991_242758748.jpg,data/raw/inaturalist\inat_141672991_242758748.jpg,401182,False,1024,683,RGB,62.4,3.52,False,8a0e9c8e43f46f53,horizontal,0.7
inaturalist,inat_141675849_242767426.jpg,data/raw/inaturalist\inat_141675849_242767426.jpg,309636,False,1024,768,RGB,95.0,9.85,False,92835bb25549eec3,horizontal,0.79
inaturalist,inat_141675849_242953837.jpg,data/raw/inaturalist\inat_141675849_242953837.jpg,298686,False,1024,744,RGB,80.4,7.87,False,a3d294a4947db1d3,horizontal,0.76
inaturalist,inat_141675849_242953840.jpg,data/raw/inaturalist\inat_141675849_242953840.jpg,350133,False,1024,777,RGB,99.3,9.53,False,aaf2d8a4a29c6bc9,horizontal,0.8
inaturalist,inat_141675849_242953841.jpg,data/raw/inaturalist\inat_141675849_242953841.jpg,292430,False,1024,805,RGB,88.4,7.48,False,abf294a4d47161d3,horizontal,0.82
inaturalist,inat_141675849_242953843.jpg,data/raw/inaturalist\inat_141675849_242953843.jpg,322262,False,1024,768,RGB,103.3,12.44,False,a1a75b83a01d4dfa,horizontal,0.79
inaturalist,inat_141675849_242953845.jpg,data/raw/inaturalist\inat_141675849_242953845.jpg,322636,False,1024,768,RGB,102.6,11.35,False,b1a34bb0344d6aeb,horizontal,0.79
inaturalist,inat_141675849_242953846.jpg,data/raw/inaturalist\inat_141675849_242953846.jpg,331784,False,1024,768,RGB,98.2,10.34,False,a1b749493cdd4b4a,horizontal,0.79
inaturalist,inat_141675852_242767437.jpg,data/raw/inaturalist\inat_141675852_242767437.jpg,312953,False,768,1024,RGB,87.1,11.28,False,f1804c7c250e5fbd,vertical,0.79
inaturalist,inat_141675854_242767458.jpg,data/raw/inaturalist\inat_141675854_242767458.jpg,274627,False,1024,768,RGB,115.0,15.86,False,94c9f8256e9b2d25,horizontal,0.79
inaturalist,inat_141675854_242955263.jpg,data/raw/inaturalist\inat_141675854_242955263.jpg,246456,False,1024,768,RGB,87.7,29.17,False,b22036b5b3476da9,horizontal,0.79
inaturalist,inat_141675854_242955265.jpg,data/raw/inaturalist\inat_141675854_242955265.jpg,260272,False,1024,768,RGB,100.5,31.42,False,a2a415bd7565b991,horizontal,0.79
inaturalist,inat_141675854_242955266.jpg,data/raw/inaturalist\inat_141675854_242955266.jpg,290301,False,768,1024,RGB,135.4,21.26,False,835e4e83bcd125d6,vertical,0.79
inaturalist,inat_141675854_242955267.jpg,data/raw/inaturalist\inat_141675854_242955267.jpg,301450,False,1024,768,RGB,95.8,34.21,False,c0734c9f26cb9bc4,horizontal,0.79
inaturalist,inat_141675854_242955269.jpg,data/raw/inaturalist\inat_141675854_242955269.jpg,309625,False,1024,768,RGB,115.1,15.03,False,94ccd9a476daab24,horizontal,0.79
inaturalist,inat_141675854_242955270.jpg,data/raw/inaturalist\inat_141675854_242955270.jpg,274394,False,1024,768,RGB,103.0,27.07,False,aab415bd471d9913,horizontal,0.79
inaturalist,inat_141675854_242955271.jpg,data/raw/inaturalist\inat_141675854_242955271.jpg,291368,False,1024,768,RGB,79.7,24.52,False,9b9e64c9cec44966,horizontal,0.79
inaturalist,inat_141675854_242955272.jpg,data/raw/inaturalist\inat_141675854_242955272.jpg,248810,False,1024,768,RGB,99.1,34.92,False,b6ac14b1b16d7d21,horizontal,0.79
inaturalist,inat_141675855_242767473.jpg,data/raw/inaturalist\inat_141675855_242767473.jpg,287860,False,1024,768,RGB,73.3,13.36,False,ac219378738cb0fd,horizontal,0.79
inaturalist,inat_141675855_242956060.jpg,data/raw/inaturalist\inat_141675855_242956060.jpg,289256,False,768,1024,RGB,99.4,7.34,False,b6d5796045936969,vertical,0.79
inaturalist,inat_141675855_242956061.jpg,data/raw/inaturalist\inat_141675855_242956061.jpg,318791,False,1024,768,RGB,79.0,11.52,False,a02fbe9977c34912,horizontal,0.79
inaturalist,inat_141675855_242956065.jpg,data/raw/inaturalist\inat_141675855_242956065.jpg,285840,False,1024,768,RGB,74.8,14.06,False,ac219a78c78cb17b,horizontal,0.79
inaturalist,inat_141675855_242956067.jpg,data/raw/inaturalist\inat_141675855_242956067.jpg,334941,False,1024,768,RGB,87.4,13.85,False,832798197fc96d94,horizontal,0.79
inaturalist,inat_141675855_242956068.jpg,data/raw/inaturalist\inat_141675855_242956068.jpg,287860,False,1024,768,RGB,73.3,13.36,False,ac219378738cb0fd,horizontal,0.79
inaturalist,inat_141675855_242956072.jpg,data/raw/inaturalist\inat_141675855_242956072.jpg,305418,False,768,1024,RGB,95.8,8.64,False,b56b1e75518a562c,vertical,0.79
inaturalist,inat_141675855_242956076.jpg,data/raw/inaturalist\inat_141675855_242956076.jpg,294546,False,1024,772,RGB,78.0,11.35,False,83e7992e87639558,horizontal,0.79
inaturalist,inat_141675855_242956080.jpg,data/raw/inaturalist\inat_141675855_242956080.jpg,313099,False,768,1024,RGB,95.2,5.7,False,b7c4c96d83ab4916,vertical,0.79
inaturalist,inat_141675855_242956086.jpg,data/raw/inaturalist\inat_141675855_242956086.jpg,299485,False,768,1024,RGB,104.5,6.23,False,b674d94965a369c8,vertical,0.79
inaturalist,inat_141675855_242956088.jpg,data/raw/inaturalist\inat_141675855_242956088.jpg,315320,False,768,1024,RGB,101.5,6.55,False,b646cd66ab694a92,vertical,0.79
inaturalist,inat_141675855_242956090.jpg,data/raw/inaturalist\inat_141675855_242956090.jpg,324133,False,768,1024,RGB,111.8,9.41,False,b5c4c96c8beb4e12,vertical,0.79
inaturalist,inat_141675855_242956092.jpg,data/raw/inaturalist\inat_141675855_242956092.jpg,310551,False,768,1024,RGB,85.5,7.46,False,93ea64902b9b0fae,vertical,0.79
inaturalist,inat_141675855_242956094.jpg,data/raw/inaturalist\inat_141675855_242956094.jpg,296841,False,768,1024,RGB,103.1,6.77,False,b656d94c24af4d4a,vertical,0.79
inaturalist,inat_141675855_242956098.jpg,data/raw/inaturalist\inat_141675855_242956098.jpg,302535,False,768,1024,RGB,99.3,10.86,False,97de6df454a05017,vertical,0.79
inaturalist,inat_141675855_242956102.jpg,data/raw/inaturalist\inat_141675855_242956102.jpg,307633,False,768,1024,RGB,105.7,6.26,False,93565c7f62882d3c,vertical,0.79
inaturalist,inat_142108447_243585528.jpg,data/raw/inaturalist\inat_142108447_243585528.jpg,442763,False,1024,768,RGB,122.8,6.28,False,a42818ce67e7db0b,horizontal,0.79
inaturalist,inat_142108447_243585536.jpg,data/raw/inaturalist\inat_142108447_243585536.jpg,444059,False,1024,768,RGB,138.7,6.5,False,a42cdec771180cf7,horizontal,0.79
inaturalist,inat_142108447_243586202.jpg,data/raw/inaturalist\inat_142108447_243586202.jpg,409592,False,1024,768,RGB,116.6,9.72,False,f40f066271d1bf0b,horizontal,0.79
inaturalist,inat_142112350_243592605.jpg,data/raw/inaturalist\inat_142112350_243592605.jpg,459738,False,1024,768,RGB,148.7,17.22,False,fc65c5193f666083,horizontal,0.79
inaturalist,inat_142112350_243602294.jpg,data/raw/inaturalist\inat_142112350_243602294.jpg,444710,False,1024,791,RGB,139.4,18.63,False,fc65c53836e281cb,horizontal,0.81
inaturalist,inat_143217786_245594569.jpg,data/raw/inaturalist\inat_143217786_245594569.jpg,232494,False,768,1024,RGB,66.6,19.62,False,95ec47da48a32e35,vertical,0.79
inaturalist,inat_143217786_245594579.jpg,data/raw/inaturalist\inat_143217786_245594579.jpg,260757,False,768,1024,RGB,94.1,30.29,False,d4d34a863d49352f,vertical,0.79
inaturalist,inat_143402188_245923509.jpg,data/raw/inaturalist\inat_143402188_245923509.jpg,976122,False,1024,683,RGB,120.8,7.99,False,b14c9a516a27773a,horizontal,0.7
inaturalist,inat_143831934_246743032.jpg,data/raw/inaturalist\inat_143831934_246743032.jpg,145226,False,1024,903,RGB,126.4,13.76,False,e93ad0bd83a39784,horizontal,0.92
inaturalist,inat_143831934_246743413.jpg,data/raw/inaturalist\inat_143831934_246743413.jpg,177381,False,1024,812,RGB,116.4,16.94,False,ed9ad89d839780f0,horizontal,0.83
inaturalist,inat_143831934_246743435.jpg,data/raw/inaturalist\inat_143831934_246743435.jpg,171138,False,1024,969,RGB,109.0,14.02,False,a998d41ecab58b74,horizontal,0.99
inaturalist,inat_143831934_246743498.jpg,data/raw/inaturalist\inat_143831934_246743498.jpg,196754,False,997,1024,RGB,104.1,13.1,False,acda959d9b909703,vertical,1.02
inaturalist,inat_144551812_248116202.jpg,data/raw/inaturalist\inat_144551812_248116202.jpg,478248,False,1024,768,RGB,123.8,15.85,False,c4df54ab32e06c1d,horizontal,0.79
inaturalist,inat_144551812_248116233.jpg,data/raw/inaturalist\inat_144551812_248116233.jpg,493299,False,1024,768,RGB,128.0,16.69,False,c4144c2fb6f74b89,horizontal,0.79
inaturalist,inat_144824209_248650196.jpg,data/raw/inaturalist\inat_144824209_248650196.jpg,646414,False,1024,869,RGB,121.0,6.08,False,f3b41f8db6868a21,horizontal,0.89
inaturalist,inat_144824209_248650204.jpg,data/raw/inaturalist\inat_144824209_248650204.jpg,517763,False,914,778,RGB,118.3,6.3,False,b73758f586c61941,horizontal,0.71
inaturalist,inat_145193495_249363593.jpg,data/raw/inaturalist\inat_145193495_249363593.jpg,695002,False,1024,768,RGB,125.3,10.83,False,f486ab29cad48d99,horizontal,0.79
inaturalist,inat_145193495_249363606.jpg,data/raw/inaturalist\inat_145193495_249363606.jpg,690178,False,1024,768,RGB,126.8,11.71,False,f4868e29ca52ec9d,horizontal,0.79
inaturalist,inat_145193495_249363619.jpg,data/raw/inaturalist\inat_145193495_249363619.jpg,718187,False,1024,768,RGB,127.6,11.72,False,f2828d295e525d9d,horizontal,0.79
inaturalist,inat_145193495_249363638.jpg,data/raw/inaturalist\inat_145193495_249363638.jpg,705023,False,1024,768,RGB,116.8,12.94,False,f0968e294e52cd9d,horizontal,0.79
inaturalist,inat_146487727_251859171.jpg,data/raw/inaturalist\inat_146487727_251859171.jpg,998612,False,1024,683,RGB,115.2,30.53,False,b9168437ca63f11e,horizontal,0.7
inaturalist,inat_146487727_251859188.jpg,data/raw/inaturalist\inat_146487727_251859188.jpg,998699,False,1024,683,RGB,115.0,31.1,False,f6b8037e213949e5,horizontal,0.7
inaturalist,inat_147401695_253633467.jpg,data/raw/inaturalist\inat_147401695_253633467.jpg,360640,False,1024,683,RGB,157.6,8.94,False,81694add99d8b2da,horizontal,0.7
inaturalist,inat_147946488_254674743.jpg,data/raw/inaturalist\inat_147946488_254674743.jpg,374589,False,1024,576,RGB,123.9,17.72,False,93650de13e87d4c9,horizontal,0.59
inaturalist,inat_147946488_254674751.jpg,data/raw/inaturalist\inat_147946488_254674751.jpg,391764,False,1024,576,RGB,124.4,18.13,False,936589e93e87d059,horizontal,0.59
inaturalist,inat_147946488_254674758.jpg,data/raw/inaturalist\inat_147946488_254674758.jpg,376028,False,1024,576,RGB,127.5,18.5,False,937589e91ec6d059,horizontal,0.59
inaturalist,inat_147946488_254674764.jpg,data/raw/inaturalist\inat_147946488_254674764.jpg,379725,False,1024,576,RGB,130.4,20.32,False,9175cced1fd0504d,horizontal,0.59
inaturalist,inat_147946488_254674768.jpg,data/raw/inaturalist\inat_147946488_254674768.jpg,377131,False,1024,576,RGB,130.5,20.2,False,9174ccfd17d0544d,horizontal,0.59
inaturalist,inat_147946488_254674773.jpg,data/raw/inaturalist\inat_147946488_254674773.jpg,374056,False,1024,576,RGB,130.7,20.3,False,9174ccfd17d0544d,horizontal,0.59
inaturalist,inat_147946488_254674779.jpg,data/raw/inaturalist\inat_147946488_254674779.jpg,377416,False,1024,576,RGB,130.7,20.64,False,9074c4fd17d07c4d,horizontal,0.59
inaturalist,inat_147946488_254674784.jpg,data/raw/inaturalist\inat_147946488_254674784.jpg,375150,False,1024,576,RGB,130.9,20.34,False,9054c4fd17d07c5d,horizontal,0.59
inaturalist,inat_147946488_254674798.jpg,data/raw/inaturalist\inat_147946488_254674798.jpg,380695,False,1024,576,RGB,131.1,20.47,False,9054ccfd17d05c5d,horizontal,0.59
inaturalist,inat_147946488_254674817.jpg,data/raw/inaturalist\inat_147946488_254674817.jpg,385355,False,1024,576,RGB,131.3,20.34,False,9054c4fd17d45c5d,horizontal,0.59
inaturalist,inat_148292942_255340654.jpg,data/raw/inaturalist\inat_148292942_255340654.jpg,2439257,False,473,1024,RGBA,140.9,9.6,False,a4df84d88bf1b813,vertical,0.48
inaturalist,inat_148730244_256169116.jpg,data/raw/inaturalist\inat_148730244_256169116.jpg,358633,False,1024,683,RGB,127.9,16.14,False,87075d4033becc76,horizontal,0.7
inaturalist,inat_150079865_258713910.jpg,data/raw/inaturalist\inat_150079865_258713910.jpg,247558,False,1024,641,RGB,166.2,11.9,False,dba08672da346967,horizontal,0.66
inaturalist,inat_150079865_258715043.jpg,data/raw/inaturalist\inat_150079865_258715043.jpg,229592,False,800,889,RGB,113.1,9.55,False,abf48c2a34850f9f,vertical,0.71
inaturalist,inat_150079865_258715044.jpg,data/raw/inaturalist\inat_150079865_258715044.jpg,252887,False,890,920,RGB,113.7,9.95,False,e9f9c02a20a5e71f,vertical,0.82
inaturalist,inat_150079865_258715045.jpg,data/raw/inaturalist\inat_150079865_258715045.jpg,196545,False,798,807,RGB,109.0,9.21,False,ebf48834959f1871,vertical,0.64
inaturalist,inat_150079865_258715046.jpg,data/raw/inaturalist\inat_150079865_258715046.jpg,194347,False,742,739,RGB,111.4,9.71,False,ebcc2a34871e5c65,horizontal,0.55
inaturalist,inat_150079865_258715048.jpg,data/raw/inaturalist\inat_150079865_258715048.jpg,218305,False,818,856,RGB,114.0,9.8,False,ebf9c82a20e1278f,vertical,0.7
inaturalist,inat_150079865_258715054.jpg,data/raw/inaturalist\inat_150079865_258715054.jpg,243120,False,1024,510,RGB,120.1,8.64,False,dc9cf49898987e0e,horizontal,0.52
inaturalist,inat_150079865_258715066.jpg,data/raw/inaturalist\inat_150079865_258715066.jpg,159224,False,1024,362,RGB,125.0,4.53,False,c716c87d8e34b495,horizontal,0.37
inaturalist,inat_150079865_258715068.jpg,data/raw/inaturalist\inat_150079865_258715068.jpg,213886,False,1024,653,RGB,130.2,5.53,False,8f50c9b262a6997b,horizontal,0.67
inaturalist,inat_150079865_258715069.jpg,data/raw/inaturalist\inat_150079865_258715069.jpg,211537,False,1024,614,RGB,130.2,5.47,False,8c57d9e26ad0db48,horizontal,0.63
inaturalist,inat_150079865_258715073.jpg,data/raw/inaturalist\inat_150079865_258715073.jpg,179033,False,1024,431,RGB,126.7,4.72,False,c73e9c3d9274035a,horizontal,0.44
inaturalist,inat_150079865_258715077.jpg,data/raw/inaturalist\inat_150079865_258715077.jpg,160252,False,1024,365,RGB,133.0,4.99,False,97b438bd923587d0,horizontal,0.37
inaturalist,inat_150079865_258715078.jpg,data/raw/inaturalist\inat_150079865_258715078.jpg,183114,False,1024,413,RGB,133.6,5.07,False,97bc387996302fc2,horizontal,0.42
inaturalist,inat_150079865_258715087.jpg,data/raw/inaturalist\inat_150079865_258715087.jpg,207700,False,1024,595,RGB,129.5,5.58,False,ae55c99222263afb,horizontal,0.61
inaturalist,inat_150079865_258715091.jpg,data/raw/inaturalist\inat_150079865_258715091.jpg,244668,False,1024,737,RGB,130.6,5.36,False,a45a469939b9456f,horizontal,0.75
inaturalist,inat_150079865_258715092.jpg,data/raw/inaturalist\inat_150079865_258715092.jpg,209983,False,1024,639,RGB,126.0,5.93,False,8e10dab665ec3633,horizontal,0.65
inaturalist,inat_150079865_258715094.jpg,data/raw/inaturalist\inat_150079865_258715094.jpg,233959,False,1024,645,RGB,127.9,5.6,False,8e54c9b26226bc7b,horizontal,0.66
inaturalist,inat_150079865_258715095.jpg,data/raw/inaturalist\inat_150079865_258715095.jpg,235126,False,1024,675,RGB,121.9,5.36,False,a057c4993db11d4f,horizontal,0.69
inaturalist,inat_150079865_258715097.jpg,data/raw/inaturalist\inat_150079865_258715097.jpg,231623,False,1024,680,RGB,121.5,5.62,False,a844c4df39b94fc1,horizontal,0.7
inaturalist,inat_150412310_259354700.jpg,data/raw/inaturalist\inat_150412310_259354700.jpg,414811,False,1024,768,RGB,141.3,12.6,False,c6fa19c96c26b1a3,horizontal,0.79
inaturalist,inat_150412310_259354707.jpg,data/raw/inaturalist\inat_150412310_259354707.jpg,410382,False,1024,768,RGB,149.4,15.53,False,c1f41b296cd99a6c,horizontal,0.79
inaturalist,inat_150681077_259868943.jpg,data/raw/inaturalist\inat_150681077_259868943.jpg,146950,False,1024,683,RGB,123.7,6.35,False,863d5e66a1583d53,horizontal,0.7
inaturalist,inat_151151422_260754717.jpg,data/raw/inaturalist\inat_151151422_260754717.jpg,402226,False,1024,682,RGB,130.8,22.47,False,d7719919322ba356,horizontal,0.7
inaturalist,inat_151151422_260754729.jpg,data/raw/inaturalist\inat_151151422_260754729.jpg,427693,False,1024,683,RGB,127.0,20.76,False,f0a4cf325e39d843,horizontal,0.7
inaturalist,inat_151151422_260754752.jpg,data/raw/inaturalist\inat_151151422_260754752.jpg,401416,False,1024,682,RGB,127.7,20.33,False,e79b982d6698886d,horizontal,0.7
inaturalist,inat_151151422_260754764.jpg,data/raw/inaturalist\inat_151151422_260754764.jpg,405988,False,1024,683,RGB,123.6,18.8,False,b60619d8768599f9,horizontal,0.7
inaturalist,inat_151151422_260754775.jpg,data/raw/inaturalist\inat_151151422_260754775.jpg,419354,False,1024,683,RGB,121.8,19.19,False,b9c38e58f34631a3,horizontal,0.7
inaturalist,inat_152077156_262484454.jpg,data/raw/inaturalist\inat_152077156_262484454.jpg,380150,False,1024,768,RGB,136.3,15.65,False,83b18ecb95913373,horizontal,0.79
inaturalist,inat_152077156_262484474.jpg,data/raw/inaturalist\inat_152077156_262484474.jpg,340900,False,1024,768,RGB,138.6,19.83,False,a3f10ecec4f27234,horizontal,0.79
inaturalist,inat_152077156_262484491.jpg,data/raw/inaturalist\inat_152077156_262484491.jpg,354886,False,1024,768,RGB,136.4,22.63,False,a9944fc5563b3cc4,horizontal,0.79
inaturalist,inat_152171127_262647845.jpg,data/raw/inaturalist\inat_152171127_262647845.jpg,1225637,False,1024,829,RGBA,135.7,8.96,False,e31398b036cfc539,horizontal,0.85
inaturalist,inat_152171127_262647862.jpg,data/raw/inaturalist\inat_152171127_262647862.jpg,1123259,False,1024,687,RGBA,133.5,7.52,False,a314dcce62f84ce3,horizontal,0.7
inaturalist,inat_152171127_262647907.jpg,data/raw/inaturalist\inat_152171127_262647907.jpg,1156338,False,1024,774,RGBA,125.1,5.76,False,c273cd8ce11abc66,horizontal,0.79
inaturalist,inat_152339767_262970622.jpg,data/raw/inaturalist\inat_152339767_262970622.jpg,591133,False,768,1024,RGB,105.3,17.76,False,d609b53d46a6aa9a,vertical,0.79
inaturalist,inat_152339767_262970656.jpg,data/raw/inaturalist\inat_152339767_262970656.jpg,625475,False,768,1024,RGB,105.4,15.0,False,ac8c8deeae478a16,vertical,0.79
inaturalist,inat_152899586_264006998.jpg,data/raw/inaturalist\inat_152899586_264006998.jpg,252779,False,1024,615,RGB,160.9,10.32,False,e171c298fd54d668,horizontal,0.63
inaturalist,inat_152899586_264007021.jpg,data/raw/inaturalist\inat_152899586_264007021.jpg,249041,False,1024,614,RGB,136.9,10.24,False,ebe1e1660402ef6b,horizontal,0.63
inaturalist,inat_152988146_264163297.jpg,data/raw/inaturalist\inat_152988146_264163297.jpg,265872,False,1024,663,RGB,99.3,15.56,False,831adcf06b3ab0ae,horizontal,0.68
inaturalist,inat_152988146_264163305.jpg,data/raw/inaturalist\inat_152988146_264163305.jpg,196382,False,1024,683,RGB,126.7,24.17,False,ea7a7897360c0576,horizontal,0.7
inaturalist,inat_152988146_264163315.jpg,data/raw/inaturalist\inat_152988146_264163315.jpg,179706,False,1024,689,RGB,143.4,19.58,False,e61381ce33a9de89,horizontal,0.71
inaturalist,inat_152988146_264163326.jpg,data/raw/inaturalist\inat_152988146_264163326.jpg,235717,False,1024,697,RGB,141.6,16.21,False,e6bb1d852902ad4f,horizontal,0.71
inaturalist,inat_153335505_264823132.jpg,data/raw/inaturalist\inat_153335505_264823132.jpg,211994,False,750,921,RGB,161.5,38.72,False,8e1e715f2e58e00f,vertical,0.69
inaturalist,inat_153335505_264823164.jpg,data/raw/inaturalist\inat_153335505_264823164.jpg,193422,False,750,908,RGB,168.5,34.25,False,8b3337de4c5c6858,vertical,0.68
inaturalist,inat_153335505_264823182.jpg,data/raw/inaturalist\inat_153335505_264823182.jpg,190553,False,750,939,RGB,173.1,36.19,False,9b3716ce7c702097,vertical,0.7
inaturalist,inat_154433438_266843511.jpg,data/raw/inaturalist\inat_154433438_266843511.jpg,591133,False,768,1024,RGB,105.3,17.76,False,d609b53d46a6aa9a,vertical,0.79
inaturalist,inat_154433438_266844533.jpg,data/raw/inaturalist\inat_154433438_266844533.jpg,625475,False,768,1024,RGB,105.4,15.0,False,ac8c8deeae478a16,vertical,0.79
inaturalist,inat_161011841_278271142.jpg,data/raw/inaturalist\inat_161011841_278271142.jpg,348797,False,1024,768,RGB,129.5,21.2,False,e9c234ef706d8196,horizontal,0.79
inaturalist,inat_161078514_278398046.jpg,data/raw/inaturalist\inat_161078514_278398046.jpg,409467,False,1024,682,RGB,96.3,16.21,False,c42861ee5a99b736,horizontal,0.7
inaturalist,inat_161078722_278398382.jpg,data/raw/inaturalist\inat_161078722_278398382.jpg,404411,False,1024,682,RGB,122.9,14.92,False,c1ced2fbc485c8d2,horizontal,0.7
inaturalist,inat_161078722_278398397.jpg,data/raw/inaturalist\inat_161078722_278398397.jpg,392677,False,1024,682,RGB,111.8,16.8,False,907f4f481d34b6c6,horizontal,0.7
inaturalist,inat_162413684_280829430.jpg,data/raw/inaturalist\inat_162413684_280829430.jpg,213406,False,1024,702,RGB,55.1,10.55,False,a323cac2d792d297,horizontal,0.72
inaturalist,inat_16414340_24694642.jpg,data/raw/inaturalist\inat_16414340_24694642.jpg,457503,False,768,1024,RGB,64.0,7.89,False,ddf2daccc9c049c4,vertical,0.79
inaturalist,inat_16414340_24694649.jpg,data/raw/inaturalist\inat_16414340_24694649.jpg,448678,False,1024,768,RGB,71.4,8.14,False,b28a45079e9e696e,horizontal,0.79
inaturalist,inat_165618594_286706998.jpg,data/raw/inaturalist\inat_165618594_286706998.jpg,1289783,False,823,1024,RGB,129.1,18.81,False,86fc78655a1063dd,vertical,0.84
inaturalist,inat_167356662_289908557.jpg,data/raw/inaturalist\inat_167356662_289908557.jpg,1062176,False,1024,780,RGB,101.4,13.1,False,b3460e137b4c47b5,horizontal,0.8
inaturalist,inat_167356664_289908566.jpg,data/raw/inaturalist\inat_167356664_289908566.jpg,273617,False,601,800,RGB,130.2,36.18,False,e31698612512f7db,vertical,0.48
inaturalist,inat_167356669_289908571.jpg,data/raw/inaturalist\inat_167356669_289908571.jpg,334109,False,800,601,RGB,92.6,21.48,False,98576be98674f809,horizontal,0.48
inaturalist,inat_167356670_289908582.jpg,data/raw/inaturalist\inat_167356670_289908582.jpg,1041560,False,1024,576,RGB,107.9,41.03,False,984ece393591b0af,horizontal,0.59
inaturalist,inat_167356671_289908593.jpg,data/raw/inaturalist\inat_167356671_289908593.jpg,276838,False,601,800,RGB,134.0,34.52,False,a77218596ce47396,vertical,0.48
inaturalist,inat_167356673_289908609.jpg,data/raw/inaturalist\inat_167356673_289908609.jpg,1113626,False,1024,629,RGB,112.7,40.33,False,904f46708e4e3f6e,horizontal,0.64
inaturalist,inat_167380575_289948357.jpg,data/raw/inaturalist\inat_167380575_289948357.jpg,554204,False,1024,683,RGB,139.5,18.8,False,b8e2c738ce594e92,horizontal,0.7
inaturalist,inat_167380575_289948384.jpg,data/raw/inaturalist\inat_167380575_289948384.jpg,621397,False,1024,683,RGB,153.7,30.1,False,b04ecb8c3666cb99,horizontal,0.7
inaturalist,inat_167380575_289948407.jpg,data/raw/inaturalist\inat_167380575_289948407.jpg,570558,False,1024,683,RGB,142.2,28.16,False,b246c732e4243eb7,horizontal,0.7
inaturalist,inat_168819965_292621345.jpg,data/raw/inaturalist\inat_168819965_292621345.jpg,550274,False,1024,684,RGB,109.3,23.19,False,e9629df4c8a542ec,horizontal,0.7
inaturalist,inat_168819968_292621393.jpg,data/raw/inaturalist\inat_168819968_292621393.jpg,350466,False,1024,684,RGB,92.8,42.35,False,c9336c4c9b37846d,horizontal,0.7
inaturalist,inat_168819970_292621446.jpg,data/raw/inaturalist\inat_168819970_292621446.jpg,502515,False,1024,684,RGB,104.6,25.48,False,e6e5b2b084b8f352,horizontal,0.7
inaturalist,inat_168819979_292621563.jpg,data/raw/inaturalist\inat_168819979_292621563.jpg,93632,False,1024,684,RGB,66.0,17.48,False,e3bb9ccc73487282,horizontal,0.7
inaturalist,inat_170940246_296561476.jpg,data/raw/inaturalist\inat_170940246_296561476.jpg,618747,False,683,1024,RGB,109.9,19.01,False,b391d3523f6a4147,vertical,0.7
inaturalist,inat_170940246_296561499.jpg,data/raw/inaturalist\inat_170940246_296561499.jpg,553817,False,683,1024,RGB,132.5,37.64,False,e48f98e30ef1e843,vertical,0.7
inaturalist,inat_170940246_296561530.jpg,data/raw/inaturalist\inat_170940246_296561530.jpg,511448,False,1024,683,RGB,94.8,23.2,False,e09c81c68ede4f6a,horizontal,0.7
inaturalist,inat_170940246_296561558.jpg,data/raw/inaturalist\inat_170940246_296561558.jpg,463117,False,683,1024,RGB,96.5,18.29,False,e68691974363636d,vertical,0.7
inaturalist,inat_170940246_296561583.jpg,data/raw/inaturalist\inat_170940246_296561583.jpg,592311,False,1024,683,RGB,85.1,30.61,False,f194cb4a654338bb,horizontal,0.7
inaturalist,inat_170940246_296561602.jpg,data/raw/inaturalist\inat_170940246_296561602.jpg,586860,False,683,1024,RGB,93.7,20.62,False,f6ba4e0406f3e949,vertical,0.7
inaturalist,inat_170940246_296561623.jpg,data/raw/inaturalist\inat_170940246_296561623.jpg,630667,False,1024,683,RGB,101.0,26.62,False,f1952922f6c9336c,horizontal,0.7
inaturalist,inat_170940246_296561642.jpg,data/raw/inaturalist\inat_170940246_296561642.jpg,483350,False,683,1024,RGB,93.0,14.42,False,e1f4524fad2c86b4,vertical,0.7
inaturalist,inat_171567436_297727331.jpg,data/raw/inaturalist\inat_171567436_297727331.jpg,442519,False,1024,951,RGB,146.4,9.94,False,c6869d1b6633d839,horizontal,0.97
inaturalist,inat_173133096_300635104.jpg,data/raw/inaturalist\inat_173133096_300635104.jpg,500067,False,768,1024,RGB,115.3,15.58,False,e9b6c2595dd98a41,vertical,0.79
inaturalist,inat_173133096_300635143.jpg,data/raw/inaturalist\inat_173133096_300635143.jpg,506611,False,768,1024,RGB,118.5,16.12,False,eb93c3d0e9eda900,vertical,0.79
inaturalist,inat_173133096_300635189.jpg,data/raw/inaturalist\inat_173133096_300635189.jpg,535748,False,768,1024,RGB,114.7,14.38,False,ff8082f3a4f2a4d1,vertical,0.79
inaturalist,inat_173296416_300932597.jpg,data/raw/inaturalist\inat_173296416_300932597.jpg,407228,False,1024,768,RGB,161.6,5.68,False,850d7b7a0d51dd62,horizontal,0.79
inaturalist,inat_173296416_300932667.jpg,data/raw/inaturalist\inat_173296416_300932667.jpg,456712,False,1024,768,RGB,153.3,6.58,False,c11a0e7c2b37ce35,horizontal,0.79
inaturalist,inat_173296416_300932744.jpg,data/raw/inaturalist\inat_173296416_300932744.jpg,449167,False,1024,768,RGB,133.7,7.72,False,ada11335307f2cce,horizontal,0.79
inaturalist,inat_173296416_300932872.jpg,data/raw/inaturalist\inat_173296416_300932872.jpg,414573,False,1024,768,RGB,103.7,17.02,False,b23e9d14a5c338b9,horizontal,0.79
inaturalist,inat_174381180_302938670.jpg,data/raw/inaturalist\inat_174381180_302938670.jpg,688257,False,1024,659,RGB,132.9,8.28,False,b308d29b38e6876b,horizontal,0.67
inaturalist,inat_174784853_303689551.jpg,data/raw/inaturalist\inat_174784853_303689551.jpg,416311,False,768,1024,RGB,79.0,19.9,False,803793dc4fb7c451,vertical,0.79
inaturalist,inat_175460020_304936637.jpg,data/raw/inaturalist\inat_175460020_304936637.jpg,319622,False,768,1024,RGB,144.8,11.12,False,a18b11c10e7a1ff7,vertical,0.79
inaturalist,inat_175460020_304936660.jpg,data/raw/inaturalist\inat_175460020_304936660.jpg,327815,False,768,1024,RGB,146.3,11.06,False,940c1a7e457f4b39,vertical,0.79
inaturalist,inat_175487199_304987098.jpg,data/raw/inaturalist\inat_175487199_304987098.jpg,279678,False,1024,682,RGB,132.4,11.41,False,91da8ea3f1478669,horizontal,0.7
inaturalist,inat_178340138_310312756.jpg,data/raw/inaturalist\inat_178340138_310312756.jpg,214952,False,768,1024,RGB,91.7,12.72,False,8f6178d7c35a8e21,vertical,0.79
inaturalist,inat_178340138_310312761.jpg,data/raw/inaturalist\inat_178340138_310312761.jpg,233348,False,768,1024,RGB,80.9,12.74,False,976868d7855a9e61,vertical,0.79
inaturalist,inat_178340138_310312796.jpg,data/raw/inaturalist\inat_178340138_310312796.jpg,219124,False,768,1024,RGB,72.1,8.19,False,974068f5a7c29e69,vertical,0.79
inaturalist,inat_180018601_313503187.jpg,data/raw/inaturalist\inat_180018601_313503187.jpg,574654,False,768,1024,RGB,123.5,12.39,False,836e968b2d36994b,vertical,0.79
inaturalist,inat_182167210_317571726.jpg,data/raw/inaturalist\inat_182167210_317571726.jpg,270685,False,1024,739,RGB,140.6,11.25,False,dbcc8db67b80c0c3,horizontal,0.76
inaturalist,inat_182167210_317571727.jpg,data/raw/inaturalist\inat_182167210_317571727.jpg,287090,False,1024,759,RGB,165.9,10.3,False,d8a0cb0c85fb7176,horizontal,0.78
inaturalist,inat_182824046_318839266.jpg,data/raw/inaturalist\inat_182824046_318839266.jpg,416231,False,768,1024,RGB,167.9,11.89,False,a2c3913f2ee10f3c,vertical,0.79
inaturalist,inat_18304924_27968259.jpg,data/raw/inaturalist\inat_18304924_27968259.jpg,146022,False,1024,685,RGB,90.9,12.26,False,b3769cd6c172ca11,horizontal,0.7
inaturalist,inat_18304927_27968301.jpg,data/raw/inaturalist\inat_18304927_27968301.jpg,119051,False,1024,678,RGB,96.1,9.83,False,f6691403a32ccf73,horizontal,0.69
inaturalist,inat_18304929_27968315.jpg,data/raw/inaturalist\inat_18304929_27968315.jpg,150435,False,1020,684,RGB,120.8,15.11,False,e4691f1fa324c972,horizontal,0.7
inaturalist,inat_184930345_322866890.jpg,data/raw/inaturalist\inat_184930345_322866890.jpg,222305,False,1024,576,RGB,109.4,11.54,False,f327ce31c526914e,horizontal,0.59
inaturalist,inat_185165510_323340869.jpg,data/raw/inaturalist\inat_185165510_323340869.jpg,4307762,False,600,338,P,94.6,24.4,False,e19d9bca4f204ee1,horizontal,0.2
inaturalist,inat_185426608_323841091.jpg,data/raw/inaturalist\inat_185426608_323841091.jpg,269333,False,1024,684,RGB,94.1,19.78,False,a9d69c1225fdc09e,horizontal,0.7
inaturalist,inat_185509729_323996904.jpg,data/raw/inaturalist\inat_185509729_323996904.jpg,1379708,False,1024,731,RGB,145.9,26.88,False,8b318c8e5331e75e,horizontal,0.75
inaturalist,inat_186416708_325774126.jpg,data/raw/inaturalist\inat_186416708_325774126.jpg,538296,False,576,1024,RGB,119.9,19.66,False,b4f23b0f0b314dc9,vertical,0.59
inaturalist,inat_186416708_325774151.jpg,data/raw/inaturalist\inat_186416708_325774151.jpg,592347,False,576,1024,RGB,147.6,19.16,False,b2badd0f692b0a68,vertical,0.59
inaturalist,inat_18877345_28925395.jpg,data/raw/inaturalist\inat_18877345_28925395.jpg,638843,False,1024,683,RGB,96.7,8.64,False,e2d3489a7a728d8d,horizontal,0.7
inaturalist,inat_188886269_330732669.jpg,data/raw/inaturalist\inat_188886269_330732669.jpg,609534,False,1024,768,RGB,166.0,11.88,False,ea7899c4e60b46cd,horizontal,0.79
inaturalist,inat_189167054_331299048.jpg,data/raw/inaturalist\inat_189167054_331299048.jpg,296860,False,768,1024,RGB,196.4,7.52,False,a4a4cfd87a3381cd,vertical,0.79
inaturalist,inat_189349548_331675662.jpg,data/raw/inaturalist\inat_189349548_331675662.jpg,389190,False,700,700,RGB,132.4,9.24,False,b2f98da1f2858553,cuadrada,0.49
inaturalist,inat_189472885_331930279.jpg,data/raw/inaturalist\inat_189472885_331930279.jpg,184002,False,1024,684,RGB,108.1,7.85,False,92c7cd2535b69589,horizontal,0.7
inaturalist,inat_190068938_333113479.jpg,data/raw/inaturalist\inat_190068938_333113479.jpg,302254,False,1024,679,RGB,146.2,7.34,False,e73b98d66267cc02,horizontal,0.7
inaturalist,inat_190362112_333687325.jpg,data/raw/inaturalist\inat_190362112_333687325.jpg,347412,False,1024,680,RGB,177.9,5.37,False,92fbc8d06377162c,horizontal,0.7
inaturalist,inat_190412124_333788182.jpg,data/raw/inaturalist\inat_190412124_333788182.jpg,15706845,False,576,1024,P,98.3,2.4,False,ca8780b33bc31df8,vertical,0.59
inaturalist,inat_190431127_333826343.jpg,data/raw/inaturalist\inat_190431127_333826343.jpg,311505,False,1024,768,RGB,126.0,9.67,False,f2ac931f666641c9,horizontal,0.79
inaturalist,inat_190431127_333826430.jpg,data/raw/inaturalist\inat_190431127_333826430.jpg,337767,False,1024,768,RGB,126.5,9.05,False,e2a95a1bbb742913,horizontal,0.79
inaturalist,inat_190441996_333845066.jpg,data/raw/inaturalist\inat_190441996_333845066.jpg,570862,False,1024,683,RGB,103.4,23.92,False,8f9a3165d6f03163,horizontal,0.7
inaturalist,inat_190728161_334419616.jpg,data/raw/inaturalist\inat_190728161_334419616.jpg,143639,False,690,502,RGB,143.1,8.52,False,b312decc706786b1,horizontal,0.35
inaturalist,inat_191714320_336389367.jpg,data/raw/inaturalist\inat_191714320_336389367.jpg,861285,False,1024,701,RGB,145.5,6.38,False,f69448f919e8a179,horizontal,0.72
inaturalist,inat_191973998_336910211.jpg,data/raw/inaturalist\inat_191973998_336910211.jpg,802043,False,753,1024,RGB,109.6,24.13,False,9ca760dc0ffc1a07,vertical,0.77
inaturalist,inat_192459874_337861721.jpg,data/raw/inaturalist\inat_192459874_337861721.jpg,314269,False,1024,683,RGB,100.8,12.1,False,b2d298ccabb72447,horizontal,0.7
inaturalist,inat_192796457_338534146.jpg,data/raw/inaturalist\inat_192796457_338534146.jpg,553345,False,461,1024,RGB,86.9,8.68,False,99d64f5d2123929d,vertical,0.47
inaturalist,inat_19338027_29733306.jpg,data/raw/inaturalist\inat_19338027_29733306.jpg,267834,False,1024,768,RGB,62.4,16.37,False,f9e08024cb9ae5f9,horizontal,0.79
inaturalist,inat_193563889_340040527.jpg,data/raw/inaturalist\inat_193563889_340040527.jpg,412273,False,1024,768,RGB,124.5,11.13,False,ec6ac0c9d8ce0f99,horizontal,0.79
inaturalist,inat_193563889_340040541.jpg,data/raw/inaturalist\inat_193563889_340040541.jpg,405924,False,768,1024,RGB,78.5,10.98,False,b02f1ec2a479d25e,vertical,0.79
inaturalist,inat_193563889_340040550.jpg,data/raw/inaturalist\inat_193563889_340040550.jpg,423263,False,1024,768,RGB,104.8,18.61,False,e36190110b9fb3f9,horizontal,0.79
inaturalist,inat_193563889_340040562.jpg,data/raw/inaturalist\inat_193563889_340040562.jpg,314611,False,1024,768,RGB,99.5,14.29,False,e36190036db4f0f7,horizontal,0.79
inaturalist,inat_193563889_340040573.jpg,data/raw/inaturalist\inat_193563889_340040573.jpg,447380,False,1024,768,RGB,118.8,11.44,False,c6c0cdde8c8bda49,horizontal,0.79
inaturalist,inat_193563889_340040584.jpg,data/raw/inaturalist\inat_193563889_340040584.jpg,445007,False,1024,768,RGB,100.6,18.49,False,ae7bd5886cb0d485,horizontal,0.79
inaturalist,inat_193563889_340040592.jpg,data/raw/inaturalist\inat_193563889_340040592.jpg,419577,False,1024,768,RGB,67.7,9.62,False,bf7cfb0dba00c0a1,horizontal,0.79
inaturalist,inat_193914030_340720234.jpg,data/raw/inaturalist\inat_193914030_340720234.jpg,452268,False,769,1024,RGB,77.9,10.71,False,c0c31f3e6a512d75,vertical,0.79
inaturalist,inat_193918842_340730727.jpg,data/raw/inaturalist\inat_193918842_340730727.jpg,301332,False,473,1024,RGB,107.4,15.39,False,d52e0add38f055a5,vertical,0.48
inaturalist,inat_193988354_340871805.jpg,data/raw/inaturalist\inat_193988354_340871805.jpg,46867,False,381,288,RGB,110.5,8.61,False,e54189d3369ccc67,horizontal,0.11
inaturalist,inat_193988354_340871808.jpg,data/raw/inaturalist\inat_193988354_340871808.jpg,341825,False,1024,801,RGB,144.4,8.99,False,f035975f0adb28c1,horizontal,0.82
inaturalist,inat_193988354_340871817.jpg,data/raw/inaturalist\inat_193988354_340871817.jpg,439287,False,1024,757,RGB,140.9,8.73,False,83728fc427c46d9d,horizontal,0.78
inaturalist,inat_193988354_340871846.jpg,data/raw/inaturalist\inat_193988354_340871846.jpg,275908,False,1024,768,RGB,130.2,7.11,False,c7cee2b0b86184de,horizontal,0.79
inaturalist,inat_194128475_341150290.jpg,data/raw/inaturalist\inat_194128475_341150290.jpg,658048,False,1024,683,RGB,96.7,6.81,False,c67f026969d13e38,horizontal,0.7
inaturalist,inat_194197261_341291670.jpg,data/raw/inaturalist\inat_194197261_341291670.jpg,168711,False,1024,683,RGB,87.5,5.33,False,8707197dfc3630ac,horizontal,0.7
inaturalist,inat_194197261_341291687.jpg,data/raw/inaturalist\inat_194197261_341291687.jpg,186476,False,1024,683,RGB,86.9,5.73,False,912a5c7ebb44cc69,horizontal,0.7
inaturalist,inat_194934340_342795704.jpg,data/raw/inaturalist\inat_194934340_342795704.jpg,512429,False,1024,683,RGB,85.7,19.52,False,ed12949894cb9d6e,horizontal,0.7
inaturalist,inat_194934340_342795782.jpg,data/raw/inaturalist\inat_194934340_342795782.jpg,685673,False,1024,683,RGB,125.2,17.83,False,a9b6924a614ce5ee,horizontal,0.7
inaturalist,inat_194934340_342795811.jpg,data/raw/inaturalist\inat_194934340_342795811.jpg,563955,False,1024,683,RGB,74.3,15.62,False,8d4df76ad960ca44,horizontal,0.7
inaturalist,inat_194934340_342795855.jpg,data/raw/inaturalist\inat_194934340_342795855.jpg,583085,False,1024,683,RGB,127.0,30.87,False,b691189b63b85b8e,horizontal,0.7
inaturalist,inat_194934340_342795909.jpg,data/raw/inaturalist\inat_194934340_342795909.jpg,801613,False,1024,683,RGB,125.6,22.3,False,b3449879add26b4a,horizontal,0.7
inaturalist,inat_194934340_342795938.jpg,data/raw/inaturalist\inat_194934340_342795938.jpg,660786,False,1024,683,RGB,129.7,23.79,False,aee796073bc4e062,horizontal,0.7
inaturalist,inat_194934340_342796026.jpg,data/raw/inaturalist\inat_194934340_342796026.jpg,545326,False,1024,683,RGB,90.5,27.82,False,b30cc551ad7bd30a,horizontal,0.7
inaturalist,inat_195010630_342953781.jpg,data/raw/inaturalist\inat_195010630_342953781.jpg,455170,False,768,1024,RGB,98.6,12.13,False,ac220cf347915bdd,vertical,0.79
inaturalist,inat_195012477_342957659.jpg,data/raw/inaturalist\inat_195012477_342957659.jpg,161991,False,1024,683,RGB,30.2,6.7,False,c1e13c2e70d9e7c8,horizontal,0.7
inaturalist,inat_195017238_342967437.jpg,data/raw/inaturalist\inat_195017238_342967437.jpg,503939,False,768,1024,RGB,118.6,13.92,False,be99c0a51b22f72a,vertical,0.79
inaturalist,inat_195559045_344072676.jpg,data/raw/inaturalist\inat_195559045_344072676.jpg,261388,False,1024,682,RGB,142.4,9.79,False,e21899a477dac479,horizontal,0.7
inaturalist,inat_195559045_344074298.jpg,data/raw/inaturalist\inat_195559045_344074298.jpg,208391,False,1024,682,RGB,149.9,9.31,False,be9a99f86584c8e2,horizontal,0.7
inaturalist,inat_195579802_344114384.jpg,data/raw/inaturalist\inat_195579802_344114384.jpg,514912,False,1024,461,RGB,109.9,13.25,False,bb788ca2c3996c78,horizontal,0.47
inaturalist,inat_195579802_344114399.jpg,data/raw/inaturalist\inat_195579802_344114399.jpg,508335,False,1024,461,RGB,107.7,12.82,False,be798ca6c3996438,horizontal,0.47
inaturalist,inat_195579802_344114414.jpg,data/raw/inaturalist\inat_195579802_344114414.jpg,430513,False,1024,461,RGB,124.0,11.43,False,816f79c183b0e2cf,horizontal,0.47
inaturalist,inat_195579802_344114436.jpg,data/raw/inaturalist\inat_195579802_344114436.jpg,464025,False,1024,461,RGB,105.2,11.86,False,9c70c6bca14df136,horizontal,0.47
inaturalist,inat_195817525_344593084.jpg,data/raw/inaturalist\inat_195817525_344593084.jpg,224993,False,1024,768,RGB,76.2,4.91,False,a7a88d2d27758ea8,horizontal,0.79
inaturalist,inat_195817525_344593087.jpg,data/raw/inaturalist\inat_195817525_344593087.jpg,248084,False,1000,750,RGB,90.4,16.99,False,e39309a63e6b8c4d,horizontal,0.75
inaturalist,inat_19606548_30185734.jpg,data/raw/inaturalist\inat_19606548_30185734.jpg,407424,False,963,1024,RGB,105.3,20.62,False,e35fd9659291e604,vertical,0.99
inaturalist,inat_19606548_30185737.jpg,data/raw/inaturalist\inat_19606548_30185737.jpg,351029,False,1024,967,RGB,78.8,14.83,False,ec9cb3a2d28aa4b6,horizontal,0.99
inaturalist,inat_196124797_345208668.jpg,data/raw/inaturalist\inat_196124797_345208668.jpg,246348,False,768,1024,RGB,169.8,21.06,False,89ba0ba145b6a1bf,vertical,0.79
inaturalist,inat_196124797_345208705.jpg,data/raw/inaturalist\inat_196124797_345208705.jpg,310560,False,768,1024,RGB,162.6,15.13,False,c15abc61d4309e3f,vertical,0.79
inaturalist,inat_196124797_345208746.jpg,data/raw/inaturalist\inat_196124797_345208746.jpg,458955,False,768,1024,RGB,130.0,28.83,False,810a29ad5e325f6f,vertical,0.79
inaturalist,inat_19665936_30288426.jpg,data/raw/inaturalist\inat_19665936_30288426.jpg,427350,False,1024,768,RGB,125.9,40.26,False,f06397df40c839b4,horizontal,0.79
inaturalist,inat_196859657_346571726.jpg,data/raw/inaturalist\inat_196859657_346571726.jpg,13397627,False,600,338,P,123.6,13.27,False,c7989997c4c63c9a,horizontal,0.2
inaturalist,inat_196860866_346574052.jpg,data/raw/inaturalist\inat_196860866_346574052.jpg,15850766,False,600,338,P,69.0,13.03,False,9999b137b69833a2,horizontal,0.2
inaturalist,inat_196917960_346688999.jpg,data/raw/inaturalist\inat_196917960_346688999.jpg,13467377,False,600,338,P,98.2,18.74,False,b5b8cb95b085e8d1,horizontal,0.2
inaturalist,inat_196918298_346691190.jpg,data/raw/inaturalist\inat_196918298_346691190.jpg,16706122,False,600,338,P,87.4,12.75,False,96965ad969969692,horizontal,0.2
inaturalist,inat_197070185_347000902.jpg,data/raw/inaturalist\inat_197070185_347000902.jpg,7326193,False,600,338,P,223.4,2.45,False,a8cbc03fc9e6cc15,horizontal,0.2
inaturalist,inat_197070875_347002485.jpg,data/raw/inaturalist\inat_197070875_347002485.jpg,10587566,False,600,338,P,216.1,2.83,False,cafaf01f01708b57,horizontal,0.2
inaturalist,inat_197071131_347003626.jpg,data/raw/inaturalist\inat_197071131_347003626.jpg,21587788,False,690,388,P,83.6,22.23,False,a55b85b5b0d27985,horizontal,0.27
inaturalist,inat_197223589_347309107.jpg,data/raw/inaturalist\inat_197223589_347309107.jpg,356287,False,768,1024,RGB,147.1,11.73,False,e11a2a29c5b2ad9f,vertical,0.79
inaturalist,inat_197231536_347322704.jpg,data/raw/inaturalist\inat_197231536_347322704.jpg,173989,False,853,853,RGB,147.1,7.91,False,b0decd1c6b21d8a3,cuadrada,0.73
inaturalist,inat_197231536_347322731.jpg,data/raw/inaturalist\inat_197231536_347322731.jpg,208642,False,1024,768,RGB,131.2,4.56,False,bbb24e993263d28c,horizontal,0.79
inaturalist,inat_197402719_347670771.jpg,data/raw/inaturalist\inat_197402719_347670771.jpg,5149922,False,600,338,P,129.6,2.78,False,ecdad324d826933c,horizontal,0.2
inaturalist,inat_197402920_347671298.jpg,data/raw/inaturalist\inat_197402920_347671298.jpg,11202154,False,600,338,P,120.2,2.87,False,a8c8df31e127c23d,horizontal,0.2
inaturalist,inat_197499498_347866473.jpg,data/raw/inaturalist\inat_197499498_347866473.jpg,278300,False,768,1024,RGB,156.7,20.01,False,f2c25b4d53e3c318,vertical,0.79
inaturalist,inat_197499498_347866482.jpg,data/raw/inaturalist\inat_197499498_347866482.jpg,264360,False,768,1024,RGB,149.2,16.71,False,f7c94c60f3e20e2c,vertical,0.79
inaturalist,inat_197839918_348550665.jpg,data/raw/inaturalist\inat_197839918_348550665.jpg,385403,False,768,1024,RGB,122.7,14.69,False,83aa9be4d7c4d095,vertical,0.79
inaturalist,inat_197839918_348550682.jpg,data/raw/inaturalist\inat_197839918_348550682.jpg,298320,False,747,1024,RGB,117.6,5.62,False,f00dd07056d8ec7b,vertical,0.76
inaturalist,inat_197839918_351831058.jpg,data/raw/inaturalist\inat_197839918_351831058.jpg,538847,False,1024,683,RGB,114.3,3.39,False,9395554cb7584df0,horizontal,0.7
inaturalist,inat_197839918_351831068.jpg,data/raw/inaturalist\inat_197839918_351831068.jpg,169743,False,681,1022,RGB,117.2,4.6,False,e29184cef5b628e9,vertical,0.7
inaturalist,inat_198577276_350030978.jpg,data/raw/inaturalist\inat_198577276_350030978.jpg,445019,False,1024,768,RGB,141.3,42.72,False,e627991b26669999,horizontal,0.79
inaturalist,inat_198695778_350264124.jpg,data/raw/inaturalist\inat_198695778_350264124.jpg,655085,False,1024,768,RGB,146.5,35.78,False,b8c6cf33388ce037,horizontal,0.79
inaturalist,inat_19930100_30745666.jpg,data/raw/inaturalist\inat_19930100_30745666.jpg,107839,False,587,391,RGB,123.3,24.84,False,f3e1c661b311a58b,horizontal,0.23
inaturalist,inat_199368482_351583542.jpg,data/raw/inaturalist\inat_199368482_351583542.jpg,532562,False,769,1024,RGB,95.8,11.87,False,9c3d1c46f382e719,vertical,0.79
inaturalist,inat_199368552_351584124.jpg,data/raw/inaturalist\inat_199368552_351584124.jpg,557287,False,772,1024,RGB,91.9,14.12,False,f3f9cc7ecca03022,vertical,0.79
inaturalist,inat_19947593_30777867.jpg,data/raw/inaturalist\inat_19947593_30777867.jpg,367391,False,632,1024,RGB,110.7,10.15,False,eb73042c3ed8f071,vertical,0.65
inaturalist,inat_199573459_351971525.jpg,data/raw/inaturalist\inat_199573459_351971525.jpg,464327,False,817,545,RGB,105.1,5.66,False,feb169d03af05c18,horizontal,0.45
inaturalist,inat_199573459_351971596.jpg,data/raw/inaturalist\inat_199573459_351971596.jpg,827708,False,1024,682,RGB,102.5,4.23,False,c3d6a914b54f91c6,horizontal,0.7
inaturalist,inat_199573459_351971600.jpg,data/raw/inaturalist\inat_199573459_351971600.jpg,935879,False,1024,682,RGB,107.4,5.73,False,da652391ec4e9936,horizontal,0.7
inaturalist,inat_199917176_353534243.jpg,data/raw/inaturalist\inat_199917176_353534243.jpg,758772,False,576,1024,RGB,136.0,12.61,False,aa3297b76acb8434,vertical,0.59
inaturalist,inat_200322984_353408850.jpg,data/raw/inaturalist\inat_200322984_353408850.jpg,463856,False,1024,576,RGB,112.6,8.15,False,b2b8cdc03b426f66,horizontal,0.59
inaturalist,inat_200467208_353685101.jpg,data/raw/inaturalist\inat_200467208_353685101.jpg,371697,False,768,1024,RGB,115.7,14.18,False,80ccaf174a8ebe5a,vertical,0.79
inaturalist,inat_201164936_355055168.jpg,data/raw/inaturalist\inat_201164936_355055168.jpg,481999,False,1024,819,RGB,98.3,14.91,False,a2464d7937a69c8d,horizontal,0.84
inaturalist,inat_201164936_355055203.jpg,data/raw/inaturalist\inat_201164936_355055203.jpg,590839,False,1024,683,RGB,91.2,10.83,False,956a6a8b9b8f4869,horizontal,0.7
inaturalist,inat_20131658_31047441.jpg,data/raw/inaturalist\inat_20131658_31047441.jpg,362239,False,1024,683,RGB,129.7,46.71,False,a5ce8831c533da67,horizontal,0.7
inaturalist,inat_202007115_356690340.jpg,data/raw/inaturalist\inat_202007115_356690340.jpg,748535,False,1024,683,RGB,131.0,14.23,False,b6040dc674dbc99b,horizontal,0.7
inaturalist,inat_202169168_357006903.jpg,data/raw/inaturalist\inat_202169168_357006903.jpg,8712671,False,600,338,P,117.7,2.66,False,c141d73ea8709d37,horizontal,0.2
inaturalist,inat_202169436_357007614.jpg,data/raw/inaturalist\inat_202169436_357007614.jpg,10255540,False,600,338,P,114.6,16.75,False,9125da1be45aad35,horizontal,0.2
inaturalist,inat_202169795_357008330.jpg,data/raw/inaturalist\inat_202169795_357008330.jpg,8722224,False,600,338,P,118.7,2.76,False,f1d1f21e8962dc26,horizontal,0.2
inaturalist,inat_202170016_357008799.jpg,data/raw/inaturalist\inat_202170016_357008799.jpg,9330472,False,600,338,P,103.9,2.76,False,f1d1931e8c629937,horizontal,0.2
inaturalist,inat_202170207_357009170.jpg,data/raw/inaturalist\inat_202170207_357009170.jpg,8733158,False,600,338,P,121.0,3.01,False,c141f73ef8409d36,horizontal,0.2
inaturalist,inat_20237971_31234275.jpg,data/raw/inaturalist\inat_20237971_31234275.jpg,328230,False,1024,576,RGB,58.8,10.04,False,c433c09d33c71e3d,horizontal,0.59
inaturalist,inat_20237971_31234280.jpg,data/raw/inaturalist\inat_20237971_31234280.jpg,300115,False,1024,576,RGB,55.9,12.26,False,c03f93cc37618c3d,horizontal,0.59
inaturalist,inat_20237971_79034741.jpg,data/raw/inaturalist\inat_20237971_79034741.jpg,145902,False,730,556,RGB,90.8,17.19,False,c8db3c9da9c6c823,horizontal,0.41
inaturalist,inat_20237971_79034742.jpg,data/raw/inaturalist\inat_20237971_79034742.jpg,165798,False,746,581,RGB,81.0,18.89,False,c613d98439e3cc3e,horizontal,0.43
inaturalist,inat_20237971_79034743.jpg,data/raw/inaturalist\inat_20237971_79034743.jpg,152960,False,726,556,RGB,81.6,19.37,False,c622d8cc3b73cc2e,horizontal,0.4
inaturalist,inat_20237971_79034744.jpg,data/raw/inaturalist\inat_20237971_79034744.jpg,64814,False,493,387,RGB,84.6,18.47,False,b36c8cb943adb00f,horizontal,0.19
inaturalist,inat_20237971_79034745.jpg,data/raw/inaturalist\inat_20237971_79034745.jpg,168334,False,713,543,RGB,84.0,19.55,False,c622d88d3be38cba,horizontal,0.39
inaturalist,inat_20237971_79034746.jpg,data/raw/inaturalist\inat_20237971_79034746.jpg,266766,False,888,625,RGB,89.9,21.77,False,d63683d93e679830,horizontal,0.56
inaturalist,inat_202554131_357751054.jpg,data/raw/inaturalist\inat_202554131_357751054.jpg,388540,False,1024,576,RGB,99.7,11.74,False,ec69c70eba1e3131,horizontal,0.59
inaturalist,inat_202554131_357751069.jpg,data/raw/inaturalist\inat_202554131_357751069.jpg,381226,False,1024,577,RGB,108.7,11.22,False,bf61cc1ca698949e,horizontal,0.59
inaturalist,inat_202554131_357751075.jpg,data/raw/inaturalist\inat_202554131_357751075.jpg,381971,False,1024,576,RGB,112.2,12.02,False,b042cb1edb796531,horizontal,0.59
inaturalist,inat_202554131_357751175.jpg,data/raw/inaturalist\inat_202554131_357751175.jpg,388280,False,1024,577,RGB,123.6,12.19,False,bf60c61ef10e7b08,horizontal,0.59
inaturalist,inat_202554131_357751179.jpg,data/raw/inaturalist\inat_202554131_357751179.jpg,379994,False,1024,576,RGB,104.3,12.01,False,bf67ca134259c81d,horizontal,0.59
inaturalist,inat_202554131_357751191.jpg,data/raw/inaturalist\inat_202554131_357751191.jpg,395988,False,1024,576,RGB,108.9,10.15,False,bf60ce18f258d349,horizontal,0.59
inaturalist,inat_20264187_31278908.jpg,data/raw/inaturalist\inat_20264187_31278908.jpg,535499,False,1024,768,RGB,137.6,20.56,False,80d8f78360743fbc,horizontal,0.79
inaturalist,inat_20264187_31278915.jpg,data/raw/inaturalist\inat_20264187_31278915.jpg,523333,False,1024,768,RGB,121.4,26.01,False,c93c0906367ff0e9,horizontal,0.79
inaturalist,inat_202957609_358520878.jpg,data/raw/inaturalist\inat_202957609_358520878.jpg,292417,False,1016,969,RGB,149.5,8.4,False,eb478ce0b09fa5e0,horizontal,0.98
inaturalist,inat_204503138_361482848.jpg,data/raw/inaturalist\inat_204503138_361482848.jpg,484453,False,1024,946,RGB,105.9,10.96,False,f2988c462fb32ce5,horizontal,0.97
inaturalist,inat_204503138_361482859.jpg,data/raw/inaturalist\inat_204503138_361482859.jpg,436535,False,1024,822,RGB,107.5,11.0,False,f2939c44767b2784,horizontal,0.84
inaturalist,inat_204503138_361482862.jpg,data/raw/inaturalist\inat_204503138_361482862.jpg,414080,False,1024,793,RGB,105.4,10.64,False,f3988e663b2d31c2,horizontal,0.81
inaturalist,inat_204503138_361482873.jpg,data/raw/inaturalist\inat_204503138_361482873.jpg,473052,False,1009,1024,RGB,98.8,10.69,False,f39dcd67120830d7,vertical,1.03
inaturalist,inat_204503138_361482881.jpg,data/raw/inaturalist\inat_204503138_361482881.jpg,482477,False,1024,946,RGB,106.9,11.21,False,f29d8dc7134c30d3,horizontal,0.97
inaturalist,inat_204503138_361482888.jpg,data/raw/inaturalist\inat_204503138_361482888.jpg,443712,False,1024,887,RGB,111.5,11.81,False,f71e8de3724a08d8,horizontal,0.91
inaturalist,inat_204503138_361482889.jpg,data/raw/inaturalist\inat_204503138_361482889.jpg,471701,False,1024,922,RGB,111.8,11.46,False,f79c89c3322e30d9,horizontal,0.94
inaturalist,inat_204503138_361482910.jpg,data/raw/inaturalist\inat_204503138_361482910.jpg,443134,False,1024,776,RGB,103.6,11.5,False,f7d89c6626931926,horizontal,0.79
inaturalist,inat_206147476_364568429.jpg,data/raw/inaturalist\inat_206147476_364568429.jpg,293535,False,1024,683,RGB,105.5,9.14,False,8b3cc6143aa6d3f4,horizontal,0.7
inaturalist,inat_206517028_365259213.jpg,data/raw/inaturalist\inat_206517028_365259213.jpg,344976,False,1024,820,RGB,84.9,10.21,False,f441874c96ea966d,horizontal,0.84
inaturalist,inat_206517028_365259239.jpg,data/raw/inaturalist\inat_206517028_365259239.jpg,413634,False,1024,819,RGB,101.1,13.38,False,e143bddac3a84b23,horizontal,0.84
inaturalist,inat_206517028_365259261.jpg,data/raw/inaturalist\inat_206517028_365259261.jpg,440893,False,1024,820,RGB,91.4,11.54,False,b44a854c58b5ef96,horizontal,0.84
inaturalist,inat_206517028_365259283.jpg,data/raw/inaturalist\inat_206517028_365259283.jpg,348815,False,1024,820,RGB,84.2,10.81,False,a142874b937b5ab5,horizontal,0.84
inaturalist,inat_207852911_367698207.jpg,data/raw/inaturalist\inat_207852911_367698207.jpg,313824,False,1024,768,RGB,162.7,13.47,False,a42b5998f2aad5d8,horizontal,0.79
inaturalist,inat_207852911_367698225.jpg,data/raw/inaturalist\inat_207852911_367698225.jpg,313172,False,1024,768,RGB,165.4,13.58,False,b023509d7aaed5d8,horizontal,0.79
inaturalist,inat_207852911_367698244.jpg,data/raw/inaturalist\inat_207852911_367698244.jpg,302294,False,1024,768,RGB,169.8,13.38,False,a6be459d6c66282e,horizontal,0.79
inaturalist,inat_20865121_32191353.jpg,data/raw/inaturalist\inat_20865121_32191353.jpg,380274,False,800,600,RGB,127.8,15.26,False,85a38f30bc9f3385,horizontal,0.48
inaturalist,inat_20865121_32191358.jpg,data/raw/inaturalist\inat_20865121_32191358.jpg,387935,False,800,600,RGB,126.1,10.84,False,f051012e3f7d78b2,horizontal,0.48
inaturalist,inat_209124147_370061828.jpg,data/raw/inaturalist\inat_209124147_370061828.jpg,371702,False,1024,768,RGB,127.4,11.23,False,e1179e614ffc9610,horizontal,0.79
inaturalist,inat_209124147_370061830.jpg,data/raw/inaturalist\inat_209124147_370061830.jpg,260955,False,1024,768,RGB,126.2,11.34,False,a65b5b24b36d9c11,horizontal,0.79
inaturalist,inat_209124147_370061834.jpg,data/raw/inaturalist\inat_209124147_370061834.jpg,318629,False,1024,768,RGB,103.7,11.83,False,ab66591f9e944970,horizontal,0.79
inaturalist,inat_209137859_370086414.jpg,data/raw/inaturalist\inat_209137859_370086414.jpg,3826127,False,600,338,P,135.0,19.23,False,e3e3d98867806d87,horizontal,0.2
inaturalist,inat_20996686_32428324.jpg,data/raw/inaturalist\inat_20996686_32428324.jpg,527329,False,768,1024,RGB,123.1,4.23,False,d63b39af63b46030,vertical,0.79
inaturalist,inat_212924159_376275299.jpg,data/raw/inaturalist\inat_212924159_376275299.jpg,40387,False,204,360,RGB,133.1,11.54,False,eb2830162bf8975e,vertical,0.07
inaturalist,inat_212924159_376275301.jpg,data/raw/inaturalist\inat_212924159_376275301.jpg,39949,False,204,360,RGB,135.8,16.02,False,841f8d1a6ff328a5,vertical,0.07
inaturalist,inat_212924159_376275303.jpg,data/raw/inaturalist\inat_212924159_376275303.jpg,46240,False,360,360,RGB,115.2,14.73,False,cb49cea43306d5c7,cuadrada,0.13
inaturalist,inat_212924492_376275897.jpg,data/raw/inaturalist\inat_212924492_376275897.jpg,117699,False,1024,699,RGB,138.9,32.21,False,bd9cc2216ee4199e,horizontal,0.72
inaturalist,inat_214259825_378698589.jpg,data/raw/inaturalist\inat_214259825_378698589.jpg,706661,False,1024,750,RGB,138.4,11.03,False,a28decf13326d558,horizontal,0.77
inaturalist,inat_21451094_33189381.jpg,data/raw/inaturalist\inat_21451094_33189381.jpg,241602,False,1024,768,RGB,153.5,5.37,False,d25fb824b886e666,horizontal,0.79
inaturalist,inat_217136302_384088043.jpg,data/raw/inaturalist\inat_217136302_384088043.jpg,94068,False,472,490,RGB,81.3,30.16,False,db9208b5352c6dd5,vertical,0.23
inaturalist,inat_217731423_385212806.jpg,data/raw/inaturalist\inat_217731423_385212806.jpg,90893,False,768,1024,RGB,119.3,9.85,False,eb31891d1c26e0fd,vertical,0.79
inaturalist,inat_219866404_389205473.jpg,data/raw/inaturalist\inat_219866404_389205473.jpg,311971,False,1024,768,RGB,145.2,4.41,False,e4329b45461a3e7e,horizontal,0.79
inaturalist,inat_221440172_392151884.jpg,data/raw/inaturalist\inat_221440172_392151884.jpg,281329,False,1024,683,RGB,155.9,14.07,False,a7e4998b66989965,horizontal,0.7
inaturalist,inat_222117969_393419145.jpg,data/raw/inaturalist\inat_222117969_393419145.jpg,432718,False,768,1024,RGB,112.3,19.51,False,cb3a55f934e22a4c,vertical,0.79
inaturalist,inat_222117969_393419250.jpg,data/raw/inaturalist\inat_222117969_393419250.jpg,420525,False,768,1024,RGB,126.8,13.33,False,fec2a0af5b08a794,vertical,0.79
inaturalist,inat_22276563_34497962.jpg,data/raw/inaturalist\inat_22276563_34497962.jpg,805459,False,1024,926,RGB,165.0,7.06,False,bb9a4c9e61298d2e,horizontal,0.95
inaturalist,inat_222900651_394888153.jpg,data/raw/inaturalist\inat_222900651_394888153.jpg,349626,False,1024,768,RGB,148.9,7.6,False,83c61c3973ce8d36,horizontal,0.79
inaturalist,inat_224335919_397594433.jpg,data/raw/inaturalist\inat_224335919_397594433.jpg,293439,False,1024,683,RGB,153.4,6.47,False,b9836c95d31d8ccc,horizontal,0.7
inaturalist,inat_224750818_398377940.jpg,data/raw/inaturalist\inat_224750818_398377940.jpg,1065293,False,1024,683,RGB,132.0,14.73,False,bb0df41a1496d46d,horizontal,0.7
inaturalist,inat_224750911_398378148.jpg,data/raw/inaturalist\inat_224750911_398378148.jpg,1024279,False,1024,583,RGB,130.9,10.97,False,d85a5e83d2765271,horizontal,0.6
inaturalist,inat_224913815_398689035.jpg,data/raw/inaturalist\inat_224913815_398689035.jpg,722613,False,1024,683,RGB,140.4,38.99,False,b0dbce24ecc86173,horizontal,0.7
inaturalist,inat_224913815_398689040.jpg,data/raw/inaturalist\inat_224913815_398689040.jpg,722613,False,1024,683,RGB,140.4,38.99,False,b0dbce24ecc86173,horizontal,0.7
inaturalist,inat_225136894_399120893.jpg,data/raw/inaturalist\inat_225136894_399120893.jpg,435499,False,1024,768,RGB,99.2,7.0,False,bea7c84a45cc55a5,horizontal,0.79
inaturalist,inat_225244788_399332516.jpg,data/raw/inaturalist\inat_225244788_399332516.jpg,304723,False,1024,768,RGB,128.1,16.64,False,9fc0b76c58d4b42c,horizontal,0.79
inaturalist,inat_225244788_399332533.jpg,data/raw/inaturalist\inat_225244788_399332533.jpg,333607,False,1024,768,RGB,102.5,9.46,False,87dbbc13a6358558,horizontal,0.79
inaturalist,inat_227153601_402937708.jpg,data/raw/inaturalist\inat_227153601_402937708.jpg,9220148,False,600,338,P,108.3,23.35,False,b424c5d7ce59891b,horizontal,0.2
inaturalist,inat_227170497_402966695.jpg,data/raw/inaturalist\inat_227170497_402966695.jpg,707584,False,1024,683,RGB,110.8,9.54,False,ca908da1468ff7ca,horizontal,0.7
inaturalist,inat_227170497_402966699.jpg,data/raw/inaturalist\inat_227170497_402966699.jpg,729340,False,1024,683,RGB,111.4,8.86,False,ca908cb5638c95ef,horizontal,0.7
inaturalist,inat_227170507_402966961.jpg,data/raw/inaturalist\inat_227170507_402966961.jpg,377196,False,1024,683,RGB,121.4,11.83,False,eb14ce9b643be424,horizontal,0.7
inaturalist,inat_227170507_402966966.jpg,data/raw/inaturalist\inat_227170507_402966966.jpg,370650,False,1024,683,RGB,117.7,11.03,False,ea11b56b925990db,horizontal,0.7
inaturalist,inat_227614574_404251753.jpg,data/raw/inaturalist\inat_227614574_404251753.jpg,221171,False,790,785,RGB,178.4,12.38,False,e8d1872af2346f49,horizontal,0.62
inaturalist,inat_227661482_403900397.jpg,data/raw/inaturalist\inat_227661482_403900397.jpg,484128,False,1024,683,RGB,118.2,12.2,False,87ed49f29d1c86d0,horizontal,0.7
inaturalist,inat_227661482_403900511.jpg,data/raw/inaturalist\inat_227661482_403900511.jpg,509167,False,1024,683,RGB,125.8,12.98,False,846c5b5b64e2727c,horizontal,0.7
inaturalist,inat_227661482_403900512.jpg,data/raw/inaturalist\inat_227661482_403900512.jpg,487058,False,1024,683,RGB,123.9,12.69,False,86e949e6b39d8c85,horizontal,0.7
inaturalist,inat_227661482_403900562.jpg,data/raw/inaturalist\inat_227661482_403900562.jpg,534881,False,1024,683,RGB,125.3,17.25,False,91ef460371788fe1,horizontal,0.7
inaturalist,inat_227661482_403900563.jpg,data/raw/inaturalist\inat_227661482_403900563.jpg,462199,False,1024,683,RGB,124.2,14.07,False,90cf4b31788f3695,horizontal,0.7
inaturalist,inat_227661482_403900589.jpg,data/raw/inaturalist\inat_227661482_403900589.jpg,404978,False,1024,683,RGB,139.0,10.86,False,96e10976348bdeb8,horizontal,0.7
inaturalist,inat_227661482_403900591.jpg,data/raw/inaturalist\inat_227661482_403900591.jpg,391957,False,1024,683,RGB,122.2,9.61,False,97e10c37b1cbdc30,horizontal,0.7
inaturalist,inat_227661482_403900612.jpg,data/raw/inaturalist\inat_227661482_403900612.jpg,387194,False,1024,683,RGB,121.0,9.58,False,94c7097e268fdc32,horizontal,0.7
inaturalist,inat_227661482_403900616.jpg,data/raw/inaturalist\inat_227661482_403900616.jpg,400923,False,1024,683,RGB,124.8,10.35,False,94e3c95d2623cd99,horizontal,0.7
inaturalist,inat_227661482_403900643.jpg,data/raw/inaturalist\inat_227661482_403900643.jpg,553951,False,1024,683,RGB,116.8,10.68,False,9372cc3f312d58c6,horizontal,0.7
inaturalist,inat_227661482_403900661.jpg,data/raw/inaturalist\inat_227661482_403900661.jpg,553991,False,1024,683,RGB,122.2,10.42,False,b37bcc3f204cd0c3,horizontal,0.7
inaturalist,inat_227661482_403900670.jpg,data/raw/inaturalist\inat_227661482_403900670.jpg,530735,False,1024,683,RGB,122.2,9.67,False,b279cd377248da81,horizontal,0.7
inaturalist,inat_227661482_403900677.jpg,data/raw/inaturalist\inat_227661482_403900677.jpg,512035,False,1024,683,RGB,123.7,9.76,False,b079cd17744adbc0,horizontal,0.7
inaturalist,inat_227661482_403900683.jpg,data/raw/inaturalist\inat_227661482_403900683.jpg,492883,False,1024,683,RGB,118.7,9.33,False,b05fcf1461cbc896,horizontal,0.7
inaturalist,inat_227661482_403900694.jpg,data/raw/inaturalist\inat_227661482_403900694.jpg,482851,False,1024,683,RGB,122.0,9.23,False,a05fca32e1c99b93,horizontal,0.7
inaturalist,inat_227661482_403900700.jpg,data/raw/inaturalist\inat_227661482_403900700.jpg,451574,False,1024,683,RGB,126.8,9.16,False,b04fc932f0c59d9a,horizontal,0.7
inaturalist,inat_227661482_403900711.jpg,data/raw/inaturalist\inat_227661482_403900711.jpg,432922,False,1024,683,RGB,122.1,9.09,False,b04fcd30b3c4983f,horizontal,0.7
inaturalist,inat_227661482_403900713.jpg,data/raw/inaturalist\inat_227661482_403900713.jpg,416536,False,1024,683,RGB,116.8,9.02,False,b449cd3234f49b8d,horizontal,0.7
inaturalist,inat_227661482_403900722.jpg,data/raw/inaturalist\inat_227661482_403900722.jpg,388001,False,1024,683,RGB,127.9,8.54,False,b24fcd3230d9cf06,horizontal,0.7
inaturalist,inat_227661482_403900738.jpg,data/raw/inaturalist\inat_227661482_403900738.jpg,349902,False,1024,683,RGB,131.8,8.18,False,b24bcd30b1cbe326,horizontal,0.7
inaturalist,inat_227792181_404145000.jpg,data/raw/inaturalist\inat_227792181_404145000.jpg,768077,False,1024,771,RGB,145.3,13.73,False,b62e9c193092daf3,horizontal,0.79
inaturalist,inat_227792181_404145081.jpg,data/raw/inaturalist\inat_227792181_404145081.jpg,758893,False,1024,771,RGB,135.8,14.1,False,ee5893323636e329,horizontal,0.79
inaturalist,inat_228124855_404780754.jpg,data/raw/inaturalist\inat_228124855_404780754.jpg,284294,False,928,1024,RGB,166.7,11.79,False,f177ccda3324cd20,vertical,0.95
inaturalist,inat_229584992_407539493.jpg,data/raw/inaturalist\inat_229584992_407539493.jpg,482787,False,1024,683,RGB,155.4,5.24,False,d9f0ebf08186988f,horizontal,0.7
inaturalist,inat_229584992_407541356.jpg,data/raw/inaturalist\inat_229584992_407541356.jpg,291224,False,961,1010,RGB,140.4,6.45,False,8eccd82d17dac925,vertical,0.97
inaturalist,inat_229987413_408306771.jpg,data/raw/inaturalist\inat_229987413_408306771.jpg,853432,False,1024,627,RGB,154.7,23.86,False,82565ab874b58bce,horizontal,0.64
inaturalist,inat_233817249_415575053.jpg,data/raw/inaturalist\inat_233817249_415575053.jpg,257773,False,1024,768,RGB,152.3,6.51,False,81627ae43d257dc3,horizontal,0.79
inaturalist,inat_233817249_415575091.jpg,data/raw/inaturalist\inat_233817249_415575091.jpg,227498,False,1024,768,RGB,173.8,6.65,False,a678d9b226c5895b,horizontal,0.79
inaturalist,inat_235332563_418509011.jpg,data/raw/inaturalist\inat_235332563_418509011.jpg,253324,False,1024,683,RGB,129.1,4.73,False,f81b673c188798f2,horizontal,0.7
inaturalist,inat_235332563_418509019.jpg,data/raw/inaturalist\inat_235332563_418509019.jpg,253446,False,1024,683,RGB,130.4,4.75,False,f81b671c9087d8e3,horizontal,0.7
inaturalist,inat_235332563_418509059.jpg,data/raw/inaturalist\inat_235332563_418509059.jpg,296649,False,1024,683,RGB,132.7,4.91,False,c2e5b6d8b3413c53,horizontal,0.7
inaturalist,inat_235344362_418531097.jpg,data/raw/inaturalist\inat_235344362_418531097.jpg,319545,False,924,1024,RGB,123.0,11.36,False,b2554d38321bcbe6,vertical,0.95
inaturalist,inat_235344362_418531797.jpg,data/raw/inaturalist\inat_235344362_418531797.jpg,368302,False,1024,942,RGB,125.7,11.34,False,e6724925267e998d,horizontal,0.96
inaturalist,inat_235345232_418532824.jpg,data/raw/inaturalist\inat_235345232_418532824.jpg,423624,False,576,1024,RGB,125.9,16.39,False,87d39836cf0c25e3,vertical,0.59
inaturalist,inat_235345232_418532869.jpg,data/raw/inaturalist\inat_235345232_418532869.jpg,433813,False,576,1024,RGB,118.7,22.73,False,addc9693788d5243,vertical,0.59
inaturalist,inat_235345232_418532916.jpg,data/raw/inaturalist\inat_235345232_418532916.jpg,425549,False,576,1024,RGB,125.3,16.11,False,86d3b924df182de2,vertical,0.59
inaturalist,inat_235345232_418532974.jpg,data/raw/inaturalist\inat_235345232_418532974.jpg,428429,False,576,1024,RGB,125.5,16.21,False,86d7f924de182d62,vertical,0.59
inaturalist,inat_235464964_418766399.jpg,data/raw/inaturalist\inat_235464964_418766399.jpg,598677,False,882,1024,RGB,142.9,14.84,False,efd090273ad2499b,vertical,0.9
inaturalist,inat_235464964_418766462.jpg,data/raw/inaturalist\inat_235464964_418766462.jpg,646891,False,889,1024,RGB,142.7,17.97,False,efd090279ad20d9d,vertical,0.91
inaturalist,inat_235464964_418766551.jpg,data/raw/inaturalist\inat_235464964_418766551.jpg,668003,False,930,1024,RGB,150.3,13.84,False,b3cac01b7c61879e,vertical,0.95
inaturalist,inat_235474469_418785425.jpg,data/raw/inaturalist\inat_235474469_418785425.jpg,709465,False,1024,575,RGB,174.9,4.63,False,f2d903d3928d8e8e,horizontal,0.59
inaturalist,inat_237737122_423139281.jpg,data/raw/inaturalist\inat_237737122_423139281.jpg,528847,False,768,1024,RGB,79.1,10.08,False,9c6230d9cdb63b0d,vertical,0.79
inaturalist,inat_237737122_423139316.jpg,data/raw/inaturalist\inat_237737122_423139316.jpg,575657,False,768,1024,RGB,79.2,10.03,False,d85e27b2ce4f3111,vertical,0.79
inaturalist,inat_238343677_424315719.jpg,data/raw/inaturalist\inat_238343677_424315719.jpg,300483,False,1024,683,RGB,150.4,25.76,False,f0059b6662382ddf,horizontal,0.7
inaturalist,inat_238343677_424394175.jpg,data/raw/inaturalist\inat_238343677_424394175.jpg,217506,False,1024,683,RGB,115.5,33.46,False,b4739a0ecd398fc0,horizontal,0.7
inaturalist,inat_238343677_424394390.jpg,data/raw/inaturalist\inat_238343677_424394390.jpg,305018,False,1024,683,RGB,151.8,22.78,False,e11196eec5307bb1,horizontal,0.7
inaturalist,inat_240838303_429114370.jpg,data/raw/inaturalist\inat_240838303_429114370.jpg,749626,False,1024,707,RGB,142.5,21.08,False,b67ad8244cc7cea8,horizontal,0.72
inaturalist,inat_244105568_435390292.jpg,data/raw/inaturalist\inat_244105568_435390292.jpg,535353,False,820,1024,RGB,166.3,18.13,False,e4929b2955f46b32,vertical,0.84
inaturalist,inat_244105568_435390759.jpg,data/raw/inaturalist\inat_244105568_435390759.jpg,612740,False,1024,981,RGB,157.8,15.23,False,e5939e4849f4ec32,horizontal,1.0
inaturalist,inat_244105709_435390868.jpg,data/raw/inaturalist\inat_244105709_435390868.jpg,779169,False,1024,918,RGB,108.1,13.25,False,a9d297dc9970e226,horizontal,0.94
inaturalist,inat_244105709_435391126.jpg,data/raw/inaturalist\inat_244105709_435391126.jpg,943954,False,1024,1000,RGB,85.7,11.56,False,db85e2dca49898b9,horizontal,1.02
inaturalist,inat_24426235_37772628.jpg,data/raw/inaturalist\inat_24426235_37772628.jpg,818820,False,1024,768,RGB,125.9,9.67,False,b3d2ccc67078958b,horizontal,0.79
inaturalist,inat_244962862_437036584.jpg,data/raw/inaturalist\inat_244962862_437036584.jpg,776293,False,1024,685,RGB,107.9,24.77,False,b2c70d38a2cc2ddb,horizontal,0.7
inaturalist,inat_244962862_437036628.jpg,data/raw/inaturalist\inat_244962862_437036628.jpg,835649,False,1024,685,RGB,155.5,28.01,False,e6193962331d177a,horizontal,0.7
inaturalist,inat_244962862_437036679.jpg,data/raw/inaturalist\inat_244962862_437036679.jpg,661446,False,1024,685,RGB,169.9,14.88,False,9942c756c48d792f,horizontal,0.7
inaturalist,inat_244962862_437036709.jpg,data/raw/inaturalist\inat_244962862_437036709.jpg,734596,False,1024,685,RGB,172.0,9.55,False,a61bdb4879e50aa6,horizontal,0.7
inaturalist,inat_244985427_437087319.jpg,data/raw/inaturalist\inat_244985427_437087319.jpg,590714,False,768,1024,RGB,115.9,16.87,False,d9b1b2feb7558001,vertical,0.79
inaturalist,inat_244985427_437087342.jpg,data/raw/inaturalist\inat_244985427_437087342.jpg,551264,False,768,1024,RGB,126.5,12.6,False,85e25a0f9a33e23d,vertical,0.79
inaturalist,inat_244985427_437087365.jpg,data/raw/inaturalist\inat_244985427_437087365.jpg,544268,False,768,1024,RGB,118.3,24.05,False,8e9e7289ceb43994,vertical,0.79
inaturalist,inat_245850593_438783167.jpg,data/raw/inaturalist\inat_245850593_438783167.jpg,530173,False,576,1024,RGB,62.2,13.82,False,c5e2e3de383830f8,vertical,0.59
inaturalist,inat_246681174_440426943.jpg,data/raw/inaturalist\inat_246681174_440426943.jpg,368765,False,768,1024,RGB,128.9,22.21,False,b2adf04f4ee10ce2,vertical,0.79
inaturalist,inat_246821501_440704767.jpg,data/raw/inaturalist\inat_246821501_440704767.jpg,831840,False,768,1024,RGB,119.3,23.71,False,96ece3c340587e1d,vertical,0.79
inaturalist,inat_246821582_440705015.jpg,data/raw/inaturalist\inat_246821582_440705015.jpg,786647,False,768,1024,RGB,110.6,20.07,False,a4cc1bbb5b523847,vertical,0.79
inaturalist,inat_247924795_442891531.jpg,data/raw/inaturalist\inat_247924795_442891531.jpg,77221,False,1024,768,RGB,143.3,26.78,False,a6acd98b2646999d,horizontal,0.79
inaturalist,inat_248518633_444064470.jpg,data/raw/inaturalist\inat_248518633_444064470.jpg,209023,False,1024,768,RGB,118.9,7.8,False,96149fad1ce9e60c,horizontal,0.79
inaturalist,inat_248518633_444064511.jpg,data/raw/inaturalist\inat_248518633_444064511.jpg,336729,False,1024,768,RGB,104.2,8.05,False,b07b5b348b98644f,horizontal,0.79
inaturalist,inat_249114207_445252794.jpg,data/raw/inaturalist\inat_249114207_445252794.jpg,612677,False,1015,1024,RGB,141.8,13.53,False,b0de8f653498d38c,vertical,1.04
inaturalist,inat_249785296_446585747.jpg,data/raw/inaturalist\inat_249785296_446585747.jpg,162812,False,900,675,RGB,117.7,26.95,False,e2ea52a9a4bd0b1e,horizontal,0.61
inaturalist,inat_249785296_446585748.jpg,data/raw/inaturalist\inat_249785296_446585748.jpg,172029,False,675,900,RGB,104.9,18.5,False,a4a46f5f2b4a16b8,vertical,0.61
inaturalist,inat_249785296_446585749.jpg,data/raw/inaturalist\inat_249785296_446585749.jpg,146429,False,675,900,RGB,105.1,26.63,False,e0eb81c2af4879ad,vertical,0.61
inaturalist,inat_249785296_446585757.jpg,data/raw/inaturalist\inat_249785296_446585757.jpg,149965,False,900,675,RGB,127.9,18.73,False,a5a407d1792dc7f0,horizontal,0.61
inaturalist,inat_249785296_446585759.jpg,data/raw/inaturalist\inat_249785296_446585759.jpg,209490,False,675,900,RGB,111.2,26.56,False,e1e3c15a3e342765,vertical,0.61
inaturalist,inat_249785296_446585762.jpg,data/raw/inaturalist\inat_249785296_446585762.jpg,201190,False,675,900,RGB,103.6,26.08,False,e3e73e3831b1182d,vertical,0.61
inaturalist,inat_250622090_448266145.jpg,data/raw/inaturalist\inat_250622090_448266145.jpg,307131,False,1024,683,RGB,101.0,16.14,False,f6e4b133648cd8b8,horizontal,0.7
inaturalist,inat_250741748_448394822.jpg,data/raw/inaturalist\inat_250741748_448394822.jpg,178246,False,576,1024,RGB,131.6,11.04,False,eb7390c52dd8d831,vertical,0.59
inaturalist,inat_250741752_448394979.jpg,data/raw/inaturalist\inat_250741752_448394979.jpg,195540,False,576,1024,RGB,109.2,16.36,False,cc4a696e527b8e85,vertical,0.59
inaturalist,inat_250741752_448394986.jpg,data/raw/inaturalist\inat_250741752_448394986.jpg,214137,False,576,1024,RGB,118.2,15.18,False,dcdb33c46fd0c248,vertical,0.59
inaturalist,inat_250741752_448395001.jpg,data/raw/inaturalist\inat_250741752_448395001.jpg,202502,False,576,1024,RGB,107.6,18.97,False,cd652feed858024b,vertical,0.59
inaturalist,inat_250741752_448395054.jpg,data/raw/inaturalist\inat_250741752_448395054.jpg,204007,False,1024,576,RGB,122.0,14.63,False,993b76c86b7812f0,horizontal,0.59
inaturalist,inat_250741777_448395297.jpg,data/raw/inaturalist\inat_250741777_448395297.jpg,187682,False,1024,576,RGB,123.2,9.98,False,8b86770927db1a17,horizontal,0.59
inaturalist,inat_250741778_448395315.jpg,data/raw/inaturalist\inat_250741778_448395315.jpg,128782,False,576,1024,RGB,120.6,12.75,False,b65e87e3d1934087,vertical,0.59
inaturalist,inat_250741778_448395317.jpg,data/raw/inaturalist\inat_250741778_448395317.jpg,163391,False,576,1024,RGB,118.1,8.31,False,b4ce8914e16b7791,vertical,0.59
inaturalist,inat_250741797_448395648.jpg,data/raw/inaturalist\inat_250741797_448395648.jpg,213365,False,576,1024,RGB,130.8,27.06,False,982bc9fb35693407,vertical,0.59
inaturalist,inat_250741797_448395665.jpg,data/raw/inaturalist\inat_250741797_448395665.jpg,145554,False,1024,576,RGB,121.7,16.54,False,a4a0bdbc9e9c85d2,horizontal,0.59
inaturalist,inat_250967820_448942886.jpg,data/raw/inaturalist\inat_250967820_448942886.jpg,492872,False,1024,768,RGB,110.0,16.38,False,94248dd26b9572dd,horizontal,0.79
inaturalist,inat_250967820_448942887.jpg,data/raw/inaturalist\inat_250967820_448942887.jpg,413295,False,1024,768,RGB,112.9,13.93,False,a4e29b6960bc9dc3,horizontal,0.79
inaturalist,inat_250967820_448942890.jpg,data/raw/inaturalist\inat_250967820_448942890.jpg,432797,False,1024,768,RGB,125.6,14.23,False,963bb910e78b68ac,horizontal,0.79
inaturalist,inat_251806640_450629396.jpg,data/raw/inaturalist\inat_251806640_450629396.jpg,374129,False,1024,768,RGB,87.3,5.48,False,f680097f6616dc8b,horizontal,0.79
inaturalist,inat_252065744_451149625.jpg,data/raw/inaturalist\inat_252065744_451149625.jpg,626570,False,771,1024,RGB,144.4,6.41,False,aa96d5712a86e5d4,vertical,0.79
inaturalist,inat_252065744_451149673.jpg,data/raw/inaturalist\inat_252065744_451149673.jpg,664428,False,771,1024,RGB,122.1,4.96,False,898c81f2f2725b1f,vertical,0.79
inaturalist,inat_252935526_452827520.jpg,data/raw/inaturalist\inat_252935526_452827520.jpg,458155,False,1024,575,RGB,69.8,5.25,False,d3f04c78761599e8,horizontal,0.59
inaturalist,inat_252952832_452856480.jpg,data/raw/inaturalist\inat_252952832_452856480.jpg,202637,False,848,585,RGB,130.7,24.59,False,a2a60d9c33729dd9,horizontal,0.5
inaturalist,inat_253316102_453547639.jpg,data/raw/inaturalist\inat_253316102_453547639.jpg,542473,False,768,1024,RGB,117.1,11.08,False,b4ba1e83071deb45,vertical,0.79
inaturalist,inat_253316102_453547661.jpg,data/raw/inaturalist\inat_253316102_453547661.jpg,477840,False,768,1024,RGB,110.7,5.68,False,be97c4c18f0839b3,vertical,0.79
inaturalist,inat_253316102_453547676.jpg,data/raw/inaturalist\inat_253316102_453547676.jpg,467562,False,768,1024,RGB,108.3,5.15,False,bf98a0a12578e3e6,vertical,0.79
inaturalist,inat_253875871_454653460.jpg,data/raw/inaturalist\inat_253875871_454653460.jpg,606142,False,1024,768,RGB,99.0,16.7,False,cef03545f624692b,horizontal,0.79
inaturalist,inat_253898562_454680396.jpg,data/raw/inaturalist\inat_253898562_454680396.jpg,564536,False,576,1024,RGB,172.5,25.31,False,a6b741c79f7224c1,vertical,0.59
inaturalist,inat_253898562_454680432.jpg,data/raw/inaturalist\inat_253898562_454680432.jpg,640628,False,576,1024,RGB,177.2,24.55,False,d8594dba2ec2ca78,vertical,0.59
inaturalist,inat_253898562_454680485.jpg,data/raw/inaturalist\inat_253898562_454680485.jpg,664428,False,576,1024,RGB,171.5,24.4,False,dc1cb9a3664c18bb,vertical,0.59
inaturalist,inat_254351030_455572394.jpg,data/raw/inaturalist\inat_254351030_455572394.jpg,251538,False,576,1024,RGB,140.5,7.44,False,92495d6a572b4e2b,vertical,0.59
inaturalist,inat_254358316_455495546.jpg,data/raw/inaturalist\inat_254358316_455495546.jpg,429522,False,1024,768,RGB,90.4,15.75,False,8f9c8c98b4b197b2,horizontal,0.79
inaturalist,inat_254540061_455949346.jpg,data/raw/inaturalist\inat_254540061_455949346.jpg,568740,False,768,1024,RGB,70.5,15.76,False,9aa2e95bb783c314,vertical,0.79
inaturalist,inat_254557459_455977439.jpg,data/raw/inaturalist\inat_254557459_455977439.jpg,423535,False,1024,768,RGB,98.7,27.73,False,97496db8c86c4ba5,horizontal,0.79
inaturalist,inat_254557459_455977464.jpg,data/raw/inaturalist\inat_254557459_455977464.jpg,766404,False,1024,768,RGB,91.6,25.41,False,916b6ecca213715b,horizontal,0.79
inaturalist,inat_254557459_455977469.jpg,data/raw/inaturalist\inat_254557459_455977469.jpg,587645,False,1024,768,RGB,95.7,25.78,False,a6454353b92dee46,horizontal,0.79
inaturalist,inat_254557464_455977354.jpg,data/raw/inaturalist\inat_254557464_455977354.jpg,375004,False,1024,768,RGB,99.2,27.68,False,904929cbdbd695a5,horizontal,0.79
inaturalist,inat_254557464_455977357.jpg,data/raw/inaturalist\inat_254557464_455977357.jpg,427401,False,1024,768,RGB,103.1,28.53,False,916505c9d8da93b7,horizontal,0.79
inaturalist,inat_254557464_455977379.jpg,data/raw/inaturalist\inat_254557464_455977379.jpg,428694,False,1024,768,RGB,116.7,34.54,False,972755c83335ca33,horizontal,0.79
inaturalist,inat_254557464_455977381.jpg,data/raw/inaturalist\inat_254557464_455977381.jpg,387185,False,1024,768,RGB,117.0,34.43,False,d14e6e5b21a6cc33,horizontal,0.79
inaturalist,inat_254557464_455977390.jpg,data/raw/inaturalist\inat_254557464_455977390.jpg,405250,False,1024,768,RGB,117.4,34.88,False,d11ccc71a34e9c73,horizontal,0.79
inaturalist,inat_254557464_455977395.jpg,data/raw/inaturalist\inat_254557464_455977395.jpg,354976,False,1024,768,RGB,113.1,34.58,False,d70e0c3337a45c67,horizontal,0.79
inaturalist,inat_254557464_455977405.jpg,data/raw/inaturalist\inat_254557464_455977405.jpg,438664,False,1024,768,RGB,116.6,35.5,False,d0426f5cbda5a538,horizontal,0.79
inaturalist,inat_254557464_455977450.jpg,data/raw/inaturalist\inat_254557464_455977450.jpg,401880,False,1024,768,RGB,103.9,33.16,False,82181d7e631dcb67,horizontal,0.79
inaturalist,inat_254557465_455977429.jpg,data/raw/inaturalist\inat_254557465_455977429.jpg,408717,False,1024,768,RGB,94.8,27.09,False,836abc8273345cdb,horizontal,0.79
inaturalist,inat_254557465_455977520.jpg,data/raw/inaturalist\inat_254557465_455977520.jpg,380074,False,1024,768,RGB,100.0,26.19,False,96486dbac86e4ba5,horizontal,0.79
inaturalist,inat_254557465_455977526.jpg,data/raw/inaturalist\inat_254557465_455977526.jpg,399875,False,1024,768,RGB,93.7,24.93,False,d740ed9ac44bc1b5,horizontal,0.79
inaturalist,inat_254557465_455977527.jpg,data/raw/inaturalist\inat_254557465_455977527.jpg,444232,False,1024,768,RGB,101.0,27.21,False,97406d3e98f66a4a,horizontal,0.79
inaturalist,inat_254557465_455977556.jpg,data/raw/inaturalist\inat_254557465_455977556.jpg,422704,False,1024,768,RGB,93.7,25.05,False,d7406dbac06e4ba5,horizontal,0.79
inaturalist,inat_254557465_455977574.jpg,data/raw/inaturalist\inat_254557465_455977574.jpg,419374,False,1024,768,RGB,91.9,24.85,False,91606fb8dd6f4a84,horizontal,0.79
inaturalist,inat_255111054_457102130.jpg,data/raw/inaturalist\inat_255111054_457102130.jpg,595232,False,1024,684,RGB,126.6,11.71,False,a39c5c63a6cc1373,horizontal,0.7
inaturalist,inat_255542757_457966354.jpg,data/raw/inaturalist\inat_255542757_457966354.jpg,366341,False,1024,768,RGB,142.4,8.3,False,939748b706de212f,horizontal,0.79
inaturalist,inat_2560070_2851705.jpg,data/raw/inaturalist\inat_2560070_2851705.jpg,351948,False,1024,683,RGB,131.8,18.07,False,a4351ba7669d4867,horizontal,0.7
inaturalist,inat_2560070_2851716.jpg,data/raw/inaturalist\inat_2560070_2851716.jpg,342504,False,1024,683,RGB,142.2,12.24,False,99b8579543bd4836,horizontal,0.7
inaturalist,inat_2560070_2851717.jpg,data/raw/inaturalist\inat_2560070_2851717.jpg,338294,False,1024,683,RGB,136.6,12.54,False,99b8579541bdc833,horizontal,0.7
inaturalist,inat_2560070_2851718.jpg,data/raw/inaturalist\inat_2560070_2851718.jpg,337766,False,1024,683,RGB,144.1,12.87,False,951fe58fde088c0d,horizontal,0.7
inaturalist,inat_2560070_2851719.jpg,data/raw/inaturalist\inat_2560070_2851719.jpg,336982,False,1024,683,RGB,142.4,15.91,False,b23055a3661d6ad7,horizontal,0.7
inaturalist,inat_2560070_2851729.jpg,data/raw/inaturalist\inat_2560070_2851729.jpg,354710,False,1024,683,RGB,143.3,17.72,False,b33c5c9163166d6a,horizontal,0.7
inaturalist,inat_2560070_2851730.jpg,data/raw/inaturalist\inat_2560070_2851730.jpg,353073,False,1024,683,RGB,144.3,18.84,False,a3be5591a3161d6a,horizontal,0.7
inaturalist,inat_2560070_2851731.jpg,data/raw/inaturalist\inat_2560070_2851731.jpg,325878,False,1024,683,RGB,146.9,10.82,False,c6bd38a2429d6e65,horizontal,0.7
inaturalist,inat_256663767_460239841.jpg,data/raw/inaturalist\inat_256663767_460239841.jpg,292164,False,1024,768,RGB,114.3,6.19,False,c61b8c72bf264cc3,horizontal,0.79
inaturalist,inat_256663767_460239842.jpg,data/raw/inaturalist\inat_256663767_460239842.jpg,283033,False,1024,768,RGB,124.9,5.63,False,95d3192e662ac9a7,horizontal,0.79
inaturalist,inat_256920636_460748167.jpg,data/raw/inaturalist\inat_256920636_460748167.jpg,574628,False,1024,683,RGB,113.6,11.41,False,d895e1e51e6ee809,horizontal,0.7
inaturalist,inat_256920636_460748174.jpg,data/raw/inaturalist\inat_256920636_460748174.jpg,580339,False,1024,681,RGB,113.2,10.32,False,f3a986ce9458423f,horizontal,0.7
inaturalist,inat_256920636_460748177.jpg,data/raw/inaturalist\inat_256920636_460748177.jpg,647013,False,1024,681,RGB,110.5,9.22,False,fcaabbd9817442c2,horizontal,0.7
inaturalist,inat_256920636_460748196.jpg,data/raw/inaturalist\inat_256920636_460748196.jpg,631842,False,683,1024,RGB,120.2,9.61,False,aa1b2fb264c9725c,vertical,0.7
inaturalist,inat_256920636_460748203.jpg,data/raw/inaturalist\inat_256920636_460748203.jpg,734143,False,1024,683,RGB,124.5,11.11,False,bacc6ae2472c4579,horizontal,0.7
inaturalist,inat_256920636_460748212.jpg,data/raw/inaturalist\inat_256920636_460748212.jpg,728723,False,1024,682,RGB,116.2,11.28,False,ef15f23565422635,horizontal,0.7
inaturalist,inat_256920636_460748227.jpg,data/raw/inaturalist\inat_256920636_460748227.jpg,566559,False,1024,687,RGB,124.8,11.48,False,b5d9a3861c4879ab,horizontal,0.7
inaturalist,inat_257799432_462519642.jpg,data/raw/inaturalist\inat_257799432_462519642.jpg,319890,False,1024,653,RGB,153.7,31.69,False,b3c8c872d31dcb51,horizontal,0.67
inaturalist,inat_258055864_463351279.jpg,data/raw/inaturalist\inat_258055864_463351279.jpg,340981,False,768,752,RGB,100.4,15.3,False,abc9da8764a0dcc9,horizontal,0.58
inaturalist,inat_258055864_463351283.jpg,data/raw/inaturalist\inat_258055864_463351283.jpg,296234,False,600,800,RGB,97.4,38.2,False,d30e986ce699626d,vertical,0.48
inaturalist,inat_258055864_463351285.jpg,data/raw/inaturalist\inat_258055864_463351285.jpg,242253,False,600,800,RGB,103.2,27.26,False,a4b45a5371355c5b,vertical,0.48
inaturalist,inat_258081313_462989325.jpg,data/raw/inaturalist\inat_258081313_462989325.jpg,840923,False,792,613,RGBA,88.5,16.9,False,e7b1b384cc993613,horizontal,0.49
inaturalist,inat_258082272_462991145.jpg,data/raw/inaturalist\inat_258082272_462991145.jpg,718466,False,717,540,RGBA,118.7,16.17,False,e15e736832235b93,horizontal,0.39
inaturalist,inat_258741220_464302163.jpg,data/raw/inaturalist\inat_258741220_464302163.jpg,410489,False,576,1024,RGB,148.0,5.5,False,839c5466d76133b9,vertical,0.59
inaturalist,inat_258779859_464380123.jpg,data/raw/inaturalist\inat_258779859_464380123.jpg,168902,False,1024,792,RGB,161.4,7.56,False,f7d40c35a0d98937,horizontal,0.81
inaturalist,inat_258779859_464380166.jpg,data/raw/inaturalist\inat_258779859_464380166.jpg,326248,False,1024,971,RGB,139.7,20.2,False,f75929bcd0a28971,horizontal,0.99
inaturalist,inat_258779859_464380187.jpg,data/raw/inaturalist\inat_258779859_464380187.jpg,270152,False,966,1024,RGB,150.5,9.57,False,e67c29c7d29a1f02,vertical,0.99
inaturalist,inat_258799620_464418144.jpg,data/raw/inaturalist\inat_258799620_464418144.jpg,487774,False,1024,683,RGB,83.4,4.68,False,c834b74a5ec68736,horizontal,0.7
inaturalist,inat_258799621_464418374.jpg,data/raw/inaturalist\inat_258799621_464418374.jpg,476831,False,1024,683,RGB,199.7,5.07,False,8087cb66a11e7eb9,horizontal,0.7
inaturalist,inat_258799621_464418395.jpg,data/raw/inaturalist\inat_258799621_464418395.jpg,519937,False,1024,683,RGB,146.6,5.21,False,80af8e65a33df1a2,horizontal,0.7
inaturalist,inat_258879470_464577541.jpg,data/raw/inaturalist\inat_258879470_464577541.jpg,383916,False,752,1024,RGB,113.2,29.63,False,f09e83e24dcc199e,vertical,0.77
inaturalist,inat_258879470_464578188.jpg,data/raw/inaturalist\inat_258879470_464578188.jpg,277542,False,1024,719,RGB,112.0,20.25,False,bd9422edca310d9b,horizontal,0.74
inaturalist,inat_258973213_464767513.jpg,data/raw/inaturalist\inat_258973213_464767513.jpg,629217,False,1024,683,RGB,122.1,17.93,False,df511ba72f61a403,horizontal,0.7
inaturalist,inat_258973214_464767412.jpg,data/raw/inaturalist\inat_258973214_464767412.jpg,575157,False,1024,683,RGB,121.9,17.98,False,df5019a72f61b40b,horizontal,0.7
inaturalist,inat_258973214_464767463.jpg,data/raw/inaturalist\inat_258973214_464767463.jpg,613595,False,1024,683,RGB,129.9,19.38,False,d0363a2c6ee79b06,horizontal,0.7
inaturalist,inat_258973214_464767556.jpg,data/raw/inaturalist\inat_258973214_464767556.jpg,629217,False,1024,683,RGB,122.1,17.93,False,df511ba72f61a403,horizontal,0.7
inaturalist,inat_259056666_464944617.jpg,data/raw/inaturalist\inat_259056666_464944617.jpg,373819,False,1024,620,RGB,112.2,12.92,False,f496d3b98d8026e6,horizontal,0.63
inaturalist,inat_259116687_465065361.jpg,data/raw/inaturalist\inat_259116687_465065361.jpg,583372,False,1003,1024,RGB,116.4,29.06,False,ea19d5d90a86aa9e,vertical,1.03
inaturalist,inat_259175487_465184860.jpg,data/raw/inaturalist\inat_259175487_465184860.jpg,1047632,False,768,1024,RGB,107.4,13.45,False,c28a7dd50bf927c0,vertical,0.79
inaturalist,inat_259190243_465214962.jpg,data/raw/inaturalist\inat_259190243_465214962.jpg,222753,False,856,572,RGB,150.3,23.98,False,94f43ec26c13d19b,horizontal,0.49
inaturalist,inat_259190243_465214963.jpg,data/raw/inaturalist\inat_259190243_465214963.jpg,301071,False,1024,685,RGB,145.5,22.86,False,d2f28b8b41ba8df0,horizontal,0.7
inaturalist,inat_259190243_465214966.jpg,data/raw/inaturalist\inat_259190243_465214966.jpg,713214,False,1024,683,RGB,136.3,22.04,False,c9e916ae572ad4c4,horizontal,0.7
inaturalist,inat_259190243_465214968.jpg,data/raw/inaturalist\inat_259190243_465214968.jpg,263614,False,958,640,RGB,137.0,22.47,False,d4f45ecbc03181f9,horizontal,0.61
inaturalist,inat_259324434_465490908.jpg,data/raw/inaturalist\inat_259324434_465490908.jpg,725560,False,1024,768,RGB,110.0,18.15,False,c69df9c2127ec2c1,horizontal,0.79
inaturalist,inat_259783040_466410135.jpg,data/raw/inaturalist\inat_259783040_466410135.jpg,493146,False,1023,1024,RGB,124.8,9.59,False,a32d0c6c3e38ced3,vertical,1.05
inaturalist,inat_259783040_466410166.jpg,data/raw/inaturalist\inat_259783040_466410166.jpg,530019,False,1023,1024,RGB,102.0,6.84,False,a474ccc173c7c69c,vertical,1.05
inaturalist,inat_259783040_466410184.jpg,data/raw/inaturalist\inat_259783040_466410184.jpg,456405,False,1023,1024,RGB,109.0,9.37,False,a73a09493c71cfd2,vertical,1.05
inaturalist,inat_259808476_466459115.jpg,data/raw/inaturalist\inat_259808476_466459115.jpg,292798,False,768,1024,RGB,132.4,6.94,False,d44719f062f72d91,vertical,0.79
inaturalist,inat_259811331_466464149.jpg,data/raw/inaturalist\inat_259811331_466464149.jpg,193712,False,576,1024,RGB,128.3,5.86,False,842b3c6f72e85b52,vertical,0.59
inaturalist,inat_259811331_466464165.jpg,data/raw/inaturalist\inat_259811331_466464165.jpg,186054,False,576,1024,RGB,135.7,5.72,False,84291c7b72e85b7a,vertical,0.59
inaturalist,inat_259824328_466553342.jpg,data/raw/inaturalist\inat_259824328_466553342.jpg,344110,False,768,1024,RGB,135.2,7.98,False,b6419862e38ddb2b,vertical,0.79
inaturalist,inat_259824328_466553356.jpg,data/raw/inaturalist\inat_259824328_466553356.jpg,282698,False,768,1024,RGB,139.7,7.69,False,f0669be3e8118f23,vertical,0.79
inaturalist,inat_259824328_466553369.jpg,data/raw/inaturalist\inat_259824328_466553369.jpg,313353,False,768,1024,RGB,139.0,7.77,False,f0669be3e9118723,vertical,0.79
inaturalist,inat_259824328_466553377.jpg,data/raw/inaturalist\inat_259824328_466553377.jpg,294305,False,576,1024,RGB,182.4,6.83,False,96e519a46e9dcc32,vertical,0.59
inaturalist,inat_259824328_466553396.jpg,data/raw/inaturalist\inat_259824328_466553396.jpg,252904,False,576,1024,RGB,184.4,6.89,False,96e519a46e9dcc1a,vertical,0.59
inaturalist,inat_259860782_466561423.jpg,data/raw/inaturalist\inat_259860782_466561423.jpg,616574,False,791,1024,RGB,182.7,10.16,False,d4451b134f66296f,vertical,0.81
inaturalist,inat_259860782_466561431.jpg,data/raw/inaturalist\inat_259860782_466561431.jpg,236556,False,741,797,RGB,144.5,8.06,False,d56a2fb532323199,vertical,0.59
inaturalist,inat_259860782_466561438.jpg,data/raw/inaturalist\inat_259860782_466561438.jpg,385017,False,943,845,RGB,133.4,6.35,False,d44f196b626c4c76,horizontal,0.8
inaturalist,inat_259868353_466575334.jpg,data/raw/inaturalist\inat_259868353_466575334.jpg,195876,False,779,1024,RGB,133.8,4.43,False,ad63989b9f300c76,vertical,0.8
inaturalist,inat_259942471_466721805.jpg,data/raw/inaturalist\inat_259942471_466721805.jpg,310264,False,1024,681,RGB,123.9,11.32,False,913ba1c00d2f17df,horizontal,0.7
inaturalist,inat_259993810_466822366.jpg,data/raw/inaturalist\inat_259993810_466822366.jpg,353777,False,768,1024,RGB,123.7,26.9,False,cc1cdf9e9e2a4461,vertical,0.79
inaturalist,inat_261800879_470407640.jpg,data/raw/inaturalist\inat_261800879_470407640.jpg,1390577,False,1024,552,RGBA,117.3,14.52,False,c7233afe030958f3,horizontal,0.57
inaturalist,inat_261800879_470407656.jpg,data/raw/inaturalist\inat_261800879_470407656.jpg,1388259,False,1024,551,RGBA,119.0,14.62,False,c72338ed230ada6b,horizontal,0.56
inaturalist,inat_261800879_470407661.jpg,data/raw/inaturalist\inat_261800879_470407661.jpg,1368313,False,1024,553,RGBA,118.5,14.65,False,c72338fe23095973,horizontal,0.57
inaturalist,inat_261800879_470407673.jpg,data/raw/inaturalist\inat_261800879_470407673.jpg,1410079,False,1024,551,RGBA,119.5,15.03,False,c72138fe320d58f3,horizontal,0.56
inaturalist,inat_262025161_470823855.jpg,data/raw/inaturalist\inat_262025161_470823855.jpg,1031066,False,683,1024,RGB,97.1,24.04,False,8d960afb1b87b0d2,vertical,0.7
inaturalist,inat_262025161_470823865.jpg,data/raw/inaturalist\inat_262025161_470823865.jpg,938530,False,683,1024,RGB,113.4,32.63,False,a55eb3d890c956b4,vertical,0.7
inaturalist,inat_262025161_470823875.jpg,data/raw/inaturalist\inat_262025161_470823875.jpg,1042203,False,683,1024,RGB,105.0,30.99,False,8d7ab3d29141b669,vertical,0.7
inaturalist,inat_262751605_471893313.jpg,data/raw/inaturalist\inat_262751605_471893313.jpg,812076,False,771,1024,RGB,111.4,14.07,False,a833cc76a33ecd0c,vertical,0.79
inaturalist,inat_262751605_471893335.jpg,data/raw/inaturalist\inat_262751605_471893335.jpg,798109,False,771,1024,RGB,103.6,14.52,False,e5c278315ac78e35,vertical,0.79
inaturalist,inat_264029265_474419386.jpg,data/raw/inaturalist\inat_264029265_474419386.jpg,1097091,False,1024,588,RGBA,89.2,28.06,False,b9a072ad6313636e,horizontal,0.6
inaturalist,inat_264998337_475917067.jpg,data/raw/inaturalist\inat_264998337_475917067.jpg,1103194,False,819,1024,RGB,67.8,20.64,False,fe82d9f925d02a98,vertical,0.84
inaturalist,inat_264998337_475917075.jpg,data/raw/inaturalist\inat_264998337_475917075.jpg,1190216,False,820,1024,RGB,71.1,19.49,False,bba7c4918ad65878,vertical,0.84
inaturalist,inat_265296922_476506075.jpg,data/raw/inaturalist\inat_265296922_476506075.jpg,785204,False,1024,807,RGB,32.7,0.99,True,dbdb64709b24641e,horizontal,0.83
inaturalist,inat_265298117_476508500.jpg,data/raw/inaturalist\inat_265298117_476508500.jpg,508915,False,1024,826,RGB,18.5,2.83,False,99646669ccb39b91,horizontal,0.85
inaturalist,inat_265299837_476512095.jpg,data/raw/inaturalist\inat_265299837_476512095.jpg,865224,False,768,1024,RGB,52.7,14.68,False,ce989b726727c641,vertical,0.79
inaturalist,inat_265301011_476513657.jpg,data/raw/inaturalist\inat_265301011_476513657.jpg,848539,False,1024,879,RGB,69.3,16.31,False,c3836e4d5d1eeb01,horizontal,0.9
inaturalist,inat_265795461_477485251.jpg,data/raw/inaturalist\inat_265795461_477485251.jpg,288956,False,1024,767,RGB,93.0,11.24,False,fa4d9d663b0c42b2,horizontal,0.79
inaturalist,inat_265833436_477561438.jpg,data/raw/inaturalist\inat_265833436_477561438.jpg,287097,False,768,1024,RGB,112.2,17.51,False,a4cd8b4b58b832b7,vertical,0.79
inaturalist,inat_265870047_477630278.jpg,data/raw/inaturalist\inat_265870047_477630278.jpg,1200968,False,1024,709,RGB,87.8,21.71,False,b3cbcc26a965869c,horizontal,0.73
inaturalist,inat_266506102_478850363.jpg,data/raw/inaturalist\inat_266506102_478850363.jpg,189636,False,1024,683,RGB,122.8,23.93,False,b2aae1e31ce02bdc,horizontal,0.7
inaturalist,inat_266506102_478850370.jpg,data/raw/inaturalist\inat_266506102_478850370.jpg,227345,False,1024,683,RGB,160.8,16.55,False,b699c1963d2c4772,horizontal,0.7
inaturalist,inat_266506102_478850392.jpg,data/raw/inaturalist\inat_266506102_478850392.jpg,212541,False,1024,683,RGB,137.2,24.69,False,b043cf3ac935b839,horizontal,0.7
inaturalist,inat_266506102_478850403.jpg,data/raw/inaturalist\inat_266506102_478850403.jpg,206469,False,1024,683,RGB,155.2,14.97,False,bfd8d08736296532,horizontal,0.7
inaturalist,inat_266506102_478850411.jpg,data/raw/inaturalist\inat_266506102_478850411.jpg,189494,False,1024,683,RGB,126.8,22.11,False,be59c336c866a507,horizontal,0.7
inaturalist,inat_266506102_478850435.jpg,data/raw/inaturalist\inat_266506102_478850435.jpg,128477,False,1024,683,RGB,126.9,16.8,False,f0a09736b6e82c8f,horizontal,0.7
inaturalist,inat_266506102_478850468.jpg,data/raw/inaturalist\inat_266506102_478850468.jpg,162068,False,683,1024,RGB,100.3,19.54,False,de08b471af078b66,vertical,0.7
inaturalist,inat_266506102_478850477.jpg,data/raw/inaturalist\inat_266506102_478850477.jpg,158221,False,683,1024,RGB,74.0,15.89,False,aa1ef2750ec5370a,vertical,0.7
inaturalist,inat_266506102_478850487.jpg,data/raw/inaturalist\inat_266506102_478850487.jpg,159128,False,683,1024,RGB,72.1,15.91,False,ce14f27d0ec43cc9,vertical,0.7
inaturalist,inat_266506102_478850498.jpg,data/raw/inaturalist\inat_266506102_478850498.jpg,169976,False,683,1024,RGB,84.5,15.4,False,a91ef2268bc43dca,vertical,0.7
inaturalist,inat_266506102_478850506.jpg,data/raw/inaturalist\inat_266506102_478850506.jpg,152750,False,1024,715,RGB,64.4,7.64,False,cfa53dc2e3086e38,horizontal,0.73
inaturalist,inat_266506102_478850600.jpg,data/raw/inaturalist\inat_266506102_478850600.jpg,635619,False,1024,683,RGB,129.4,27.86,False,b2159d63956a9335,horizontal,0.7
inaturalist,inat_266506102_482140439.jpg,data/raw/inaturalist\inat_266506102_482140439.jpg,168341,False,1024,683,RGB,122.2,17.08,False,b32ac8cb1ce09ef1,horizontal,0.7
inaturalist,inat_267557014_480831177.jpg,data/raw/inaturalist\inat_267557014_480831177.jpg,786968,False,1024,768,RGB,117.8,17.25,False,f4e0c02d5836de3b,horizontal,0.79
inaturalist,inat_267557014_480831191.jpg,data/raw/inaturalist\inat_267557014_480831191.jpg,716552,False,1024,768,RGB,104.2,9.21,False,dbc2c82fb29099f2,horizontal,0.79
inaturalist,inat_268470121_482565329.jpg,data/raw/inaturalist\inat_268470121_482565329.jpg,286453,False,1024,768,RGB,110.0,14.78,False,d4ad6d0a0aa7aa4f,horizontal,0.79
inaturalist,inat_268470121_482565513.jpg,data/raw/inaturalist\inat_268470121_482565513.jpg,244206,False,1024,768,RGB,107.5,14.24,False,d2b6350943ee9ba1,horizontal,0.79
inaturalist,inat_268470126_482565702.jpg,data/raw/inaturalist\inat_268470126_482565702.jpg,244850,False,1024,683,RGB,117.2,11.7,False,eca8cb65346097cb,horizontal,0.7
inaturalist,inat_268470424_482568294.jpg,data/raw/inaturalist\inat_268470424_482568294.jpg,229161,False,1024,769,RGB,125.8,8.15,False,a768c9f31c6b4c54,horizontal,0.79
inaturalist,inat_268470424_482568306.jpg,data/raw/inaturalist\inat_268470424_482568306.jpg,203703,False,1024,768,RGB,109.7,4.36,False,b8db8bd5af62088a,horizontal,0.79
inaturalist,inat_268470426_482568307.jpg,data/raw/inaturalist\inat_268470426_482568307.jpg,290891,False,1024,768,RGB,174.7,13.03,False,e38e98bd70a13e61,horizontal,0.79
inaturalist,inat_268470426_482568314.jpg,data/raw/inaturalist\inat_268470426_482568314.jpg,191326,False,1024,768,RGB,114.4,2.03,False,e5d59a919a598d64,horizontal,0.79
inaturalist,inat_268470426_482568326.jpg,data/raw/inaturalist\inat_268470426_482568326.jpg,225632,False,1024,768,RGB,108.5,2.03,False,f2d69ed84d212d32,horizontal,0.79
inaturalist,inat_268470426_482568339.jpg,data/raw/inaturalist\inat_268470426_482568339.jpg,226212,False,1024,683,RGB,105.6,8.33,False,8068e2bd71c7cf1c,horizontal,0.7
inaturalist,inat_268470426_482568341.jpg,data/raw/inaturalist\inat_268470426_482568341.jpg,279028,False,1024,768,RGB,119.6,12.81,False,f426da59d718251d,horizontal,0.79
inaturalist,inat_268470426_482568347.jpg,data/raw/inaturalist\inat_268470426_482568347.jpg,200089,False,1024,768,RGB,117.2,19.43,False,a5cbdfbcb3404328,horizontal,0.79
inaturalist,inat_268470426_482569047.jpg,data/raw/inaturalist\inat_268470426_482569047.jpg,216286,False,1024,576,RGB,112.7,16.8,False,802f8c7ac25ee5d5,horizontal,0.59
inaturalist,inat_268470426_482569060.jpg,data/raw/inaturalist\inat_268470426_482569060.jpg,271465,False,1024,576,RGB,101.6,19.33,False,81c8de1d5b3a7961,horizontal,0.59
inaturalist,inat_268470426_482569079.jpg,data/raw/inaturalist\inat_268470426_482569079.jpg,228663,False,1024,576,RGB,104.7,19.71,False,8088ca555d3d1f6f,horizontal,0.59
inaturalist,inat_268662277_482948605.jpg,data/raw/inaturalist\inat_268662277_482948605.jpg,464274,False,1024,768,RGB,123.6,15.15,False,bf3e3f1b713220a0,horizontal,0.79
inaturalist,inat_268662277_482948665.jpg,data/raw/inaturalist\inat_268662277_482948665.jpg,481401,False,1024,768,RGB,139.2,13.48,False,e07819fd26436b9c,horizontal,0.79
inaturalist,inat_268662277_482948786.jpg,data/raw/inaturalist\inat_268662277_482948786.jpg,517758,False,1024,768,RGB,126.1,12.44,False,8fa6b8e95e067861,horizontal,0.79
inaturalist,inat_268662277_482948892.jpg,data/raw/inaturalist\inat_268662277_482948892.jpg,526299,False,1024,768,RGB,133.7,12.99,False,8fb6d8e95e027861,horizontal,0.79
inaturalist,inat_269793080_485132362.jpg,data/raw/inaturalist\inat_269793080_485132362.jpg,201212,False,344,360,RGBA,144.9,5.43,False,f6719102367df960,vertical,0.12
inaturalist,inat_270722673_486899149.jpg,data/raw/inaturalist\inat_270722673_486899149.jpg,296613,False,1024,757,RGB,99.6,36.19,False,bbc8d43561a5e985,horizontal,0.78
inaturalist,inat_270722673_486899230.jpg,data/raw/inaturalist\inat_270722673_486899230.jpg,298417,False,1024,780,RGB,133.9,0.0,True,acb385de1b8c3568,horizontal,0.8
inaturalist,inat_270722673_486899282.jpg,data/raw/inaturalist\inat_270722673_486899282.jpg,255776,False,1024,729,RGB,92.0,31.23,False,b2db0dc1f8e093b2,horizontal,0.75
inaturalist,inat_272490239_490236512.jpg,data/raw/inaturalist\inat_272490239_490236512.jpg,988991,False,1024,768,RGB,100.5,12.76,False,b772c08d5ab1cd52,horizontal,0.79
inaturalist,inat_272590682_490415245.jpg,data/raw/inaturalist\inat_272590682_490415245.jpg,604164,False,1024,768,RGB,139.9,21.23,False,d21d9662b99f249a,horizontal,0.79
inaturalist,inat_27421724_42666546.jpg,data/raw/inaturalist\inat_27421724_42666546.jpg,1094079,False,1024,678,RGB,141.7,21.19,False,b3b18e8e7ec1c4a2,horizontal,0.69
inaturalist,inat_275570590_495138658.jpg,data/raw/inaturalist\inat_275570590_495138658.jpg,602625,False,768,1024,RGB,108.0,17.23,False,e3f606dc310ccf0e,vertical,0.79
inaturalist,inat_275570590_495138789.jpg,data/raw/inaturalist\inat_275570590_495138789.jpg,528348,False,768,1024,RGB,116.0,11.07,False,af6d8cc03703fc38,vertical,0.79
inaturalist,inat_27766119_43234876.jpg,data/raw/inaturalist\inat_27766119_43234876.jpg,323584,False,1024,768,RGB,146.9,10.36,False,952c7c3a568de253,horizontal,0.79
inaturalist,inat_27766119_43235343.jpg,data/raw/inaturalist\inat_27766119_43235343.jpg,318925,False,1024,768,RGB,138.1,10.06,False,952ee87b588d6117,horizontal,0.79
inaturalist,inat_27766119_43720909.jpg,data/raw/inaturalist\inat_27766119_43720909.jpg,360415,False,1020,1024,RGB,113.2,24.4,False,bc6cd81ef12b6186,vertical,1.04
inaturalist,inat_277766545_499235883.jpg,data/raw/inaturalist\inat_277766545_499235883.jpg,371484,False,576,1024,RGB,112.0,19.23,False,e9c8d6a12546b6ad,vertical,0.59
inaturalist,inat_277766545_499236889.jpg,data/raw/inaturalist\inat_277766545_499236889.jpg,404189,False,576,1024,RGB,114.9,21.91,False,e49099779baa744c,vertical,0.59
inaturalist,inat_277766545_499236938.jpg,data/raw/inaturalist\inat_277766545_499236938.jpg,385947,False,576,1024,RGB,111.7,24.83,False,f39a8c55118dba1e,vertical,0.59
inaturalist,inat_277949312_499083372.jpg,data/raw/inaturalist\inat_277949312_499083372.jpg,1138856,False,923,1024,RGB,108.4,10.01,False,f21c866b8c72f962,vertical,0.95
inaturalist,inat_279694118_502274628.jpg,data/raw/inaturalist\inat_279694118_502274628.jpg,208540,False,1024,886,RGB,132.2,19.86,False,d2da09fc1a6532d9,horizontal,0.91
inaturalist,inat_280575921_503933806.jpg,data/raw/inaturalist\inat_280575921_503933806.jpg,498003,False,1024,576,RGB,121.4,16.85,False,b6c07c328c3f994d,horizontal,0.59
inaturalist,inat_280575921_503933870.jpg,data/raw/inaturalist\inat_280575921_503933870.jpg,495709,False,1024,576,RGB,121.9,16.81,False,93e8c47530cfc663,horizontal,0.59
inaturalist,inat_280575921_503933974.jpg,data/raw/inaturalist\inat_280575921_503933974.jpg,512915,False,1024,576,RGB,135.3,11.15,False,f98c863133cf31b1,horizontal,0.59
inaturalist,inat_280575921_503934024.jpg,data/raw/inaturalist\inat_280575921_503934024.jpg,615046,False,1024,768,RGB,146.9,20.57,False,85b94bc268ab9676,horizontal,0.79
inaturalist,inat_280575921_503934062.jpg,data/raw/inaturalist\inat_280575921_503934062.jpg,463458,False,1024,576,RGB,125.5,16.87,False,89ce6ce1889573f2,horizontal,0.59
inaturalist,inat_280575921_503934146.jpg,data/raw/inaturalist\inat_280575921_503934146.jpg,480809,False,1024,768,RGB,163.5,22.59,False,80ff746705518c6f,horizontal,0.79
inaturalist,inat_281148403_505019026.jpg,data/raw/inaturalist\inat_281148403_505019026.jpg,1438049,False,1024,768,RGB,87.3,15.29,False,894aad6133bb4aa7,horizontal,0.79
inaturalist,inat_281148403_505019039.jpg,data/raw/inaturalist\inat_281148403_505019039.jpg,1396356,False,768,1024,RGB,89.6,19.44,False,cc9868595dfc438e,vertical,0.79
inaturalist,inat_281368015_505426966.jpg,data/raw/inaturalist\inat_281368015_505426966.jpg,874310,False,1024,684,RGB,162.5,16.31,False,92a3f8dd66aa5c41,horizontal,0.7
inaturalist,inat_281368015_505426999.jpg,data/raw/inaturalist\inat_281368015_505426999.jpg,909534,False,1024,684,RGB,154.7,11.41,False,b63ae0c3c3989a2f,horizontal,0.7
inaturalist,inat_282722776_507961208.jpg,data/raw/inaturalist\inat_282722776_507961208.jpg,485249,False,683,1024,RGB,120.8,30.29,False,9c8bc55d73626133,vertical,0.7
inaturalist,inat_283456371_509329243.jpg,data/raw/inaturalist\inat_283456371_509329243.jpg,219393,False,461,1024,RGB,114.7,26.01,False,f21d188b7a0c9f1b,vertical,0.47
inaturalist,inat_283456371_509329246.jpg,data/raw/inaturalist\inat_283456371_509329246.jpg,223035,False,461,1024,RGB,115.6,25.16,False,e76e3dd264079914,vertical,0.47
inaturalist,inat_283456371_509329267.jpg,data/raw/inaturalist\inat_283456371_509329267.jpg,224297,False,461,1024,RGB,111.9,26.94,False,f97219ac617b8788,vertical,0.47
inaturalist,inat_283456371_509329274.jpg,data/raw/inaturalist\inat_283456371_509329274.jpg,222347,False,461,1024,RGB,112.8,27.94,False,d6482ee3d2542ba7,vertical,0.47
inaturalist,inat_283456371_509329275.jpg,data/raw/inaturalist\inat_283456371_509329275.jpg,220527,False,461,1024,RGB,113.8,26.21,False,fb151e8d3b078e09,vertical,0.47
inaturalist,inat_284277908_510877837.jpg,data/raw/inaturalist\inat_284277908_510877837.jpg,632879,False,1024,768,RGB,129.0,14.03,False,9a145ee32d83237d,horizontal,0.79
inaturalist,inat_28433063_44323320.jpg,data/raw/inaturalist\inat_28433063_44323320.jpg,342856,False,1024,768,RGB,120.7,20.68,False,f9f991c165c64694,horizontal,0.79
inaturalist,inat_284738733_511750565.jpg,data/raw/inaturalist\inat_284738733_511750565.jpg,196347,False,768,1024,RGB,137.9,14.54,False,ee81c14cdb7bd803,vertical,0.79
inaturalist,inat_284738734_511750566.jpg,data/raw/inaturalist\inat_284738734_511750566.jpg,184409,False,768,1024,RGB,138.8,14.26,False,fa918a7e9378c216,vertical,0.79
inaturalist,inat_284844895_511953632.jpg,data/raw/inaturalist\inat_284844895_511953632.jpg,458971,False,577,1024,RGB,143.6,9.73,False,b4ca49f4e7c0436b,vertical,0.59
inaturalist,inat_284844895_511953713.jpg,data/raw/inaturalist\inat_284844895_511953713.jpg,507439,False,1024,577,RGB,176.8,5.15,False,b58a8ce579f4d510,horizontal,0.59
inaturalist,inat_284844895_511953776.jpg,data/raw/inaturalist\inat_284844895_511953776.jpg,537767,False,1024,577,RGB,161.9,5.7,False,a58a88e579b5d552,horizontal,0.59
inaturalist,inat_284844895_511953820.jpg,data/raw/inaturalist\inat_284844895_511953820.jpg,610549,False,1024,577,RGB,139.0,11.81,False,80b01e97b3c75b55,horizontal,0.59
inaturalist,inat_284844895_511953857.jpg,data/raw/inaturalist\inat_284844895_511953857.jpg,611724,False,1024,577,RGB,139.0,11.5,False,82901c93f3cb5779,horizontal,0.59
inaturalist,inat_284844895_511953901.jpg,data/raw/inaturalist\inat_284844895_511953901.jpg,613947,False,1024,577,RGB,136.0,12.0,False,82a01cb7b2cb5775,horizontal,0.59
inaturalist,inat_284844895_511953936.jpg,data/raw/inaturalist\inat_284844895_511953936.jpg,638036,False,1024,577,RGB,125.0,11.44,False,8591563ed1694b7c,horizontal,0.59
inaturalist,inat_284844895_511954001.jpg,data/raw/inaturalist\inat_284844895_511954001.jpg,570083,False,1024,577,RGB,151.4,11.31,False,d34bfcd7c3884813,horizontal,0.59
inaturalist,inat_284844895_511954050.jpg,data/raw/inaturalist\inat_284844895_511954050.jpg,424630,False,1024,577,RGB,140.6,10.77,False,fead519092e98aaa,horizontal,0.59
inaturalist,inat_284844895_511954089.jpg,data/raw/inaturalist\inat_284844895_511954089.jpg,432643,False,577,1024,RGB,143.8,9.88,False,a5da42f4efc4434a,vertical,0.59
inaturalist,inat_284844895_511954132.jpg,data/raw/inaturalist\inat_284844895_511954132.jpg,443757,False,577,1024,RGB,144.6,9.74,False,a5d24aedef032ab0,vertical,0.59
inaturalist,inat_284844895_511954177.jpg,data/raw/inaturalist\inat_284844895_511954177.jpg,455018,False,577,1024,RGB,145.2,9.89,False,abd44ae8fe3720a1,vertical,0.59
inaturalist,inat_284844895_511954217.jpg,data/raw/inaturalist\inat_284844895_511954217.jpg,456396,False,577,1024,RGB,144.4,9.53,False,b5ca49fde7804b28,vertical,0.59
inaturalist,inat_284844895_511954284.jpg,data/raw/inaturalist\inat_284844895_511954284.jpg,423392,False,577,1024,RGB,143.9,9.41,False,92e96cb2f0e464ad,vertical,0.59
inaturalist,inat_284844895_511954314.jpg,data/raw/inaturalist\inat_284844895_511954314.jpg,482686,False,577,1024,RGB,142.0,9.33,False,96cb2db09e9f1990,vertical,0.59
inaturalist,inat_284844895_511954353.jpg,data/raw/inaturalist\inat_284844895_511954353.jpg,491378,False,577,1024,RGB,140.5,9.56,False,92ed64babb8c1c1c,vertical,0.59
inaturalist,inat_284844895_511954401.jpg,data/raw/inaturalist\inat_284844895_511954401.jpg,470984,False,577,1024,RGB,144.3,8.89,False,92ada69b8584e3e3,vertical,0.59
inaturalist,inat_285063137_512363563.jpg,data/raw/inaturalist\inat_285063137_512363563.jpg,416101,False,768,1024,RGB,84.7,20.33,False,a6ead4191c91e47b,vertical,0.79
inaturalist,inat_285074463_512384149.jpg,data/raw/inaturalist\inat_285074463_512384149.jpg,423989,False,768,1024,RGB,103.5,12.72,False,f0c0ce1a9125efe9,vertical,0.79
inaturalist,inat_285074463_512384216.jpg,data/raw/inaturalist\inat_285074463_512384216.jpg,421893,False,768,1024,RGB,97.9,13.71,False,90c08bb8378fd937,vertical,0.79
inaturalist,inat_285074463_512441181.jpg,data/raw/inaturalist\inat_285074463_512441181.jpg,434183,False,768,1024,RGB,102.9,12.77,False,f0c0ce92212defda,vertical,0.79
inaturalist,inat_285074463_512444036.jpg,data/raw/inaturalist\inat_285074463_512444036.jpg,433822,False,768,1024,RGB,102.4,12.74,False,f0c0ca92212fefda,vertical,0.79
inaturalist,inat_285144458_512510335.jpg,data/raw/inaturalist\inat_285144458_512510335.jpg,595049,False,1024,768,RGB,54.4,17.04,False,c6c6d3ef68197818,horizontal,0.79
inaturalist,inat_285192120_512613584.jpg,data/raw/inaturalist\inat_285192120_512613584.jpg,310250,False,768,1024,RGB,84.6,14.95,False,9052778e7ce142be,vertical,0.79
inaturalist,inat_285237118_512690775.jpg,data/raw/inaturalist\inat_285237118_512690775.jpg,310250,False,768,1024,RGB,84.6,14.95,False,9052778e7ce142be,vertical,0.79
inaturalist,inat_285367347_512928443.jpg,data/raw/inaturalist\inat_285367347_512928443.jpg,344557,False,1024,576,RGB,139.1,15.47,False,f3cb4132da0b361e,horizontal,0.59
inaturalist,inat_285367347_512930586.jpg,data/raw/inaturalist\inat_285367347_512930586.jpg,308130,False,1024,576,RGB,134.5,14.18,False,f3c348324b0bb673,horizontal,0.59
inaturalist,inat_285368666_512930939.jpg,data/raw/inaturalist\inat_285368666_512930939.jpg,298940,False,1024,576,RGB,140.8,20.87,False,f43ec686383c67c1,horizontal,0.59
inaturalist,inat_285368666_512930982.jpg,data/raw/inaturalist\inat_285368666_512930982.jpg,242427,False,1024,576,RGB,145.0,17.99,False,90c63dd30719cf39,horizontal,0.59
inaturalist,inat_285384907_512960923.jpg,data/raw/inaturalist\inat_285384907_512960923.jpg,485618,False,768,1024,RGB,95.0,11.87,False,f191998c5933e66c,vertical,0.79
inaturalist,inat_285946390_514008226.jpg,data/raw/inaturalist\inat_285946390_514008226.jpg,483303,False,769,1024,RGB,148.7,3.99,False,a6d91abcf30c18cb,vertical,0.79
inaturalist,inat_286358549_514792343.jpg,data/raw/inaturalist\inat_286358549_514792343.jpg,334469,False,1024,768,RGB,67.9,9.09,False,9b26f43e96689c70,horizontal,0.79
inaturalist,inat_286359998_514794990.jpg,data/raw/inaturalist\inat_286359998_514794990.jpg,340238,False,1024,768,RGB,98.4,16.34,False,b95ac5c68215ca3f,horizontal,0.79
inaturalist,inat_287330384_516628710.jpg,data/raw/inaturalist\inat_287330384_516628710.jpg,251501,False,1024,768,RGB,73.7,14.07,False,a01bcd30ea6c936f,horizontal,0.79
inaturalist,inat_287330384_516628722.jpg,data/raw/inaturalist\inat_287330384_516628722.jpg,350500,False,1024,768,RGB,74.2,11.87,False,b06dc630f949bc4e,horizontal,0.79
inaturalist,inat_287420663_516833638.jpg,data/raw/inaturalist\inat_287420663_516833638.jpg,285259,False,768,1024,RGB,87.9,15.75,False,9516036a6e73c8e7,vertical,0.79
inaturalist,inat_287420663_516833719.jpg,data/raw/inaturalist\inat_287420663_516833719.jpg,281669,False,768,1024,RGB,90.5,16.28,False,9512436e6e72c8e7,vertical,0.79
inaturalist,inat_288091427_518053917.jpg,data/raw/inaturalist\inat_288091427_518053917.jpg,138177,False,576,473,RGB,144.7,13.7,False,a1258d5d323a8dbe,horizontal,0.27
inaturalist,inat_288387418_518619035.jpg,data/raw/inaturalist\inat_288387418_518619035.jpg,358844,False,768,1024,RGB,136.5,14.6,False,ac8e5477c6cea00f,vertical,0.79
inaturalist,inat_289897251_521448322.jpg,data/raw/inaturalist\inat_289897251_521448322.jpg,338412,False,577,1024,RGB,153.5,12.89,False,d8e272b0703cf53c,vertical,0.59
inaturalist,inat_289897251_521448375.jpg,data/raw/inaturalist\inat_289897251_521448375.jpg,355212,False,577,1024,RGB,147.8,14.04,False,dcd94ad372503cc5,vertical,0.59
inaturalist,inat_289897251_521448412.jpg,data/raw/inaturalist\inat_289897251_521448412.jpg,332048,False,577,1024,RGB,153.1,15.69,False,ccd465c74af0f027,vertical,0.59
inaturalist,inat_289897251_521448455.jpg,data/raw/inaturalist\inat_289897251_521448455.jpg,330241,False,577,1024,RGB,150.3,14.52,False,c7c465c838f80e9f,vertical,0.59
inaturalist,inat_289897251_521448499.jpg,data/raw/inaturalist\inat_289897251_521448499.jpg,365353,False,577,1024,RGB,147.5,15.13,False,dc9d4dce4de2c02a,vertical,0.59
inaturalist,inat_289897412_521448553.jpg,data/raw/inaturalist\inat_289897412_521448553.jpg,330772,False,577,1024,RGB,168.0,8.76,False,81fefd603eb20992,vertical,0.59
inaturalist,inat_289897456_521448623.jpg,data/raw/inaturalist\inat_289897456_521448623.jpg,290379,False,577,1024,RGB,122.3,5.95,False,807a7fa094955e5b,vertical,0.59
inaturalist,inat_289897456_521448678.jpg,data/raw/inaturalist\inat_289897456_521448678.jpg,301100,False,577,1024,RGB,117.4,5.54,False,807b7fa095955a78,vertical,0.59
inaturalist,inat_289897456_521448727.jpg,data/raw/inaturalist\inat_289897456_521448727.jpg,280871,False,577,1024,RGB,144.6,10.07,False,801f706f764ac5d3,vertical,0.59
inaturalist,inat_289897456_521448770.jpg,data/raw/inaturalist\inat_289897456_521448770.jpg,224206,False,577,1024,RGB,131.9,10.69,False,817a8fa017637ea5,vertical,0.59
inaturalist,inat_289897456_521448817.jpg,data/raw/inaturalist\inat_289897456_521448817.jpg,257043,False,577,1024,RGB,136.1,9.9,False,857a5fa015117aaf,vertical,0.59
inaturalist,inat_289897456_521448876.jpg,data/raw/inaturalist\inat_289897456_521448876.jpg,215575,False,577,1024,RGB,135.0,8.49,False,8578dca21517786f,vertical,0.59
inaturalist,inat_289897456_521448941.jpg,data/raw/inaturalist\inat_289897456_521448941.jpg,313980,False,577,1024,RGB,147.9,9.71,False,95c57541564fdd48,vertical,0.59
inaturalist,inat_290515920_522621411.jpg,data/raw/inaturalist\inat_290515920_522621411.jpg,227351,False,1024,768,RGB,110.7,5.34,False,aaa76d55a16ec093,horizontal,0.79
inaturalist,inat_290515920_522621917.jpg,data/raw/inaturalist\inat_290515920_522621917.jpg,210848,False,1024,768,RGB,98.1,9.92,False,a594da4d6b696839,horizontal,0.79
inaturalist,inat_291331507_524157785.jpg,data/raw/inaturalist\inat_291331507_524157785.jpg,302432,False,461,1024,RGB,135.6,27.53,False,e3759d4a2391d84e,vertical,0.47
inaturalist,inat_291635328_524725900.jpg,data/raw/inaturalist\inat_291635328_524725900.jpg,696940,False,1024,646,RGB,104.1,6.47,False,95e81ed76f607842,horizontal,0.66
inaturalist,inat_292182342_525772695.jpg,data/raw/inaturalist\inat_292182342_525772695.jpg,1289655,False,768,1024,RGB,89.8,5.8,False,e52bd05d79b88c61,vertical,0.79
inaturalist,inat_292182342_525772835.jpg,data/raw/inaturalist\inat_292182342_525772835.jpg,1249729,False,768,1024,RGB,83.8,13.64,False,e7221fe120bff8a0,vertical,0.79
inaturalist,inat_292182419_525772912.jpg,data/raw/inaturalist\inat_292182419_525772912.jpg,1158844,False,768,1024,RGB,110.8,13.1,False,9fe3dd8e011cf031,vertical,0.79
inaturalist,inat_292936369_527205502.jpg,data/raw/inaturalist\inat_292936369_527205502.jpg,1102138,False,576,1024,RGB,106.9,13.04,False,d9a7d980bdc54e12,vertical,0.59
inaturalist,inat_293909205_528976191.jpg,data/raw/inaturalist\inat_293909205_528976191.jpg,706660,False,1024,576,RGB,90.5,20.65,False,b2f6c99bf82320cc,horizontal,0.59
inaturalist,inat_293909205_528976195.jpg,data/raw/inaturalist\inat_293909205_528976195.jpg,1074645,False,1024,855,RGB,90.6,20.16,False,ffcccb132425b8c2,horizontal,0.88
inaturalist,inat_293909205_528976199.jpg,data/raw/inaturalist\inat_293909205_528976199.jpg,733923,False,1024,576,RGB,86.1,21.0,False,f2f0cb07f034f849,horizontal,0.59
inaturalist,inat_293909205_528976213.jpg,data/raw/inaturalist\inat_293909205_528976213.jpg,1257946,False,1024,768,RGB,88.7,16.71,False,b797cb832f30a0c9,horizontal,0.79
inaturalist,inat_294224586_529575447.jpg,data/raw/inaturalist\inat_294224586_529575447.jpg,853701,False,768,1024,RGB,129.0,14.06,False,92136d5a2ca65a9f,vertical,0.79
inaturalist,inat_294224586_529575575.jpg,data/raw/inaturalist\inat_294224586_529575575.jpg,870057,False,768,1024,RGB,127.3,14.55,False,b8e35c66317c3368,vertical,0.79
inaturalist,inat_295090976_531206083.jpg,data/raw/inaturalist\inat_295090976_531206083.jpg,471315,False,1024,576,RGB,146.8,23.2,False,ec86937b4d983474,horizontal,0.59
inaturalist,inat_296515363_533916633.jpg,data/raw/inaturalist\inat_296515363_533916633.jpg,305228,False,1024,768,RGB,134.9,18.59,False,956cd42927b69e4c,horizontal,0.79
inaturalist,inat_296515363_533916636.jpg,data/raw/inaturalist\inat_296515363_533916636.jpg,284194,False,1024,768,RGB,121.0,19.33,False,85b4738b3433c74d,horizontal,0.79
inaturalist,inat_297975893_536680519.jpg,data/raw/inaturalist\inat_297975893_536680519.jpg,293893,False,1024,683,RGB,91.4,10.58,False,e2c87c773198e338,horizontal,0.7
inaturalist,inat_298187182_537084628.jpg,data/raw/inaturalist\inat_298187182_537084628.jpg,617928,False,1024,768,RGB,142.7,25.23,False,d3538cccccf13136,horizontal,0.79
inaturalist,inat_298200858_537110854.jpg,data/raw/inaturalist\inat_298200858_537110854.jpg,445405,False,1024,576,RGB,110.7,13.07,False,d4b636074fc4a5a3,horizontal,0.59
inaturalist,inat_298208812_537123972.jpg,data/raw/inaturalist\inat_298208812_537123972.jpg,304439,False,1024,575,RGB,117.4,26.23,False,f61a383499b716ca,horizontal,0.59
inaturalist,inat_298208812_537123982.jpg,data/raw/inaturalist\inat_298208812_537123982.jpg,345892,False,1024,575,RGB,116.6,26.62,False,e45e4b6660c9ad95,horizontal,0.59
inaturalist,inat_298208812_537123989.jpg,data/raw/inaturalist\inat_298208812_537123989.jpg,357505,False,1024,575,RGB,118.5,28.38,False,b94924556bc5379a,horizontal,0.59
inaturalist,inat_298209541_537125624.jpg,data/raw/inaturalist\inat_298209541_537125624.jpg,275655,False,886,886,RGB,146.3,45.45,False,e2318dd2a68d3bd2,cuadrada,0.78
inaturalist,inat_299188751_539006021.jpg,data/raw/inaturalist\inat_299188751_539006021.jpg,246048,False,993,646,RGB,161.5,8.16,False,d62b814492d96cf7,horizontal,0.64
inaturalist,inat_299188902_539063411.jpg,data/raw/inaturalist\inat_299188902_539063411.jpg,421093,False,1024,967,RGB,133.8,11.12,False,b389cdc6570cee42,horizontal,0.99
inaturalist,inat_300220401_540915631.jpg,data/raw/inaturalist\inat_300220401_540915631.jpg,766162,False,1024,744,RGB,136.5,18.77,False,9ed3f88bd5542a18,horizontal,0.76
inaturalist,inat_300220401_540915658.jpg,data/raw/inaturalist\inat_300220401_540915658.jpg,752461,False,1024,748,RGB,149.6,31.58,False,b8b7c9d619399544,horizontal,0.77
inaturalist,inat_301591929_543472685.jpg,data/raw/inaturalist\inat_301591929_543472685.jpg,424605,False,1024,768,RGB,133.5,3.94,False,e1c88a8f6e2ce167,horizontal,0.79
inaturalist,inat_302308533_544816107.jpg,data/raw/inaturalist\inat_302308533_544816107.jpg,391843,False,1024,807,RGB,142.3,8.98,False,b2dec93c8c3609ce,horizontal,0.83
inaturalist,inat_302629230_545409424.jpg,data/raw/inaturalist\inat_302629230_545409424.jpg,816086,False,1024,1024,RGB,128.4,11.29,False,820d57da1fc903eb,cuadrada,1.05
inaturalist,inat_302629230_545409457.jpg,data/raw/inaturalist\inat_302629230_545409457.jpg,660369,False,1024,683,RGB,111.1,11.08,False,9455b529a92d6baa,horizontal,0.7
inaturalist,inat_302629230_545409486.jpg,data/raw/inaturalist\inat_302629230_545409486.jpg,667689,False,1024,683,RGB,119.4,11.86,False,9457d41f813d6d38,horizontal,0.7
inaturalist,inat_302629230_545409521.jpg,data/raw/inaturalist\inat_302629230_545409521.jpg,662021,False,1024,683,RGB,118.6,11.76,False,88f3ec618c227f27,horizontal,0.7
inaturalist,inat_302629230_545409558.jpg,data/raw/inaturalist\inat_302629230_545409558.jpg,675390,False,1024,683,RGB,118.8,12.45,False,84cdcc2d969e7c38,horizontal,0.7
inaturalist,inat_30395026_47486195.jpg,data/raw/inaturalist\inat_30395026_47486195.jpg,914228,False,1024,683,RGB,150.5,34.04,False,b67281c1a53e2fd1,horizontal,0.7
inaturalist,inat_30395026_47487220.jpg,data/raw/inaturalist\inat_30395026_47487220.jpg,848030,False,1024,683,RGB,149.8,27.45,False,f4ecc309cca4569b,horizontal,0.7
inaturalist,inat_30395029_47486200.jpg,data/raw/inaturalist\inat_30395029_47486200.jpg,862119,False,1024,683,RGB,149.8,34.75,False,83fd4ce843339d34,horizontal,0.7
inaturalist,inat_30395029_47487155.jpg,data/raw/inaturalist\inat_30395029_47487155.jpg,886823,False,1024,683,RGB,133.9,24.29,False,ef6919fe260c3681,horizontal,0.7
inaturalist,inat_30395029_47487157.jpg,data/raw/inaturalist\inat_30395029_47487157.jpg,874599,False,1024,683,RGB,127.8,25.83,False,eb61597d72241e26,horizontal,0.7
inaturalist,inat_30406242_47505659.jpg,data/raw/inaturalist\inat_30406242_47505659.jpg,175435,False,768,1024,RGB,143.0,5.45,False,90917f1fe06a3e2a,vertical,0.79
inaturalist,inat_304138673_548222120.jpg,data/raw/inaturalist\inat_304138673_548222120.jpg,188985,False,1024,805,RGB,81.5,18.43,False,b1fececb036014d9,horizontal,0.82
inaturalist,inat_30442666_47561320.jpg,data/raw/inaturalist\inat_30442666_47561320.jpg,453796,False,1024,768,RGB,162.0,41.11,False,93b63d5062f4cd45,horizontal,0.79
inaturalist,inat_305407568_550658102.jpg,data/raw/inaturalist\inat_305407568_550658102.jpg,839921,False,1024,683,RGB,74.6,29.62,False,93d85432b9ca1e73,horizontal,0.7
inaturalist,inat_305919474_551631851.jpg,data/raw/inaturalist\inat_305919474_551631851.jpg,791037,False,819,1024,RGB,83.1,21.02,False,95c64b796f189496,vertical,0.84
inaturalist,inat_306237482_552237593.jpg,data/raw/inaturalist\inat_306237482_552237593.jpg,520091,False,1024,683,RGB,109.0,19.5,False,e7c794c38871c70e,horizontal,0.7
inaturalist,inat_306598736_552927137.jpg,data/raw/inaturalist\inat_306598736_552927137.jpg,633388,False,1024,768,RGB,142.1,5.57,False,ea4af96834339b4a,horizontal,0.79
inaturalist,inat_306598736_552927291.jpg,data/raw/inaturalist\inat_306598736_552927291.jpg,567432,False,1024,768,RGB,134.2,4.63,False,c3732e7b7a2c1581,horizontal,0.79
inaturalist,inat_307858862_555349436.jpg,data/raw/inaturalist\inat_307858862_555349436.jpg,1052282,False,768,1024,RGB,105.6,13.91,False,9d163075670cedc9,vertical,0.79
inaturalist,inat_309053072_557645904.jpg,data/raw/inaturalist\inat_309053072_557645904.jpg,653636,False,1024,785,RGB,164.8,7.61,False,95c1cc5ca776c8e8,horizontal,0.8
inaturalist,inat_30943799_48379001.jpg,data/raw/inaturalist\inat_30943799_48379001.jpg,1188901,False,1024,683,RGB,125.2,23.52,False,ccdb76ca9361d818,horizontal,0.7
inaturalist,inat_30943799_48379137.jpg,data/raw/inaturalist\inat_30943799_48379137.jpg,1341670,False,1024,683,RGB,135.7,21.54,False,ecdb76c013e8981d,horizontal,0.7
inaturalist,inat_30975850_48433285.jpg,data/raw/inaturalist\inat_30975850_48433285.jpg,832740,False,1024,683,RGB,144.2,34.46,False,f8c21e7889deb426,horizontal,0.7
inaturalist,inat_30976331_48434188.jpg,data/raw/inaturalist\inat_30976331_48434188.jpg,1106122,False,1024,683,RGB,131.1,13.01,False,bc5a0f7835e39438,horizontal,0.7
inaturalist,inat_30976331_48434214.jpg,data/raw/inaturalist\inat_30976331_48434214.jpg,1142972,False,1024,683,RGB,121.8,11.26,False,df1a0c5cb5c2f438,horizontal,0.7
inaturalist,inat_30977930_48437451.jpg,data/raw/inaturalist\inat_30977930_48437451.jpg,1361388,False,1024,1024,RGB,138.7,12.29,False,a5c0dab11de6653a,cuadrada,1.05
inaturalist,inat_30978130_48437857.jpg,data/raw/inaturalist\inat_30978130_48437857.jpg,1100082,False,1024,756,RGB,135.2,10.0,False,b09bc9640fc77139,horizontal,0.77
inaturalist,inat_30980753_48441294.jpg,data/raw/inaturalist\inat_30980753_48441294.jpg,1194687,False,1024,653,RGB,138.6,14.88,False,c9d2126d0fb22d6d,horizontal,0.67
inaturalist,inat_30980753_48441333.jpg,data/raw/inaturalist\inat_30980753_48441333.jpg,1079475,False,1024,679,RGB,122.2,6.14,False,86b41beba99448ed,horizontal,0.7
inaturalist,inat_30980969_48441675.jpg,data/raw/inaturalist\inat_30980969_48441675.jpg,1225471,False,1024,683,RGB,135.9,11.67,False,e29edeb064cf9089,horizontal,0.7
inaturalist,inat_310110391_559657685.jpg,data/raw/inaturalist\inat_310110391_559657685.jpg,632461,False,1024,683,RGB,132.5,19.83,False,b4989a618037bfb6,horizontal,0.7
inaturalist,inat_311006082_561375836.jpg,data/raw/inaturalist\inat_311006082_561375836.jpg,599891,False,963,1024,RGB,147.7,8.14,False,c5b93f96c6c07107,vertical,0.99
inaturalist,inat_311006082_561375871.jpg,data/raw/inaturalist\inat_311006082_561375871.jpg,405454,False,768,1024,RGB,124.8,7.74,False,c0379114575e5f5a,vertical,0.79
inaturalist,inat_311006082_561375898.jpg,data/raw/inaturalist\inat_311006082_561375898.jpg,477114,False,768,1024,RGB,124.6,10.88,False,b8f969e4c5c682c3,vertical,0.79
inaturalist,inat_311006082_561375926.jpg,data/raw/inaturalist\inat_311006082_561375926.jpg,338947,False,768,1024,RGB,130.8,11.2,False,a0c79279649e9b69,vertical,0.79
inaturalist,inat_311006082_561375951.jpg,data/raw/inaturalist\inat_311006082_561375951.jpg,324864,False,768,1024,RGB,129.1,11.11,False,b0c7cb3d76838931,vertical,0.79
inaturalist,inat_311006082_561375985.jpg,data/raw/inaturalist\inat_311006082_561375985.jpg,366512,False,768,1024,RGB,134.9,10.33,False,b8f969c4c5c68b51,vertical,0.79
inaturalist,inat_311006082_561376008.jpg,data/raw/inaturalist\inat_311006082_561376008.jpg,342825,False,768,1024,RGB,108.3,7.44,False,d1b127c7872f1331,vertical,0.79
inaturalist,inat_311006082_561376032.jpg,data/raw/inaturalist\inat_311006082_561376032.jpg,299803,False,768,1024,RGB,100.2,7.01,False,d1d1274ec62533b3,vertical,0.79
inaturalist,inat_31357205_49070123.jpg,data/raw/inaturalist\inat_31357205_49070123.jpg,937370,False,1024,768,RGB,110.9,20.44,False,e6b21d3991cae174,horizontal,0.79
inaturalist,inat_315133082_569257117.jpg,data/raw/inaturalist\inat_315133082_569257117.jpg,695389,False,1024,537,RGB,96.7,33.7,False,af3497e0d4ccb14c,horizontal,0.55
inaturalist,inat_315133082_569257149.jpg,data/raw/inaturalist\inat_315133082_569257149.jpg,728368,False,636,1024,RGB,83.0,16.39,False,b3d2144d4e2569fa,vertical,0.65
inaturalist,inat_315380094_569718473.jpg,data/raw/inaturalist\inat_315380094_569718473.jpg,536167,False,768,1024,RGB,149.8,5.11,False,e9cb0d9c8eb34345,vertical,0.79
inaturalist,inat_315380094_569718501.jpg,data/raw/inaturalist\inat_315380094_569718501.jpg,554639,False,768,1024,RGB,149.0,5.33,False,e9db49998ca683c3,vertical,0.79
inaturalist,inat_315380094_569718531.jpg,data/raw/inaturalist\inat_315380094_569718531.jpg,458202,False,768,1024,RGB,151.1,2.7,False,8d6510c33da3b1ed,vertical,0.79
inaturalist,inat_315380094_569718551.jpg,data/raw/inaturalist\inat_315380094_569718551.jpg,461884,False,768,1024,RGB,150.7,2.67,False,8f6010c33df0face,vertical,0.79
inaturalist,inat_315380094_569718580.jpg,data/raw/inaturalist\inat_315380094_569718580.jpg,461241,False,768,1024,RGB,150.1,2.1,False,8f62d0833cf07ac7,vertical,0.79
inaturalist,inat_316910162_572614652.jpg,data/raw/inaturalist\inat_316910162_572614652.jpg,299690,False,1024,764,RGB,101.3,8.29,False,e7a4dc352a97c522,horizontal,0.78
inaturalist,inat_316910162_572614762.jpg,data/raw/inaturalist\inat_316910162_572614762.jpg,361679,False,1024,761,RGB,113.6,14.33,False,e485d0bc601e8eef,horizontal,0.78
inaturalist,inat_316910162_572614774.jpg,data/raw/inaturalist\inat_316910162_572614774.jpg,384962,False,1024,728,RGB,109.3,6.95,False,d09c3d738a7b60ca,horizontal,0.75
inaturalist,inat_320708111_579893786.jpg,data/raw/inaturalist\inat_320708111_579893786.jpg,437387,False,683,1024,RGB,121.6,15.52,False,e34dcd33c898f194,vertical,0.7
inaturalist,inat_320708111_579896610.jpg,data/raw/inaturalist\inat_320708111_579896610.jpg,390768,False,1024,683,RGB,111.5,13.2,False,a4c55b64699093f7,horizontal,0.7
inaturalist,inat_320708111_579896629.jpg,data/raw/inaturalist\inat_320708111_579896629.jpg,390564,False,682,1024,RGB,113.6,12.8,False,a7fc4d68cada9023,vertical,0.7
inaturalist,inat_321921952_582265509.jpg,data/raw/inaturalist\inat_321921952_582265509.jpg,1057756,False,1024,768,RGB,107.2,14.11,False,fef1b1c08259b625,horizontal,0.79
inaturalist,inat_321922423_582266373.jpg,data/raw/inaturalist\inat_321922423_582266373.jpg,338987,False,768,1024,RGB,155.2,9.27,False,c301fb2f7320f10f,vertical,0.79
inaturalist,inat_321922423_582266442.jpg,data/raw/inaturalist\inat_321922423_582266442.jpg,345485,False,768,1024,RGB,156.7,11.61,False,e808d69dc5590ff8,vertical,0.79
inaturalist,inat_321922423_582266495.jpg,data/raw/inaturalist\inat_321922423_582266495.jpg,369890,False,768,1024,RGB,154.8,12.85,False,cc6d3bc2c41c71da,vertical,0.79
inaturalist,inat_321922423_582266578.jpg,data/raw/inaturalist\inat_321922423_582266578.jpg,371035,False,768,1024,RGB,144.5,11.83,False,93db727246c4992e,vertical,0.79
inaturalist,inat_321922423_582266639.jpg,data/raw/inaturalist\inat_321922423_582266639.jpg,375277,False,768,1024,RGB,141.4,11.55,False,96d27465cc8b3a6a,vertical,0.79
inaturalist,inat_321922423_582266702.jpg,data/raw/inaturalist\inat_321922423_582266702.jpg,387551,False,768,1024,RGB,148.3,10.28,False,a07a5ea5b84ef462,vertical,0.79
inaturalist,inat_321953468_582329495.jpg,data/raw/inaturalist\inat_321953468_582329495.jpg,614782,False,930,1024,RGB,132.4,14.1,False,f0f4da8c342cc6da,vertical,0.95
inaturalist,inat_321953468_582329516.jpg,data/raw/inaturalist\inat_321953468_582329516.jpg,509355,False,837,1024,RGB,135.4,12.26,False,b1e74d9d38c616a4,vertical,0.86
inaturalist,inat_321953468_582329551.jpg,data/raw/inaturalist\inat_321953468_582329551.jpg,535004,False,932,1024,RGB,130.1,13.44,False,ff859a0861b2dba8,vertical,0.95
inaturalist,inat_321953468_582329598.jpg,data/raw/inaturalist\inat_321953468_582329598.jpg,560549,False,868,1024,RGB,134.2,14.47,False,b6c1d9966462d29e,vertical,0.89
inaturalist,inat_321953468_582329643.jpg,data/raw/inaturalist\inat_321953468_582329643.jpg,508026,False,745,1024,RGB,136.0,13.69,False,e69217346473d96c,vertical,0.76
inaturalist,inat_321953468_582329718.jpg,data/raw/inaturalist\inat_321953468_582329718.jpg,609625,False,986,1024,RGB,130.5,13.88,False,b2a5cdd8307c4fa2,vertical,1.01
inaturalist,inat_321953468_582329738.jpg,data/raw/inaturalist\inat_321953468_582329738.jpg,568385,False,856,1024,RGB,134.2,14.22,False,a7d8985264f99aa6,vertical,0.88
inaturalist,inat_322044251_582513627.jpg,data/raw/inaturalist\inat_322044251_582513627.jpg,346781,False,1024,768,RGB,128.3,18.25,False,e26a9d95625a7925,horizontal,0.79
inaturalist,inat_322661323_583741275.jpg,data/raw/inaturalist\inat_322661323_583741275.jpg,283845,False,1024,683,RGB,134.1,7.26,False,94d696ed19a709f0,horizontal,0.7
inaturalist,inat_322661323_583741290.jpg,data/raw/inaturalist\inat_322661323_583741290.jpg,295961,False,1024,683,RGB,109.9,9.42,False,d3c353f1645dd520,horizontal,0.7
inaturalist,inat_322661323_583741299.jpg,data/raw/inaturalist\inat_322661323_583741299.jpg,309840,False,1024,683,RGB,111.6,8.73,False,c3c15bf1664fd430,horizontal,0.7
inaturalist,inat_322661323_583741301.jpg,data/raw/inaturalist\inat_322661323_583741301.jpg,290903,False,1024,683,RGB,115.2,8.22,False,d1c391f04fd430bb,horizontal,0.7
inaturalist,inat_322661323_583741320.jpg,data/raw/inaturalist\inat_322661323_583741320.jpg,284961,False,1024,683,RGB,109.0,8.92,False,c3c3d1b34bcdc419,horizontal,0.7
inaturalist,inat_322661323_583741341.jpg,data/raw/inaturalist\inat_322661323_583741341.jpg,289238,False,1024,683,RGB,109.0,9.64,False,d1e1d8b849c745bc,horizontal,0.7
inaturalist,inat_322661323_583741342.jpg,data/raw/inaturalist\inat_322661323_583741342.jpg,254208,False,1024,683,RGB,108.1,6.77,False,d1c1d8b849c747bc,horizontal,0.7
inaturalist,inat_322661323_583741348.jpg,data/raw/inaturalist\inat_322661323_583741348.jpg,297778,False,1024,683,RGB,107.9,6.83,False,9a55e998d6897c83,horizontal,0.7
inaturalist,inat_322661323_583741373.jpg,data/raw/inaturalist\inat_322661323_583741373.jpg,284019,False,1024,683,RGB,124.7,9.37,False,b16dca3ba8c3a598,horizontal,0.7
inaturalist,inat_322661323_583741379.jpg,data/raw/inaturalist\inat_322661323_583741379.jpg,281758,False,1024,683,RGB,118.8,7.41,False,c98bcf08c545dfa4,horizontal,0.7
inaturalist,inat_322661323_583741384.jpg,data/raw/inaturalist\inat_322661323_583741384.jpg,321571,False,1024,683,RGB,123.3,7.56,False,81cec5a495db93b8,horizontal,0.7
inaturalist,inat_322661323_583741397.jpg,data/raw/inaturalist\inat_322661323_583741397.jpg,358944,False,1024,683,RGB,120.4,8.54,False,bcc6c8a0a7bce3c1,horizontal,0.7
inaturalist,inat_322661323_583741408.jpg,data/raw/inaturalist\inat_322661323_583741408.jpg,358429,False,1024,683,RGB,119.4,8.58,False,b0c6c8a4b7fec0c5,horizontal,0.7
inaturalist,inat_322661323_583741415.jpg,data/raw/inaturalist\inat_322661323_583741415.jpg,352580,False,1024,683,RGB,125.6,9.03,False,b4cec8a0a7fcc89c,horizontal,0.7
inaturalist,inat_322661323_583741420.jpg,data/raw/inaturalist\inat_322661323_583741420.jpg,329087,False,1024,683,RGB,125.0,8.2,False,c2ddcc88f7909b86,horizontal,0.7
inaturalist,inat_322661323_583741439.jpg,data/raw/inaturalist\inat_322661323_583741439.jpg,329048,False,1024,683,RGB,119.6,9.63,False,9542cfa93ef8801f,horizontal,0.7
inaturalist,inat_322661323_583741446.jpg,data/raw/inaturalist\inat_322661323_583741446.jpg,328567,False,1024,683,RGB,126.3,9.73,False,b6138c0f74d8b16e,horizontal,0.7
inaturalist,inat_322661323_583741457.jpg,data/raw/inaturalist\inat_322661323_583741457.jpg,283408,False,1024,683,RGB,127.9,9.2,False,8b85cc62b32fc05f,horizontal,0.7
inaturalist,inat_322661323_583741476.jpg,data/raw/inaturalist\inat_322661323_583741476.jpg,265259,False,1024,683,RGB,122.6,9.2,False,d78ad865203ce976,horizontal,0.7
inaturalist,inat_322661323_583741486.jpg,data/raw/inaturalist\inat_322661323_583741486.jpg,272072,False,1024,683,RGB,130.3,9.05,False,d79a9a5d003cc96e,horizontal,0.7
inaturalist,inat_322664608_583749272.jpg,data/raw/inaturalist\inat_322664608_583749272.jpg,323914,False,1024,683,RGB,155.4,11.03,False,f3a48c3863cf9899,horizontal,0.7
inaturalist,inat_322664608_583749293.jpg,data/raw/inaturalist\inat_322664608_583749293.jpg,367684,False,1024,683,RGB,156.5,13.61,False,e6e38939237e4ca1,horizontal,0.7
inaturalist,inat_322664608_583749294.jpg,data/raw/inaturalist\inat_322664608_583749294.jpg,324495,False,1024,683,RGB,165.4,12.21,False,e2a19d3167dca09b,horizontal,0.7
inaturalist,inat_322664608_583749307.jpg,data/raw/inaturalist\inat_322664608_583749307.jpg,318928,False,1024,683,RGB,160.3,11.57,False,f3a18c3067ceb09b,horizontal,0.7
inaturalist,inat_322664608_583749318.jpg,data/raw/inaturalist\inat_322664608_583749318.jpg,340710,False,1024,683,RGB,146.1,12.27,False,f1a48e3c73479c98,horizontal,0.7
inaturalist,inat_322664608_583749335.jpg,data/raw/inaturalist\inat_322664608_583749335.jpg,336751,False,1024,683,RGB,147.1,12.21,False,f3a48c3a63cf90b1,horizontal,0.7
inaturalist,inat_322664608_583749359.jpg,data/raw/inaturalist\inat_322664608_583749359.jpg,321669,False,1024,683,RGB,151.4,11.58,False,e1a48c3963df9859,horizontal,0.7
inaturalist,inat_322664608_583749378.jpg,data/raw/inaturalist\inat_322664608_583749378.jpg,357550,False,1024,683,RGB,132.7,12.54,False,e5f58c183266cd99,horizontal,0.7
inaturalist,inat_322664608_583749434.jpg,data/raw/inaturalist\inat_322664608_583749434.jpg,290234,False,1024,683,RGB,159.5,9.14,False,b2dccc2633598ce6,horizontal,0.7
inaturalist,inat_322664608_583749443.jpg,data/raw/inaturalist\inat_322664608_583749443.jpg,253731,False,1024,683,RGB,164.7,9.43,False,b0d1cdae3221d1dd,horizontal,0.7
inaturalist,inat_322664608_583749471.jpg,data/raw/inaturalist\inat_322664608_583749471.jpg,497971,False,1024,683,RGB,128.4,16.35,False,f1440df032cd5f59,horizontal,0.7
inaturalist,inat_322664608_583749513.jpg,data/raw/inaturalist\inat_322664608_583749513.jpg,523210,False,1024,683,RGB,131.3,17.16,False,f8c342437198ec3f,horizontal,0.7
inaturalist,inat_322664608_583749519.jpg,data/raw/inaturalist\inat_322664608_583749519.jpg,533658,False,1024,683,RGB,132.8,17.28,False,ffc9c84361188c77,horizontal,0.7
inaturalist,inat_322664608_583749533.jpg,data/raw/inaturalist\inat_322664608_583749533.jpg,513351,False,1024,683,RGB,130.4,15.27,False,9bcccc61704c8f73,horizontal,0.7
inaturalist,inat_322664608_583749563.jpg,data/raw/inaturalist\inat_322664608_583749563.jpg,416013,False,1024,683,RGB,121.4,14.24,False,99c6cc3913aecb86,horizontal,0.7
inaturalist,inat_322664608_583749596.jpg,data/raw/inaturalist\inat_322664608_583749596.jpg,486699,False,1024,683,RGB,110.2,14.03,False,90c3cc313fefe841,horizontal,0.7
inaturalist,inat_322664608_583749676.jpg,data/raw/inaturalist\inat_322664608_583749676.jpg,387901,False,1024,683,RGB,118.9,17.88,False,b3c0c53d76d08ec6,horizontal,0.7
inaturalist,inat_322664608_583749720.jpg,data/raw/inaturalist\inat_322664608_583749720.jpg,470234,False,1024,683,RGB,108.7,15.55,False,b26fc0193baa81dd,horizontal,0.7
inaturalist,inat_322664608_583749759.jpg,data/raw/inaturalist\inat_322664608_583749759.jpg,475707,False,1024,683,RGB,97.2,13.6,False,a31b9d6995e6045d,horizontal,0.7
inaturalist,inat_322664608_583749766.jpg,data/raw/inaturalist\inat_322664608_583749766.jpg,493335,False,1024,683,RGB,128.7,12.92,False,b2b8cc26ac1ef139,horizontal,0.7
inaturalist,inat_322824612_584059835.jpg,data/raw/inaturalist\inat_322824612_584059835.jpg,238324,False,1024,768,RGB,45.0,8.22,False,ba30cb50be7f806c,horizontal,0.79
inaturalist,inat_323642337_585644003.jpg,data/raw/inaturalist\inat_323642337_585644003.jpg,1173816,False,768,1024,RGB,124.4,9.73,False,ea2aa5d01a8ed5d5,vertical,0.79
inaturalist,inat_323642337_585644008.jpg,data/raw/inaturalist\inat_323642337_585644008.jpg,1203008,False,768,1024,RGB,125.1,8.34,False,ca0db5b58fa6e4a0,vertical,0.79
inaturalist,inat_324083822_586514857.jpg,data/raw/inaturalist\inat_324083822_586514857.jpg,523165,False,1024,768,RGB,149.5,24.44,False,f959d082d1e7d286,horizontal,0.79
inaturalist,inat_324367058_587073702.jpg,data/raw/inaturalist\inat_324367058_587073702.jpg,664480,False,577,1024,RGB,109.7,17.38,False,baf6c5c9c30f6025,vertical,0.59
inaturalist,inat_324591523_587527930.jpg,data/raw/inaturalist\inat_324591523_587527930.jpg,546590,False,768,1024,RGB,120.4,17.92,False,a564127f4e6865ba,vertical,0.79
inaturalist,inat_324739656_587829642.jpg,data/raw/inaturalist\inat_324739656_587829642.jpg,416728,False,1024,683,RGB,146.0,13.04,False,b6c69d388129db0f,horizontal,0.7
inaturalist,inat_324758885_587864225.jpg,data/raw/inaturalist\inat_324758885_587864225.jpg,477022,False,1024,683,RGB,116.9,12.59,False,a2fc1d8142a7d65e,horizontal,0.7
inaturalist,inat_324758885_587864270.jpg,data/raw/inaturalist\inat_324758885_587864270.jpg,566827,False,1024,683,RGB,118.9,15.16,False,a6f119377aac14d2,horizontal,0.7
inaturalist,inat_324758885_587864283.jpg,data/raw/inaturalist\inat_324758885_587864283.jpg,524354,False,1024,683,RGB,126.7,9.46,False,a6fe1a9863e70c46,horizontal,0.7
inaturalist,inat_324759155_587869969.jpg,data/raw/inaturalist\inat_324759155_587869969.jpg,558829,False,1024,683,RGB,88.4,28.78,False,948c9dc1fe2cd265,horizontal,0.7
inaturalist,inat_325385770_589122126.jpg,data/raw/inaturalist\inat_325385770_589122126.jpg,650339,False,836,1024,RGB,126.4,11.13,False,b7380bd3c9670d0e,vertical,0.86
inaturalist,inat_325594503_589534011.jpg,data/raw/inaturalist\inat_325594503_589534011.jpg,435027,False,1024,818,RGB,87.4,13.77,False,a3a9df32c86e32d0,horizontal,0.84
inaturalist,inat_326027658_590399108.jpg,data/raw/inaturalist\inat_326027658_590399108.jpg,231874,False,1024,683,RGB,171.1,29.23,False,a2a4cbb931a6a54f,horizontal,0.7
inaturalist,inat_326052695_590446809.jpg,data/raw/inaturalist\inat_326052695_590446809.jpg,297671,False,1024,768,RGB,123.2,16.9,False,d74ed03765182ef0,horizontal,0.79
inaturalist,inat_327391985_593117621.jpg,data/raw/inaturalist\inat_327391985_593117621.jpg,225976,False,1024,830,RGB,135.1,9.14,False,9b2ec5c039c6ca3d,horizontal,0.85
inaturalist,inat_327606298_593543093.jpg,data/raw/inaturalist\inat_327606298_593543093.jpg,536069,False,1024,683,RGB,96.2,21.25,False,87718883cbfcb1cc,horizontal,0.7
inaturalist,inat_327606298_593543114.jpg,data/raw/inaturalist\inat_327606298_593543114.jpg,600000,False,1024,683,RGB,124.5,29.59,False,f6c1fc2046abd827,horizontal,0.7
inaturalist,inat_327606298_593543128.jpg,data/raw/inaturalist\inat_327606298_593543128.jpg,496606,False,1024,683,RGB,95.0,21.92,False,83719886c3dcb1cf,horizontal,0.7
inaturalist,inat_327606298_593543149.jpg,data/raw/inaturalist\inat_327606298_593543149.jpg,594642,False,1024,683,RGB,118.8,24.91,False,d3c8c7b827d02fe0,horizontal,0.7
inaturalist,inat_327710614_593743330.jpg,data/raw/inaturalist\inat_327710614_593743330.jpg,489321,False,769,1024,RGB,163.7,5.09,False,d7146c636fd11964,vertical,0.79
inaturalist,inat_327710614_593743365.jpg,data/raw/inaturalist\inat_327710614_593743365.jpg,530645,False,769,1024,RGB,155.0,4.97,False,d7426e3967500d76,vertical,0.79
inaturalist,inat_327710614_593743410.jpg,data/raw/inaturalist\inat_327710614_593743410.jpg,476703,False,769,1024,RGB,148.2,4.91,False,d5436c3943dc0d76,vertical,0.79
inaturalist,inat_327792323_593894917.jpg,data/raw/inaturalist\inat_327792323_593894917.jpg,696932,False,1024,575,RGB,107.7,9.57,False,b5913decf218d8e0,horizontal,0.59
inaturalist,inat_327792323_593894919.jpg,data/raw/inaturalist\inat_327792323_593894919.jpg,841939,False,1024,1022,RGB,91.7,8.15,False,a4a99396f96b0764,horizontal,1.05
inaturalist,inat_327803075_593916054.jpg,data/raw/inaturalist\inat_327803075_593916054.jpg,1317369,False,1024,769,RGB,108.2,23.11,False,e233976d6890257b,horizontal,0.79
inaturalist,inat_327803154_593916857.jpg,data/raw/inaturalist\inat_327803154_593916857.jpg,1275141,False,1024,726,RGB,100.5,16.08,False,af29d892664a0ff8,horizontal,0.74
inaturalist,inat_327848537_594008593.jpg,data/raw/inaturalist\inat_327848537_594008593.jpg,1022192,False,1024,768,RGB,66.8,26.02,False,e5969b49ac24a5e6,horizontal,0.79
inaturalist,inat_327851811_594014688.jpg,data/raw/inaturalist\inat_327851811_594014688.jpg,536098,False,769,1024,RGB,147.8,3.46,False,c2bd43de19e40bc9,vertical,0.79
inaturalist,inat_327851811_597835900.jpg,data/raw/inaturalist\inat_327851811_597835900.jpg,361551,False,903,602,RGB,131.0,5.51,False,f2e688d933b654a8,horizontal,0.54
inaturalist,inat_327851811_597836540.jpg,data/raw/inaturalist\inat_327851811_597836540.jpg,453180,False,1024,683,RGB,133.8,5.77,False,b5c4858b2564f2fa,horizontal,0.7
inaturalist,inat_327851811_597836655.jpg,data/raw/inaturalist\inat_327851811_597836655.jpg,477381,False,1024,683,RGB,135.6,5.41,False,b0c486897376f8d9,horizontal,0.7
inaturalist,inat_327851811_597836853.jpg,data/raw/inaturalist\inat_327851811_597836853.jpg,323949,False,831,554,RGB,126.4,8.3,False,a3288d9ce4e47667,horizontal,0.46
inaturalist,inat_327851811_597836956.jpg,data/raw/inaturalist\inat_327851811_597836956.jpg,396835,False,915,610,RGB,128.7,7.76,False,a73f899ce6a4d106,horizontal,0.56
inaturalist,inat_328841178_595967831.jpg,data/raw/inaturalist\inat_328841178_595967831.jpg,145411,False,576,1024,RGB,95.0,14.12,False,add65289058c7e37,vertical,0.59
inaturalist,inat_32890636_51621012.jpg,data/raw/inaturalist\inat_32890636_51621012.jpg,561944,False,1024,768,RGB,213.0,29.16,False,f38c9837a7098f13,horizontal,0.79
inaturalist,inat_329334258_596954890.jpg,data/raw/inaturalist\inat_329334258_596954890.jpg,128931,False,1024,943,RGB,96.9,17.17,False,fae5c59a0d1c9ab0,horizontal,0.97
inaturalist,inat_329627214_597547788.jpg,data/raw/inaturalist\inat_329627214_597547788.jpg,45205,False,287,288,RGB,123.4,19.11,False,c646878e3d346b4e,vertical,0.08
inaturalist,inat_329860038_598007322.jpg,data/raw/inaturalist\inat_329860038_598007322.jpg,549058,False,1024,768,RGB,133.4,7.78,False,83659830f5d5cf1c,horizontal,0.79
inaturalist,inat_330183261_598677885.jpg,data/raw/inaturalist\inat_330183261_598677885.jpg,703390,False,771,1024,RGB,121.2,8.26,False,febc824c5f6862e0,vertical,0.79
inaturalist,inat_330183261_598677909.jpg,data/raw/inaturalist\inat_330183261_598677909.jpg,702106,False,771,1024,RGB,122.2,7.63,False,febc025c7a607296,vertical,0.79
inaturalist,inat_330365668_599049003.jpg,data/raw/inaturalist\inat_330365668_599049003.jpg,894349,False,1024,703,RGB,120.9,26.04,False,94b44b8f3c616976,horizontal,0.72
inaturalist,inat_330524329_599375050.jpg,data/raw/inaturalist\inat_330524329_599375050.jpg,1058803,False,768,1024,RGB,131.4,11.75,False,95744644d9135f9b,vertical,0.79
inaturalist,inat_330524329_599375052.jpg,data/raw/inaturalist\inat_330524329_599375052.jpg,1052537,False,768,1024,RGB,129.1,11.51,False,d6216d4d49e24eda,vertical,0.79
inaturalist,inat_330524329_599375055.jpg,data/raw/inaturalist\inat_330524329_599375055.jpg,1029788,False,768,1024,RGB,129.9,12.67,False,d7605d48d3165bb2,vertical,0.79
inaturalist,inat_330524329_599375056.jpg,data/raw/inaturalist\inat_330524329_599375056.jpg,1015247,False,768,1024,RGB,117.0,18.24,False,95744764dd13599a,vertical,0.79
inaturalist,inat_330524329_599375057.jpg,data/raw/inaturalist\inat_330524329_599375057.jpg,1037530,False,768,1024,RGB,131.7,11.55,False,94635d4d53a25eb2,vertical,0.79
inaturalist,inat_330524329_599375058.jpg,data/raw/inaturalist\inat_330524329_599375058.jpg,1042720,False,768,1024,RGB,130.3,11.6,False,d56f59da53867880,vertical,0.79
inaturalist,inat_330524329_599375060.jpg,data/raw/inaturalist\inat_330524329_599375060.jpg,1040196,False,768,1024,RGB,130.5,12.26,False,d56f59db42845c94,vertical,0.79
inaturalist,inat_330524329_599375061.jpg,data/raw/inaturalist\inat_330524329_599375061.jpg,1042322,False,768,1024,RGB,136.9,11.57,False,a50b39d725e485cb,vertical,0.79
inaturalist,inat_330524329_599375064.jpg,data/raw/inaturalist\inat_330524329_599375064.jpg,946293,False,768,1024,RGB,133.2,11.65,False,e93760b4296f8a5a,vertical,0.79
inaturalist,inat_330524329_599375066.jpg,data/raw/inaturalist\inat_330524329_599375066.jpg,790984,False,768,1024,RGB,103.6,8.99,False,d5d42a4a392d873d,vertical,0.79
inaturalist,inat_330524329_599375067.jpg,data/raw/inaturalist\inat_330524329_599375067.jpg,765149,False,768,1024,RGB,104.1,9.71,False,d4d52a4a3d2dd835,vertical,0.79
inaturalist,inat_330741656_599826523.jpg,data/raw/inaturalist\inat_330741656_599826523.jpg,667967,False,1024,888,RGB,165.7,11.6,False,f84bc69891b3a7c2,horizontal,0.91
inaturalist,inat_331410704_601204392.jpg,data/raw/inaturalist\inat_331410704_601204392.jpg,1086907,False,1024,683,RGB,137.4,9.4,False,ac939f93ce34801f,horizontal,0.7
inaturalist,inat_331410704_601204430.jpg,data/raw/inaturalist\inat_331410704_601204430.jpg,1101649,False,1024,683,RGB,134.6,7.01,False,8ba7459a2e536eb0,horizontal,0.7
inaturalist,inat_331410704_601204432.jpg,data/raw/inaturalist\inat_331410704_601204432.jpg,1085261,False,1024,683,RGB,134.7,7.06,False,8ba745163a17f934,horizontal,0.7
inaturalist,inat_331462626_601313534.jpg,data/raw/inaturalist\inat_331462626_601313534.jpg,1037411,False,683,1024,RGB,102.0,26.71,False,87a7cc99c74c69a1,vertical,0.7
inaturalist,inat_331462626_601313553.jpg,data/raw/inaturalist\inat_331462626_601313553.jpg,888008,False,1024,683,RGB,122.5,31.18,False,f41c8161c6a7dad3,horizontal,0.7
inaturalist,inat_331462626_601313563.jpg,data/raw/inaturalist\inat_331462626_601313563.jpg,1036772,False,1024,683,RGB,118.3,28.42,False,aca1d3761c6a4aad,horizontal,0.7
inaturalist,inat_331462626_601313626.jpg,data/raw/inaturalist\inat_331462626_601313626.jpg,619889,False,1024,683,RGB,113.0,36.94,False,e31e8461fc1c5ca7,horizontal,0.7
inaturalist,inat_331462626_601313637.jpg,data/raw/inaturalist\inat_331462626_601313637.jpg,1042201,False,1024,683,RGB,113.5,33.25,False,acb4c39646c47c3d,horizontal,0.7
inaturalist,inat_331462626_601313658.jpg,data/raw/inaturalist\inat_331462626_601313658.jpg,925715,False,1024,683,RGB,114.0,34.2,False,c7e99c299c26719a,horizontal,0.7
inaturalist,inat_331462626_601313709.jpg,data/raw/inaturalist\inat_331462626_601313709.jpg,952493,False,1024,683,RGB,118.3,31.81,False,a794d10717dc3eb0,horizontal,0.7
inaturalist,inat_331462626_601313725.jpg,data/raw/inaturalist\inat_331462626_601313725.jpg,958462,False,1024,683,RGB,125.5,30.65,False,a7bcd18712dc3c32,horizontal,0.7
inaturalist,inat_332251439_602930439.jpg,data/raw/inaturalist\inat_332251439_602930439.jpg,801184,False,800,564,RGB,115.8,9.17,False,f131da2ca6f658c1,horizontal,0.45
inaturalist,inat_33226643_52168792.jpg,data/raw/inaturalist\inat_33226643_52168792.jpg,475561,False,1024,768,RGB,146.8,25.11,False,932f8c29df4d9443,horizontal,0.79
inaturalist,inat_332286484_603092726.jpg,data/raw/inaturalist\inat_332286484_603092726.jpg,472249,False,1024,768,RGB,124.1,18.66,False,c258c34736b399b3,horizontal,0.79
inaturalist,inat_332286484_603092744.jpg,data/raw/inaturalist\inat_332286484_603092744.jpg,489760,False,1024,768,RGB,122.8,23.49,False,a02e8e113fc3edcc,horizontal,0.79
inaturalist,inat_332732628_603908292.jpg,data/raw/inaturalist\inat_332732628_603908292.jpg,744376,False,1024,768,RGB,117.1,32.53,False,b805c732e6cd7166,horizontal,0.79
inaturalist,inat_332732628_603908305.jpg,data/raw/inaturalist\inat_332732628_603908305.jpg,655125,False,1024,768,RGB,116.1,25.12,False,9d98e3255a5d9156,horizontal,0.79
inaturalist,inat_332732628_603908306.jpg,data/raw/inaturalist\inat_332732628_603908306.jpg,608531,False,1024,719,RGB,108.6,18.86,False,e867992860fb9c66,horizontal,0.74
inaturalist,inat_332732628_603908322.jpg,data/raw/inaturalist\inat_332732628_603908322.jpg,540624,False,1024,768,RGB,113.1,21.74,False,f188876833cba63e,horizontal,0.79
inaturalist,inat_33306082_52302791.jpg,data/raw/inaturalist\inat_33306082_52302791.jpg,515375,False,1024,768,RGB,161.0,31.44,False,a20c1ffd789c2e62,horizontal,0.79
inaturalist,inat_33340910_52359720.jpg,data/raw/inaturalist\inat_33340910_52359720.jpg,467601,False,1024,768,RGB,106.5,28.62,False,962d5976674a4e70,horizontal,0.79
inaturalist,inat_334047681_606544102.jpg,data/raw/inaturalist\inat_334047681_606544102.jpg,886192,False,769,1024,RGB,102.4,10.12,False,83257c0d239387bf,vertical,0.79
inaturalist,inat_334286556_607031805.jpg,data/raw/inaturalist\inat_334286556_607031805.jpg,435564,False,768,1024,RGB,127.9,4.78,False,e6b59886293d6699,vertical,0.79
inaturalist,inat_334286556_607031829.jpg,data/raw/inaturalist\inat_334286556_607031829.jpg,449634,False,768,1024,RGB,128.8,4.72,False,f194ced9202e317e,vertical,0.79
inaturalist,inat_334286556_607031845.jpg,data/raw/inaturalist\inat_334286556_607031845.jpg,449621,False,768,1024,RGB,127.4,4.79,False,f1948ec9a42e31ee,vertical,0.79
inaturalist,inat_334286556_607031858.jpg,data/raw/inaturalist\inat_334286556_607031858.jpg,434250,False,768,1024,RGB,129.0,5.8,False,b2b799b642c1c9c6,vertical,0.79
inaturalist,inat_334286556_607031876.jpg,data/raw/inaturalist\inat_334286556_607031876.jpg,497422,False,768,1024,RGB,125.4,6.96,False,b3c66db232cdc950,vertical,0.79
inaturalist,inat_334286556_607031890.jpg,data/raw/inaturalist\inat_334286556_607031890.jpg,510306,False,768,1024,RGB,126.3,6.88,False,f7c469b2ecc95290,vertical,0.79
inaturalist,inat_334286556_607031906.jpg,data/raw/inaturalist\inat_334286556_607031906.jpg,463216,False,768,1024,RGB,127.9,6.07,False,b7ba1db833829c29,vertical,0.79
inaturalist,inat_334286556_607031924.jpg,data/raw/inaturalist\inat_334286556_607031924.jpg,463299,False,768,1024,RGB,134.6,5.22,False,8bcb4fa1ed60c4d8,vertical,0.79
inaturalist,inat_334450549_607365726.jpg,data/raw/inaturalist\inat_334450549_607365726.jpg,324683,False,1024,768,RGB,122.4,18.56,False,c5ca461b70642fd7,horizontal,0.79
inaturalist,inat_334485270_607436333.jpg,data/raw/inaturalist\inat_334485270_607436333.jpg,183270,False,858,572,RGB,125.6,7.24,False,b9d3434f2ca86d29,horizontal,0.49
inaturalist,inat_334559150_607587772.jpg,data/raw/inaturalist\inat_334559150_607587772.jpg,176494,False,735,490,RGB,124.5,7.12,False,b9d3c3532c1ccd2a,horizontal,0.36
inaturalist,inat_334662218_607792042.jpg,data/raw/inaturalist\inat_334662218_607792042.jpg,133197,False,735,490,RGB,124.5,7.17,False,b9d3c3532c1ccd2a,horizontal,0.36
inaturalist,inat_335428335_609592049.jpg,data/raw/inaturalist\inat_335428335_609592049.jpg,535023,False,1024,819,RGB,127.9,21.92,False,f1b34bccf0053ba2,horizontal,0.84
inaturalist,inat_335428335_609592057.jpg,data/raw/inaturalist\inat_335428335_609592057.jpg,512074,False,1024,819,RGB,127.2,21.84,False,a3c99ab6b761092e,horizontal,0.84
inaturalist,inat_335428335_609592063.jpg,data/raw/inaturalist\inat_335428335_609592063.jpg,540746,False,1024,819,RGB,130.3,21.93,False,b1bbc0c6f411b9c3,horizontal,0.84
inaturalist,inat_335428335_609592077.jpg,data/raw/inaturalist\inat_335428335_609592077.jpg,516318,False,1024,819,RGB,129.2,22.25,False,b1bbc8cef4113983,horizontal,0.84
inaturalist,inat_336086781_610673967.jpg,data/raw/inaturalist\inat_336086781_610673967.jpg,1262474,False,1024,768,RGB,112.0,63.71,False,b2bcf3430ccf3219,horizontal,0.79
inaturalist,inat_336086781_611438225.jpg,data/raw/inaturalist\inat_336086781_611438225.jpg,1823425,False,1024,911,RGB,91.6,57.26,False,d3658ddce243883b,horizontal,0.93
inaturalist,inat_336086781_611438230.jpg,data/raw/inaturalist\inat_336086781_611438230.jpg,1247614,False,768,1024,RGB,100.0,40.56,False,aed3e5ca31349899,vertical,0.79
inaturalist,inat_336086781_611438239.jpg,data/raw/inaturalist\inat_336086781_611438239.jpg,2088358,False,1024,1024,RGB,123.8,31.22,False,e697496a34ca6396,cuadrada,1.05
inaturalist,inat_336086781_611438243.jpg,data/raw/inaturalist\inat_336086781_611438243.jpg,1975331,False,1024,1024,RGB,121.6,30.9,False,e599522e71d2ba61,cuadrada,1.05
inaturalist,inat_336086781_611438249.jpg,data/raw/inaturalist\inat_336086781_611438249.jpg,1856296,False,1024,1024,RGB,111.2,30.76,False,a5163b6f64d69119,cuadrada,1.05
inaturalist,inat_336086781_611438260.jpg,data/raw/inaturalist\inat_336086781_611438260.jpg,1678132,False,1024,1024,RGB,103.3,24.09,False,e8a993cf6643412f,cuadrada,1.05
inaturalist,inat_336399806_611299207.jpg,data/raw/inaturalist\inat_336399806_611299207.jpg,122644,False,631,348,RGB,134.7,33.63,False,b7f407b0a38dd017,horizontal,0.22
inaturalist,inat_336399806_611299212.jpg,data/raw/inaturalist\inat_336399806_611299212.jpg,121989,False,644,334,RGB,99.3,25.87,False,8d965164a3a695dd,horizontal,0.22
inaturalist,inat_336414635_611332417.jpg,data/raw/inaturalist\inat_336414635_611332417.jpg,417488,False,1024,420,RGB,114.3,13.69,False,a3a1a7a5d1c7504f,horizontal,0.43
inaturalist,inat_336415483_611332919.jpg,data/raw/inaturalist\inat_336415483_611332919.jpg,805472,False,768,1024,RGB,84.3,11.04,False,855b29d41cdb6fa0,vertical,0.79
inaturalist,inat_337211000_612954229.jpg,data/raw/inaturalist\inat_337211000_612954229.jpg,12957,False,471,362,RGB,155.6,3.97,False,a6e09999b6a76561,horizontal,0.17
inaturalist,inat_337327874_613192552.jpg,data/raw/inaturalist\inat_337327874_613192552.jpg,1251626,False,768,1024,RGB,105.9,11.4,False,d89e999a3960e98e,vertical,0.79
inaturalist,inat_337404729_613351246.jpg,data/raw/inaturalist\inat_337404729_613351246.jpg,1129142,False,1024,683,RGB,102.1,14.78,False,dbdc6d0362ccf1c0,horizontal,0.7
inaturalist,inat_338014824_614602509.jpg,data/raw/inaturalist\inat_338014824_614602509.jpg,63065,False,637,481,RGB,45.9,8.29,False,ab1ac6659b72a670,horizontal,0.31
inaturalist,inat_338242610_615066857.jpg,data/raw/inaturalist\inat_338242610_615066857.jpg,156281,False,535,545,RGB,154.2,17.2,False,bc91c36c30d36b4e,vertical,0.29
inaturalist,inat_338242610_615068008.jpg,data/raw/inaturalist\inat_338242610_615068008.jpg,187932,False,640,657,RGB,138.6,20.89,False,e194dc6d34924be5,vertical,0.42
inaturalist,inat_338242610_615068034.jpg,data/raw/inaturalist\inat_338242610_615068034.jpg,170011,False,543,606,RGB,154.0,10.75,False,b8cc421d9ce65dc3,vertical,0.33
inaturalist,inat_338242610_615068053.jpg,data/raw/inaturalist\inat_338242610_615068053.jpg,154103,False,522,536,RGB,137.2,9.39,False,b48ecf71320cbcc3,vertical,0.28
inaturalist,inat_338502989_615608476.jpg,data/raw/inaturalist\inat_338502989_615608476.jpg,191374,False,1024,576,RGB,97.5,14.07,False,8ecbe298c7946792,horizontal,0.59
inaturalist,inat_338728748_616057244.jpg,data/raw/inaturalist\inat_338728748_616057244.jpg,212198,False,766,1024,RGB,123.3,8.48,False,e3cb37cf9246902a,vertical,0.78
inaturalist,inat_338728748_616060709.jpg,data/raw/inaturalist\inat_338728748_616060709.jpg,726179,False,766,1024,RGB,125.8,12.6,False,896d56569e0acd35,vertical,0.78
inaturalist,inat_338728748_616060781.jpg,data/raw/inaturalist\inat_338728748_616060781.jpg,699366,False,766,1024,RGB,124.4,9.06,False,c25a74b894c92dbb,vertical,0.78
inaturalist,inat_338911279_616416320.jpg,data/raw/inaturalist\inat_338911279_616416320.jpg,221052,False,1024,941,RGB,80.8,15.1,False,b2834d5eb1234e9e,horizontal,0.96
inaturalist,inat_339346436_617299522.jpg,data/raw/inaturalist\inat_339346436_617299522.jpg,80637,False,421,768,RGB,113.2,9.3,False,a4a4bddd5d4ca1e0,vertical,0.32
inaturalist,inat_339346436_617300693.jpg,data/raw/inaturalist\inat_339346436_617300693.jpg,81857,False,432,768,RGB,111.1,7.84,False,90bab0baf21b4b1e,vertical,0.33
inaturalist,inat_339346436_617309528.jpg,data/raw/inaturalist\inat_339346436_617309528.jpg,60915,False,417,684,RGB,126.8,8.61,False,85885877e7ea0b1b,vertical,0.29
inaturalist,inat_339495933_617716203.jpg,data/raw/inaturalist\inat_339495933_617716203.jpg,271307,False,793,1024,RGB,152.1,22.88,False,e5c0d2fd64148f63,vertical,0.81
inaturalist,inat_339496023_617716212.jpg,data/raw/inaturalist\inat_339496023_617716212.jpg,157261,False,576,1024,RGB,148.0,18.69,False,e60f8bc5656919cc,vertical,0.59
inaturalist,inat_339496023_617716218.jpg,data/raw/inaturalist\inat_339496023_617716218.jpg,243681,False,576,1024,RGB,135.6,12.73,False,f95818fa85b50ec6,vertical,0.59
inaturalist,inat_339496023_617716228.jpg,data/raw/inaturalist\inat_339496023_617716228.jpg,239742,False,576,1024,RGB,140.9,12.05,False,f3400ec674d3c56e,vertical,0.59
inaturalist,inat_339550771_617718184.jpg,data/raw/inaturalist\inat_339550771_617718184.jpg,350451,False,576,1024,RGB,159.7,15.7,False,b12f0c7833e33c6c,vertical,0.59
inaturalist,inat_339550771_617718193.jpg,data/raw/inaturalist\inat_339550771_617718193.jpg,277062,False,576,1024,RGB,113.6,8.52,False,932c5c7352cc59ab,vertical,0.59
inaturalist,inat_33968556_53406948.jpg,data/raw/inaturalist\inat_33968556_53406948.jpg,560437,False,1024,768,RGB,156.9,12.23,False,ca2ef0d9664b4ccc,horizontal,0.79
inaturalist,inat_339794405_618207164.jpg,data/raw/inaturalist\inat_339794405_618207164.jpg,784543,False,1024,768,RGB,130.9,18.56,False,81fd9d0ada5cc8d1,horizontal,0.79
inaturalist,inat_339794405_618207165.jpg,data/raw/inaturalist\inat_339794405_618207165.jpg,815623,False,1024,768,RGB,119.8,17.56,False,97400f31f6eb1c0f,horizontal,0.79
inaturalist,inat_339824113_618270634.jpg,data/raw/inaturalist\inat_339824113_618270634.jpg,229840,False,1024,768,RGB,139.0,33.32,False,b1e0ce4f28b1d34e,horizontal,0.79
inaturalist,inat_340019034_618669461.jpg,data/raw/inaturalist\inat_340019034_618669461.jpg,190598,False,974,649,RGB,91.3,17.6,False,a863c60eb30e7e72,horizontal,0.63
inaturalist,inat_340019034_618669482.jpg,data/raw/inaturalist\inat_340019034_618669482.jpg,184314,False,908,605,RGB,108.6,19.12,False,ee6ed219ac1df820,horizontal,0.55
inaturalist,inat_340358050_619362862.jpg,data/raw/inaturalist\inat_340358050_619362862.jpg,1121351,False,1024,768,RGB,117.4,20.68,False,f59c98928b5f6149,horizontal,0.79
inaturalist,inat_340782794_620221352.jpg,data/raw/inaturalist\inat_340782794_620221352.jpg,738568,False,1024,1024,RGB,116.1,9.64,False,ad65789b9116606f,cuadrada,1.05
inaturalist,inat_340782794_620221353.jpg,data/raw/inaturalist\inat_340782794_620221353.jpg,735092,False,1024,1024,RGB,124.6,9.17,False,84a65e5346d47d6c,cuadrada,1.05
inaturalist,inat_340782794_620221355.jpg,data/raw/inaturalist\inat_340782794_620221355.jpg,457666,False,1024,640,RGB,112.8,6.92,False,b52b6e415fd81469,horizontal,0.66
inaturalist,inat_340782794_620221369.jpg,data/raw/inaturalist\inat_340782794_620221369.jpg,495064,False,1024,640,RGB,116.2,11.81,False,acd04acf0de9cb25,horizontal,0.66
inaturalist,inat_342174734_623059003.jpg,data/raw/inaturalist\inat_342174734_623059003.jpg,558642,False,1024,768,RGB,135.8,5.88,False,8c0d0d6d6d6cc7c9,horizontal,0.79
inaturalist,inat_342174734_623059082.jpg,data/raw/inaturalist\inat_342174734_623059082.jpg,559732,False,1024,768,RGB,125.2,4.95,False,c1237ff84e0c60f6,horizontal,0.79
inaturalist,inat_343009633_624726094.jpg,data/raw/inaturalist\inat_343009633_624726094.jpg,73658,False,768,1024,RGB,201.9,9.6,False,b3cc4933c6996627,vertical,0.79
inaturalist,inat_343225428_625171182.jpg,data/raw/inaturalist\inat_343225428_625171182.jpg,236282,False,1024,768,RGB,175.2,8.7,False,e38043dcd9dc6ed0,horizontal,0.79
inaturalist,inat_343225428_625171188.jpg,data/raw/inaturalist\inat_343225428_625171188.jpg,283160,False,1024,768,RGB,159.7,6.01,False,8e8937e070f06bb3,horizontal,0.79
inaturalist,inat_343225428_625171194.jpg,data/raw/inaturalist\inat_343225428_625171194.jpg,241914,False,1024,768,RGB,137.0,8.22,False,87dc314952f23f26,horizontal,0.79
inaturalist,inat_343225428_625171226.jpg,data/raw/inaturalist\inat_343225428_625171226.jpg,296987,False,1024,768,RGB,168.1,6.61,False,82b4737e624d9a6a,horizontal,0.79
inaturalist,inat_343225428_625171227.jpg,data/raw/inaturalist\inat_343225428_625171227.jpg,216907,False,1024,768,RGB,156.1,7.73,False,fcb4198f3452991e,horizontal,0.79
inaturalist,inat_344020678_626763001.jpg,data/raw/inaturalist\inat_344020678_626763001.jpg,122083,False,612,586,RGB,178.8,15.72,False,b324cc33398cce9d,horizontal,0.36
inaturalist,inat_344020678_626763065.jpg,data/raw/inaturalist\inat_344020678_626763065.jpg,221860,False,894,744,RGB,188.4,15.9,False,b324ccc633b98dac,horizontal,0.67
inaturalist,inat_344020678_626763408.jpg,data/raw/inaturalist\inat_344020678_626763408.jpg,259188,False,738,740,RGB,143.6,17.34,False,a719d9cc23a90bce,vertical,0.55
inaturalist,inat_344020678_626763736.jpg,data/raw/inaturalist\inat_344020678_626763736.jpg,261774,False,878,714,RGB,154.2,15.85,False,f033cc8d63d4978c,horizontal,0.63
inaturalist,inat_344020678_626764185.jpg,data/raw/inaturalist\inat_344020678_626764185.jpg,181023,False,720,576,RGB,129.6,14.69,False,997fc4e0739618d4,horizontal,0.41
inaturalist,inat_344056031_626839054.jpg,data/raw/inaturalist\inat_344056031_626839054.jpg,189595,False,577,1024,RGB,123.0,16.96,False,abcb613514e56aa3,vertical,0.59
inaturalist,inat_344056031_626839097.jpg,data/raw/inaturalist\inat_344056031_626839097.jpg,175816,False,587,1024,RGB,118.3,16.7,False,d09ad6703d3d515a,vertical,0.6
inaturalist,inat_344697768_628011140.jpg,data/raw/inaturalist\inat_344697768_628011140.jpg,133187,False,1024,682,RGB,60.7,14.29,False,c2553eb363ec4934,horizontal,0.7
inaturalist,inat_344697768_628011146.jpg,data/raw/inaturalist\inat_344697768_628011146.jpg,129157,False,1024,682,RGB,61.4,14.36,False,c45dbe23cccc4837,horizontal,0.7
inaturalist,inat_344697768_628011184.jpg,data/raw/inaturalist\inat_344697768_628011184.jpg,136308,False,1024,682,RGB,68.1,16.38,False,c5701dae22ecda4b,horizontal,0.7
inaturalist,inat_344697768_628011188.jpg,data/raw/inaturalist\inat_344697768_628011188.jpg,138185,False,1024,682,RGB,68.5,16.59,False,cd02b36c6dd0167e,horizontal,0.7
inaturalist,inat_344697768_628011202.jpg,data/raw/inaturalist\inat_344697768_628011202.jpg,132374,False,1024,682,RGB,56.7,14.23,False,c518bc26cbdd1b25,horizontal,0.7
inaturalist,inat_344697768_628011213.jpg,data/raw/inaturalist\inat_344697768_628011213.jpg,125422,False,1024,682,RGB,52.7,13.51,False,c600b966fad9532d,horizontal,0.7
inaturalist,inat_344697768_628011222.jpg,data/raw/inaturalist\inat_344697768_628011222.jpg,126461,False,1024,682,RGB,51.5,13.39,False,d3711c3c3323bec8,horizontal,0.7
inaturalist,inat_34490534_54290036.jpg,data/raw/inaturalist\inat_34490534_54290036.jpg,145502,False,680,1024,RGB,83.0,5.22,False,adc091dd91e8d6e4,vertical,0.7
inaturalist,inat_34490534_54290038.jpg,data/raw/inaturalist\inat_34490534_54290038.jpg,174079,False,1024,681,RGB,120.7,6.03,False,e383ce5cbe1e5038,horizontal,0.7
inaturalist,inat_344928187_628527758.jpg,data/raw/inaturalist\inat_344928187_628527758.jpg,719825,False,768,1024,RGB,149.4,38.17,False,b5ec742ec67206e1,vertical,0.79
inaturalist,inat_344928187_628527761.jpg,data/raw/inaturalist\inat_344928187_628527761.jpg,1217842,False,768,1024,RGB,109.7,6.69,False,8611fac4883d7c7d,vertical,0.79
inaturalist,inat_344928187_628527764.jpg,data/raw/inaturalist\inat_344928187_628527764.jpg,1211779,False,768,1024,RGB,105.5,6.69,False,8a3bda1a9d38cdc8,vertical,0.79
inaturalist,inat_344928187_628527765.jpg,data/raw/inaturalist\inat_344928187_628527765.jpg,1162488,False,768,1024,RGB,106.0,9.01,False,a3e01d3ffb440696,vertical,0.79
inaturalist,inat_344928187_628527766.jpg,data/raw/inaturalist\inat_344928187_628527766.jpg,1285199,False,768,1024,RGB,113.7,13.09,False,f18cce7b52c538e0,vertical,0.79
inaturalist,inat_344960842_628587077.jpg,data/raw/inaturalist\inat_344960842_628587077.jpg,323875,False,1024,683,RGB,128.6,31.3,False,e50652e8a2d2ed67,horizontal,0.7
inaturalist,inat_344960893_628587456.jpg,data/raw/inaturalist\inat_344960893_628587456.jpg,368364,False,1024,683,RGB,118.4,33.09,False,b3ea9c45650e990f,horizontal,0.7
inaturalist,inat_345538681_629729280.jpg,data/raw/inaturalist\inat_345538681_629729280.jpg,340118,False,1024,683,RGB,122.1,23.7,False,a340993d63be80f7,horizontal,0.7
inaturalist,inat_345538681_629729299.jpg,data/raw/inaturalist\inat_345538681_629729299.jpg,323934,False,1024,683,RGB,144.5,19.68,False,b2033c763379ccac,horizontal,0.7
inaturalist,inat_345538681_629729330.jpg,data/raw/inaturalist\inat_345538681_629729330.jpg,293559,False,1024,683,RGB,111.7,20.54,False,f6e68a1137d6a815,horizontal,0.7
inaturalist,inat_345538681_629729347.jpg,data/raw/inaturalist\inat_345538681_629729347.jpg,317771,False,1024,683,RGB,122.0,20.29,False,922dc90c6e9bd8e5,horizontal,0.7
inaturalist,inat_345583106_629819962.jpg,data/raw/inaturalist\inat_345583106_629819962.jpg,334864,False,1024,683,RGB,121.2,20.52,False,b34cec33959d1127,horizontal,0.7
inaturalist,inat_345583106_629820017.jpg,data/raw/inaturalist\inat_345583106_629820017.jpg,362378,False,1024,682,RGB,104.9,21.03,False,eed1daa285a805f5,horizontal,0.7
inaturalist,inat_345583106_629820047.jpg,data/raw/inaturalist\inat_345583106_629820047.jpg,373456,False,1024,683,RGB,88.9,21.73,False,f1ceca69715ad08c,horizontal,0.7
inaturalist,inat_345583106_629820076.jpg,data/raw/inaturalist\inat_345583106_629820076.jpg,355211,False,1024,683,RGB,93.7,22.89,False,efd8913403ec153b,horizontal,0.7
inaturalist,inat_345583106_629820109.jpg,data/raw/inaturalist\inat_345583106_629820109.jpg,304723,False,1024,683,RGB,122.0,19.59,False,ed8833624f59d8c6,horizontal,0.7
inaturalist,inat_347645626_633897009.jpg,data/raw/inaturalist\inat_347645626_633897009.jpg,587040,False,576,1024,RGB,185.9,12.93,False,d1920ccf8ff66434,vertical,0.59
inaturalist,inat_347645626_633899439.jpg,data/raw/inaturalist\inat_347645626_633899439.jpg,595661,False,576,1024,RGB,133.4,23.42,False,ca244af7b41e68da,vertical,0.59
inaturalist,inat_34878154_54948257.jpg,data/raw/inaturalist\inat_34878154_54948257.jpg,570807,False,1024,768,RGB,146.0,6.6,False,e30b5b66a46574b8,horizontal,0.79
inaturalist,inat_349624219_637808081.jpg,data/raw/inaturalist\inat_349624219_637808081.jpg,842722,False,1024,683,RGB,153.1,12.74,False,b7c0cc34738ee4a9,horizontal,0.7
inaturalist,inat_349872186_638290028.jpg,data/raw/inaturalist\inat_349872186_638290028.jpg,245768,False,1024,576,RGB,92.8,7.47,False,a5a79a1bc9956998,horizontal,0.59
inaturalist,inat_351516123_641482041.jpg,data/raw/inaturalist\inat_351516123_641482041.jpg,404547,False,1024,683,RGB,146.8,16.09,False,eb4e8e631932f1c4,horizontal,0.7
inaturalist,inat_351516126_641482043.jpg,data/raw/inaturalist\inat_351516126_641482043.jpg,422986,False,1024,683,RGB,120.7,19.17,False,be93966c954c5c98,horizontal,0.7
inaturalist,inat_351516127_641482045.jpg,data/raw/inaturalist\inat_351516127_641482045.jpg,424749,False,1024,683,RGB,141.0,16.36,False,e94e87711d51fc06,horizontal,0.7
inaturalist,inat_351516133_641482384.jpg,data/raw/inaturalist\inat_351516133_641482384.jpg,453383,False,1024,683,RGB,143.3,16.6,False,fdc5cc1b224ea847,horizontal,0.7
inaturalist,inat_351516135_641482403.jpg,data/raw/inaturalist\inat_351516135_641482403.jpg,435299,False,1024,683,RGB,145.8,16.52,False,f3e9c9166459a38c,horizontal,0.7
inaturalist,inat_351516137_641482410.jpg,data/raw/inaturalist\inat_351516137_641482410.jpg,342165,False,1024,683,RGB,144.0,16.75,False,f1dd00f6e2d3a851,horizontal,0.7
inaturalist,inat_351516140_641482605.jpg,data/raw/inaturalist\inat_351516140_641482605.jpg,347979,False,1024,683,RGB,140.9,16.55,False,f9dd0a72e2c9ad20,horizontal,0.7
inaturalist,inat_351516141_641482870.jpg,data/raw/inaturalist\inat_351516141_641482870.jpg,377902,False,1024,683,RGB,144.5,17.63,False,faa8c99e2671c14e,horizontal,0.7
inaturalist,inat_351516142_641482787.jpg,data/raw/inaturalist\inat_351516142_641482787.jpg,413728,False,1024,683,RGB,158.2,16.9,False,f1dd0276e2d9aa60,horizontal,0.7
inaturalist,inat_351516145_641482987.jpg,data/raw/inaturalist\inat_351516145_641482987.jpg,446048,False,1024,683,RGB,121.9,17.7,False,fbacc91ba6347061,horizontal,0.7
inaturalist,inat_351516146_641483065.jpg,data/raw/inaturalist\inat_351516146_641483065.jpg,452163,False,1024,683,RGB,123.7,18.28,False,f99cec0913ab54b1,horizontal,0.7
inaturalist,inat_351516147_641483067.jpg,data/raw/inaturalist\inat_351516147_641483067.jpg,346256,False,1024,683,RGB,138.3,17.42,False,f1dd0876e6c1af20,horizontal,0.7
inaturalist,inat_351516152_641483079.jpg,data/raw/inaturalist\inat_351516152_641483079.jpg,424765,False,1024,683,RGB,145.3,17.68,False,f9cd0c3660d1abd4,horizontal,0.7
inaturalist,inat_351516153_641483284.jpg,data/raw/inaturalist\inat_351516153_641483284.jpg,400874,False,1024,683,RGB,140.2,19.5,False,8ee7e658a15f5181,horizontal,0.7
inaturalist,inat_351516154_641483279.jpg,data/raw/inaturalist\inat_351516154_641483279.jpg,332277,False,1024,683,RGB,149.6,16.88,False,f1dd0a76e1d1ac50,horizontal,0.7
inaturalist,inat_351516160_641483361.jpg,data/raw/inaturalist\inat_351516160_641483361.jpg,486003,False,1024,683,RGB,148.0,16.43,False,f6d2852c6217c2fc,horizontal,0.7
inaturalist,inat_351516161_641483285.jpg,data/raw/inaturalist\inat_351516161_641483285.jpg,444838,False,1024,683,RGB,124.5,19.22,False,fe94e44d51ab2c70,horizontal,0.7
inaturalist,inat_351516163_641483410.jpg,data/raw/inaturalist\inat_351516163_641483410.jpg,413970,False,1024,683,RGB,159.9,16.9,False,f1cd02f2e3d9a852,horizontal,0.7
inaturalist,inat_351516168_641483416.jpg,data/raw/inaturalist\inat_351516168_641483416.jpg,441425,False,1024,683,RGB,146.5,18.36,False,f5cd18f6e073a8c0,horizontal,0.7
inaturalist,inat_351516170_641483455.jpg,data/raw/inaturalist\inat_351516170_641483455.jpg,354129,False,1024,683,RGB,138.3,17.47,False,f5dd0a72e0c1ad62,horizontal,0.7
inaturalist,inat_351516171_641483525.jpg,data/raw/inaturalist\inat_351516171_641483525.jpg,452712,False,1024,683,RGB,148.4,17.59,False,f2c64a73e251a572,horizontal,0.7
inaturalist,inat_351516174_641483593.jpg,data/raw/inaturalist\inat_351516174_641483593.jpg,412150,False,1024,683,RGB,145.8,18.86,False,b7c54c182257aed9,horizontal,0.7
inaturalist,inat_351516175_641483645.jpg,data/raw/inaturalist\inat_351516175_641483645.jpg,439696,False,1024,683,RGB,145.1,18.64,False,98e64e182b5ba57a,horizontal,0.7
inaturalist,inat_351598168_641643330.jpg,data/raw/inaturalist\inat_351598168_641643330.jpg,286152,False,960,658,RGB,120.4,6.64,False,c0451b6ee4975b69,horizontal,0.63
inaturalist,inat_351866524_642163854.jpg,data/raw/inaturalist\inat_351866524_642163854.jpg,23936,False,426,353,RGB,136.3,8.55,False,a90b9634346a6f9d,horizontal,0.15
inaturalist,inat_351866524_642164018.jpg,data/raw/inaturalist\inat_351866524_642164018.jpg,275918,False,1024,683,RGB,192.4,3.22,False,b7a8c31936ffc280,horizontal,0.7
inaturalist,inat_351866524_654434663.jpg,data/raw/inaturalist\inat_351866524_654434663.jpg,24017,False,268,224,RGB,154.4,20.46,False,e56c9b3e30318e36,horizontal,0.06
inaturalist,inat_351866524_654434732.jpg,data/raw/inaturalist\inat_351866524_654434732.jpg,57436,False,494,603,RGB,163.8,29.46,False,b13c8c6311d4aede,vertical,0.3
inaturalist,inat_351866524_654434761.jpg,data/raw/inaturalist\inat_351866524_654434761.jpg,64080,False,584,614,RGB,171.6,19.9,False,e721994a33d7acd0,vertical,0.36
inaturalist,inat_352358683_643113614.jpg,data/raw/inaturalist\inat_352358683_643113614.jpg,219460,False,1024,768,RGB,174.4,5.07,False,def6a1893c686643,horizontal,0.79
inaturalist,inat_353787379_645463093.jpg,data/raw/inaturalist\inat_353787379_645463093.jpg,480825,False,768,1024,RGB,80.5,12.26,False,ed01812e7bf8c52b,vertical,0.79
inaturalist,inat_353787514_645568793.jpg,data/raw/inaturalist\inat_353787514_645568793.jpg,824137,False,839,1024,RGB,104.9,17.52,False,e152ce6c763c9983,vertical,0.86
inaturalist,inat_354300539_646357483.jpg,data/raw/inaturalist\inat_354300539_646357483.jpg,981176,False,1024,782,RGB,76.3,11.81,False,f13b1a0fb383c750,horizontal,0.8
inaturalist,inat_354510156_646699969.jpg,data/raw/inaturalist\inat_354510156_646699969.jpg,1148072,False,768,1024,RGB,153.9,9.94,False,970a68630dc79db6,vertical,0.79
inaturalist,inat_357763747_652425747.jpg,data/raw/inaturalist\inat_357763747_652425747.jpg,427920,False,1024,768,RGB,122.3,15.11,False,cff3fa8081071af8,horizontal,0.79
inaturalist,inat_357763747_652425775.jpg,data/raw/inaturalist\inat_357763747_652425775.jpg,219585,False,1024,768,RGB,99.6,26.55,False,ce0e33e1881d7f70,horizontal,0.79
inaturalist,inat_358811826_654604107.jpg,data/raw/inaturalist\inat_358811826_654604107.jpg,921490,False,1024,682,RGB,141.7,13.0,False,973ed93963e64821,horizontal,0.7
inaturalist,inat_359300782_655531384.jpg,data/raw/inaturalist\inat_359300782_655531384.jpg,271407,False,454,1024,RGB,123.5,12.13,False,f16066eeb931254e,vertical,0.46
inaturalist,inat_35977834_56807271.jpg,data/raw/inaturalist\inat_35977834_56807271.jpg,598217,False,936,1024,RGB,90.7,2.16,False,f9f0de105e43684b,vertical,0.96
inaturalist,inat_360374635_657576256.jpg,data/raw/inaturalist\inat_360374635_657576256.jpg,275736,False,836,746,RGB,153.0,6.53,False,e627c9846673d989,horizontal,0.62
inaturalist,inat_362589414_661796145.jpg,data/raw/inaturalist\inat_362589414_661796145.jpg,68766,False,575,398,RGB,130.0,6.53,False,c7514cbcf264858f,horizontal,0.23
inaturalist,inat_362847370_662282417.jpg,data/raw/inaturalist\inat_362847370_662282417.jpg,113271,False,770,670,RGB,135.5,8.52,False,f32898bb76ca8d30,horizontal,0.52
inaturalist,inat_36352681_57456052.jpg,data/raw/inaturalist\inat_36352681_57456052.jpg,737945,False,1024,812,RGB,122.5,13.55,False,f5c1d81b5a92b782,horizontal,0.83
inaturalist,inat_363818292_664142511.jpg,data/raw/inaturalist\inat_363818292_664142511.jpg,1246278,False,768,1024,RGB,119.9,8.41,False,f07e8ccb4e612e32,vertical,0.79
inaturalist,inat_36412527_57556471.jpg,data/raw/inaturalist\inat_36412527_57556471.jpg,383529,False,1024,768,RGB,74.3,5.0,False,b685695675549c8d,horizontal,0.79
inaturalist,inat_364447173_665312071.jpg,data/raw/inaturalist\inat_364447173_665312071.jpg,524422,False,1024,768,RGB,132.4,8.38,False,f1e4b612b5120fea,horizontal,0.79
inaturalist,inat_364447173_665312103.jpg,data/raw/inaturalist\inat_364447173_665312103.jpg,469974,False,1024,768,RGB,133.5,8.37,False,f1e5b612b1360ecc,horizontal,0.79
inaturalist,inat_364447173_665312123.jpg,data/raw/inaturalist\inat_364447173_665312123.jpg,497716,False,1024,768,RGB,131.7,8.51,False,d3e5bc12b7160e58,horizontal,0.79
inaturalist,inat_364447173_665312174.jpg,data/raw/inaturalist\inat_364447173_665312174.jpg,486655,False,1024,768,RGB,132.4,8.53,False,d3e5b613b5160e58,horizontal,0.79
inaturalist,inat_364447173_665312224.jpg,data/raw/inaturalist\inat_364447173_665312224.jpg,355031,False,1024,768,RGB,121.0,6.07,False,943c4bf51a303fc3,horizontal,0.79
inaturalist,inat_364447173_665312248.jpg,data/raw/inaturalist\inat_364447173_665312248.jpg,352441,False,1024,768,RGB,121.2,6.07,False,943c4bf51a303fc3,horizontal,0.79
inaturalist,inat_364447173_674992508.jpg,data/raw/inaturalist\inat_364447173_674992508.jpg,706527,False,1024,683,RGB,100.5,11.36,False,872744d11ccaaedb,horizontal,0.7
inaturalist,inat_364456716_665331026.jpg,data/raw/inaturalist\inat_364456716_665331026.jpg,906322,False,1024,683,RGB,153.8,30.41,False,b6e488d8077ad07e,horizontal,0.7
inaturalist,inat_364553282_665522889.jpg,data/raw/inaturalist\inat_364553282_665522889.jpg,913900,False,768,1024,RGB,94.2,19.72,False,a2d2d22d0dbd6d1a,vertical,0.79
inaturalist,inat_364826385_666030987.jpg,data/raw/inaturalist\inat_364826385_666030987.jpg,611263,False,1024,768,RGB,105.0,28.35,False,f2c7a8cc92b0d88f,horizontal,0.79
inaturalist,inat_364998321_666364022.jpg,data/raw/inaturalist\inat_364998321_666364022.jpg,312929,False,1024,810,RGB,139.3,23.25,False,be43d839a794486e,horizontal,0.83
inaturalist,inat_36604788_57884124.jpg,data/raw/inaturalist\inat_36604788_57884124.jpg,287941,False,1024,768,RGB,110.9,13.94,False,acd1edd4d28b0b31,horizontal,0.79
inaturalist,inat_36604792_57884138.jpg,data/raw/inaturalist\inat_36604792_57884138.jpg,284034,False,1024,768,RGB,50.7,8.12,False,f8076be0207f1fd0,horizontal,0.79
inaturalist,inat_367792235_671682127.jpg,data/raw/inaturalist\inat_367792235_671682127.jpg,125135,False,1024,577,RGB,144.0,11.25,False,b6624c8939b03fc7,horizontal,0.59
inaturalist,inat_367792235_671682235.jpg,data/raw/inaturalist\inat_367792235_671682235.jpg,106124,False,1024,577,RGB,115.8,11.07,False,e5ec7a9a84f009d6,horizontal,0.59
inaturalist,inat_367853632_671810104.jpg,data/raw/inaturalist\inat_367853632_671810104.jpg,449715,False,1024,716,RGB,143.0,12.72,False,d8480cce2595e76f,horizontal,0.73
inaturalist,inat_36801638_58233951.jpg,data/raw/inaturalist\inat_36801638_58233951.jpg,193849,False,1024,576,RGB,135.8,17.98,False,83cccd556233f938,horizontal,0.59
inaturalist,inat_368144596_672371091.jpg,data/raw/inaturalist\inat_368144596_672371091.jpg,796289,False,771,1024,RGB,119.8,29.96,False,efc6c16c193638aa,vertical,0.79
inaturalist,inat_368144596_672371509.jpg,data/raw/inaturalist\inat_368144596_672371509.jpg,921734,False,771,1024,RGB,97.6,16.11,False,c3edf8c727124ae0,vertical,0.79
inaturalist,inat_368144596_672371969.jpg,data/raw/inaturalist\inat_368144596_672371969.jpg,876039,False,771,1024,RGB,86.6,15.25,False,c6cf69d0efe30228,vertical,0.79
inaturalist,inat_368144596_672372415.jpg,data/raw/inaturalist\inat_368144596_672372415.jpg,869527,False,771,1024,RGB,87.1,14.74,False,c7876998c66ee60a,vertical,0.79
inaturalist,inat_368149644_672379400.jpg,data/raw/inaturalist\inat_368149644_672379400.jpg,942549,False,1024,767,RGB,121.3,7.16,False,ada5d396686db112,horizontal,0.79
inaturalist,inat_368149644_672379402.jpg,data/raw/inaturalist\inat_368149644_672379402.jpg,881945,False,1024,767,RGB,117.2,8.2,False,dbc2043c3a306eef,horizontal,0.79
inaturalist,inat_368149644_672379407.jpg,data/raw/inaturalist\inat_368149644_672379407.jpg,901170,False,1024,768,RGB,112.0,10.34,False,a79c33792d218c9d,horizontal,0.79
inaturalist,inat_368149644_672379445.jpg,data/raw/inaturalist\inat_368149644_672379445.jpg,1020502,False,1024,768,RGB,123.9,7.83,False,c98cb7976a4d44b4,horizontal,0.79
inaturalist,inat_368161655_672403871.jpg,data/raw/inaturalist\inat_368161655_672403871.jpg,716405,False,768,1024,RGB,137.6,28.63,False,82bd2935272fe583,vertical,0.79
inaturalist,inat_368161655_672403895.jpg,data/raw/inaturalist\inat_368161655_672403895.jpg,676637,False,768,1024,RGB,141.0,29.52,False,d6916a90713b7535,vertical,0.79
inaturalist,inat_368161655_682202570.jpg,data/raw/inaturalist\inat_368161655_682202570.jpg,165996,False,1024,683,RGB,122.2,14.81,False,d14f8e9af23349a4,horizontal,0.7
inaturalist,inat_369551257_675043283.jpg,data/raw/inaturalist\inat_369551257_675043283.jpg,795520,False,771,1024,RGB,116.9,8.93,False,b686e77887c0b887,vertical,0.79
inaturalist,inat_370741557_677318315.jpg,data/raw/inaturalist\inat_370741557_677318315.jpg,455310,False,1024,768,RGB,126.4,23.19,False,f0e58bda34ccc833,horizontal,0.79
inaturalist,inat_370741557_677318361.jpg,data/raw/inaturalist\inat_370741557_677318361.jpg,458972,False,1024,768,RGB,125.7,20.3,False,fa62c9c925a63e2a,horizontal,0.79
inaturalist,inat_370741557_677318397.jpg,data/raw/inaturalist\inat_370741557_677318397.jpg,470206,False,1024,768,RGB,121.5,20.94,False,a19b8f6472d92837,horizontal,0.79
inaturalist,inat_370741557_677318438.jpg,data/raw/inaturalist\inat_370741557_677318438.jpg,364789,False,1024,768,RGB,123.1,19.58,False,f0ca8f6f9c809a36,horizontal,0.79
inaturalist,inat_370741557_677318467.jpg,data/raw/inaturalist\inat_370741557_677318467.jpg,448786,False,1024,768,RGB,128.9,18.77,False,e3c298b94cd53732,horizontal,0.79
inaturalist,inat_371116146_678043644.jpg,data/raw/inaturalist\inat_371116146_678043644.jpg,665083,False,768,1024,RGB,107.0,12.1,False,d56c0a312bf72d34,vertical,0.79
inaturalist,inat_371116146_678043676.jpg,data/raw/inaturalist\inat_371116146_678043676.jpg,691819,False,768,1024,RGB,186.0,9.65,False,d7ba598366ac1929,vertical,0.79
inaturalist,inat_371116146_678043708.jpg,data/raw/inaturalist\inat_371116146_678043708.jpg,724176,False,744,1024,RGB,183.7,9.41,False,f13bc6c223721e96,vertical,0.76
inaturalist,inat_371116146_678043726.jpg,data/raw/inaturalist\inat_371116146_678043726.jpg,703081,False,747,1024,RGB,188.6,9.88,False,d310544777dd1c2d,vertical,0.76
inaturalist,inat_371116146_678043759.jpg,data/raw/inaturalist\inat_371116146_678043759.jpg,659684,False,767,1024,RGB,169.7,9.41,False,d1ba54a7639d08e9,vertical,0.79
inaturalist,inat_371116146_678043787.jpg,data/raw/inaturalist\inat_371116146_678043787.jpg,751689,False,768,1024,RGB,179.3,9.75,False,810917571f4c1fb7,vertical,0.79
inaturalist,inat_371116146_678043817.jpg,data/raw/inaturalist\inat_371116146_678043817.jpg,710749,False,768,1024,RGB,179.8,10.51,False,914717d4433f099f,vertical,0.79
inaturalist,inat_371116146_678045686.jpg,data/raw/inaturalist\inat_371116146_678045686.jpg,739258,False,768,1024,RGB,180.1,8.54,False,c90306160b3f3df7,vertical,0.79
inaturalist,inat_371245105_678279170.jpg,data/raw/inaturalist\inat_371245105_678279170.jpg,219862,False,576,1024,RGB,93.9,10.91,False,ec2f13d026eb98d8,vertical,0.59
inaturalist,inat_371377548_678526437.jpg,data/raw/inaturalist\inat_371377548_678526437.jpg,1139490,False,1024,768,RGB,126.1,15.12,False,dab544fa816ed0c3,horizontal,0.79
inaturalist,inat_371452062_678670667.jpg,data/raw/inaturalist\inat_371452062_678670667.jpg,553358,False,1024,1024,RGB,106.6,26.58,False,f1829e6d6e9472d0,cuadrada,1.05
inaturalist,inat_371452062_678671968.jpg,data/raw/inaturalist\inat_371452062_678671968.jpg,365503,False,1024,683,RGB,90.7,28.3,False,f0ce9fd50f6a3030,horizontal,0.7
inaturalist,inat_371452062_678671969.jpg,data/raw/inaturalist\inat_371452062_678671969.jpg,416351,False,768,1024,RGB,101.5,26.02,False,e5979b43b53460ca,vertical,0.79
inaturalist,inat_371766648_679268031.jpg,data/raw/inaturalist\inat_371766648_679268031.jpg,1165976,False,1024,682,RGB,98.5,18.86,False,e695d9689476426b,horizontal,0.7
inaturalist,inat_371766648_679268428.jpg,data/raw/inaturalist\inat_371766648_679268428.jpg,1010093,False,1024,768,RGB,123.1,19.7,False,f0ca8f6f9c809a36,horizontal,0.79
inaturalist,inat_371766648_679268430.jpg,data/raw/inaturalist\inat_371766648_679268430.jpg,1222966,False,1024,768,RGB,126.4,23.5,False,f0e58bda34ccc833,horizontal,0.79
inaturalist,inat_371766648_679268441.jpg,data/raw/inaturalist\inat_371766648_679268441.jpg,1785701,False,1023,1024,RGB,106.5,26.99,False,f1809e6d6e9672d0,vertical,1.05
inaturalist,inat_371766648_679268454.jpg,data/raw/inaturalist\inat_371766648_679268454.jpg,1192575,False,1024,768,RGB,125.6,20.55,False,fa62c9c925a63e2a,horizontal,0.79
inaturalist,inat_371957478_679641693.jpg,data/raw/inaturalist\inat_371957478_679641693.jpg,186331,False,1024,683,RGB,117.1,40.73,False,c131960ccbb777a8,horizontal,0.7
inaturalist,inat_374491713_684507616.jpg,data/raw/inaturalist\inat_374491713_684507616.jpg,11447719,False,800,450,P,120.3,17.37,False,cb80b549ed45d237,horizontal,0.36
inaturalist,inat_374687138_684879156.jpg,data/raw/inaturalist\inat_374687138_684879156.jpg,319141,False,711,947,RGB,153.3,8.18,False,e5964cc0d9ce9b31,vertical,0.67
inaturalist,inat_374780708_685067206.jpg,data/raw/inaturalist\inat_374780708_685067206.jpg,729598,False,1024,768,RGB,156.4,28.64,False,ac6bd99f26005967,horizontal,0.79
inaturalist,inat_375008924_685502111.jpg,data/raw/inaturalist\inat_375008924_685502111.jpg,348816,False,1024,701,RGB,135.5,16.01,False,f727c03899b11fa8,horizontal,0.72
inaturalist,inat_376144543_687693939.jpg,data/raw/inaturalist\inat_376144543_687693939.jpg,857295,False,1024,781,RGB,135.7,19.8,False,a7d807f867967822,horizontal,0.8
inaturalist,inat_37769733_59936551.jpg,data/raw/inaturalist\inat_37769733_59936551.jpg,541845,False,1024,678,RGB,83.5,20.91,False,f4e9b685c9925623,horizontal,0.69
inaturalist,inat_37769733_59947432.jpg,data/raw/inaturalist\inat_37769733_59947432.jpg,732943,False,1024,768,RGB,136.4,22.45,False,969bc31e68678959,horizontal,0.79
inaturalist,inat_37769733_59947435.jpg,data/raw/inaturalist\inat_37769733_59947435.jpg,726970,False,768,1024,RGB,141.7,25.44,False,f97394a3251c98e6,vertical,0.79
inaturalist,inat_37924789_60197776.jpg,data/raw/inaturalist\inat_37924789_60197776.jpg,428915,False,768,1024,RGB,89.1,14.67,False,bda373daae2088aa,vertical,0.79
inaturalist,inat_37924789_60197784.jpg,data/raw/inaturalist\inat_37924789_60197784.jpg,485977,False,768,1024,RGB,109.3,12.83,False,fdf4b495090efc01,vertical,0.79
inaturalist,inat_37924789_60197790.jpg,data/raw/inaturalist\inat_37924789_60197790.jpg,478322,False,768,1024,RGB,102.1,13.79,False,eae2bfe0c0aac592,vertical,0.79
inaturalist,inat_380155555_695460971.jpg,data/raw/inaturalist\inat_380155555_695460971.jpg,64814,False,380,213,RGB,103.1,18.35,False,f2e338482723e5ec,horizontal,0.08
inaturalist,inat_38065943_60444332.jpg,data/raw/inaturalist\inat_38065943_60444332.jpg,293685,False,784,1024,RGB,109.0,14.63,False,ebc0bcca8661f23c,vertical,0.8
inaturalist,inat_381027924_697167453.jpg,data/raw/inaturalist\inat_381027924_697167453.jpg,223974,False,456,1024,RGB,194.2,30.92,False,e2999c6387ad6923,vertical,0.47
inaturalist,inat_381027924_697167497.jpg,data/raw/inaturalist\inat_381027924_697167497.jpg,229164,False,456,1024,RGB,188.8,34.21,False,949dddc06691e0f3,vertical,0.47
inaturalist,inat_381027924_697167543.jpg,data/raw/inaturalist\inat_381027924_697167543.jpg,251900,False,456,1024,RGB,187.0,32.94,False,bcd141cf2ea1a9e8,vertical,0.47
inaturalist,inat_381027924_697167585.jpg,data/raw/inaturalist\inat_381027924_697167585.jpg,225703,False,456,1024,RGB,192.0,34.55,False,949df1c16691e0f3,vertical,0.47
inaturalist,inat_381027924_697232827.jpg,data/raw/inaturalist\inat_381027924_697232827.jpg,175239,False,450,515,RGB,127.9,38.17,False,a20e85e96f1c8fa9,vertical,0.23
inaturalist,inat_381027924_697232853.jpg,data/raw/inaturalist\inat_381027924_697232853.jpg,73525,False,325,378,RGB,148.8,45.24,False,b0898af633cccd78,vertical,0.12
inaturalist,inat_381308170_697688992.jpg,data/raw/inaturalist\inat_381308170_697688992.jpg,77618,False,437,511,RGB,124.0,15.04,False,a3d30923e7de06d8,vertical,0.22
inaturalist,inat_381308170_697689010.jpg,data/raw/inaturalist\inat_381308170_697689010.jpg,110779,False,384,572,RGB,116.2,13.21,False,bef6c92911163699,vertical,0.22
inaturalist,inat_381308170_697689011.jpg,data/raw/inaturalist\inat_381308170_697689011.jpg,110555,False,433,542,RGB,89.6,10.31,False,ad56926119ac5e8f,vertical,0.23
inaturalist,inat_384029108_702929636.jpg,data/raw/inaturalist\inat_384029108_702929636.jpg,225869,False,996,789,RGB,143.7,14.9,False,e3aa0c17378dc4cd,horizontal,0.79
inaturalist,inat_384029108_702929799.jpg,data/raw/inaturalist\inat_384029108_702929799.jpg,209226,False,952,827,RGB,144.0,13.24,False,f2ab281f160fc9d1,horizontal,0.79
inaturalist,inat_384138381_703145886.jpg,data/raw/inaturalist\inat_384138381_703145886.jpg,872554,False,768,1024,RGB,126.4,25.7,False,b5b98e81a15e4b99,vertical,0.79
inaturalist,inat_384301806_703458405.jpg,data/raw/inaturalist\inat_384301806_703458405.jpg,673054,False,771,1024,RGB,105.7,11.49,False,b67f80447a99be22,vertical,0.79
inaturalist,inat_384301806_703458661.jpg,data/raw/inaturalist\inat_384301806_703458661.jpg,629306,False,771,1024,RGB,113.5,20.72,False,a62a99596b6a9a95,vertical,0.79
inaturalist,inat_384301806_703458718.jpg,data/raw/inaturalist\inat_384301806_703458718.jpg,541175,False,576,1024,RGB,125.5,14.13,False,8b75d80ee66b5838,vertical,0.59
inaturalist,inat_384301806_703458838.jpg,data/raw/inaturalist\inat_384301806_703458838.jpg,763122,False,771,1024,RGB,92.1,9.31,False,ce3b833833cd784a,vertical,0.79
inaturalist,inat_384301806_703458897.jpg,data/raw/inaturalist\inat_384301806_703458897.jpg,752671,False,771,1024,RGB,101.3,15.72,False,bf6c803b9c7270d4,vertical,0.79
inaturalist,inat_387762324_711210894.jpg,data/raw/inaturalist\inat_387762324_711210894.jpg,448630,False,1024,683,RGB,121.7,3.65,False,b43c39794947486f,horizontal,0.7
inaturalist,inat_389213189_712910192.jpg,data/raw/inaturalist\inat_389213189_712910192.jpg,1109743,False,768,1024,RGB,114.4,20.43,False,d56a8b553ac93698,vertical,0.79
inaturalist,inat_389213189_712910193.jpg,data/raw/inaturalist\inat_389213189_712910193.jpg,1215727,False,1024,768,RGB,106.9,17.9,False,b697c94b526261e6,horizontal,0.79
inaturalist,inat_389213189_712910200.jpg,data/raw/inaturalist\inat_389213189_712910200.jpg,1139436,False,768,1024,RGB,136.9,4.27,False,e8daae053df4f202,vertical,0.79
inaturalist,inat_389760420_713968740.jpg,data/raw/inaturalist\inat_389760420_713968740.jpg,699122,False,771,1024,RGB,139.8,24.28,False,e2e68ea03bcde630,vertical,0.79
inaturalist,inat_390381556_715187375.jpg,data/raw/inaturalist\inat_390381556_715187375.jpg,279383,False,720,480,RGB,233.8,12.66,False,e67989e436c1e32c,horizontal,0.35
inaturalist,inat_390381556_715187394.jpg,data/raw/inaturalist\inat_390381556_715187394.jpg,302415,False,720,480,RGB,168.5,27.33,False,918e1847b798fb32,horizontal,0.35
inaturalist,inat_390381556_715187427.jpg,data/raw/inaturalist\inat_390381556_715187427.jpg,297140,False,720,480,RGB,168.4,27.36,False,d4e7984233d6cc59,horizontal,0.35
inaturalist,inat_390381556_715187440.jpg,data/raw/inaturalist\inat_390381556_715187440.jpg,281090,False,720,480,RGB,232.6,13.35,False,e647d9766654432c,horizontal,0.35
inaturalist,inat_391008482_716412171.jpg,data/raw/inaturalist\inat_391008482_716412171.jpg,511143,False,1024,683,RGB,97.6,20.46,False,92cd2b964c6f5e03,horizontal,0.7
inaturalist,inat_391008482_716412377.jpg,data/raw/inaturalist\inat_391008482_716412377.jpg,504248,False,1024,683,RGB,95.4,18.93,False,96ca3a94eaeb4585,horizontal,0.7
inaturalist,inat_391554946_717480089.jpg,data/raw/inaturalist\inat_391554946_717480089.jpg,345166,False,768,1024,RGB,128.1,8.27,False,92352cca307f5dc5,vertical,0.79
inaturalist,inat_391971517_718279343.jpg,data/raw/inaturalist\inat_391971517_718279343.jpg,1017666,False,1024,768,RGB,144.0,19.75,False,b7d9083f718d85a2,horizontal,0.79
inaturalist,inat_391971517_718279356.jpg,data/raw/inaturalist\inat_391971517_718279356.jpg,1065644,False,1024,768,RGB,137.1,18.21,False,d3c398c9bdc0cc3a,horizontal,0.79
inaturalist,inat_392280160_718874268.jpg,data/raw/inaturalist\inat_392280160_718874268.jpg,937170,False,1024,704,RGB,127.5,12.64,False,b33ec44973961e70,horizontal,0.72
inaturalist,inat_392280160_718874273.jpg,data/raw/inaturalist\inat_392280160_718874273.jpg,1021570,False,1024,655,RGB,131.3,10.74,False,b206fd8434f4cc79,horizontal,0.67
inaturalist,inat_392280160_718874282.jpg,data/raw/inaturalist\inat_392280160_718874282.jpg,936293,False,1024,698,RGB,127.1,12.6,False,a32ac40b739e7f21,horizontal,0.71
inaturalist,inat_392991797_720245901.jpg,data/raw/inaturalist\inat_392991797_720245901.jpg,318082,False,1024,576,RGB,115.3,8.9,False,965cc8368d2bca76,horizontal,0.59
inaturalist,inat_39303499_62339452.jpg,data/raw/inaturalist\inat_39303499_62339452.jpg,585741,False,768,1024,RGB,102.5,23.15,False,fcc686ea664ce305,vertical,0.79
inaturalist,inat_39318254_62362185.jpg,data/raw/inaturalist\inat_39318254_62362185.jpg,578851,False,1024,1023,RGB,178.0,8.59,False,eab59748e4956a34,horizontal,1.05
inaturalist,inat_3941361_4642425.jpg,data/raw/inaturalist\inat_3941361_4642425.jpg,412018,False,768,1024,RGB,117.1,20.98,False,b527447a45dc71c9,vertical,0.79
inaturalist,inat_394359318_722961441.jpg,data/raw/inaturalist\inat_394359318_722961441.jpg,534085,False,1024,729,RGB,111.6,16.77,False,d5e59e5031a1ee4c,horizontal,0.75
inaturalist,inat_394359318_722961443.jpg,data/raw/inaturalist\inat_394359318_722961443.jpg,543475,False,1024,729,RGB,113.1,16.27,False,c1e194d639b1e2da,horizontal,0.75
inaturalist,inat_394359318_722961444.jpg,data/raw/inaturalist\inat_394359318_722961444.jpg,1079794,False,1024,729,RGB,110.2,15.34,False,c12c631cf09ade73,horizontal,0.75
inaturalist,inat_394359318_722961457.jpg,data/raw/inaturalist\inat_394359318_722961457.jpg,1089472,False,1024,729,RGB,110.3,17.86,False,e65f932d1680f12b,horizontal,0.75
inaturalist,inat_39476682_62637454.jpg,data/raw/inaturalist\inat_39476682_62637454.jpg,346447,False,982,1024,RGB,113.5,32.52,False,9ccdcfb23dc29411,vertical,1.01
inaturalist,inat_3949312_4653132.jpg,data/raw/inaturalist\inat_3949312_4653132.jpg,224116,False,768,1024,RGB,118.8,36.61,False,b5b764bc238c6c46,vertical,0.79
inaturalist,inat_3949312_4653133.jpg,data/raw/inaturalist\inat_3949312_4653133.jpg,209381,False,768,1024,RGB,84.2,43.49,False,d1cb197016dbe03d,vertical,0.79
inaturalist,inat_3949312_4653134.jpg,data/raw/inaturalist\inat_3949312_4653134.jpg,210797,False,768,1024,RGB,99.6,47.08,False,c4d41276ab2395ee,vertical,0.79
inaturalist,inat_395450065_725103486.jpg,data/raw/inaturalist\inat_395450065_725103486.jpg,487220,False,1024,683,RGB,149.9,9.74,False,998cf676d3412b94,horizontal,0.7
inaturalist,inat_39572560_62794763.jpg,data/raw/inaturalist\inat_39572560_62794763.jpg,426885,False,1024,678,RGB,56.7,22.17,False,8f332eae912798b2,horizontal,0.69
inaturalist,inat_39572560_62794770.jpg,data/raw/inaturalist\inat_39572560_62794770.jpg,395785,False,1024,678,RGB,58.9,20.69,False,8e8f186c936e98b6,horizontal,0.69
inaturalist,inat_395847042_725864701.jpg,data/raw/inaturalist\inat_395847042_725864701.jpg,845102,False,1024,576,RGB,126.3,44.19,False,e796c96dc846d231,horizontal,0.59
inaturalist,inat_395897101_725964198.jpg,data/raw/inaturalist\inat_395897101_725964198.jpg,676492,False,683,1024,RGB,133.3,7.55,False,ae2ac6c7b4b0dc58,vertical,0.7
inaturalist,inat_395897101_725964255.jpg,data/raw/inaturalist\inat_395897101_725964255.jpg,568450,False,577,1024,RGB,147.9,5.65,False,a1b6f35039084fb7,vertical,0.59
inaturalist,inat_40437497_64173882.jpg,data/raw/inaturalist\inat_40437497_64173882.jpg,434551,False,1024,768,RGB,76.8,10.75,False,c6d9f8e42c663233,horizontal,0.79
inaturalist,inat_40690518_64503751.jpg,data/raw/inaturalist\inat_40690518_64503751.jpg,282255,False,1024,768,RGB,127.9,3.71,False,847f616b231c9f1a,horizontal,0.79
inaturalist,inat_40826240_64720256.jpg,data/raw/inaturalist\inat_40826240_64720256.jpg,603651,False,1024,768,RGB,117.3,12.5,False,d2dadc973d616031,horizontal,0.79
inaturalist,inat_40826240_64720267.jpg,data/raw/inaturalist\inat_40826240_64720267.jpg,656128,False,1024,768,RGB,114.5,10.39,False,c385d69d3f60c946,horizontal,0.79
inaturalist,inat_40826240_67655132.jpg,data/raw/inaturalist\inat_40826240_67655132.jpg,505178,False,1024,768,RGB,161.0,5.33,False,d4d3ecb0871c6ccc,horizontal,0.79
inaturalist,inat_40826240_67655157.jpg,data/raw/inaturalist\inat_40826240_67655157.jpg,490066,False,1024,768,RGB,163.6,6.4,False,c5d69912276d94b6,horizontal,0.79
inaturalist,inat_40836667_64734733.jpg,data/raw/inaturalist\inat_40836667_64734733.jpg,310492,False,1024,768,RGB,92.4,4.9,False,be8995d2926d2723,horizontal,0.79
inaturalist,inat_40836667_64734736.jpg,data/raw/inaturalist\inat_40836667_64734736.jpg,995761,False,1024,768,RGB,123.7,10.4,False,b9666971829e5e32,horizontal,0.79
inaturalist,inat_40836667_64734745.jpg,data/raw/inaturalist\inat_40836667_64734745.jpg,415411,False,1024,768,RGB,84.1,8.26,False,b60ff02b722c6b64,horizontal,0.79
inaturalist,inat_41835616_66382833.jpg,data/raw/inaturalist\inat_41835616_66382833.jpg,514888,False,1024,524,RGB,99.4,15.28,False,874c9dc4729de632,horizontal,0.54
inaturalist,inat_41835616_66383476.jpg,data/raw/inaturalist\inat_41835616_66383476.jpg,515762,False,1024,581,RGB,140.7,13.54,False,b40dbf7789913684,horizontal,0.59
inaturalist,inat_41887209_66468683.jpg,data/raw/inaturalist\inat_41887209_66468683.jpg,78902,False,720,720,RGB,112.6,13.67,False,bb82cc80bf0afa0f,cuadrada,0.52
inaturalist,inat_42415614_67344971.jpg,data/raw/inaturalist\inat_42415614_67344971.jpg,329958,False,1024,576,RGB,112.2,9.28,False,92cd9cd20df0d38d,horizontal,0.59
inaturalist,inat_42415616_67345007.jpg,data/raw/inaturalist\inat_42415616_67345007.jpg,303896,False,1024,576,RGB,111.4,0.0,True,d8b3e7cf139018d2,horizontal,0.59
inaturalist,inat_42415620_67345130.jpg,data/raw/inaturalist\inat_42415620_67345130.jpg,339731,False,1024,576,RGB,127.6,9.92,False,818a72e91cf26c9f,horizontal,0.59
inaturalist,inat_42566614_67592901.jpg,data/raw/inaturalist\inat_42566614_67592901.jpg,951063,False,1024,1024,RGB,136.1,40.92,False,f5349fc03a1ce7c0,cuadrada,1.05
inaturalist,inat_42567797_67594777.jpg,data/raw/inaturalist\inat_42567797_67594777.jpg,890537,False,1024,679,RGB,125.8,24.86,False,a5c952e652a5aab6,horizontal,0.7
inaturalist,inat_42568480_67595857.jpg,data/raw/inaturalist\inat_42568480_67595857.jpg,877952,False,1024,674,RGB,106.2,18.11,False,91da8ea4b8d2b393,horizontal,0.69
inaturalist,inat_42574409_67605496.jpg,data/raw/inaturalist\inat_42574409_67605496.jpg,1170369,False,1024,1024,RGB,151.6,7.63,False,e8e785729c05f30b,cuadrada,1.05
inaturalist,inat_42574409_67606969.jpg,data/raw/inaturalist\inat_42574409_67606969.jpg,1259601,False,1024,688,RGBA,175.1,6.76,False,de972fd8a15cc094,horizontal,0.7
inaturalist,inat_42835772_68027109.jpg,data/raw/inaturalist\inat_42835772_68027109.jpg,453508,False,768,1024,RGB,93.0,16.18,False,b2356fd234a41e99,vertical,0.79
inaturalist,inat_42835772_68027161.jpg,data/raw/inaturalist\inat_42835772_68027161.jpg,437216,False,768,1024,RGB,112.0,20.62,False,ccb75039cc5c72ac,vertical,0.79
inaturalist,inat_42835772_68027196.jpg,data/raw/inaturalist\inat_42835772_68027196.jpg,475167,False,768,1024,RGB,152.3,2.71,False,959406071a7f7f1c,vertical,0.79
inaturalist,inat_42835772_68027274.jpg,data/raw/inaturalist\inat_42835772_68027274.jpg,457169,False,768,1024,RGB,98.3,16.19,False,e50ae9d0d81d8bf2,vertical,0.79
inaturalist,inat_42835772_68027338.jpg,data/raw/inaturalist\inat_42835772_68027338.jpg,249709,False,768,1024,RGB,92.0,11.02,False,ca15edc09f605d9a,vertical,0.79
inaturalist,inat_42835772_68027359.jpg,data/raw/inaturalist\inat_42835772_68027359.jpg,421884,False,768,1024,RGB,102.2,12.36,False,88f453c2a7a3cc5d,vertical,0.79
inaturalist,inat_42835772_68027384.jpg,data/raw/inaturalist\inat_42835772_68027384.jpg,418515,False,768,1024,RGB,102.8,14.89,False,cc1b14ef3d20327d,vertical,0.79
inaturalist,inat_42835772_68027411.jpg,data/raw/inaturalist\inat_42835772_68027411.jpg,424280,False,768,1024,RGB,104.3,7.76,False,f480b59d0f2b7958,vertical,0.79
inaturalist,inat_42835772_68027479.jpg,data/raw/inaturalist\inat_42835772_68027479.jpg,539824,False,768,1024,RGB,145.8,7.31,False,e295429d4679355b,vertical,0.79
inaturalist,inat_44231592_70129001.jpg,data/raw/inaturalist\inat_44231592_70129001.jpg,358277,False,1024,683,RGB,129.6,31.25,False,a7b09552ca61dd39,horizontal,0.7
inaturalist,inat_44231592_70129556.jpg,data/raw/inaturalist\inat_44231592_70129556.jpg,240620,False,683,1024,RGB,105.5,10.41,False,e1961c5b6729362b,vertical,0.7
inaturalist,inat_44299923_70163934.jpg,data/raw/inaturalist\inat_44299923_70163934.jpg,237666,False,1024,582,RGB,101.5,11.77,False,ddb01883739478de,horizontal,0.6
inaturalist,inat_45081966_71474392.jpg,data/raw/inaturalist\inat_45081966_71474392.jpg,480893,False,1024,683,RGB,129.2,17.08,False,b6779a68138f8a8a,horizontal,0.7
inaturalist,inat_46422616_73628357.jpg,data/raw/inaturalist\inat_46422616_73628357.jpg,471617,False,1024,806,RGB,87.4,11.11,False,f148c6de365dd428,horizontal,0.83
inaturalist,inat_46489867_73737197.jpg,data/raw/inaturalist\inat_46489867_73737197.jpg,799662,False,1024,683,RGB,81.4,8.56,False,93b63598682b9d72,horizontal,0.7
inaturalist,inat_46627161_73953094.jpg,data/raw/inaturalist\inat_46627161_73953094.jpg,202286,False,1024,768,RGB,165.6,10.96,False,a0ae71c6853bec9a,horizontal,0.79
inaturalist,inat_46652283_73990424.jpg,data/raw/inaturalist\inat_46652283_73990424.jpg,120338,False,1024,768,RGB,111.9,5.59,False,d4cc6fb6223391b4,horizontal,0.79
inaturalist,inat_46684391_74041659.jpg,data/raw/inaturalist\inat_46684391_74041659.jpg,480433,False,1024,768,RGB,60.7,15.69,False,d0896bccd49f0bc3,horizontal,0.79
inaturalist,inat_46711174_74084637.jpg,data/raw/inaturalist\inat_46711174_74084637.jpg,29941,False,1024,576,RGB,86.8,10.83,False,c1349e619cb49ed9,horizontal,0.59
inaturalist,inat_46711972_74086112.jpg,data/raw/inaturalist\inat_46711972_74086112.jpg,165730,False,1024,768,RGB,100.0,19.48,False,c2cf4e2fe380f4c2,horizontal,0.79
inaturalist,inat_46801959_74224930.jpg,data/raw/inaturalist\inat_46801959_74224930.jpg,225190,False,1024,576,RGB,127.8,21.93,False,930d9c33c6bc60ed,horizontal,0.59
inaturalist,inat_46801959_74224991.jpg,data/raw/inaturalist\inat_46801959_74224991.jpg,318696,False,1024,576,RGB,119.3,14.04,False,874df098728fd926,horizontal,0.59
inaturalist,inat_46905601_74387694.jpg,data/raw/inaturalist\inat_46905601_74387694.jpg,740113,False,1024,676,RGB,167.5,12.55,False,a728d993674c9879,horizontal,0.69
inaturalist,inat_46905603_74388301.jpg,data/raw/inaturalist\inat_46905603_74388301.jpg,808500,False,1024,576,RGB,147.8,12.21,False,de41b33a05a7accc,horizontal,0.59
inaturalist,inat_47020993_74566326.jpg,data/raw/inaturalist\inat_47020993_74566326.jpg,625828,False,1024,683,RGB,105.3,25.84,False,f0888fab9d1eb183,horizontal,0.7
inaturalist,inat_47020993_74567134.jpg,data/raw/inaturalist\inat_47020993_74567134.jpg,505499,False,1024,683,RGB,93.6,19.53,False,ea598d073673c5c8,horizontal,0.7
inaturalist,inat_47020993_74567159.jpg,data/raw/inaturalist\inat_47020993_74567159.jpg,639029,False,1024,683,RGB,106.3,11.1,False,be128a7b97ee0a44,horizontal,0.7
inaturalist,inat_47020993_74569278.jpg,data/raw/inaturalist\inat_47020993_74569278.jpg,724129,False,1024,683,RGB,108.1,19.49,False,f208fc818df8c59d,horizontal,0.7
inaturalist,inat_47172293_74808356.jpg,data/raw/inaturalist\inat_47172293_74808356.jpg,394225,False,1024,768,RGB,107.8,19.51,False,f0d1d8ddd8a6a01b,horizontal,0.79
inaturalist,inat_47272875_74973262.jpg,data/raw/inaturalist\inat_47272875_74973262.jpg,482599,False,1024,768,RGB,142.8,16.84,False,bf619f21126802ff,horizontal,0.79
inaturalist,inat_4763347_5797828.jpg,data/raw/inaturalist\inat_4763347_5797828.jpg,389362,False,1024,683,RGB,154.0,20.07,False,e29198b2bb8da2ea,horizontal,0.7
inaturalist,inat_4763347_5797867.jpg,data/raw/inaturalist\inat_4763347_5797867.jpg,304248,False,1024,683,RGB,147.0,15.73,False,a78c98d347dd6832,horizontal,0.7
inaturalist,inat_48083699_76277375.jpg,data/raw/inaturalist\inat_48083699_76277375.jpg,129036,False,1024,683,RGB,94.3,6.04,False,d5d1d7d484919734,horizontal,0.7
inaturalist,inat_48083699_76277498.jpg,data/raw/inaturalist\inat_48083699_76277498.jpg,149784,False,1024,683,RGB,86.7,6.94,False,c54a301d1fe5839f,horizontal,0.7
inaturalist,inat_48083699_76277571.jpg,data/raw/inaturalist\inat_48083699_76277571.jpg,95968,False,1024,683,RGB,88.4,3.53,False,d4c9d79597353424,horizontal,0.7
inaturalist,inat_48083699_76277646.jpg,data/raw/inaturalist\inat_48083699_76277646.jpg,96316,False,1024,683,RGB,84.4,3.14,False,d4c8d3d197953436,horizontal,0.7
inaturalist,inat_48083699_77737788.jpg,data/raw/inaturalist\inat_48083699_77737788.jpg,380934,False,1024,683,RGB,86.6,6.91,False,c54a301d1fe5839f,horizontal,0.7
inaturalist,inat_48546645_77036783.jpg,data/raw/inaturalist\inat_48546645_77036783.jpg,497958,False,1024,768,RGB,176.7,57.79,False,a5c3de3232a32d4b,horizontal,0.79
inaturalist,inat_48660817_77200359.jpg,data/raw/inaturalist\inat_48660817_77200359.jpg,278329,False,1024,682,RGB,129.2,16.41,False,923a1d33669fd81a,horizontal,0.7
inaturalist,inat_49344081_78329193.jpg,data/raw/inaturalist\inat_49344081_78329193.jpg,971003,False,1024,683,RGB,119.3,23.34,False,a3dab5631dc10af4,horizontal,0.7
inaturalist,inat_49344081_78329214.jpg,data/raw/inaturalist\inat_49344081_78329214.jpg,924740,False,1024,683,RGB,128.4,11.43,False,e570f25b680fca52,horizontal,0.7
inaturalist,inat_49344081_78329285.jpg,data/raw/inaturalist\inat_49344081_78329285.jpg,372912,False,1024,683,RGB,122.5,34.09,False,a98c87d9c75ea498,horizontal,0.7
inaturalist,inat_49344081_78329345.jpg,data/raw/inaturalist\inat_49344081_78329345.jpg,371854,False,1024,683,RGB,130.8,16.16,False,ec7fd26c01eb30a4,horizontal,0.7
inaturalist,inat_49478668_78544255.jpg,data/raw/inaturalist\inat_49478668_78544255.jpg,1006708,False,1024,683,RGB,73.5,11.71,False,d4724d782e8433dd,horizontal,0.7
inaturalist,inat_49481551_78549048.jpg,data/raw/inaturalist\inat_49481551_78549048.jpg,955624,False,1024,683,RGB,76.5,13.62,False,d69b03adf0ce7007,horizontal,0.7
inaturalist,inat_49672975_78858104.jpg,data/raw/inaturalist\inat_49672975_78858104.jpg,411414,False,1024,498,RGB,134.8,10.41,False,b304ec76906b3af2,horizontal,0.51
inaturalist,inat_49672975_78858215.jpg,data/raw/inaturalist\inat_49672975_78858215.jpg,736012,False,1024,768,RGB,84.6,9.75,False,cc0ed8d92f798664,horizontal,0.79
inaturalist,inat_49672975_78858327.jpg,data/raw/inaturalist\inat_49672975_78858327.jpg,722692,False,1024,768,RGB,77.1,16.33,False,b1c9d8fb91b73240,horizontal,0.79
inaturalist,inat_51211446_81351776.jpg,data/raw/inaturalist\inat_51211446_81351776.jpg,814939,False,1024,1024,RGB,117.6,40.67,False,a674d8195ecb18a7,cuadrada,1.05
inaturalist,inat_52993006_84267923.jpg,data/raw/inaturalist\inat_52993006_84267923.jpg,788407,False,768,1024,RGB,83.7,21.13,False,b2d9d81c1e8ecab4,vertical,0.79
inaturalist,inat_53099915_84436898.jpg,data/raw/inaturalist\inat_53099915_84436898.jpg,90432,False,1024,692,RGB,87.9,16.13,False,ccca3371c4ccf133,horizontal,0.71
inaturalist,inat_53181777_84570836.jpg,data/raw/inaturalist\inat_53181777_84570836.jpg,226473,False,1024,576,RGB,120.8,31.41,False,cdc4b694679843d9,horizontal,0.59
inaturalist,inat_54074871_86022890.jpg,data/raw/inaturalist\inat_54074871_86022890.jpg,493082,False,1024,768,RGB,119.2,10.61,False,b0d839d2b68d46ea,horizontal,0.79
inaturalist,inat_54075142_86023360.jpg,data/raw/inaturalist\inat_54075142_86023360.jpg,424540,False,1024,768,RGB,126.4,43.34,False,91e38cee588d7346,horizontal,0.79
inaturalist,inat_54075578_86023734.jpg,data/raw/inaturalist\inat_54075578_86023734.jpg,479090,False,1024,768,RGB,91.9,11.07,False,9bcf6c3d8b123622,horizontal,0.79
inaturalist,inat_54076358_86025597.jpg,data/raw/inaturalist\inat_54076358_86025597.jpg,532214,False,1024,768,RGB,136.5,11.27,False,a4a721d89230fb77,horizontal,0.79
inaturalist,inat_54076564_86026165.jpg,data/raw/inaturalist\inat_54076564_86026165.jpg,476658,False,1024,768,RGB,91.1,12.61,False,98f866b3274ecc0d,horizontal,0.79
inaturalist,inat_54076972_86026776.jpg,data/raw/inaturalist\inat_54076972_86026776.jpg,517267,False,1024,768,RGB,136.3,16.01,False,e3e8eca51aaadc21,horizontal,0.79
inaturalist,inat_54081104_86027245.jpg,data/raw/inaturalist\inat_54081104_86027245.jpg,531372,False,1024,768,RGB,154.1,6.98,False,aff8fdbe6e020011,horizontal,0.79
inaturalist,inat_55413181_88234251.jpg,data/raw/inaturalist\inat_55413181_88234251.jpg,255531,False,1024,576,RGB,82.3,29.58,False,e7bd59e039d20cc2,horizontal,0.59
inaturalist,inat_58358735_93165305.jpg,data/raw/inaturalist\inat_58358735_93165305.jpg,632386,False,1024,768,RGB,86.4,17.01,False,c28e1c3e632be8e9,horizontal,0.79
inaturalist,inat_58367708_93178554.jpg,data/raw/inaturalist\inat_58367708_93178554.jpg,623449,False,1024,768,RGB,114.8,23.57,False,e610d63e650c4ff8,horizontal,0.79
inaturalist,inat_58367719_93180257.jpg,data/raw/inaturalist\inat_58367719_93180257.jpg,547765,False,1024,768,RGB,119.6,27.86,False,fc1788892799a95d,horizontal,0.79
inaturalist,inat_58662504_93671104.jpg,data/raw/inaturalist\inat_58662504_93671104.jpg,715195,False,732,998,RGB,158.7,27.58,False,ecb49219cd86c2f3,vertical,0.73
inaturalist,inat_58910805_94086278.jpg,data/raw/inaturalist\inat_58910805_94086278.jpg,538461,False,1024,768,RGB,128.7,28.31,False,8675c67594d86e31,horizontal,0.79
inaturalist,inat_59237210_94637576.jpg,data/raw/inaturalist\inat_59237210_94637576.jpg,498834,False,683,1024,RGB,119.0,22.06,False,aff7c0a118e19d8c,vertical,0.7
inaturalist,inat_59237210_94637579.jpg,data/raw/inaturalist\inat_59237210_94637579.jpg,297547,False,1024,683,RGB,128.5,10.2,False,b2d705c5698adce8,horizontal,0.7
inaturalist,inat_59237210_94637599.jpg,data/raw/inaturalist\inat_59237210_94637599.jpg,412333,False,1024,683,RGB,122.4,27.65,False,f2becf29431918f0,horizontal,0.7
inaturalist,inat_61182724_97878360.jpg,data/raw/inaturalist\inat_61182724_97878360.jpg,308533,False,1024,768,RGB,151.5,13.43,False,a4655293474d6d73,horizontal,0.79
inaturalist,inat_61744903_98837255.jpg,data/raw/inaturalist\inat_61744903_98837255.jpg,332874,False,768,1024,RGB,101.8,29.38,False,b4e65a8298617f17,vertical,0.79
inaturalist,inat_61770689_98884410.jpg,data/raw/inaturalist\inat_61770689_98884410.jpg,360218,False,1024,733,RGB,186.8,13.57,False,84e61c836ebb9279,horizontal,0.75
inaturalist,inat_61770689_98884432.jpg,data/raw/inaturalist\inat_61770689_98884432.jpg,477322,False,1024,809,RGB,181.5,11.22,False,d0ac57de4aca8d83,horizontal,0.83
inaturalist,inat_61770689_98884458.jpg,data/raw/inaturalist\inat_61770689_98884458.jpg,385576,False,1024,768,RGB,186.3,8.08,False,c576438f65330ae3,horizontal,0.79
inaturalist,inat_61952422_99198203.jpg,data/raw/inaturalist\inat_61952422_99198203.jpg,576387,False,1024,768,RGB,103.9,17.79,False,e5a88af4c2e1c1de,horizontal,0.79
inaturalist,inat_62669810_100450669.jpg,data/raw/inaturalist\inat_62669810_100450669.jpg,135925,False,1024,680,RGB,126.6,12.01,False,f9858f0c68e12e9e,horizontal,0.7
inaturalist,inat_63502754_101921888.jpg,data/raw/inaturalist\inat_63502754_101921888.jpg,339012,False,1024,768,RGB,130.2,18.34,False,ba4ccf25f84e1271,horizontal,0.79
inaturalist,inat_63854124_102552886.jpg,data/raw/inaturalist\inat_63854124_102552886.jpg,740260,False,1024,576,RGB,114.4,34.93,False,b10fe638c7c65887,horizontal,0.59
inaturalist,inat_64181768_103143017.jpg,data/raw/inaturalist\inat_64181768_103143017.jpg,777165,False,1024,683,RGB,100.7,11.12,False,c3cb030e507b1eee,horizontal,0.7
inaturalist,inat_64181768_103143035.jpg,data/raw/inaturalist\inat_64181768_103143035.jpg,197657,False,1024,728,RGB,106.5,13.3,False,f48b43790cd497c5,horizontal,0.75
inaturalist,inat_64440045_103601814.jpg,data/raw/inaturalist\inat_64440045_103601814.jpg,377691,False,840,1024,RGB,129.4,9.97,False,b58c9b33662cd872,vertical,0.86
inaturalist,inat_65040579_104654675.jpg,data/raw/inaturalist\inat_65040579_104654675.jpg,638761,False,1024,576,RGB,90.6,13.35,False,8dcd52b239394bd1,horizontal,0.59
inaturalist,inat_65757559_105892367.jpg,data/raw/inaturalist\inat_65757559_105892367.jpg,760675,False,1024,682,RGB,81.9,6.01,False,f6833a19fcec6023,horizontal,0.7
inaturalist,inat_65757559_105892677.jpg,data/raw/inaturalist\inat_65757559_105892677.jpg,753176,False,1024,682,RGB,113.3,8.93,False,c7b4380f4bc94ce3,horizontal,0.7
inaturalist,inat_65757866_105892957.jpg,data/raw/inaturalist\inat_65757866_105892957.jpg,544433,False,1024,814,RGB,81.3,26.07,False,969c496b6c64b473,horizontal,0.83
inaturalist,inat_65758026_105893345.jpg,data/raw/inaturalist\inat_65758026_105893345.jpg,1262693,False,1024,1024,RGB,90.2,20.75,False,af80daff800aed15,cuadrada,1.05
inaturalist,inat_65758297_105893594.jpg,data/raw/inaturalist\inat_65758297_105893594.jpg,1224275,False,1024,682,RGB,125.2,30.21,False,eed1d076a6c923b0,horizontal,0.7
inaturalist,inat_65758967_105894642.jpg,data/raw/inaturalist\inat_65758967_105894642.jpg,985625,False,1024,682,RGB,110.1,14.78,False,fcceb81aa17c02f2,horizontal,0.7
inaturalist,inat_65759134_105894914.jpg,data/raw/inaturalist\inat_65759134_105894914.jpg,754662,False,1024,682,RGB,38.7,1.51,True,c63b79f0871f9403,horizontal,0.7
inaturalist,inat_66042093_106382972.jpg,data/raw/inaturalist\inat_66042093_106382972.jpg,893464,False,996,1024,RGB,115.7,9.16,False,a5e2d28f2c389d74,vertical,1.02
inaturalist,inat_66099850_106484602.jpg,data/raw/inaturalist\inat_66099850_106484602.jpg,1197141,False,1022,1024,RGB,131.3,16.62,False,b2c3cd9cb863e0d4,vertical,1.05
inaturalist,inat_66545226_107298059.jpg,data/raw/inaturalist\inat_66545226_107298059.jpg,595024,False,1024,581,RGB,166.4,11.47,False,b666c58d3630c9cd,horizontal,0.59
inaturalist,inat_66545226_107298070.jpg,data/raw/inaturalist\inat_66545226_107298070.jpg,764547,False,1024,670,RGB,125.5,10.04,False,ded1a14f8f1a9107,horizontal,0.69
inaturalist,inat_66545226_107298076.jpg,data/raw/inaturalist\inat_66545226_107298076.jpg,704213,False,1024,639,RGB,108.0,10.66,False,dcf1a06f8e7882c3,horizontal,0.65
inaturalist,inat_66545226_107298083.jpg,data/raw/inaturalist\inat_66545226_107298083.jpg,790198,False,1024,629,RGB,139.3,7.9,False,db43c43474c41bf3,horizontal,0.64
inaturalist,inat_66545226_107298092.jpg,data/raw/inaturalist\inat_66545226_107298092.jpg,708037,False,1024,540,RGB,124.6,7.71,False,be63c11d40c6d6f2,horizontal,0.55
inaturalist,inat_66617503_107432313.jpg,data/raw/inaturalist\inat_66617503_107432313.jpg,822945,False,1024,683,RGB,105.9,28.97,False,ec859b7d8c30f2b0,horizontal,0.7
inaturalist,inat_66617503_107432442.jpg,data/raw/inaturalist\inat_66617503_107432442.jpg,831406,False,1024,683,RGB,82.5,28.69,False,fe2d8278a4a13733,horizontal,0.7
inaturalist,inat_67243217_108592992.jpg,data/raw/inaturalist\inat_67243217_108592992.jpg,397051,False,1024,576,RGB,124.9,19.55,False,a7e682962da54b4b,horizontal,0.59
inaturalist,inat_67243217_108593637.jpg,data/raw/inaturalist\inat_67243217_108593637.jpg,346700,False,1024,576,RGB,115.2,13.25,False,eef98ebc3436110a,horizontal,0.59
inaturalist,inat_67876056_109777008.jpg,data/raw/inaturalist\inat_67876056_109777008.jpg,543956,False,1024,768,RGB,137.1,14.22,False,d695492ea64e9e62,horizontal,0.79
inaturalist,inat_68270326_110501282.jpg,data/raw/inaturalist\inat_68270326_110501282.jpg,627825,False,1024,683,RGB,168.9,17.52,False,c059444f6717c1df,horizontal,0.7
inaturalist,inat_68738508_111379636.jpg,data/raw/inaturalist\inat_68738508_111379636.jpg,482864,False,1024,768,RGB,105.5,26.08,False,858a3a6dd89e9559,horizontal,0.79
inaturalist,inat_68738508_111379645.jpg,data/raw/inaturalist\inat_68738508_111379645.jpg,553630,False,1024,768,RGB,96.4,23.16,False,cc5c3354906537bd,horizontal,0.79
inaturalist,inat_68738508_111379657.jpg,data/raw/inaturalist\inat_68738508_111379657.jpg,586125,False,1024,768,RGB,113.7,22.73,False,a8ca170f57f0603f,horizontal,0.79
inaturalist,inat_69658628_113075999.jpg,data/raw/inaturalist\inat_69658628_113075999.jpg,286499,False,1024,703,RGB,81.8,21.47,False,f06f46698291ecd3,horizontal,0.72
inaturalist,inat_69658628_113076001.jpg,data/raw/inaturalist\inat_69658628_113076001.jpg,367275,False,983,1024,RGB,77.3,24.68,False,f14c81b05c3973b7,vertical,1.01
inaturalist,inat_69658628_113076093.jpg,data/raw/inaturalist\inat_69658628_113076093.jpg,520651,False,768,1024,RGB,103.6,16.17,False,c3f128cc7372668e,vertical,0.79
inaturalist,inat_69658628_113076108.jpg,data/raw/inaturalist\inat_69658628_113076108.jpg,534436,False,768,1024,RGB,94.8,21.04,False,c17c1fb063c9794a,vertical,0.79
inaturalist,inat_69658628_113076112.jpg,data/raw/inaturalist\inat_69658628_113076112.jpg,548650,False,768,1024,RGB,95.9,26.73,False,c3d91c81198d8ddf,vertical,0.79
inaturalist,inat_70571311_114748972.jpg,data/raw/inaturalist\inat_70571311_114748972.jpg,363388,False,1024,676,RGB,91.4,23.03,False,812f2d616ee9c3b4,horizontal,0.69
inaturalist,inat_70734170_115044458.jpg,data/raw/inaturalist\inat_70734170_115044458.jpg,326430,False,768,1024,RGB,98.3,11.58,False,e31acb3330fb0ac5,vertical,0.79
inaturalist,inat_71771197_116903880.jpg,data/raw/inaturalist\inat_71771197_116903880.jpg,333589,False,777,1024,RGB,73.1,13.02,False,eaca198ec6c2c673,vertical,0.8
inaturalist,inat_7346685_9522552.jpg,data/raw/inaturalist\inat_7346685_9522552.jpg,363962,False,1024,683,RGB,123.3,13.62,False,a4b8db21f08727d3,horizontal,0.7
inaturalist,inat_73568198_120116262.jpg,data/raw/inaturalist\inat_73568198_120116262.jpg,242652,False,1024,734,RGB,79.7,18.68,False,b24349bcc0a5e76e,horizontal,0.75
inaturalist,inat_73568198_120116278.jpg,data/raw/inaturalist\inat_73568198_120116278.jpg,135430,False,1024,718,RGB,90.0,12.8,False,bcc3d6ece9b01258,horizontal,0.74
inaturalist,inat_73568198_120116291.jpg,data/raw/inaturalist\inat_73568198_120116291.jpg,153458,False,1024,760,RGB,87.6,13.38,False,ea08819ef9edd231,horizontal,0.78
inaturalist,inat_73568198_120116305.jpg,data/raw/inaturalist\inat_73568198_120116305.jpg,166292,False,1024,760,RGB,98.4,17.34,False,9de0e58c751e029f,horizontal,0.78
inaturalist,inat_73568198_120116320.jpg,data/raw/inaturalist\inat_73568198_120116320.jpg,211030,False,1024,916,RGB,91.0,18.97,False,b447c97c237826d3,horizontal,0.94
inaturalist,inat_73568198_120116331.jpg,data/raw/inaturalist\inat_73568198_120116331.jpg,208086,False,1024,916,RGB,94.3,19.42,False,bf48c117126b78b3,horizontal,0.94
inaturalist,inat_73568198_120116346.jpg,data/raw/inaturalist\inat_73568198_120116346.jpg,218642,False,1024,916,RGB,104.8,22.51,False,b758c30f68377291,horizontal,0.94
inaturalist,inat_73568198_120116357.jpg,data/raw/inaturalist\inat_73568198_120116357.jpg,324917,False,1024,725,RGB,95.9,14.01,False,ecc2cb3f3064ba70,horizontal,0.74
inaturalist,inat_73568198_120116370.jpg,data/raw/inaturalist\inat_73568198_120116370.jpg,248563,False,1024,718,RGB,74.7,15.81,False,f2e52c5ab182c9ea,horizontal,0.74
inaturalist,inat_73568198_120116378.jpg,data/raw/inaturalist\inat_73568198_120116378.jpg,279302,False,1024,691,RGB,67.7,12.0,False,e1e3c2c9e3e4e0f0,horizontal,0.71
inaturalist,inat_73568198_120116390.jpg,data/raw/inaturalist\inat_73568198_120116390.jpg,301437,False,1024,809,RGB,76.6,13.66,False,e9e1264b909b0fe6,horizontal,0.83
inaturalist,inat_73568198_120116402.jpg,data/raw/inaturalist\inat_73568198_120116402.jpg,252532,False,1024,738,RGB,65.1,10.94,False,cecfccc0e3d0d8d0,horizontal,0.76
inaturalist,inat_73568198_120116410.jpg,data/raw/inaturalist\inat_73568198_120116410.jpg,272172,False,1024,787,RGB,66.2,9.83,False,c9e0d0d8d8d9cec9,horizontal,0.81
inaturalist,inat_73568198_120116424.jpg,data/raw/inaturalist\inat_73568198_120116424.jpg,267586,False,1024,757,RGB,60.0,11.13,False,c2e1e4c0f0b3fccc,horizontal,0.78
inaturalist,inat_73568198_120116433.jpg,data/raw/inaturalist\inat_73568198_120116433.jpg,242826,False,1024,800,RGB,92.3,8.07,False,d9d9d890962636f2,horizontal,0.82
inaturalist,inat_73720061_120391343.jpg,data/raw/inaturalist\inat_73720061_120391343.jpg,319641,False,1024,812,RGB,126.0,67.65,False,a40d9b8a64dd7a8e,horizontal,0.83
inaturalist,inat_73720061_120391349.jpg,data/raw/inaturalist\inat_73720061_120391349.jpg,304929,False,1024,812,RGB,117.4,64.16,False,a60d992664dd7b86,horizontal,0.83
inaturalist,inat_73720061_120391361.jpg,data/raw/inaturalist\inat_73720061_120391361.jpg,316720,False,1024,812,RGB,123.5,66.52,False,b3068ca333c43eeb,horizontal,0.83
inaturalist,inat_73720061_120391383.jpg,data/raw/inaturalist\inat_73720061_120391383.jpg,283842,False,1024,718,RGB,115.1,65.82,False,b155ccc73131ee0e,horizontal,0.74
inaturalist,inat_73720061_120391404.jpg,data/raw/inaturalist\inat_73720061_120391404.jpg,287047,False,1024,791,RGB,135.1,67.55,False,b32dcc33338e5871,horizontal,0.81
inaturalist,inat_73720061_120391409.jpg,data/raw/inaturalist\inat_73720061_120391409.jpg,296396,False,1024,791,RGB,133.5,75.47,False,b16d6e3107ce7862,horizontal,0.81
inaturalist,inat_73720061_120391413.jpg,data/raw/inaturalist\inat_73720061_120391413.jpg,316667,False,1024,780,RGB,126.4,72.87,False,ba0c478738a7cc3e,horizontal,0.8
inaturalist,inat_73720061_120391422.jpg,data/raw/inaturalist\inat_73720061_120391422.jpg,363582,False,1024,780,RGB,125.7,65.81,False,f17a0e42731ac4d7,horizontal,0.8
inaturalist,inat_73720061_120391433.jpg,data/raw/inaturalist\inat_73720061_120391433.jpg,348052,False,1024,724,RGB,124.0,68.49,False,f907867a36368e49,horizontal,0.74
inaturalist,inat_73720061_120391440.jpg,data/raw/inaturalist\inat_73720061_120391440.jpg,375567,False,1024,727,RGB,121.8,66.47,False,f92e866a64e4cc69,horizontal,0.74
inaturalist,inat_73720061_120391444.jpg,data/raw/inaturalist\inat_73720061_120391444.jpg,303554,False,1024,727,RGB,120.8,60.76,False,f14c4c92351bcf39,horizontal,0.74
inaturalist,inat_73720061_120391445.jpg,data/raw/inaturalist\inat_73720061_120391445.jpg,365854,False,1024,840,RGB,112.6,47.91,False,bc6047b43ea9c13e,horizontal,0.86
inaturalist,inat_73720061_120391455.jpg,data/raw/inaturalist\inat_73720061_120391455.jpg,292168,False,1024,741,RGB,111.1,51.32,False,e04f46f034cfcf24,horizontal,0.76
inaturalist,inat_73720061_120391459.jpg,data/raw/inaturalist\inat_73720061_120391459.jpg,333576,False,1024,741,RGB,101.9,48.64,False,e14746f43ccbc724,horizontal,0.76
inaturalist,inat_73720061_120391466.jpg,data/raw/inaturalist\inat_73720061_120391466.jpg,402359,False,1024,741,RGB,111.3,56.42,False,e34f46a069cace6c,horizontal,0.76
inaturalist,inat_73720061_120391470.jpg,data/raw/inaturalist\inat_73720061_120391470.jpg,355182,False,1024,741,RGB,111.8,55.03,False,f14746803c2bcefc,horizontal,0.76
inaturalist,inat_73720061_120391473.jpg,data/raw/inaturalist\inat_73720061_120391473.jpg,346264,False,1024,741,RGB,111.2,55.18,False,f14746b43ccbc664,horizontal,0.76
inaturalist,inat_73720061_120391478.jpg,data/raw/inaturalist\inat_73720061_120391478.jpg,347773,False,1024,741,RGB,107.3,50.53,False,f86743b42cc3f630,horizontal,0.76
inaturalist,inat_7538062_9833482.jpg,data/raw/inaturalist\inat_7538062_9833482.jpg,198164,False,1024,686,RGB,156.2,11.57,False,ed0893646ddb93a4,horizontal,0.7
inaturalist,inat_7538062_9835026.jpg,data/raw/inaturalist\inat_7538062_9835026.jpg,225141,False,1024,686,RGB,101.6,9.77,False,de18cea1b3a4d172,horizontal,0.7
inaturalist,inat_7538062_9835051.jpg,data/raw/inaturalist\inat_7538062_9835051.jpg,242700,False,1024,686,RGB,120.7,10.27,False,c9e98ea1b1963674,horizontal,0.7
inaturalist,inat_77204419_126244745.jpg,data/raw/inaturalist\inat_77204419_126244745.jpg,807837,False,1024,681,RGB,93.6,26.44,False,9568378724cec66d,horizontal,0.7
inaturalist,inat_77511026_126767390.jpg,data/raw/inaturalist\inat_77511026_126767390.jpg,522664,False,1024,768,RGB,83.8,33.03,False,a6cc9b6d59f45a02,horizontal,0.79
inaturalist,inat_79222935_129740683.jpg,data/raw/inaturalist\inat_79222935_129740683.jpg,215600,False,1024,576,RGB,127.8,14.95,False,83b452f03328cf5f,horizontal,0.59
inaturalist,inat_80101886_131257849.jpg,data/raw/inaturalist\inat_80101886_131257849.jpg,220473,False,720,605,RGB,125.6,29.89,False,a6d514269f48ef13,horizontal,0.44
inaturalist,inat_82444676_135310724.jpg,data/raw/inaturalist\inat_82444676_135310724.jpg,874704,False,820,791,RGBA,90.6,6.59,False,f80539ecc34d896e,horizontal,0.65
inaturalist,inat_83581046_137286429.jpg,data/raw/inaturalist\inat_83581046_137286429.jpg,96433,False,1024,768,RGB,126.2,17.41,False,b93b7067c0c68e74,horizontal,0.79
inaturalist,inat_86459237_142431902.jpg,data/raw/inaturalist\inat_86459237_142431902.jpg,484745,False,1024,768,RGB,93.3,10.87,False,cb99a51499cf6c94,horizontal,0.79
inaturalist,inat_8649458_11581021.jpg,data/raw/inaturalist\inat_8649458_11581021.jpg,283147,False,1024,681,RGB,123.0,20.45,False,f6bc9145c46ca30f,horizontal,0.7
inaturalist,inat_8649496_11581072.jpg,data/raw/inaturalist\inat_8649496_11581072.jpg,107942,False,1024,686,RGB,102.5,14.28,False,b13e9df50d0b82b2,horizontal,0.7
inaturalist,inat_87003478_143419381.jpg,data/raw/inaturalist\inat_87003478_143419381.jpg,397746,False,1024,682,RGB,80.6,29.74,False,b46dcb1b10bab163,horizontal,0.7
inaturalist,inat_8701613_11666750.jpg,data/raw/inaturalist\inat_8701613_11666750.jpg,202869,False,1024,768,RGB,106.1,15.17,False,f0e629c98aa6ac79,horizontal,0.79
inaturalist,inat_8821614_11850866.jpg,data/raw/inaturalist\inat_8821614_11850866.jpg,119809,False,677,1024,RGB,162.0,4.9,False,b04dc716c6f059e3,vertical,0.69
inaturalist,inat_88943612_146818508.jpg,data/raw/inaturalist\inat_88943612_146818508.jpg,235719,False,1024,768,RGB,127.9,6.84,False,c95b486c2d9bad94,horizontal,0.79
inaturalist,inat_88943615_146818538.jpg,data/raw/inaturalist\inat_88943615_146818538.jpg,250130,False,1024,768,RGB,130.7,5.98,False,815b52c87e24d2fb,horizontal,0.79
inaturalist,inat_88943616_146818569.jpg,data/raw/inaturalist\inat_88943616_146818569.jpg,172745,False,1024,768,RGB,126.3,3.78,False,844d6b2e663a8add,horizontal,0.79
inaturalist,inat_89412031_147647268.jpg,data/raw/inaturalist\inat_89412031_147647268.jpg,652418,False,1024,576,RGB,133.4,14.41,False,e53432933d1b9a87,horizontal,0.59
inaturalist,inat_8993378_12120443.jpg,data/raw/inaturalist\inat_8993378_12120443.jpg,183105,False,1024,575,RGB,57.1,10.87,False,931afd05e6b026e9,horizontal,0.59
inaturalist,inat_90085545_148838187.jpg,data/raw/inaturalist\inat_90085545_148838187.jpg,410161,False,1024,768,RGB,141.3,20.53,False,f0438f9b7b654087,horizontal,0.79
inaturalist,inat_9053871_12221204.jpg,data/raw/inaturalist\inat_9053871_12221204.jpg,195599,False,1024,669,RGB,164.8,6.88,False,e1560c9c73bfa432,horizontal,0.69
inaturalist,inat_91872417_152032560.jpg,data/raw/inaturalist\inat_91872417_152032560.jpg,560729,False,1024,683,RGB,95.0,4.44,False,c1c1871f7871787c,horizontal,0.7
inaturalist,inat_94784968_157264487.jpg,data/raw/inaturalist\inat_94784968_157264487.jpg,424155,False,768,1024,RGB,148.6,26.54,False,d42b716c135a339e,vertical,0.79
inaturalist,inat_94945335_157557814.jpg,data/raw/inaturalist\inat_94945335_157557814.jpg,204103,False,772,1024,RGB,134.0,14.84,False,bee67470c71d41c8,vertical,0.79
inaturalist,inat_96432888_160206027.jpg,data/raw/inaturalist\inat_96432888_160206027.jpg,157655,False,640,360,RGB,106.8,6.3,False,e7984c678ec5c938,horizontal,0.23
inaturalist,inat_97319000_161830515.jpg,data/raw/inaturalist\inat_97319000_161830515.jpg,122259,False,481,1024,RGB,39.4,6.47,False,f1300ecff1300ecf,vertical,0.49
inaturalist,inat_97319000_161830533.jpg,data/raw/inaturalist\inat_97319000_161830533.jpg,101765,False,481,1024,RGB,42.5,7.16,False,d5372ac8d55726a8,vertical,0.49
inaturalist,inat_97319000_161830545.jpg,data/raw/inaturalist\inat_97319000_161830545.jpg,124937,False,481,1024,RGB,35.0,4.09,False,d5722a8df6720599,vertical,0.49
inaturalist,inat_97319000_161830557.jpg,data/raw/inaturalist\inat_97319000_161830557.jpg,121228,False,481,1024,RGB,40.6,7.19,False,cc6f33d0cc6f0391,vertical,0.49
inaturalist,inat_97319000_161830573.jpg,data/raw/inaturalist\inat_97319000_161830573.jpg,120960,False,481,1024,RGB,40.8,7.47,False,da5a25a5d85a27a5,vertical,0.49
inaturalist,inat_97400266_161976305.jpg,data/raw/inaturalist\inat_97400266_161976305.jpg,550103,False,1024,768,RGB,132.7,51.86,False,d69a5098267eeb4c,horizontal,0.79
inaturalist,inat_98639476_164270301.jpg,data/raw/inaturalist\inat_98639476_164270301.jpg,264793,False,1024,768,RGB,141.7,21.7,False,854d5b24077a1b9f,horizontal,0.79
inaturalist,inat_98670528_164334614.jpg,data/raw/inaturalist\inat_98670528_164334614.jpg,465836,False,1024,768,RGB,125.5,18.92,False,8046ed99206f7f72,horizontal,0.79
inaturalist,inat_98670528_164334906.jpg,data/raw/inaturalist\inat_98670528_164334906.jpg,428060,False,1024,768,RGB,102.8,16.88,False,fa1e8de13c47b1c0,horizontal,0.79
inaturalist,inat_99109154_165160691.jpg,data/raw/inaturalist\inat_99109154_165160691.jpg,597496,False,1024,683,RGB,125.2,7.35,False,8bd8422a3ee36db1,horizontal,0.7
inaturalist,inat_99549905_165975083.jpg,data/raw/inaturalist\inat_99549905_165975083.jpg,559768,False,1024,768,RGB,102.0,12.24,False,f4a3858725c2ce3e,horizontal,0.79
inaturalist,inat_99645347_166153700.jpg,data/raw/inaturalist\inat_99645347_166153700.jpg,179846,False,713,623,RGB,145.7,14.72,False,f4b99809b2ca865f,horizontal,0.44
