archivo,observacion_id,foto_id,url,licencia,atribucion,usuario,fecha_observada,hora_observada,lugar,cautivo,calidad,latitud,longitud
inat_395897101_725964198.jpg,395897101,725964198,https://inaturalist-open-data.s3.amazonaws.com/photos/725964198/large.jpg,cc-by-nc,"(c) Stalin Fierro, some rights reserved (CC BY-NC)",stalin_fierro,2026-08-30,2026-08-30T13:45:33-05:00,Ecuador,False,research,0.1824100423,-78.1722460894
inat_395897101_725964255.jpg,395897101,725964255,https://inaturalist-open-data.s3.amazonaws.com/photos/725964255/large.jpg,cc-by-nc,"(c) Stalin Fierro, some rights reserved (CC BY-NC)",stalin_fierro,2026-08-30,2026-08-30T13:45:33-05:00,Ecuador,False,research,0.1824100423,-78.1722460894
inat_395847042_725864701.jpg,395847042,725864701,https://inaturalist-open-data.s3.amazonaws.com/photos/725864701/large.jpg,cc-by-nc,"(c) molofinder, some rights reserved (CC BY-NC)",molofinder,2026-08-22,2026-08-22T14:22:33-05:00,"Antioquia, CO",False,research,6.3949451109,-75.5696254022
inat_395450065_725103486.jpg,395450065,725103486,https://inaturalist-open-data.s3.amazonaws.com/photos/725103486/large.jpg,cc-by-nc,"(c) Daniel Branch, some rights reserved (CC BY-NC)",danielbranch94,2026-08-15,2026-08-15T23:22:00-05:00,Ecuador,False,research,0.3597962652,-77.8934178536
inat_394359318_722961443.jpg,394359318,722961443,https://inaturalist-open-data.s3.amazonaws.com/photos/722961443/large.jpg,cc-by-nc,"(c) ayuwat, some rights reserved (CC BY-NC)",ayuwat,2026-07-09,2026-07-09T16:47:00-05:00,"Pichincha, EC",False,research,-0.2664046173,-78.3104016055
inat_394359318_722961441.jpg,394359318,722961441,https://inaturalist-open-data.s3.amazonaws.com/photos/722961441/large.jpg,cc-by-nc,"(c) ayuwat, some rights reserved (CC BY-NC)",ayuwat,2026-07-09,2026-07-09T16:47:00-05:00,"Pichincha, EC",False,research,-0.2664046173,-78.3104016055
inat_394359318_722961444.jpg,394359318,722961444,https://inaturalist-open-data.s3.amazonaws.com/photos/722961444/large.jpg,cc-by-nc,"(c) ayuwat, some rights reserved (CC BY-NC)",ayuwat,2026-07-09,2026-07-09T16:47:00-05:00,"Pichincha, EC",False,research,-0.2664046173,-78.3104016055
inat_394359318_722961457.jpg,394359318,722961457,https://inaturalist-open-data.s3.amazonaws.com/photos/722961457/large.jpg,cc-by-nc,"(c) ayuwat, some rights reserved (CC BY-NC)",ayuwat,2026-07-09,2026-07-09T16:47:00-05:00,"Pichincha, EC",False,research,-0.2664046173,-78.3104016055
inat_392991797_720245901.jpg,392991797,720245901,https://inaturalist-open-data.s3.amazonaws.com/photos/720245901/large.jpg,cc-by-nc,"(c) Julián Alberto Ríos-Soto, some rights reserved (CC BY-NC)",julianrs,2026-07-11,2026-07-11T07:15:00-05:00,"Tolima, CO",False,research,4.2144878809,-75.7705866142
inat_392280160_718874268.jpg,392280160,718874268,https://inaturalist-open-data.s3.amazonaws.com/photos/718874268/large.jpg,cc-by-nc,"(c) David Chernack, some rights reserved (CC BY-NC)",dchernack,2025-12-12,2025-12-12T17:39:00-05:00,"Pichincha, EC",False,research,-0.3789107708,-78.2450510547
inat_392280160_718874282.jpg,392280160,718874282,https://inaturalist-open-data.s3.amazonaws.com/photos/718874282/large.jpg,cc-by-nc,"(c) David Chernack, some rights reserved (CC BY-NC)",dchernack,2025-12-12,2025-12-12T17:39:00-05:00,"Pichincha, EC",False,research,-0.3789107708,-78.2450510547
inat_392280160_718874273.jpg,392280160,718874273,https://inaturalist-open-data.s3.amazonaws.com/photos/718874273/large.jpg,cc-by-nc,"(c) David Chernack, some rights reserved (CC BY-NC)",dchernack,2025-12-12,2025-12-12T17:39:00-05:00,"Pichincha, EC",False,research,-0.3789107708,-78.2450510547
inat_391971517_718279356.jpg,391971517,718279356,https://inaturalist-open-data.s3.amazonaws.com/photos/718279356/large.jpg,cc-by-nc,"(c) Lydie Martin, some rights reserved (CC BY-NC)",lydie_m,2026-08-15,2026-08-15T15:00:00-05:00,"Pichincha, EC",False,research,-0.2796768258,-78.222522428
inat_391971517_718279343.jpg,391971517,718279343,https://inaturalist-open-data.s3.amazonaws.com/photos/718279343/large.jpg,cc-by-nc,"(c) Lydie Martin, some rights reserved (CC BY-NC)",lydie_m,2026-08-15,2026-08-15T15:00:00-05:00,"Pichincha, EC",False,research,-0.2796768258,-78.222522428
inat_391554946_717480089.jpg,391554946,717480089,https://inaturalist-open-data.s3.amazonaws.com/photos/717480089/large.jpg,cc-by-nc,"(c) odlc, some rights reserved (CC BY-NC)",odlc,2026-07-22,2026-07-22T13:11:00-05:00,"Pichincha, EC",False,research,-0.3996845457,-78.3974008299
inat_391008482_716412171.jpg,391008482,716412171,https://inaturalist-open-data.s3.amazonaws.com/photos/716412171/large.jpg,cc-by-nc,"(c) shepburn, some rights reserved (CC BY-NC)",shepburn,2026-07-27,2026-07-27T08:01:00-05:00,"Pichincha, EC",False,research,-0.2833854012,-78.3851192757
inat_391008482_716412377.jpg,391008482,716412377,https://inaturalist-open-data.s3.amazonaws.com/photos/716412377/large.jpg,cc-by-nc,"(c) shepburn, some rights reserved (CC BY-NC)",shepburn,2026-07-27,2026-07-27T08:01:00-05:00,"Pichincha, EC",False,research,-0.2833854012,-78.3851192757
inat_390381556_715187375.jpg,390381556,715187375,https://inaturalist-open-data.s3.amazonaws.com/photos/715187375/large.jpg,cc-by-nc,"(c) Jose Granizo, some rights reserved (CC BY-NC)",josegranizo,2026-08-03,2026-08-03T10:30:00-05:00,Ecuador,False,research,-0.4509593116,-78.0181871696
inat_390381556_715187394.jpg,390381556,715187394,https://inaturalist-open-data.s3.amazonaws.com/photos/715187394/large.jpg,cc-by-nc,"(c) Jose Granizo, some rights reserved (CC BY-NC)",josegranizo,2026-08-03,2026-08-03T10:30:00-05:00,Ecuador,False,research,-0.4509593116,-78.0181871696
inat_390381556_715187427.jpg,390381556,715187427,https://inaturalist-open-data.s3.amazonaws.com/photos/715187427/large.jpg,cc-by-nc,"(c) Jose Granizo, some rights reserved (CC BY-NC)",josegranizo,2026-08-03,2026-08-03T10:30:00-05:00,Ecuador,False,research,-0.4509593116,-78.0181871696
inat_390381556_715187440.jpg,390381556,715187440,https://inaturalist-open-data.s3.amazonaws.com/photos/715187440/large.jpg,cc-by-nc,"(c) Jose Granizo, some rights reserved (CC BY-NC)",josegranizo,2026-08-03,2026-08-03T10:30:00-05:00,Ecuador,False,research,-0.4509593116,-78.0181871696
inat_389760420_713968740.jpg,389760420,713968740,https://inaturalist-open-data.s3.amazonaws.com/photos/713968740/large.jpg,cc-by-nc,"(c) jhon fredy ccoyoccosi quispe, some rights reserved (CC BY-NC)",jhon_fredy62066,2025-10-24,2025-10-24T10:08:06-05:00,"Cusco, PE",False,research,-13.5859592479,-71.6541953065
inat_389213189_712910192.jpg,389213189,712910192,https://inaturalist-open-data.s3.amazonaws.com/photos/712910192/large.jpg,cc-by-nc,"(c) Alex Bentley, some rights reserved (CC BY-NC)",agbentley77,2026-08-07,2026-08-07T11:02:53-05:00,Ecuador,False,research,-0.2717970023,-78.1056883087
inat_389213189_712910200.jpg,389213189,712910200,https://inaturalist-open-data.s3.amazonaws.com/photos/712910200/large.jpg,cc-by-nc,"(c) Alex Bentley, some rights reserved (CC BY-NC)",agbentley77,2026-08-07,2026-08-07T11:02:53-05:00,Ecuador,False,research,-0.2717970023,-78.1056883087
inat_389213189_712910193.jpg,389213189,712910193,https://inaturalist-open-data.s3.amazonaws.com/photos/712910193/large.jpg,cc-by-nc,"(c) Alex Bentley, some rights reserved (CC BY-NC)",agbentley77,2026-08-07,2026-08-07T11:02:53-05:00,Ecuador,False,research,-0.2717970023,-78.1056883087
inat_387762324_711210894.jpg,387762324,711210894,https://inaturalist-open-data.s3.amazonaws.com/photos/711210894/large.jpg,cc-by-nc,"(c) Max Laubstein, some rights reserved (CC BY-NC)",maxlaubstein,2026-08-01,2026-08-01T18:51:43-05:00,"Cundinamarca, CO",False,research,4.8009162259,-73.6281557472
inat_384301806_703458405.jpg,384301806,703458405,https://inaturalist-open-data.s3.amazonaws.com/photos/703458405/large.jpg,cc-by-nc,"(c) luisarotingo, some rights reserved (CC BY-NC)",luisarotingo,2026-05-27,2026-05-27T22:35:00-05:00,Ecuador,False,research,0.2706878985,-78.3389073411
inat_384301806_703458661.jpg,384301806,703458661,https://inaturalist-open-data.s3.amazonaws.com/photos/703458661/large.jpg,cc-by-nc,"(c) luisarotingo, some rights reserved (CC BY-NC)",luisarotingo,2026-05-27,2026-05-27T22:35:00-05:00,Ecuador,False,research,0.2706878985,-78.3389073411
inat_384301806_703458718.jpg,384301806,703458718,https://inaturalist-open-data.s3.amazonaws.com/photos/703458718/large.jpg,cc-by-nc,"(c) luisarotingo, some rights reserved (CC BY-NC)",luisarotingo,2026-05-27,2026-05-27T22:35:00-05:00,Ecuador,False,research,0.2706878985,-78.3389073411
inat_384301806_703458838.jpg,384301806,703458838,https://inaturalist-open-data.s3.amazonaws.com/photos/703458838/large.jpg,cc-by-nc,"(c) luisarotingo, some rights reserved (CC BY-NC)",luisarotingo,2026-05-27,2026-05-27T22:35:00-05:00,Ecuador,False,research,0.2706878985,-78.3389073411
inat_384301806_703458897.jpg,384301806,703458897,https://inaturalist-open-data.s3.amazonaws.com/photos/703458897/large.jpg,cc-by-nc,"(c) luisarotingo, some rights reserved (CC BY-NC)",luisarotingo,2026-05-27,2026-05-27T22:35:00-05:00,Ecuador,False,research,0.2706878985,-78.3389073411
inat_384138381_703145886.jpg,384138381,703145886,https://inaturalist-open-data.s3.amazonaws.com/photos/703145886/large.jpg,cc-by-nc,"(c) yonathan_daurte_botto, some rights reserved (CC BY-NC)",yonathan_daurte_botto,2026-05-03,2026-05-03T13:54:11-05:00,Colombia,False,research,4.8529918781,-75.8343953639
inat_384029108_702929636.jpg,384029108,702929636,https://inaturalist-open-data.s3.amazonaws.com/photos/702929636/large.jpg,cc-by-nc,"(c) evanghouston, some rights reserved (CC BY-NC)",evanghouston,2026-07-19,2026-07-19T10:01:00-05:00,"Pichincha, EC",False,research,-0.2568775035,-78.3469367859
inat_384029108_702929799.jpg,384029108,702929799,https://inaturalist-open-data.s3.amazonaws.com/photos/702929799/large.jpg,cc-by-nc,"(c) evanghouston, some rights reserved (CC BY-NC)",evanghouston,2026-07-19,2026-07-19T10:01:00-05:00,"Pichincha, EC",False,research,-0.2568775035,-78.3469367859
inat_381308170_697688992.jpg,381308170,697688992,https://inaturalist-open-data.s3.amazonaws.com/photos/697688992/large.jpg,cc-by-nc,"(c) piotrkz, some rights reserved (CC BY-NC)",piotrkz,2026-06-28,2026-06-28T15:26:00-05:00,Ecuador,False,research,-0.0113384219,-77.8369024738
inat_381308170_697689010.jpg,381308170,697689010,https://inaturalist-open-data.s3.amazonaws.com/photos/697689010/large.jpg,cc-by-nc,"(c) piotrkz, some rights reserved (CC BY-NC)",piotrkz,2026-06-28,2026-06-28T15:26:00-05:00,Ecuador,False,research,-0.0113384219,-77.8369024738
inat_381308170_697689011.jpg,381308170,697689011,https://inaturalist-open-data.s3.amazonaws.com/photos/697689011/large.jpg,cc-by-nc,"(c) piotrkz, some rights reserved (CC BY-NC)",piotrkz,2026-06-28,2026-06-28T15:26:00-05:00,Ecuador,False,research,-0.0113384219,-77.8369024738
inat_381027924_697232827.jpg,381027924,697232827,https://inaturalist-open-data.s3.amazonaws.com/photos/697232827/large.jpg,cc-by-nc,"(c) Jen, some rights reserved (CC BY-NC)",jecmanatee,2026-07-13,2026-07-13T08:35:45-05:00,"Oxapampa, PE-PA, PE",False,research,-10.5126898471,-75.5049834853
inat_381027924_697232853.jpg,381027924,697232853,https://inaturalist-open-data.s3.amazonaws.com/photos/697232853/large.jpg,cc-by-nc,"(c) Jen, some rights reserved (CC BY-NC)",jecmanatee,2026-07-13,2026-07-13T08:35:45-05:00,"Oxapampa, PE-PA, PE",False,research,-10.5126898471,-75.5049834853
inat_381027924_697167453.jpg,381027924,697167453,https://inaturalist-open-data.s3.amazonaws.com/photos/697167453/large.jpg,cc-by-nc,"(c) Jen, some rights reserved (CC BY-NC)",jecmanatee,2026-07-13,2026-07-13T08:35:45-05:00,"Oxapampa, PE-PA, PE",False,research,-10.5126898471,-75.5049834853
inat_381027924_697167497.jpg,381027924,697167497,https://inaturalist-open-data.s3.amazonaws.com/photos/697167497/large.jpg,cc-by-nc,"(c) Jen, some rights reserved (CC BY-NC)",jecmanatee,2026-07-13,2026-07-13T08:35:45-05:00,"Oxapampa, PE-PA, PE",False,research,-10.5126898471,-75.5049834853
inat_381027924_697167543.jpg,381027924,697167543,https://inaturalist-open-data.s3.amazonaws.com/photos/697167543/large.jpg,cc-by-nc,"(c) Jen, some rights reserved (CC BY-NC)",jecmanatee,2026-07-13,2026-07-13T08:35:45-05:00,"Oxapampa, PE-PA, PE",False,research,-10.5126898471,-75.5049834853
inat_381027924_697167585.jpg,381027924,697167585,https://inaturalist-open-data.s3.amazonaws.com/photos/697167585/large.jpg,cc-by-nc,"(c) Jen, some rights reserved (CC BY-NC)",jecmanatee,2026-07-13,2026-07-13T08:35:45-05:00,"Oxapampa, PE-PA, PE",False,research,-10.5126898471,-75.5049834853
inat_380155555_695460971.jpg,380155555,695460971,https://inaturalist-open-data.s3.amazonaws.com/photos/695460971/large.jpg,cc-by-nc,"(c) C.V. Vick, some rights reserved (CC BY-NC)",cvvick,2026-06-12,2026-06-12T16:52:00-05:00,Ecuador,False,research,-0.4195047696,-78.0680896025
inat_376144543_687693939.jpg,376144543,687693939,https://inaturalist-open-data.s3.amazonaws.com/photos/687693939/large.jpg,cc-by-nc,"(c) Noa Vedel, some rights reserved (CC BY-NC)",noansv,2025-08-29,2025-08-29T08:31:00-05:00,Ecuador,False,research,-0.3305813254,-78.0356843726
inat_375008924_685502111.jpg,375008924,685502111,https://inaturalist-open-data.s3.amazonaws.com/photos/685502111/large.jpg,cc-by-nc,"(c) Douglas J. Long, some rights reserved (CC BY-NC)",douglasglobal,2026-04-18,2026-04-18T14:29:00-05:00,Ecuador,False,research,0.7889665118,-78.3031097586
inat_374780708_685067206.jpg,374780708,685067206,https://inaturalist-open-data.s3.amazonaws.com/photos/685067206/large.jpg,cc-by-nc,"(c) bautista-catalina, some rights reserved (CC BY-NC)",bautista-catalina,2026-06-23,2026-06-23T20:21:00-05:00,Ecuador,False,research,-2.6033801286,-78.5231905703
inat_374687138_684879156.jpg,374687138,684879156,https://inaturalist-open-data.s3.amazonaws.com/photos/684879156/large.jpg,cc-by-nc,"(c) galan_daniela, some rights reserved (CC BY-NC)",galan_daniela,2026-06-16,2026-06-16T13:56:00-05:00,Ecuador,False,research,-2.9849940844,-78.6402973879
inat_374491713_684507616.jpg,374491713,684507616,https://inaturalist-open-data.s3.amazonaws.com/photos/684507616/large.gif,cc-by-nc,"(c) Savimbo, some rights reserved (CC BY-NC)",savimbo,2026-01-31,2026-01-31T15:53:00-05:00,"Putumayo, CO",False,research,0.9498943404,-76.742057811
inat_371957478_679641693.jpg,371957478,679641693,https://inaturalist-open-data.s3.amazonaws.com/photos/679641693/large.jpg,cc-by-nc,"(c) Mario Pelletier, some rights reserved (CC BY-NC)",garsola,2026-03-21,2026-03-21T16:33:00-05:00,"Pichincha, EC",False,research,-0.3957943553,-78.3341485838
inat_371766648_679268031.jpg,371766648,679268031,https://inaturalist-open-data.s3.amazonaws.com/photos/679268031/large.jpg,cc-by-nc,"(c) Conserva Aves, some rights reserved (CC BY-NC)",conservaaves,2026-06-10,2026-06-10T07:00:00-05:00,Ecuador,False,research,-0.4340176033,-78.2129531711
inat_371766648_679268441.jpg,371766648,679268441,https://inaturalist-open-data.s3.amazonaws.com/photos/679268441/large.jpg,cc-by-nc,"(c) Conserva Aves, some rights reserved (CC BY-NC)",conservaaves,2026-06-10,2026-06-10T07:00:00-05:00,Ecuador,False,research,-0.4340176033,-78.2129531711
inat_371766648_679268454.jpg,371766648,679268454,https://inaturalist-open-data.s3.amazonaws.com/photos/679268454/large.jpg,cc-by-nc,"(c) Conserva Aves, some rights reserved (CC BY-NC)",conservaaves,2026-06-10,2026-06-10T07:00:00-05:00,Ecuador,False,research,-0.4340176033,-78.2129531711
inat_371766648_679268430.jpg,371766648,679268430,https://inaturalist-open-data.s3.amazonaws.com/photos/679268430/large.jpg,cc-by-nc,"(c) Conserva Aves, some rights reserved (CC BY-NC)",conservaaves,2026-06-10,2026-06-10T07:00:00-05:00,Ecuador,False,research,-0.4340176033,-78.2129531711
inat_371766648_679268428.jpg,371766648,679268428,https://inaturalist-open-data.s3.amazonaws.com/photos/679268428/large.jpg,cc-by-nc,"(c) Conserva Aves, some rights reserved (CC BY-NC)",conservaaves,2026-06-10,2026-06-10T07:00:00-05:00,Ecuador,False,research,-0.4340176033,-78.2129531711
inat_371452062_678670667.jpg,371452062,678670667,https://inaturalist-open-data.s3.amazonaws.com/photos/678670667/large.jpg,cc-by-nc,"(c) Sebastian K. Herzog, some rights reserved (CC BY-NC)",skherzog,2026-06-11,2026-06-11T07:34:00-05:00,Ecuador,False,research,-0.4185517442,-78.2079828302
inat_371452062_678671968.jpg,371452062,678671968,https://inaturalist-open-data.s3.amazonaws.com/photos/678671968/large.jpg,cc-by-nc,"(c) Sebastian K. Herzog, some rights reserved (CC BY-NC)",skherzog,2026-06-11,2026-06-11T07:34:00-05:00,Ecuador,False,research,-0.4185517442,-78.2079828302
inat_371452062_678671969.jpg,371452062,678671969,https://inaturalist-open-data.s3.amazonaws.com/photos/678671969/large.jpg,cc-by-nc,"(c) Sebastian K. Herzog, some rights reserved (CC BY-NC)",skherzog,2026-06-11,2026-06-11T07:34:00-05:00,Ecuador,False,research,-0.4185517442,-78.2079828302
inat_371377548_678526437.jpg,371377548,678526437,https://inaturalist-open-data.s3.amazonaws.com/photos/678526437/large.jpg,cc-by-nc,"(c) Shea, some rights reserved (CC BY-NC)",thetreesknees,2026-06-12,2026-06-12T11:21:27-05:00,"Cundinamarca, CO",False,research,4.6069781767,-73.6013366976
inat_371245105_678279170.jpg,371245105,678279170,https://inaturalist-open-data.s3.amazonaws.com/photos/678279170/large.jpg,cc-by-nc,"(c) odlc, some rights reserved (CC BY-NC)",odlc,2026-06-10,2026-06-10T19:16:21-05:00,Ecuador,False,research,0.3068549026,-77.9310907221
inat_371116146_678043644.jpg,371116146,678043644,https://inaturalist-open-data.s3.amazonaws.com/photos/678043644/large.jpg,cc-by-nc,"(c) Sunset Recinos Moya, some rights reserved (CC BY-NC)",sunset_ruby,2026-06-11,2026-06-11T08:10:24-05:00,Ecuador,False,research,-0.4475202364,-78.3561521628
inat_371116146_678043676.jpg,371116146,678043676,https://inaturalist-open-data.s3.amazonaws.com/photos/678043676/large.jpg,cc-by-nc,"(c) Sunset Recinos Moya, some rights reserved (CC BY-NC)",sunset_ruby,2026-06-11,2026-06-11T08:10:24-05:00,Ecuador,False,research,-0.4475202364,-78.3561521628
inat_371116146_678043708.jpg,371116146,678043708,https://inaturalist-open-data.s3.amazonaws.com/photos/678043708/large.jpg,cc-by-nc,"(c) Sunset Recinos Moya, some rights reserved (CC BY-NC)",sunset_ruby,2026-06-11,2026-06-11T08:10:24-05:00,Ecuador,False,research,-0.4475202364,-78.3561521628
inat_371116146_678043726.jpg,371116146,678043726,https://inaturalist-open-data.s3.amazonaws.com/photos/678043726/large.jpg,cc-by-nc,"(c) Sunset Recinos Moya, some rights reserved (CC BY-NC)",sunset_ruby,2026-06-11,2026-06-11T08:10:24-05:00,Ecuador,False,research,-0.4475202364,-78.3561521628
inat_371116146_678043759.jpg,371116146,678043759,https://inaturalist-open-data.s3.amazonaws.com/photos/678043759/large.jpg,cc-by-nc,"(c) Sunset Recinos Moya, some rights reserved (CC BY-NC)",sunset_ruby,2026-06-11,2026-06-11T08:10:24-05:00,Ecuador,False,research,-0.4475202364,-78.3561521628
inat_371116146_678043787.jpg,371116146,678043787,https://inaturalist-open-data.s3.amazonaws.com/photos/678043787/large.jpg,cc-by-nc,"(c) Sunset Recinos Moya, some rights reserved (CC BY-NC)",sunset_ruby,2026-06-11,2026-06-11T08:10:24-05:00,Ecuador,False,research,-0.4475202364,-78.3561521628
inat_371116146_678043817.jpg,371116146,678043817,https://inaturalist-open-data.s3.amazonaws.com/photos/678043817/large.jpg,cc-by-nc,"(c) Sunset Recinos Moya, some rights reserved (CC BY-NC)",sunset_ruby,2026-06-11,2026-06-11T08:10:24-05:00,Ecuador,False,research,-0.4475202364,-78.3561521628
inat_371116146_678045686.jpg,371116146,678045686,https://inaturalist-open-data.s3.amazonaws.com/photos/678045686/large.jpg,cc-by-nc,"(c) Sunset Recinos Moya, some rights reserved (CC BY-NC)",sunset_ruby,2026-06-11,2026-06-11T08:10:24-05:00,Ecuador,False,research,-0.4475202364,-78.3561521628
inat_370741557_677318315.jpg,370741557,677318315,https://inaturalist-open-data.s3.amazonaws.com/photos/677318315/large.jpg,cc-by-nc,"(c) anniehawk8, some rights reserved (CC BY-NC)",anniehawk8,2026-06-11,2026-06-11T11:38:20-05:00,"Pichincha, EC",False,research,-0.2528299352,-78.2716045689
inat_370741557_677318361.jpg,370741557,677318361,https://inaturalist-open-data.s3.amazonaws.com/photos/677318361/large.jpg,cc-by-nc,"(c) anniehawk8, some rights reserved (CC BY-NC)",anniehawk8,2026-06-11,2026-06-11T11:38:20-05:00,"Pichincha, EC",False,research,-0.2528299352,-78.2716045689
inat_370741557_677318397.jpg,370741557,677318397,https://inaturalist-open-data.s3.amazonaws.com/photos/677318397/large.jpg,cc-by-nc,"(c) anniehawk8, some rights reserved (CC BY-NC)",anniehawk8,2026-06-11,2026-06-11T11:38:20-05:00,"Pichincha, EC",False,research,-0.2528299352,-78.2716045689
inat_370741557_677318438.jpg,370741557,677318438,https://inaturalist-open-data.s3.amazonaws.com/photos/677318438/large.jpg,cc-by-nc,"(c) anniehawk8, some rights reserved (CC BY-NC)",anniehawk8,2026-06-11,2026-06-11T11:38:20-05:00,"Pichincha, EC",False,research,-0.2528299352,-78.2716045689
inat_370741557_677318467.jpg,370741557,677318467,https://inaturalist-open-data.s3.amazonaws.com/photos/677318467/large.jpg,cc-by-nc,"(c) anniehawk8, some rights reserved (CC BY-NC)",anniehawk8,2026-06-11,2026-06-11T11:38:20-05:00,"Pichincha, EC",False,research,-0.2528299352,-78.2716045689
inat_369551257_675043283.jpg,369551257,675043283,https://inaturalist-open-data.s3.amazonaws.com/photos/675043283/large.jpg,cc-by-nc,"(c) Tony Oz, some rights reserved (CC BY-NC)",tony22138,2026-06-06,2026-06-06T12:46:52-05:00,"Cundinamarca, CO",False,research,4.7583273733,-73.9818941029
inat_368161655_682202570.jpg,368161655,682202570,https://inaturalist-open-data.s3.amazonaws.com/photos/682202570/large.jpg,cc-by-nc,"(c) Mario Pelletier, some rights reserved (CC BY-NC)",garsola,2026-03-23,2026-03-23T08:22:20-05:00,"Pichincha, EC",False,research,-0.3453570581,-78.3709680768
inat_368161655_672403871.jpg,368161655,672403871,https://inaturalist-open-data.s3.amazonaws.com/photos/672403871/large.jpg,cc-by-nc,"(c) Mario Pelletier, some rights reserved (CC BY-NC)",garsola,2026-03-23,2026-03-23T08:22:20-05:00,"Pichincha, EC",False,research,-0.3453570581,-78.3709680768
inat_368161655_672403895.jpg,368161655,672403895,https://inaturalist-open-data.s3.amazonaws.com/photos/672403895/large.jpg,cc-by-nc,"(c) Mario Pelletier, some rights reserved (CC BY-NC)",garsola,2026-03-23,2026-03-23T08:22:20-05:00,"Pichincha, EC",False,research,-0.3453570581,-78.3709680768
inat_368149644_672379402.jpg,368149644,672379402,https://inaturalist-open-data.s3.amazonaws.com/photos/672379402/large.jpg,cc-by-nc,"(c) alanvannorman, some rights reserved (CC BY-NC)",alanvannorman,2018-11-30,2018-11-30T10:28:00-05:00,Ecuador,False,research,-0.2400058473,-78.1333181783
inat_368149644_672379407.jpg,368149644,672379407,https://inaturalist-open-data.s3.amazonaws.com/photos/672379407/large.jpg,cc-by-nc,"(c) alanvannorman, some rights reserved (CC BY-NC)",alanvannorman,2018-11-30,2018-11-30T10:28:00-05:00,Ecuador,False,research,-0.2400058473,-78.1333181783
inat_368149644_672379400.jpg,368149644,672379400,https://inaturalist-open-data.s3.amazonaws.com/photos/672379400/large.jpg,cc-by-nc,"(c) alanvannorman, some rights reserved (CC BY-NC)",alanvannorman,2018-11-30,2018-11-30T10:28:00-05:00,Ecuador,False,research,-0.2400058473,-78.1333181783
inat_368149644_672379445.jpg,368149644,672379445,https://inaturalist-open-data.s3.amazonaws.com/photos/672379445/large.jpg,cc-by-nc,"(c) alanvannorman, some rights reserved (CC BY-NC)",alanvannorman,2018-11-30,2018-11-30T10:28:00-05:00,Ecuador,False,research,-0.2400058473,-78.1333181783
inat_368144596_672371091.jpg,368144596,672371091,https://inaturalist-open-data.s3.amazonaws.com/photos/672371091/large.jpg,cc-by-nc,"(c) Ulises Yumbo, some rights reserved (CC BY-NC)",uyumbo,2026-05-25,2026-05-25T13:07:39-05:00,"Napo, EC",False,research,-0.5458562397,-78.0258971392
inat_368144596_672371509.jpg,368144596,672371509,https://inaturalist-open-data.s3.amazonaws.com/photos/672371509/large.jpg,cc-by-nc,"(c) Ulises Yumbo, some rights reserved (CC BY-NC)",uyumbo,2026-05-25,2026-05-25T13:07:39-05:00,"Napo, EC",False,research,-0.5458562397,-78.0258971392
inat_368144596_672371969.jpg,368144596,672371969,https://inaturalist-open-data.s3.amazonaws.com/photos/672371969/large.jpg,cc-by-nc,"(c) Ulises Yumbo, some rights reserved (CC BY-NC)",uyumbo,2026-05-25,2026-05-25T13:07:39-05:00,"Napo, EC",False,research,-0.5458562397,-78.0258971392
inat_368144596_672372415.jpg,368144596,672372415,https://inaturalist-open-data.s3.amazonaws.com/photos/672372415/large.jpg,cc-by-nc,"(c) Ulises Yumbo, some rights reserved (CC BY-NC)",uyumbo,2026-05-25,2026-05-25T13:07:39-05:00,"Napo, EC",False,research,-0.5458562397,-78.0258971392
inat_367853632_671810104.jpg,367853632,671810104,https://inaturalist-open-data.s3.amazonaws.com/photos/671810104/large.jpg,cc-by-nc,"(c) Clément panisse, some rights reserved (CC BY-NC)",panisseclement,2026-06-01,2026-06-01T16:05:00-05:00,Ecuador,False,research,-2.8075838309,-78.7846161266
inat_367792235_671682127.jpg,367792235,671682127,https://inaturalist-open-data.s3.amazonaws.com/photos/671682127/large.jpg,cc-by-nc,"(c) Fundacion ProAves, some rights reserved (CC BY-NC)",fundacion_proaves,2026-05-08,2026-05-08T11:57:00-05:00,"Tolima, CO",False,research,4.3219914008,-75.4376671144
inat_367792235_671682235.jpg,367792235,671682235,https://inaturalist-open-data.s3.amazonaws.com/photos/671682235/large.jpg,cc-by-nc,"(c) Fundacion ProAves, some rights reserved (CC BY-NC)",fundacion_proaves,2026-05-08,2026-05-08T11:57:00-05:00,"Tolima, CO",False,research,4.3219914008,-75.4376671144
inat_364998321_666364022.jpg,364998321,666364022,https://inaturalist-open-data.s3.amazonaws.com/photos/666364022/large.jpg,cc-by-nc,"(c) sergioueda, some rights reserved (CC BY-NC)",sergioueda,2017-07-27,2017-07-27T19:17:00-05:00,"Cusco, PE",False,research,-13.1622012752,-72.4665282918
inat_364826385_666030987.jpg,364826385,666030987,https://inaturalist-open-data.s3.amazonaws.com/photos/666030987/large.jpg,cc-by-nc,"(c) Martinez-Diaz M, some rights reserved (CC BY-NC)",lophostoma4293,2026-01-07,2026-01-07T11:09:00-04:00,"Abel Iturralde, BO-LP, BO",False,research,-14.0856685851,-67.8377309914
inat_364553282_665522889.jpg,364553282,665522889,https://inaturalist-open-data.s3.amazonaws.com/photos/665522889/large.jpg,cc-by-nc,"(c) Alec Hopping, some rights reserved (CC BY-NC)",hoppockets,2023-07-20,2023-07-20T08:40:42-05:00,"Pichincha, EC",False,research,-0.1344500315,-78.7045709313
inat_364456716_665331026.jpg,364456716,665331026,https://inaturalist-open-data.s3.amazonaws.com/photos/665331026/large.jpg,cc-by-nc,"(c) Jana Václavíková, some rights reserved (CC BY-NC)",jvacl,2026-05-10,2026-05-10T12:52:00-05:00,Ecuador,False,research,-0.4418987499,-78.2225467082
inat_364447173_665312123.jpg,364447173,665312123,https://inaturalist-open-data.s3.amazonaws.com/photos/665312123/large.jpg,cc-by-nc,"(c) Scott Wieman, some rights reserved (CC BY-NC)",amurfalcon,2026-05-23,2026-05-23T14:31:00-05:00,Ecuador,False,research,-0.518967725,-78.3049499254
inat_364447173_674992508.jpg,364447173,674992508,https://inaturalist-open-data.s3.amazonaws.com/photos/674992508/large.jpg,cc-by-nc,"(c) Scott Wieman, some rights reserved (CC BY-NC)",amurfalcon,2026-05-23,2026-05-23T14:31:00-05:00,Ecuador,False,research,-0.518967725,-78.3049499254
inat_364447173_665312071.jpg,364447173,665312071,https://inaturalist-open-data.s3.amazonaws.com/photos/665312071/large.jpg,cc-by-nc,"(c) Scott Wieman, some rights reserved (CC BY-NC)",amurfalcon,2026-05-23,2026-05-23T14:31:00-05:00,Ecuador,False,research,-0.518967725,-78.3049499254
inat_364447173_665312103.jpg,364447173,665312103,https://inaturalist-open-data.s3.amazonaws.com/photos/665312103/large.jpg,cc-by-nc,"(c) Scott Wieman, some rights reserved (CC BY-NC)",amurfalcon,2026-05-23,2026-05-23T14:31:00-05:00,Ecuador,False,research,-0.518967725,-78.3049499254
inat_364447173_665312174.jpg,364447173,665312174,https://inaturalist-open-data.s3.amazonaws.com/photos/665312174/large.jpg,cc-by-nc,"(c) Scott Wieman, some rights reserved (CC BY-NC)",amurfalcon,2026-05-23,2026-05-23T14:31:00-05:00,Ecuador,False,research,-0.518967725,-78.3049499254
inat_364447173_665312224.jpg,364447173,665312224,https://inaturalist-open-data.s3.amazonaws.com/photos/665312224/large.jpg,cc-by-nc,"(c) Scott Wieman, some rights reserved (CC BY-NC)",amurfalcon,2026-05-23,2026-05-23T14:31:00-05:00,Ecuador,False,research,-0.518967725,-78.3049499254
inat_364447173_665312248.jpg,364447173,665312248,https://inaturalist-open-data.s3.amazonaws.com/photos/665312248/large.jpg,cc-by-nc,"(c) Scott Wieman, some rights reserved (CC BY-NC)",amurfalcon,2026-05-23,2026-05-23T14:31:00-05:00,Ecuador,False,research,-0.518967725,-78.3049499254
inat_363818292_664142511.jpg,363818292,664142511,https://inaturalist-open-data.s3.amazonaws.com/photos/664142511/large.jpg,cc-by-nc,"(c) @gonzalezduran, some rights reserved (CC BY-NC)",gustavogonzalezduran,2026-05-20,2026-05-20T12:37:22-05:00,"Cundinamarca, CO",False,research,4.4257980612,-73.6306539073
inat_362847370_662282417.jpg,362847370,662282417,https://inaturalist-open-data.s3.amazonaws.com/photos/662282417/large.jpg,cc-by-nc,"(c) bbaum21, some rights reserved (CC BY-NC)",bbaum21,2023-11-11,2023-11-11T14:07:00-05:00,"Pichincha, EC",False,research,-0.3899026951,-78.3625165677
inat_362589414_661796145.jpg,362589414,661796145,https://inaturalist-open-data.s3.amazonaws.com/photos/661796145/large.jpg,cc-by-nc,"(c) Justin Cook, some rights reserved (CC BY-NC)",dirb72,2026-05-02,2026-05-02T04:02:00-05:00,"Pichincha, EC",False,research,-0.2382596066,-78.2433905294
inat_360374635_657576256.jpg,360374635,657576256,https://inaturalist-open-data.s3.amazonaws.com/photos/657576256/large.jpg,cc-by-nc,"(c) odlc, some rights reserved (CC BY-NC)",odlc,2026-04-30,2026-04-30T16:49:07-05:00,"Cundinamarca, CO",False,research,4.8423940044,-73.6838502623
inat_359300782_655531384.jpg,359300782,655531384,https://inaturalist-open-data.s3.amazonaws.com/photos/655531384/large.jpg,cc-by-nc,"(c) Lisbeth Balderrama, some rights reserved (CC BY-NC)",telmaoliveraprepromo,2026-05-07,,"Cochabamba, BO",False,research,-17.5833428312,-65.2408248836
inat_358811826_654604107.jpg,358811826,654604107,https://inaturalist-open-data.s3.amazonaws.com/photos/654604107/large.jpg,cc-by-nc,"(c) Ingo Rogalla, some rights reserved (CC BY-NC)",ingorogalla,2026-04-19,2026-04-19T07:17:00-05:00,Ecuador,False,research,-0.5781357416,-78.3337391451
inat_357763747_652425747.jpg,357763747,652425747,https://inaturalist-open-data.s3.amazonaws.com/photos/652425747/large.jpg,cc-by-nc,"(c) Omar Miranda B., some rights reserved (CC BY-NC)",frogbo,2026-04-25,2026-04-25T14:07:00-04:00,"Pedro Domingo Murillo, BO-LP, BO",False,research,-16.3395674231,-67.8542589587
inat_357763747_652425775.jpg,357763747,652425775,https://inaturalist-open-data.s3.amazonaws.com/photos/652425775/large.jpg,cc-by-nc,"(c) Omar Miranda B., some rights reserved (CC BY-NC)",frogbo,2026-04-25,2026-04-25T14:07:00-04:00,"Pedro Domingo Murillo, BO-LP, BO",False,research,-16.3395674231,-67.8542589587
inat_354510156_646699969.jpg,354510156,646699969,https://inaturalist-open-data.s3.amazonaws.com/photos/646699969/large.jpg,cc-by-nc,"(c) Sergio Chumacero, some rights reserved (CC BY-NC)",sergiochuma,2026-04-26,2026-04-26T12:29:46-04:00,"Nor Yungas, BO-LP, BO",False,research,-15.6395893877,-67.7289308468
inat_354300539_646357483.jpg,354300539,646357483,https://inaturalist-open-data.s3.amazonaws.com/photos/646357483/large.jpg,cc-by-nc,"(c) Tripper, some rights reserved (CC BY-NC)",pepaul,2026-04-10,2026-04-10T16:44:51-05:00,"Pichincha, EC",False,research,-0.3353788969,-78.2728170562
inat_353787514_645568793.jpg,353787514,645568793,https://inaturalist-open-data.s3.amazonaws.com/photos/645568793/large.jpg,cc-by-nc,"(c) Elizete Nogueira Barbosa, some rights reserved (CC BY-NC)",elizetenogueirabarbosa,2026-03-02,2026-03-02T07:29:23-05:00,"Pichincha, EC",False,research,-0.0095436289,-78.6591387853
inat_353787379_645463093.jpg,353787379,645463093,https://inaturalist-open-data.s3.amazonaws.com/photos/645463093/large.jpg,cc-by-nc,"(c) Elizete Nogueira Barbosa, some rights reserved (CC BY-NC)",elizetenogueirabarbosa,2026-03-02,2026-03-02T07:30:03-05:00,"Pichincha, EC",False,research,-0.0842969272,-78.6440519919
inat_352358683_643113614.jpg,352358683,643113614,https://inaturalist-open-data.s3.amazonaws.com/photos/643113614/large.jpg,cc-by-nc,"(c) Luis Yupa, some rights reserved (CC BY-NC)",luisyupa,2026-04-14,2026-04-14T13:12:00-05:00,Ecuador,False,research,-0.2432340294,-78.3000613671
inat_351866524_642163854.jpg,351866524,642163854,https://inaturalist-open-data.s3.amazonaws.com/photos/642163854/large.jpg,cc-by-nc,"(c) Wesley McGee, some rights reserved (CC BY-NC)",wesleymcgee1207,2026-01-27,2026-01-27T07:46:00-05:00,Ecuador,False,research,-0.5532773829,-78.3251567184
inat_351866524_642164018.jpg,351866524,642164018,https://inaturalist-open-data.s3.amazonaws.com/photos/642164018/large.jpg,cc-by-nc,"(c) Wesley McGee, some rights reserved (CC BY-NC)",wesleymcgee1207,2026-01-27,2026-01-27T07:46:00-05:00,Ecuador,False,research,-0.5532773829,-78.3251567184
inat_351866524_654434663.jpg,351866524,654434663,https://inaturalist-open-data.s3.amazonaws.com/photos/654434663/large.jpg,cc-by-nc,"(c) Wesley McGee, some rights reserved (CC BY-NC)",wesleymcgee1207,2026-01-27,2026-01-27T07:46:00-05:00,Ecuador,False,research,-0.5532773829,-78.3251567184
inat_351866524_654434732.jpg,351866524,654434732,https://inaturalist-open-data.s3.amazonaws.com/photos/654434732/large.jpg,cc-by-nc,"(c) Wesley McGee, some rights reserved (CC BY-NC)",wesleymcgee1207,2026-01-27,2026-01-27T07:46:00-05:00,Ecuador,False,research,-0.5532773829,-78.3251567184
inat_351866524_654434761.jpg,351866524,654434761,https://inaturalist-open-data.s3.amazonaws.com/photos/654434761/large.jpg,cc-by-nc,"(c) Wesley McGee, some rights reserved (CC BY-NC)",wesleymcgee1207,2026-01-27,2026-01-27T07:46:00-05:00,Ecuador,False,research,-0.5532773829,-78.3251567184
inat_351598168_641643330.jpg,351598168,641643330,https://inaturalist-open-data.s3.amazonaws.com/photos/641643330/large.jpg,cc-by-nc,"(c) ERIKA GOMEZ, some rights reserved (CC BY-NC)",erika6439,2025-06-29,2025-06-29T15:38:00-05:00,Ecuador,False,research,-0.2871217462,-78.1316175708
inat_351516175_641483645.jpg,351516175,641483645,https://inaturalist-open-data.s3.amazonaws.com/photos/641483645/large.jpg,cc-by-nc,"(c) Bosko Ruffner, some rights reserved (CC BY-NC)",boskoruffner,2026-04-19,2026-04-19T13:10:00-05:00,"Oxapampa, PE-PA, PE",False,research,-10.4934114645,-75.5384070985
inat_351516174_641483593.jpg,351516174,641483593,https://inaturalist-open-data.s3.amazonaws.com/photos/641483593/large.jpg,cc-by-nc,"(c) Bosko Ruffner, some rights reserved (CC BY-NC)",boskoruffner,2026-04-19,2026-04-19T13:10:00-05:00,"Oxapampa, PE-PA, PE",False,research,-10.5834537824,-75.5461262721
inat_351516171_641483525.jpg,351516171,641483525,https://inaturalist-open-data.s3.amazonaws.com/photos/641483525/large.jpg,cc-by-nc,"(c) Bosko Ruffner, some rights reserved (CC BY-NC)",boskoruffner,2026-04-19,2026-04-19T13:10:00-05:00,"Oxapampa, PE-PA, PE",False,research,-10.4615604211,-75.5726866982
inat_351516170_641483455.jpg,351516170,641483455,https://inaturalist-open-data.s3.amazonaws.com/photos/641483455/large.jpg,cc-by-nc,"(c) Bosko Ruffner, some rights reserved (CC BY-NC)",boskoruffner,2026-04-19,2026-04-19T13:10:00-05:00,"Oxapampa, PE-PA, PE",False,research,-10.4875276549,-75.4877981421
inat_351516168_641483416.jpg,351516168,641483416,https://inaturalist-open-data.s3.amazonaws.com/photos/641483416/large.jpg,cc-by-nc,"(c) Bosko Ruffner, some rights reserved (CC BY-NC)",boskoruffner,2026-04-19,2026-04-19T13:10:00-05:00,"Oxapampa, PE-PA, PE",False,research,-10.458780228,-75.5302340223
inat_351516163_641483410.jpg,351516163,641483410,https://inaturalist-open-data.s3.amazonaws.com/photos/641483410/large.jpg,cc-by-nc,"(c) Bosko Ruffner, some rights reserved (CC BY-NC)",boskoruffner,2026-04-19,2026-04-19T13:10:00-05:00,"Oxapampa, PE-PA, PE",False,research,-10.5224347832,-75.5601780833
inat_351516161_641483285.jpg,351516161,641483285,https://inaturalist-open-data.s3.amazonaws.com/photos/641483285/large.jpg,cc-by-nc,"(c) Bosko Ruffner, some rights reserved (CC BY-NC)",boskoruffner,2026-04-19,2026-04-19T13:10:00-05:00,"Oxapampa, PE-PA, PE",False,research,-10.4488855024,-75.4590675355
inat_351516160_641483361.jpg,351516160,641483361,https://inaturalist-open-data.s3.amazonaws.com/photos/641483361/large.jpg,cc-by-nc,"(c) Bosko Ruffner, some rights reserved (CC BY-NC)",boskoruffner,2026-04-19,2026-04-19T13:10:00-05:00,"Oxapampa, PE-PA, PE",False,research,-10.5160417464,-75.5982376828
inat_351516154_641483279.jpg,351516154,641483279,https://inaturalist-open-data.s3.amazonaws.com/photos/641483279/large.jpg,cc-by-nc,"(c) Bosko Ruffner, some rights reserved (CC BY-NC)",boskoruffner,2026-04-19,2026-04-19T13:10:00-05:00,"Oxapampa, PE-PA, PE",False,research,-10.4435626265,-75.5472991825
inat_351516153_641483284.jpg,351516153,641483284,https://inaturalist-open-data.s3.amazonaws.com/photos/641483284/large.jpg,cc-by-nc,"(c) Bosko Ruffner, some rights reserved (CC BY-NC)",boskoruffner,2026-04-19,2026-04-19T13:10:00-05:00,"Oxapampa, PE-PA, PE",False,research,-10.4072083258,-75.5470240151
inat_351516152_641483079.jpg,351516152,641483079,https://inaturalist-open-data.s3.amazonaws.com/photos/641483079/large.jpg,cc-by-nc,"(c) Bosko Ruffner, some rights reserved (CC BY-NC)",boskoruffner,2026-04-19,2026-04-19T13:10:00-05:00,"Oxapampa, PE-PA, PE",False,research,-10.4484515446,-75.4811332373
inat_351516147_641483067.jpg,351516147,641483067,https://inaturalist-open-data.s3.amazonaws.com/photos/641483067/large.jpg,cc-by-nc,"(c) Bosko Ruffner, some rights reserved (CC BY-NC)",boskoruffner,2026-04-19,2026-04-19T13:10:00-05:00,"Oxapampa, PE-PA, PE",False,research,-10.4710535801,-75.4605851649
inat_351516146_641483065.jpg,351516146,641483065,https://inaturalist-open-data.s3.amazonaws.com/photos/641483065/large.jpg,cc-by-nc,"(c) Bosko Ruffner, some rights reserved (CC BY-NC)",boskoruffner,2026-04-19,2026-04-19T13:10:00-05:00,"Oxapampa, PE-PA, PE",False,research,-10.4144349055,-75.4449400821
inat_351516145_641482987.jpg,351516145,641482987,https://inaturalist-open-data.s3.amazonaws.com/photos/641482987/large.jpg,cc-by-nc,"(c) Bosko Ruffner, some rights reserved (CC BY-NC)",boskoruffner,2026-04-19,2026-04-19T13:10:00-05:00,"Oxapampa, PE-PA, PE",False,research,-10.4378870604,-75.4948364416
inat_351516142_641482787.jpg,351516142,641482787,https://inaturalist-open-data.s3.amazonaws.com/photos/641482787/large.jpg,cc-by-nc,"(c) Bosko Ruffner, some rights reserved (CC BY-NC)",boskoruffner,2026-04-19,2026-04-19T13:10:00-05:00,"Oxapampa, PE-PA, PE",False,research,-10.4684752432,-75.4911047622
inat_351516141_641482870.jpg,351516141,641482870,https://inaturalist-open-data.s3.amazonaws.com/photos/641482870/large.jpg,cc-by-nc,"(c) Bosko Ruffner, some rights reserved (CC BY-NC)",boskoruffner,2026-04-19,2026-04-19T13:10:00-05:00,"Oxapampa, PE-PA, PE",False,research,-10.492861876,-75.4096878355
inat_351516140_641482605.jpg,351516140,641482605,https://inaturalist-open-data.s3.amazonaws.com/photos/641482605/large.jpg,cc-by-nc,"(c) Bosko Ruffner, some rights reserved (CC BY-NC)",boskoruffner,2026-04-19,2026-04-19T13:10:00-05:00,"Oxapampa, PE-PA, PE",False,research,-10.4991498698,-75.4740021577
inat_351516137_641482410.jpg,351516137,641482410,https://inaturalist-open-data.s3.amazonaws.com/photos/641482410/large.jpg,cc-by-nc,"(c) Bosko Ruffner, some rights reserved (CC BY-NC)",boskoruffner,2026-04-19,2026-04-19T13:10:00-05:00,"Oxapampa, PE-PA, PE",False,research,-10.5846538163,-75.5747074231
inat_351516135_641482403.jpg,351516135,641482403,https://inaturalist-open-data.s3.amazonaws.com/photos/641482403/large.jpg,cc-by-nc,"(c) Bosko Ruffner, some rights reserved (CC BY-NC)",boskoruffner,2026-04-19,2026-04-19T13:10:00-05:00,"Oxapampa, PE-PA, PE",False,research,-10.5108082689,-75.4992778286
inat_351516133_641482384.jpg,351516133,641482384,https://inaturalist-open-data.s3.amazonaws.com/photos/641482384/large.jpg,cc-by-nc,"(c) Bosko Ruffner, some rights reserved (CC BY-NC)",boskoruffner,2026-04-19,2026-04-19T13:10:00-05:00,"Oxapampa, PE-PA, PE",False,research,-10.5733501874,-75.4239815695
inat_351516127_641482045.jpg,351516127,641482045,https://inaturalist-open-data.s3.amazonaws.com/photos/641482045/large.jpg,cc-by-nc,"(c) Bosko Ruffner, some rights reserved (CC BY-NC)",boskoruffner,2026-04-19,2026-04-19T13:10:00-05:00,"Oxapampa, PE-PA, PE",False,research,-10.5422238889,-75.4532564051
inat_351516126_641482043.jpg,351516126,641482043,https://inaturalist-open-data.s3.amazonaws.com/photos/641482043/large.jpg,cc-by-nc,"(c) Bosko Ruffner, some rights reserved (CC BY-NC)",boskoruffner,2026-04-19,2026-04-19T13:10:00-05:00,"Oxapampa, PE-PA, PE",False,research,-10.4432623488,-75.4680425356
inat_351516123_641482041.jpg,351516123,641482041,https://inaturalist-open-data.s3.amazonaws.com/photos/641482041/large.jpg,cc-by-nc,"(c) Bosko Ruffner, some rights reserved (CC BY-NC)",boskoruffner,2026-04-19,2026-04-19T13:10:00-05:00,"Oxapampa, PE-PA, PE",False,research,-10.4837735316,-75.5304593667
inat_349872186_638290028.jpg,349872186,638290028,https://inaturalist-open-data.s3.amazonaws.com/photos/638290028/large.jpg,cc-by-nc,"(c) HSE COLOMBIA, some rights reserved (CC BY-NC)",hse_colombia,2026-03-03,2026-03-03T16:21:00-05:00,"Cundinamarca, CO",False,research,4.8773944523,-73.7846901228
inat_349624219_637808081.jpg,349624219,637808081,https://inaturalist-open-data.s3.amazonaws.com/photos/637808081/large.jpg,cc-by-nc,"(c) Michael Phillips, some rights reserved (CC BY-NC)",cw4phillips,2026-03-22,2026-03-22T16:21:00-05:00,"Pichincha, EC",False,research,-0.3116406825,-78.3207278405
inat_347645626_633897009.jpg,347645626,633897009,https://inaturalist-open-data.s3.amazonaws.com/photos/633897009/large.jpg,cc-by-nc,"(c) Brayan Molina, some rights reserved (CC BY-NC)",brayan_119,2026-04-03,2026-04-03T13:02:48-05:00,"Cundinamarca, CO",False,research,4.7044068043,-73.7632709556
inat_347645626_633899439.jpg,347645626,633899439,https://inaturalist-open-data.s3.amazonaws.com/photos/633899439/large.jpg,cc-by-nc,"(c) Brayan Molina, some rights reserved (CC BY-NC)",brayan_119,2026-04-03,2026-04-03T13:02:48-05:00,"Cundinamarca, CO",False,research,4.7044068043,-73.7632709556
inat_345583106_629819962.jpg,345583106,629819962,https://inaturalist-open-data.s3.amazonaws.com/photos/629819962/large.jpg,cc-by-nc,"(c) kviall, some rights reserved (CC BY-NC)",kviall,2026-03-13,2026-03-13T22:04:59-05:00,"Cusco, PE",False,research,-13.3304159255,-72.7611669731
inat_345583106_629820017.jpg,345583106,629820017,https://inaturalist-open-data.s3.amazonaws.com/photos/629820017/large.jpg,cc-by-nc,"(c) kviall, some rights reserved (CC BY-NC)",kviall,2026-03-13,2026-03-13T22:04:59-05:00,"Cusco, PE",False,research,-13.3304159255,-72.7611669731
inat_345583106_629820047.jpg,345583106,629820047,https://inaturalist-open-data.s3.amazonaws.com/photos/629820047/large.jpg,cc-by-nc,"(c) kviall, some rights reserved (CC BY-NC)",kviall,2026-03-13,2026-03-13T22:04:59-05:00,"Cusco, PE",False,research,-13.3304159255,-72.7611669731
inat_345583106_629820076.jpg,345583106,629820076,https://inaturalist-open-data.s3.amazonaws.com/photos/629820076/large.jpg,cc-by-nc,"(c) kviall, some rights reserved (CC BY-NC)",kviall,2026-03-13,2026-03-13T22:04:59-05:00,"Cusco, PE",False,research,-13.3304159255,-72.7611669731
inat_345583106_629820109.jpg,345583106,629820109,https://inaturalist-open-data.s3.amazonaws.com/photos/629820109/large.jpg,cc-by-nc,"(c) kviall, some rights reserved (CC BY-NC)",kviall,2026-03-13,2026-03-13T22:04:59-05:00,"Cusco, PE",False,research,-13.3304159255,-72.7611669731
inat_345538681_629729280.jpg,345538681,629729280,https://inaturalist-open-data.s3.amazonaws.com/photos/629729280/large.jpg,cc-by-nc,"(c) rose-free, some rights reserved (CC BY-NC)",rose-free,2026-03-15,2026-03-15T15:43:27-05:00,"Cusco, PE",False,research,-13.2931628168,-72.6286625226
inat_345538681_629729299.jpg,345538681,629729299,https://inaturalist-open-data.s3.amazonaws.com/photos/629729299/large.jpg,cc-by-nc,"(c) rose-free, some rights reserved (CC BY-NC)",rose-free,2026-03-15,2026-03-15T15:43:27-05:00,"Cusco, PE",False,research,-13.2931628168,-72.6286625226
inat_345538681_629729330.jpg,345538681,629729330,https://inaturalist-open-data.s3.amazonaws.com/photos/629729330/large.jpg,cc-by-nc,"(c) rose-free, some rights reserved (CC BY-NC)",rose-free,2026-03-15,2026-03-15T15:43:27-05:00,"Cusco, PE",False,research,-13.2931628168,-72.6286625226
inat_345538681_629729347.jpg,345538681,629729347,https://inaturalist-open-data.s3.amazonaws.com/photos/629729347/large.jpg,cc-by-nc,"(c) rose-free, some rights reserved (CC BY-NC)",rose-free,2026-03-15,2026-03-15T15:43:27-05:00,"Cusco, PE",False,research,-13.2931628168,-72.6286625226
inat_344960893_628587456.jpg,344960893,628587456,https://inaturalist-open-data.s3.amazonaws.com/photos/628587456/large.jpg,cc-by-nc,"(c) Andrés León-Reyes, some rights reserved (CC BY-NC)",aeleon,2026-03-06,2026-03-06T01:46:00-05:00,Ecuador,False,research,-0.4319886443,-78.3958960776
inat_344960842_628587077.jpg,344960842,628587077,https://inaturalist-open-data.s3.amazonaws.com/photos/628587077/large.jpg,cc-by-nc,"(c) Andrés León-Reyes, some rights reserved (CC BY-NC)",aeleon,2026-03-06,2026-03-06T01:44:00-05:00,Ecuador,False,research,-0.59632816,-78.213956623
inat_344928187_628527761.jpg,344928187,628527761,https://inaturalist-open-data.s3.amazonaws.com/photos/628527761/large.jpg,cc-by-nc,"(c) Eric Gren, some rights reserved (CC BY-NC)",greneric59,2026-03-22,2026-03-22T15:19:25-05:00,Ecuador,False,research,-1.3151802299,-78.4746895104
inat_344928187_628527764.jpg,344928187,628527764,https://inaturalist-open-data.s3.amazonaws.com/photos/628527764/large.jpg,cc-by-nc,"(c) Eric Gren, some rights reserved (CC BY-NC)",greneric59,2026-03-22,2026-03-22T15:19:25-05:00,Ecuador,False,research,-1.3151802299,-78.4746895104
inat_344928187_628527765.jpg,344928187,628527765,https://inaturalist-open-data.s3.amazonaws.com/photos/628527765/large.jpg,cc-by-nc,"(c) Eric Gren, some rights reserved (CC BY-NC)",greneric59,2026-03-22,2026-03-22T15:19:25-05:00,Ecuador,False,research,-1.3151802299,-78.4746895104
inat_344928187_628527758.jpg,344928187,628527758,https://inaturalist-open-data.s3.amazonaws.com/photos/628527758/large.jpg,cc-by-nc,"(c) Eric Gren, some rights reserved (CC BY-NC)",greneric59,2026-03-22,2026-03-22T15:19:25-05:00,Ecuador,False,research,-1.3151802299,-78.4746895104
inat_344928187_628527766.jpg,344928187,628527766,https://inaturalist-open-data.s3.amazonaws.com/photos/628527766/large.jpg,cc-by-nc,"(c) Eric Gren, some rights reserved (CC BY-NC)",greneric59,2026-03-22,2026-03-22T15:19:25-05:00,Ecuador,False,research,-1.3151802299,-78.4746895104
inat_344697768_628011222.jpg,344697768,628011222,https://inaturalist-open-data.s3.amazonaws.com/photos/628011222/large.jpg,cc-by-nc,"(c) thierry-heigold, some rights reserved (CC BY-NC)",thierry-heigold,2026-02-18,2026-02-18T10:30:00-05:00,Ecuador,False,research,-0.3129566833,-78.0832987897
inat_344697768_628011213.jpg,344697768,628011213,https://inaturalist-open-data.s3.amazonaws.com/photos/628011213/large.jpg,cc-by-nc,"(c) thierry-heigold, some rights reserved (CC BY-NC)",thierry-heigold,2026-02-18,2026-02-18T10:30:00-05:00,Ecuador,False,research,-0.3129566833,-78.0832987897
inat_344697768_628011202.jpg,344697768,628011202,https://inaturalist-open-data.s3.amazonaws.com/photos/628011202/large.jpg,cc-by-nc,"(c) thierry-heigold, some rights reserved (CC BY-NC)",thierry-heigold,2026-02-18,2026-02-18T10:30:00-05:00,Ecuador,False,research,-0.3129566833,-78.0832987897
inat_344697768_628011184.jpg,344697768,628011184,https://inaturalist-open-data.s3.amazonaws.com/photos/628011184/large.jpg,cc-by-nc,"(c) thierry-heigold, some rights reserved (CC BY-NC)",thierry-heigold,2026-02-18,2026-02-18T10:30:00-05:00,Ecuador,False,research,-0.3129566833,-78.0832987897
inat_344697768_628011188.jpg,344697768,628011188,https://inaturalist-open-data.s3.amazonaws.com/photos/628011188/large.jpg,cc-by-nc,"(c) thierry-heigold, some rights reserved (CC BY-NC)",thierry-heigold,2026-02-18,2026-02-18T10:30:00-05:00,Ecuador,False,research,-0.3129566833,-78.0832987897
inat_344697768_628011140.jpg,344697768,628011140,https://inaturalist-open-data.s3.amazonaws.com/photos/628011140/large.jpg,cc-by-nc,"(c) thierry-heigold, some rights reserved (CC BY-NC)",thierry-heigold,2026-02-18,2026-02-18T10:30:00-05:00,Ecuador,False,research,-0.3129566833,-78.0832987897
inat_344697768_628011146.jpg,344697768,628011146,https://inaturalist-open-data.s3.amazonaws.com/photos/628011146/large.jpg,cc-by-nc,"(c) thierry-heigold, some rights reserved (CC BY-NC)",thierry-heigold,2026-02-18,2026-02-18T10:30:00-05:00,Ecuador,False,research,-0.3129566833,-78.0832987897
inat_344056031_626839054.jpg,344056031,626839054,https://inaturalist-open-data.s3.amazonaws.com/photos/626839054/large.jpg,cc-by-nc,"(c) valerybeltran, some rights reserved (CC BY-NC)",valerybeltran,2026-03-20,2026-03-20T16:26:41-05:00,"Norte de Santander, CO",False,research,7.3983960946,-72.2333604465
inat_344056031_626839097.jpg,344056031,626839097,https://inaturalist-open-data.s3.amazonaws.com/photos/626839097/large.jpg,cc-by-nc,"(c) valerybeltran, some rights reserved (CC BY-NC)",valerybeltran,2026-03-20,2026-03-20T16:26:41-05:00,"Norte de Santander, CO",False,research,7.3983960946,-72.2333604465
inat_344020678_626763736.jpg,344020678,626763736,https://inaturalist-open-data.s3.amazonaws.com/photos/626763736/large.jpg,cc-by-nc,"(c) Barna Takats, some rights reserved (CC BY-NC)",beavisnail,2025-12-11,2025-12-11T05:42:00-05:00,Ecuador,False,research,-0.276504627,-78.1164768406
inat_344020678_626763001.jpg,344020678,626763001,https://inaturalist-open-data.s3.amazonaws.com/photos/626763001/large.jpg,cc-by-nc,"(c) Barna Takats, some rights reserved (CC BY-NC)",beavisnail,2025-12-11,2025-12-11T05:42:00-05:00,Ecuador,False,research,-0.276504627,-78.1164768406
inat_344020678_626763065.jpg,344020678,626763065,https://inaturalist-open-data.s3.amazonaws.com/photos/626763065/large.jpg,cc-by-nc,"(c) Barna Takats, some rights reserved (CC BY-NC)",beavisnail,2025-12-11,2025-12-11T05:42:00-05:00,Ecuador,False,research,-0.276504627,-78.1164768406
inat_344020678_626763408.jpg,344020678,626763408,https://inaturalist-open-data.s3.amazonaws.com/photos/626763408/large.jpg,cc-by-nc,"(c) Barna Takats, some rights reserved (CC BY-NC)",beavisnail,2025-12-11,2025-12-11T05:42:00-05:00,Ecuador,False,research,-0.276504627,-78.1164768406
inat_344020678_626764185.jpg,344020678,626764185,https://inaturalist-open-data.s3.amazonaws.com/photos/626764185/large.jpg,cc-by-nc,"(c) Barna Takats, some rights reserved (CC BY-NC)",beavisnail,2025-12-11,2025-12-11T05:42:00-05:00,Ecuador,False,research,-0.276504627,-78.1164768406
inat_343225428_625171194.jpg,343225428,625171194,https://inaturalist-open-data.s3.amazonaws.com/photos/625171194/large.jpg,cc-by-nc,"(c) Abby McBride, some rights reserved (CC BY-NC)",almcbride,2020-03-08,2020-03-08T15:51:00-05:00,"Napo, EC",False,research,-0.3971106967,-78.1906669196
inat_343225428_625171182.jpg,343225428,625171182,https://inaturalist-open-data.s3.amazonaws.com/photos/625171182/large.jpg,cc-by-nc,"(c) Abby McBride, some rights reserved (CC BY-NC)",almcbride,2020-03-08,2020-03-08T15:51:00-05:00,"Napo, EC",False,research,-0.3971106967,-78.1906669196
inat_343225428_625171226.jpg,343225428,625171226,https://inaturalist-open-data.s3.amazonaws.com/photos/625171226/large.jpg,cc-by-nc,"(c) Abby McBride, some rights reserved (CC BY-NC)",almcbride,2020-03-08,2020-03-08T15:51:00-05:00,"Napo, EC",False,research,-0.3971106967,-78.1906669196
inat_343225428_625171188.jpg,343225428,625171188,https://inaturalist-open-data.s3.amazonaws.com/photos/625171188/large.jpg,cc-by-nc,"(c) Abby McBride, some rights reserved (CC BY-NC)",almcbride,2020-03-08,2020-03-08T15:51:00-05:00,"Napo, EC",False,research,-0.3971106967,-78.1906669196
inat_343225428_625171227.jpg,343225428,625171227,https://inaturalist-open-data.s3.amazonaws.com/photos/625171227/large.jpg,cc-by-nc,"(c) Abby McBride, some rights reserved (CC BY-NC)",almcbride,2020-03-08,2020-03-08T15:51:00-05:00,"Napo, EC",False,research,-0.3971106967,-78.1906669196
inat_343009633_624726094.jpg,343009633,624726094,https://inaturalist-open-data.s3.amazonaws.com/photos/624726094/large.jpg,cc-by-nc,"(c) Dalton Spencer, some rights reserved (CC BY-NC)",pheasantboy77,2026-02-16,2026-02-16T11:11:00-05:00,"Lambayeque, PE",False,research,-6.533818771,-79.564050572
inat_342174734_623059082.jpg,342174734,623059082,https://inaturalist-open-data.s3.amazonaws.com/photos/623059082/large.jpg,cc-by,"(c) Josh Noseworthy, some rights reserved (CC BY)",josh_noseworthy,2026-03-08,2026-03-08T11:53:00-05:00,"Cundinamarca, CO",False,research,4.5127156668,-73.6019136512
inat_342174734_623059003.jpg,342174734,623059003,https://inaturalist-open-data.s3.amazonaws.com/photos/623059003/large.jpg,cc-by,"(c) Josh Noseworthy, some rights reserved (CC BY)",josh_noseworthy,2026-03-08,2026-03-08T11:53:00-05:00,"Cundinamarca, CO",False,research,4.5127156668,-73.6019136512
inat_340782794_620221352.jpg,340782794,620221352,https://inaturalist-open-data.s3.amazonaws.com/photos/620221352/large.jpg,cc-by-nc,"(c) My World of Bird Photography, some rights reserved (CC BY-NC)",myworldofbirdphotography,2019-11-04,2019-11-04T09:47:00-05:00,Ecuador,False,research,-0.4454998618,-78.2846570842
inat_340782794_620221355.jpg,340782794,620221355,https://inaturalist-open-data.s3.amazonaws.com/photos/620221355/large.jpg,cc-by-nc,"(c) My World of Bird Photography, some rights reserved (CC BY-NC)",myworldofbirdphotography,2019-11-04,2019-11-04T09:47:00-05:00,Ecuador,False,research,-0.4454998618,-78.2846570842
inat_340782794_620221353.jpg,340782794,620221353,https://inaturalist-open-data.s3.amazonaws.com/photos/620221353/large.jpg,cc-by-nc,"(c) My World of Bird Photography, some rights reserved (CC BY-NC)",myworldofbirdphotography,2019-11-04,2019-11-04T09:47:00-05:00,Ecuador,False,research,-0.4454998618,-78.2846570842
inat_340782794_620221369.jpg,340782794,620221369,https://inaturalist-open-data.s3.amazonaws.com/photos/620221369/large.jpg,cc-by-nc,"(c) My World of Bird Photography, some rights reserved (CC BY-NC)",myworldofbirdphotography,2019-11-04,2019-11-04T09:47:00-05:00,Ecuador,False,research,-0.4454998618,-78.2846570842
inat_340358050_619362862.jpg,340358050,619362862,https://inaturalist-open-data.s3.amazonaws.com/photos/619362862/large.jpg,cc-by-nc,"(c) bunsky, some rights reserved (CC BY-NC)",bunsky,2026-02-26,2026-02-26T18:00:45-05:00,"Pichincha, EC",False,research,-0.1012221799,-78.7173953828
inat_340019034_618669461.jpg,340019034,618669461,https://inaturalist-open-data.s3.amazonaws.com/photos/618669461/large.jpg,cc-by-nc,"(c) Russ Hedley, some rights reserved (CC BY-NC)",russhedley,2026-02-03,2026-02-03T15:32:00-05:00,"Cundinamarca, CO",False,research,4.8790646572,-73.7432981992
inat_340019034_618669482.jpg,340019034,618669482,https://inaturalist-open-data.s3.amazonaws.com/photos/618669482/large.jpg,cc-by-nc,"(c) Russ Hedley, some rights reserved (CC BY-NC)",russhedley,2026-02-03,2026-02-03T15:32:00-05:00,"Cundinamarca, CO",False,research,4.8790646572,-73.7432981992
inat_339824113_618270634.jpg,339824113,618270634,https://inaturalist-open-data.s3.amazonaws.com/photos/618270634/large.jpg,cc-by-nc,"(c) Lilia-Meike Richter Guérin, some rights reserved (CC BY-NC)",liliameikerg,2026-02-18,2026-02-18T20:46:00-05:00,Ecuador,False,research,-0.3404656072,-78.0803813547
inat_339794405_618207165.jpg,339794405,618207165,https://inaturalist-open-data.s3.amazonaws.com/photos/618207165/large.jpg,cc-by-nc,"(c) Scott Ramos, some rights reserved (CC BY-NC)",farpost,2026-02-02,2026-02-02T15:40:00-05:00,"Pichincha, EC",False,research,-0.2508835425,-78.2290406802
inat_339794405_618207164.jpg,339794405,618207164,https://inaturalist-open-data.s3.amazonaws.com/photos/618207164/large.jpg,cc-by-nc,"(c) Scott Ramos, some rights reserved (CC BY-NC)",farpost,2026-02-02,2026-02-02T15:40:00-05:00,"Pichincha, EC",False,research,-0.2508835425,-78.2290406802
inat_339550771_617718184.jpg,339550771,617718184,https://inaturalist-open-data.s3.amazonaws.com/photos/617718184/large.jpg,cc-by-nc,"(c) Nelson Apolo, some rights reserved (CC BY-NC)",ecuadornaturetours,2026-02-20,2026-02-20T17:47:27-05:00,"Pichincha, EC",False,research,-0.2246427876,-78.318474969
inat_339550771_617718193.jpg,339550771,617718193,https://inaturalist-open-data.s3.amazonaws.com/photos/617718193/large.jpg,cc-by-nc,"(c) Nelson Apolo, some rights reserved (CC BY-NC)",ecuadornaturetours,2026-02-20,2026-02-20T17:47:27-05:00,"Pichincha, EC",False,research,-0.2246427876,-78.318474969
inat_339496023_617716212.jpg,339496023,617716212,https://inaturalist-open-data.s3.amazonaws.com/photos/617716212/large.jpg,cc-by-nc,"(c) mollyric, some rights reserved (CC BY-NC)",mollyric,2026-02-20,2026-02-20T17:46:19-05:00,"Pichincha, EC",False,research,-0.2494733193,-78.2656443629
inat_339496023_617716218.jpg,339496023,617716218,https://inaturalist-open-data.s3.amazonaws.com/photos/617716218/large.jpg,cc-by-nc,"(c) mollyric, some rights reserved (CC BY-NC)",mollyric,2026-02-20,2026-02-20T17:46:19-05:00,"Pichincha, EC",False,research,-0.2494733193,-78.2656443629
inat_339496023_617716228.jpg,339496023,617716228,https://inaturalist-open-data.s3.amazonaws.com/photos/617716228/large.jpg,cc-by-nc,"(c) mollyric, some rights reserved (CC BY-NC)",mollyric,2026-02-20,2026-02-20T17:46:19-05:00,"Pichincha, EC",False,research,-0.2494733193,-78.2656443629
inat_339495933_617716203.jpg,339495933,617716203,https://inaturalist-open-data.s3.amazonaws.com/photos/617716203/large.jpg,cc-by-nc,"(c) mollyric, some rights reserved (CC BY-NC)",mollyric,2026-02-20,2026-02-20T17:47:00-05:00,"Pichincha, EC",False,research,-0.2061566645,-78.2694068885
inat_339346436_617299522.jpg,339346436,617299522,https://inaturalist-open-data.s3.amazonaws.com/photos/617299522/large.jpg,cc-by-nc,"(c) Orlando Padilla, some rights reserved (CC BY-NC)",orlandopr,2025-10-15,2025-10-15T06:44:00-05:00,"Antioquia, CO",False,research,7.0391376756,-75.1057862761
inat_339346436_617300693.jpg,339346436,617300693,https://inaturalist-open-data.s3.amazonaws.com/photos/617300693/large.jpg,cc-by-nc,"(c) Orlando Padilla, some rights reserved (CC BY-NC)",orlandopr,2025-10-15,2025-10-15T06:44:00-05:00,"Antioquia, CO",False,research,7.0391376756,-75.1057862761
inat_339346436_617309528.jpg,339346436,617309528,https://inaturalist-open-data.s3.amazonaws.com/photos/617309528/large.jpg,cc-by-nc,"(c) Orlando Padilla, some rights reserved (CC BY-NC)",orlandopr,2025-10-15,2025-10-15T06:44:00-05:00,"Antioquia, CO",False,research,7.0391376756,-75.1057862761
inat_338911279_616416320.jpg,338911279,616416320,https://inaturalist-open-data.s3.amazonaws.com/photos/616416320/large.jpg,cc-by-nc,"(c) Iván Lau, some rights reserved (CC BY-NC)",ivanlau,2026-01-15,2026-01-15T07:43:00-05:00,"Cundinamarca, CO",False,research,4.7248217567,-73.6287522285
inat_338728748_616060709.jpg,338728748,616060709,https://inaturalist-open-data.s3.amazonaws.com/photos/616060709/large.jpg,cc-by-nc,"(c) pierreyveshenry, some rights reserved (CC BY-NC)",pierreyveshenry,2006-11-13,,Ecuador,False,research,-1.0629471327,-78.3303758364
inat_338728748_616060781.jpg,338728748,616060781,https://inaturalist-open-data.s3.amazonaws.com/photos/616060781/large.jpg,cc-by-nc,"(c) pierreyveshenry, some rights reserved (CC BY-NC)",pierreyveshenry,2006-11-13,,Ecuador,False,research,-1.0629471327,-78.3303758364
inat_338728748_616057244.jpg,338728748,616057244,https://inaturalist-open-data.s3.amazonaws.com/photos/616057244/large.jpg,cc-by-nc,"(c) pierreyveshenry, some rights reserved (CC BY-NC)",pierreyveshenry,2006-11-13,,Ecuador,False,research,-1.0629471327,-78.3303758364
inat_338502989_615608476.jpg,338502989,615608476,https://inaturalist-open-data.s3.amazonaws.com/photos/615608476/large.jpg,cc-by-nc,"(c) HSE COLOMBIA, some rights reserved (CC BY-NC)",hse_colombia,2020-04-24,2020-04-24T13:14:00-05:00,"Cundinamarca, CO",False,research,5.0821220891,-73.6731564399
inat_338242610_615066857.jpg,338242610,615066857,https://inaturalist-open-data.s3.amazonaws.com/photos/615066857/large.jpg,cc-by,"(c) desertnaturalist, some rights reserved (CC BY)",desertnaturalist,2026-02-07,2026-02-07T16:08:00-05:00,"Cundinamarca, CO",False,research,4.4609572618,-73.6637869278
inat_338242610_615068008.jpg,338242610,615068008,https://inaturalist-open-data.s3.amazonaws.com/photos/615068008/large.jpg,cc-by,"(c) desertnaturalist, some rights reserved (CC BY)",desertnaturalist,2026-02-07,2026-02-07T16:08:00-05:00,"Cundinamarca, CO",False,research,4.4609572618,-73.6637869278
inat_338242610_615068034.jpg,338242610,615068034,https://inaturalist-open-data.s3.amazonaws.com/photos/615068034/large.jpg,cc-by,"(c) desertnaturalist, some rights reserved (CC BY)",desertnaturalist,2026-02-07,2026-02-07T16:08:00-05:00,"Cundinamarca, CO",False,research,4.4609572618,-73.6637869278
inat_338242610_615068053.jpg,338242610,615068053,https://inaturalist-open-data.s3.amazonaws.com/photos/615068053/large.jpg,cc-by,"(c) desertnaturalist, some rights reserved (CC BY)",desertnaturalist,2026-02-07,2026-02-07T16:08:00-05:00,"Cundinamarca, CO",False,research,4.4609572618,-73.6637869278
inat_338014824_614602509.jpg,338014824,614602509,https://inaturalist-open-data.s3.amazonaws.com/photos/614602509/large.jpg,cc-by-nc,"(c) kevin_solano, some rights reserved (CC BY-NC)",kevin_solano,2025-10-11,2025-10-11T10:16:00-05:00,"Pichincha, EC",False,research,-0.1659984729,-78.3612572766
inat_337404729_613351246.jpg,337404729,613351246,https://inaturalist-open-data.s3.amazonaws.com/photos/613351246/large.jpg,cc-by-nc,"(c) ethan currens, some rights reserved (CC BY-NC)",ethanec,2026-02-03,2026-02-03T10:56:00-05:00,Ecuador,False,research,-1.3466326421,-78.4557414049
inat_337327874_613192552.jpg,337327874,613192552,https://inaturalist-open-data.s3.amazonaws.com/photos/613192552/large.jpg,cc-by-nc,"(c) Carolina, some rights reserved (CC BY-NC)",levorak,2026-01-30,2026-01-30T12:15:16-05:00,Colombia,False,research,5.5137635812,-75.9296266869
inat_337211000_612954229.jpg,337211000,612954229,https://inaturalist-open-data.s3.amazonaws.com/photos/612954229/large.jpg,cc-by-nc,"(c) Orlando Padilla, some rights reserved (CC BY-NC)",orlandopr,2025-11-21,2025-11-21T09:00:00-05:00,"Nariño, CO",False,research,1.092436412,-77.0541150187
inat_336415483_611332919.jpg,336415483,611332919,https://inaturalist-open-data.s3.amazonaws.com/photos/611332919/large.jpg,cc-by-nc,"(c) Omar Miranda B., some rights reserved (CC BY-NC)",frogbo,2026-01-02,2026-01-02T19:25:32-04:00,"La Paz, BO",False,research,-16.4264373508,-67.5497215945
inat_336414635_611332417.jpg,336414635,611332417,https://inaturalist-open-data.s3.amazonaws.com/photos/611332417/large.jpg,cc-by-nc,"(c) Omar Miranda B., some rights reserved (CC BY-NC)",frogbo,2026-01-01,2026-01-01T18:39:03-04:00,"La Paz, BO",False,research,-16.4503715581,-67.4515521714
inat_336399806_611299207.jpg,336399806,611299207,https://inaturalist-open-data.s3.amazonaws.com/photos/611299207/large.jpg,cc-by-nc,"(c) Leidy Higuita, some rights reserved (CC BY-NC)",leidy37537,2026-01-27,2026-01-27T17:48:59-05:00,"Antioquia, CO",False,research,6.6914610537,-75.8829594858
inat_336399806_611299212.jpg,336399806,611299212,https://inaturalist-open-data.s3.amazonaws.com/photos/611299212/large.jpg,cc-by-nc,"(c) Leidy Higuita, some rights reserved (CC BY-NC)",leidy37537,2026-01-27,2026-01-27T17:48:59-05:00,"Antioquia, CO",False,research,6.6914610537,-75.8829594858
inat_336086781_610673967.jpg,336086781,610673967,https://inaturalist-open-data.s3.amazonaws.com/photos/610673967/large.jpg,cc-by-nc,"(c) eddie padilla gamarra, some rights reserved (CC BY-NC)",gustavoeddie,2025-07-19,2025-07-19T00:00:00-05:00,"Lambayeque, PE",False,research,-6.6444774015,-79.5474928751
inat_336086781_611438230.jpg,336086781,611438230,https://inaturalist-open-data.s3.amazonaws.com/photos/611438230/large.jpg,cc-by-nc,"(c) eddie padilla gamarra, some rights reserved (CC BY-NC)",gustavoeddie,2025-07-19,2025-07-19T00:00:00-05:00,"Lambayeque, PE",False,research,-6.6444774015,-79.5474928751
inat_336086781_611438260.jpg,336086781,611438260,https://inaturalist-open-data.s3.amazonaws.com/photos/611438260/large.jpg,cc-by-nc,"(c) eddie padilla gamarra, some rights reserved (CC BY-NC)",gustavoeddie,2025-07-19,2025-07-19T00:00:00-05:00,"Lambayeque, PE",False,research,-6.6444774015,-79.5474928751
inat_336086781_611438249.jpg,336086781,611438249,https://inaturalist-open-data.s3.amazonaws.com/photos/611438249/large.jpg,cc-by-nc,"(c) eddie padilla gamarra, some rights reserved (CC BY-NC)",gustavoeddie,2025-07-19,2025-07-19T00:00:00-05:00,"Lambayeque, PE",False,research,-6.6444774015,-79.5474928751
inat_336086781_611438243.jpg,336086781,611438243,https://inaturalist-open-data.s3.amazonaws.com/photos/611438243/large.jpg,cc-by-nc,"(c) eddie padilla gamarra, some rights reserved (CC BY-NC)",gustavoeddie,2025-07-19,2025-07-19T00:00:00-05:00,"Lambayeque, PE",False,research,-6.6444774015,-79.5474928751
inat_336086781_611438225.jpg,336086781,611438225,https://inaturalist-open-data.s3.amazonaws.com/photos/611438225/large.jpg,cc-by-nc,"(c) eddie padilla gamarra, some rights reserved (CC BY-NC)",gustavoeddie,2025-07-19,2025-07-19T00:00:00-05:00,"Lambayeque, PE",False,research,-6.6444774015,-79.5474928751
inat_336086781_611438239.jpg,336086781,611438239,https://inaturalist-open-data.s3.amazonaws.com/photos/611438239/large.jpg,cc-by-nc,"(c) eddie padilla gamarra, some rights reserved (CC BY-NC)",gustavoeddie,2025-07-19,2025-07-19T00:00:00-05:00,"Lambayeque, PE",False,research,-6.6444774015,-79.5474928751
inat_335428335_609592049.jpg,335428335,609592049,https://inaturalist-open-data.s3.amazonaws.com/photos/609592049/large.jpg,cc-by-nc,"(c) gabovinasco1, some rights reserved (CC BY-NC)",gabovinasco1,2026-01-06,2026-01-06T15:15:39-05:00,"Cundinamarca, CO",False,research,4.4287168472,-73.7893011977
inat_335428335_609592057.jpg,335428335,609592057,https://inaturalist-open-data.s3.amazonaws.com/photos/609592057/large.jpg,cc-by-nc,"(c) gabovinasco1, some rights reserved (CC BY-NC)",gabovinasco1,2026-01-06,2026-01-06T15:15:39-05:00,"Cundinamarca, CO",False,research,4.4287168472,-73.7893011977
inat_335428335_609592063.jpg,335428335,609592063,https://inaturalist-open-data.s3.amazonaws.com/photos/609592063/large.jpg,cc-by-nc,"(c) gabovinasco1, some rights reserved (CC BY-NC)",gabovinasco1,2026-01-06,2026-01-06T15:15:39-05:00,"Cundinamarca, CO",False,research,4.4287168472,-73.7893011977
inat_335428335_609592077.jpg,335428335,609592077,https://inaturalist-open-data.s3.amazonaws.com/photos/609592077/large.jpg,cc-by-nc,"(c) gabovinasco1, some rights reserved (CC BY-NC)",gabovinasco1,2026-01-06,2026-01-06T15:15:39-05:00,"Cundinamarca, CO",False,research,4.4287168472,-73.7893011977
inat_334662218_607792042.jpg,334662218,607792042,https://inaturalist-open-data.s3.amazonaws.com/photos/607792042/large.jpg,cc-by-nc,"(c) emmyzeilstra, some rights reserved (CC BY-NC)",emmyzeilstra,2026-01-11,2026-01-11T21:00:00-05:00,"Pichincha, EC",False,research,-0.3446711704,-78.3815865666
inat_334559150_607587772.jpg,334559150,607587772,https://inaturalist-open-data.s3.amazonaws.com/photos/607587772/large.jpg,cc-by-nc,"(c) jimzonneveld, some rights reserved (CC BY-NC)",jimzonneveld,2026-01-11,2026-01-11T09:08:37-05:00,"Pichincha, EC",False,research,-0.322640282,-78.2044180637
inat_334485270_607436333.jpg,334485270,607436333,https://inaturalist-open-data.s3.amazonaws.com/photos/607436333/large.jpg,cc-by-nc,"(c) Zina Lüschen, some rights reserved (CC BY-NC)",zina31276,2026-01-11,2026-01-11T10:00:00-05:00,,False,research,,
inat_334450549_607365726.jpg,334450549,607365726,https://inaturalist-open-data.s3.amazonaws.com/photos/607365726/large.jpg,cc-by-nc,"(c) Renske Pannekoek, some rights reserved (CC BY-NC)",renske33489,2026-01-11,2026-01-11T10:01:00-05:00,"Napo, EC",False,research,-0.3164080583,-77.7199420346
inat_334286556_607031805.jpg,334286556,607031805,https://inaturalist-open-data.s3.amazonaws.com/photos/607031805/large.jpg,cc-by-nc,"(c) ashalit25, some rights reserved (CC BY-NC)",ashalit25,2026-01-10,2026-01-10T15:30:46-05:00,"Cundinamarca, CO",False,research,4.5742895659,-73.7727880462
inat_334286556_607031829.jpg,334286556,607031829,https://inaturalist-open-data.s3.amazonaws.com/photos/607031829/large.jpg,cc-by-nc,"(c) ashalit25, some rights reserved (CC BY-NC)",ashalit25,2026-01-10,2026-01-10T15:30:46-05:00,"Cundinamarca, CO",False,research,4.5742895659,-73.7727880462
inat_334286556_607031845.jpg,334286556,607031845,https://inaturalist-open-data.s3.amazonaws.com/photos/607031845/large.jpg,cc-by-nc,"(c) ashalit25, some rights reserved (CC BY-NC)",ashalit25,2026-01-10,2026-01-10T15:30:46-05:00,"Cundinamarca, CO",False,research,4.5742895659,-73.7727880462
inat_334286556_607031858.jpg,334286556,607031858,https://inaturalist-open-data.s3.amazonaws.com/photos/607031858/large.jpg,cc-by-nc,"(c) ashalit25, some rights reserved (CC BY-NC)",ashalit25,2026-01-10,2026-01-10T15:30:46-05:00,"Cundinamarca, CO",False,research,4.5742895659,-73.7727880462
inat_334286556_607031876.jpg,334286556,607031876,https://inaturalist-open-data.s3.amazonaws.com/photos/607031876/large.jpg,cc-by-nc,"(c) ashalit25, some rights reserved (CC BY-NC)",ashalit25,2026-01-10,2026-01-10T15:30:46-05:00,"Cundinamarca, CO",False,research,4.5742895659,-73.7727880462
inat_334286556_607031890.jpg,334286556,607031890,https://inaturalist-open-data.s3.amazonaws.com/photos/607031890/large.jpg,cc-by-nc,"(c) ashalit25, some rights reserved (CC BY-NC)",ashalit25,2026-01-10,2026-01-10T15:30:46-05:00,"Cundinamarca, CO",False,research,4.5742895659,-73.7727880462
inat_334286556_607031906.jpg,334286556,607031906,https://inaturalist-open-data.s3.amazonaws.com/photos/607031906/large.jpg,cc-by-nc,"(c) ashalit25, some rights reserved (CC BY-NC)",ashalit25,2026-01-10,2026-01-10T15:30:46-05:00,"Cundinamarca, CO",False,research,4.5742895659,-73.7727880462
inat_334286556_607031924.jpg,334286556,607031924,https://inaturalist-open-data.s3.amazonaws.com/photos/607031924/large.jpg,cc-by-nc,"(c) ashalit25, some rights reserved (CC BY-NC)",ashalit25,2026-01-10,2026-01-10T15:30:46-05:00,"Cundinamarca, CO",False,research,4.5742895659,-73.7727880462
inat_334047681_606544102.jpg,334047681,606544102,https://inaturalist-open-data.s3.amazonaws.com/photos/606544102/large.jpg,cc-by-nc,"(c) kawasi, some rights reserved (CC BY-NC)",kawasi,2026-01-07,2026-01-07T10:37:14-05:00,Ecuador,False,research,-0.2001920061,-78.142145394
inat_332732628_603908306.jpg,332732628,603908306,https://inaturalist-open-data.s3.amazonaws.com/photos/603908306/large.jpg,cc-by-nc,"(c) Uri Wolkowski, some rights reserved (CC BY-NC)",sauriscus,2025-05-17,2025-05-17T09:04:00-05:00,"Cundinamarca, CO",False,research,4.6837679116,-73.6151244563
inat_332732628_603908292.jpg,332732628,603908292,https://inaturalist-open-data.s3.amazonaws.com/photos/603908292/large.jpg,cc-by-nc,"(c) Uri Wolkowski, some rights reserved (CC BY-NC)",sauriscus,2025-05-17,2025-05-17T09:04:00-05:00,"Cundinamarca, CO",False,research,4.6837679116,-73.6151244563
inat_332732628_603908305.jpg,332732628,603908305,https://inaturalist-open-data.s3.amazonaws.com/photos/603908305/large.jpg,cc-by-nc,"(c) Uri Wolkowski, some rights reserved (CC BY-NC)",sauriscus,2025-05-17,2025-05-17T09:04:00-05:00,"Cundinamarca, CO",False,research,4.6837679116,-73.6151244563
inat_332732628_603908322.jpg,332732628,603908322,https://inaturalist-open-data.s3.amazonaws.com/photos/603908322/large.jpg,cc-by-nc,"(c) Uri Wolkowski, some rights reserved (CC BY-NC)",sauriscus,2025-05-17,2025-05-17T09:04:00-05:00,"Cundinamarca, CO",False,research,4.6837679116,-73.6151244563
inat_332286484_603092726.jpg,332286484,603092726,https://inaturalist-open-data.s3.amazonaws.com/photos/603092726/large.jpg,cc-by-nc,"(c) Marco Pecoraro, some rights reserved (CC BY-NC)",marcopecoraro,2025-12-27,2025-12-27T08:24:00-05:00,"Cundinamarca, CO",False,research,4.9387279009,-73.6488998033
inat_332286484_603092744.jpg,332286484,603092744,https://inaturalist-open-data.s3.amazonaws.com/photos/603092744/large.jpg,cc-by-nc,"(c) Marco Pecoraro, some rights reserved (CC BY-NC)",marcopecoraro,2025-12-27,2025-12-27T08:24:00-05:00,"Cundinamarca, CO",False,research,4.9387279009,-73.6488998033
inat_332251439_602930439.jpg,332251439,602930439,https://inaturalist-open-data.s3.amazonaws.com/photos/602930439/large.jpg,cc-by-nc,"(c) John Sterling, some rights reserved (CC BY-NC)",jsterling60,2021-12-06,2021-12-06T02:37:00-05:00,"Pichincha, EC",False,research,-0.2493321306,-78.3818925808
inat_331462626_601313563.jpg,331462626,601313563,https://inaturalist-open-data.s3.amazonaws.com/photos/601313563/large.jpg,cc-by-nc,"(c) Cody Limber, some rights reserved (CC BY-NC)",codylimber,2025-12-11,2025-12-11T12:06:00-05:00,"Pichincha, EC",False,research,-0.0688434051,-78.6166882509
inat_331462626_601313534.jpg,331462626,601313534,https://inaturalist-open-data.s3.amazonaws.com/photos/601313534/large.jpg,cc-by-nc,"(c) Cody Limber, some rights reserved (CC BY-NC)",codylimber,2025-12-11,2025-12-11T12:06:00-05:00,"Pichincha, EC",False,research,-0.0688434051,-78.6166882509
inat_331462626_601313553.jpg,331462626,601313553,https://inaturalist-open-data.s3.amazonaws.com/photos/601313553/large.jpg,cc-by-nc,"(c) Cody Limber, some rights reserved (CC BY-NC)",codylimber,2025-12-11,2025-12-11T12:06:00-05:00,"Pichincha, EC",False,research,-0.0688434051,-78.6166882509
inat_331462626_601313626.jpg,331462626,601313626,https://inaturalist-open-data.s3.amazonaws.com/photos/601313626/large.jpg,cc-by-nc,"(c) Cody Limber, some rights reserved (CC BY-NC)",codylimber,2025-12-11,2025-12-11T12:06:00-05:00,"Pichincha, EC",False,research,-0.0688434051,-78.6166882509
inat_331462626_601313658.jpg,331462626,601313658,https://inaturalist-open-data.s3.amazonaws.com/photos/601313658/large.jpg,cc-by-nc,"(c) Cody Limber, some rights reserved (CC BY-NC)",codylimber,2025-12-11,2025-12-11T12:06:00-05:00,"Pichincha, EC",False,research,-0.0688434051,-78.6166882509
inat_331462626_601313637.jpg,331462626,601313637,https://inaturalist-open-data.s3.amazonaws.com/photos/601313637/large.jpg,cc-by-nc,"(c) Cody Limber, some rights reserved (CC BY-NC)",codylimber,2025-12-11,2025-12-11T12:06:00-05:00,"Pichincha, EC",False,research,-0.0688434051,-78.6166882509
inat_331462626_601313709.jpg,331462626,601313709,https://inaturalist-open-data.s3.amazonaws.com/photos/601313709/large.jpg,cc-by-nc,"(c) Cody Limber, some rights reserved (CC BY-NC)",codylimber,2025-12-11,2025-12-11T12:06:00-05:00,"Pichincha, EC",False,research,-0.0688434051,-78.6166882509
inat_331462626_601313725.jpg,331462626,601313725,https://inaturalist-open-data.s3.amazonaws.com/photos/601313725/large.jpg,cc-by-nc,"(c) Cody Limber, some rights reserved (CC BY-NC)",codylimber,2025-12-11,2025-12-11T12:06:00-05:00,"Pichincha, EC",False,research,-0.0688434051,-78.6166882509
inat_331410704_601204392.jpg,331410704,601204392,https://inaturalist-open-data.s3.amazonaws.com/photos/601204392/large.jpg,cc-by-nc,"(c) Aaron Marshall, some rights reserved (CC BY-NC)",marshall09,2025-02-13,2025-02-13T09:05:00-05:00,Ecuador,False,research,-0.4189710693,-78.2837059243
inat_331410704_601204430.jpg,331410704,601204430,https://inaturalist-open-data.s3.amazonaws.com/photos/601204430/large.jpg,cc-by-nc,"(c) Aaron Marshall, some rights reserved (CC BY-NC)",marshall09,2025-02-13,2025-02-13T09:05:00-05:00,Ecuador,False,research,-0.4189710693,-78.2837059243
inat_331410704_601204432.jpg,331410704,601204432,https://inaturalist-open-data.s3.amazonaws.com/photos/601204432/large.jpg,cc-by-nc,"(c) Aaron Marshall, some rights reserved (CC BY-NC)",marshall09,2025-02-13,2025-02-13T09:05:00-05:00,Ecuador,False,research,-0.4189710693,-78.2837059243
inat_330741656_599826523.jpg,330741656,599826523,https://inaturalist-open-data.s3.amazonaws.com/photos/599826523/large.jpg,cc-by-nc,"(c) Ulises Balza, some rights reserved (CC BY-NC)",ulisesbalza,2025-12-14,2025-12-14T12:30:31-05:00,"Pichincha, EC",False,research,-0.2352490181,-78.3115412005
inat_330524329_599375055.jpg,330524329,599375055,https://inaturalist-open-data.s3.amazonaws.com/photos/599375055/large.jpg,cc-by,"(c) Elizabeth Axley, some rights reserved (CC BY)",actuallyaxley,2025-12-12,2025-12-12T17:25:38-05:00,"Pichincha, EC",False,research,-0.3918070652,-78.3835342666
inat_330524329_599375057.jpg,330524329,599375057,https://inaturalist-open-data.s3.amazonaws.com/photos/599375057/large.jpg,cc-by,"(c) Elizabeth Axley, some rights reserved (CC BY)",actuallyaxley,2025-12-12,2025-12-12T17:25:38-05:00,"Pichincha, EC",False,research,-0.3918070652,-78.3835342666
inat_330524329_599375050.jpg,330524329,599375050,https://inaturalist-open-data.s3.amazonaws.com/photos/599375050/large.jpg,cc-by,"(c) Elizabeth Axley, some rights reserved (CC BY)",actuallyaxley,2025-12-12,2025-12-12T17:25:38-05:00,"Pichincha, EC",False,research,-0.3918070652,-78.3835342666
inat_330524329_599375056.jpg,330524329,599375056,https://inaturalist-open-data.s3.amazonaws.com/photos/599375056/large.jpg,cc-by,"(c) Elizabeth Axley, some rights reserved (CC BY)",actuallyaxley,2025-12-12,2025-12-12T17:25:38-05:00,"Pichincha, EC",False,research,-0.3918070652,-78.3835342666
inat_330524329_599375058.jpg,330524329,599375058,https://inaturalist-open-data.s3.amazonaws.com/photos/599375058/large.jpg,cc-by,"(c) Elizabeth Axley, some rights reserved (CC BY)",actuallyaxley,2025-12-12,2025-12-12T17:25:38-05:00,"Pichincha, EC",False,research,-0.3918070652,-78.3835342666
inat_330524329_599375052.jpg,330524329,599375052,https://inaturalist-open-data.s3.amazonaws.com/photos/599375052/large.jpg,cc-by,"(c) Elizabeth Axley, some rights reserved (CC BY)",actuallyaxley,2025-12-12,2025-12-12T17:25:38-05:00,"Pichincha, EC",False,research,-0.3918070652,-78.3835342666
inat_330524329_599375060.jpg,330524329,599375060,https://inaturalist-open-data.s3.amazonaws.com/photos/599375060/large.jpg,cc-by,"(c) Elizabeth Axley, some rights reserved (CC BY)",actuallyaxley,2025-12-12,2025-12-12T17:25:38-05:00,"Pichincha, EC",False,research,-0.3918070652,-78.3835342666
inat_330524329_599375061.jpg,330524329,599375061,https://inaturalist-open-data.s3.amazonaws.com/photos/599375061/large.jpg,cc-by,"(c) Elizabeth Axley, some rights reserved (CC BY)",actuallyaxley,2025-12-12,2025-12-12T17:25:38-05:00,"Pichincha, EC",False,research,-0.3918070652,-78.3835342666
inat_330524329_599375064.jpg,330524329,599375064,https://inaturalist-open-data.s3.amazonaws.com/photos/599375064/large.jpg,cc-by,"(c) Elizabeth Axley, some rights reserved (CC BY)",actuallyaxley,2025-12-12,2025-12-12T17:25:38-05:00,"Pichincha, EC",False,research,-0.3918070652,-78.3835342666
inat_330524329_599375067.jpg,330524329,599375067,https://inaturalist-open-data.s3.amazonaws.com/photos/599375067/large.jpg,cc-by,"(c) Elizabeth Axley, some rights reserved (CC BY)",actuallyaxley,2025-12-12,2025-12-12T17:25:38-05:00,"Pichincha, EC",False,research,-0.3918070652,-78.3835342666
inat_330524329_599375066.jpg,330524329,599375066,https://inaturalist-open-data.s3.amazonaws.com/photos/599375066/large.jpg,cc-by,"(c) Elizabeth Axley, some rights reserved (CC BY)",actuallyaxley,2025-12-12,2025-12-12T17:25:38-05:00,"Pichincha, EC",False,research,-0.3918070652,-78.3835342666
inat_330365668_599049003.jpg,330365668,599049003,https://inaturalist-open-data.s3.amazonaws.com/photos/599049003/large.jpg,cc-by-nc,"(c) arobey63, some rights reserved (CC BY-NC)",arobey63,2025-12-11,2025-12-11T13:11:37-05:00,"Pichincha, EC",False,research,0.1759887134,-78.7664656944
inat_330183261_598677885.jpg,330183261,598677885,https://inaturalist-open-data.s3.amazonaws.com/photos/598677885/large.jpg,cc-by-nc,"(c) Jimmy Velasteguí, some rights reserved (CC BY-NC)",jimmydavidvg6,2025-11-30,2025-11-30T09:18:04-05:00,"Napo, EC",False,research,-0.2654688397,-78.0415023434
inat_330183261_598677909.jpg,330183261,598677909,https://inaturalist-open-data.s3.amazonaws.com/photos/598677909/large.jpg,cc-by-nc,"(c) Jimmy Velasteguí, some rights reserved (CC BY-NC)",jimmydavidvg6,2025-11-30,2025-11-30T09:18:04-05:00,"Napo, EC",False,research,-0.2654688397,-78.0415023434
inat_329860038_598007322.jpg,329860038,598007322,https://inaturalist-open-data.s3.amazonaws.com/photos/598007322/large.jpg,cc-by-nc,"(c) bcur155, some rights reserved (CC BY-NC)",bcur155,2025-11-16,2025-11-16T09:28:00-05:00,Ecuador,False,research,-0.4841862621,-78.3211380232
inat_329627214_597547788.jpg,329627214,597547788,https://inaturalist-open-data.s3.amazonaws.com/photos/597547788/large.jpg,cc-by-nc,"(c) Indira Carrion, some rights reserved (CC BY-NC)",indira_carrion,2025-11-15,2025-11-15T11:59:00-05:00,"Pichincha, EC",False,research,0.0592811806,-78.9033548608
inat_329334258_596954890.jpg,329334258,596954890,https://inaturalist-open-data.s3.amazonaws.com/photos/596954890/large.jpg,cc-by-nc,"(c) Jeanne Benioff, some rights reserved (CC BY-NC)",jeanne153,2025-10-09,2025-10-09T10:05:00-05:00,"Lambayeque, PE",False,research,-6.449473065,-79.5911733233
inat_328841178_595967831.jpg,328841178,595967831,https://inaturalist-open-data.s3.amazonaws.com/photos/595967831/large.jpg,cc-by-nc,"(c) isaontaneda, some rights reserved (CC BY-NC)",isaontaneda,2025-11-29,2025-11-29T13:47:12-05:00,Ecuador,False,research,0.0988870538,-78.7822132025
inat_327851811_597835900.jpg,327851811,597835900,https://inaturalist-open-data.s3.amazonaws.com/photos/597835900/large.jpg,cc-by-nc,"(c) Cathy Pasterczyk, some rights reserved (CC BY-NC)",cathyp,2025-11-23,2025-11-23T09:23:41-05:00,"Pichincha, EC",False,research,-0.2085772705,-78.2354732344
inat_327851811_597836540.jpg,327851811,597836540,https://inaturalist-open-data.s3.amazonaws.com/photos/597836540/large.jpg,cc-by-nc,"(c) Cathy Pasterczyk, some rights reserved (CC BY-NC)",cathyp,2025-11-23,2025-11-23T09:23:41-05:00,"Pichincha, EC",False,research,-0.2085772705,-78.2354732344
inat_327851811_597836655.jpg,327851811,597836655,https://inaturalist-open-data.s3.amazonaws.com/photos/597836655/large.jpg,cc-by-nc,"(c) Cathy Pasterczyk, some rights reserved (CC BY-NC)",cathyp,2025-11-23,2025-11-23T09:23:41-05:00,"Pichincha, EC",False,research,-0.2085772705,-78.2354732344
inat_327851811_597836853.jpg,327851811,597836853,https://inaturalist-open-data.s3.amazonaws.com/photos/597836853/large.jpg,cc-by-nc,"(c) Cathy Pasterczyk, some rights reserved (CC BY-NC)",cathyp,2025-11-23,2025-11-23T09:23:41-05:00,"Pichincha, EC",False,research,-0.2085772705,-78.2354732344
inat_327851811_597836956.jpg,327851811,597836956,https://inaturalist-open-data.s3.amazonaws.com/photos/597836956/large.jpg,cc-by-nc,"(c) Cathy Pasterczyk, some rights reserved (CC BY-NC)",cathyp,2025-11-23,2025-11-23T09:23:41-05:00,"Pichincha, EC",False,research,-0.2085772705,-78.2354732344
inat_327851811_594014688.jpg,327851811,594014688,https://inaturalist-open-data.s3.amazonaws.com/photos/594014688/large.jpg,cc-by-nc,"(c) Cathy Pasterczyk, some rights reserved (CC BY-NC)",cathyp,2025-11-23,2025-11-23T09:23:41-05:00,"Pichincha, EC",False,research,-0.2085772705,-78.2354732344
inat_327848537_594008593.jpg,327848537,594008593,https://inaturalist-open-data.s3.amazonaws.com/photos/594008593/large.jpg,cc-by-nc,"(c) samwoods0, some rights reserved (CC BY-NC)",samwoods0,2025-11-22,2025-11-22T16:15:00-05:00,"Pichincha, EC",False,research,-0.3066580797,-78.3062622648
inat_327803154_593916857.jpg,327803154,593916857,https://inaturalist-open-data.s3.amazonaws.com/photos/593916857/large.jpg,cc-by-nc,"(c) samwoods0, some rights reserved (CC BY-NC)",samwoods0,2025-11-22,2025-11-22T16:15:00-05:00,"Pichincha, EC",False,research,-0.2430803766,-78.2038043305
inat_327803075_593916054.jpg,327803075,593916054,https://inaturalist-open-data.s3.amazonaws.com/photos/593916054/large.jpg,cc-by-nc,"(c) samwoods0, some rights reserved (CC BY-NC)",samwoods0,2025-11-22,2025-11-22T16:15:00-05:00,"Pichincha, EC",False,research,-0.2670464367,-78.3662466596
inat_327792323_593894917.jpg,327792323,593894917,https://inaturalist-open-data.s3.amazonaws.com/photos/593894917/large.jpg,cc-by-nc,"(c) Joachim Bertrands, some rights reserved (CC BY-NC)",joachimbertrands_ornis_birding,2025-11-22,2025-11-22T16:28:00-05:00,"Pasco, PE",False,research,-10.6393195092,-75.4979305068
inat_327792323_593894919.jpg,327792323,593894919,https://inaturalist-open-data.s3.amazonaws.com/photos/593894919/large.jpg,cc-by-nc,"(c) Joachim Bertrands, some rights reserved (CC BY-NC)",joachimbertrands_ornis_birding,2025-11-22,2025-11-22T16:28:00-05:00,"Pasco, PE",False,research,-10.6393195092,-75.4979305068
inat_327710614_593743330.jpg,327710614,593743330,https://inaturalist-open-data.s3.amazonaws.com/photos/593743330/large.jpg,cc-by-nc,"(c) Cathy Pasterczyk, some rights reserved (CC BY-NC)",cathyp,2025-11-21,2025-11-21T17:39:48-05:00,"Pichincha, EC",False,research,-0.2077163499,-78.2656769212
inat_327710614_593743365.jpg,327710614,593743365,https://inaturalist-open-data.s3.amazonaws.com/photos/593743365/large.jpg,cc-by-nc,"(c) Cathy Pasterczyk, some rights reserved (CC BY-NC)",cathyp,2025-11-21,2025-11-21T17:39:48-05:00,"Pichincha, EC",False,research,-0.2077163499,-78.2656769212
inat_327710614_593743410.jpg,327710614,593743410,https://inaturalist-open-data.s3.amazonaws.com/photos/593743410/large.jpg,cc-by-nc,"(c) Cathy Pasterczyk, some rights reserved (CC BY-NC)",cathyp,2025-11-21,2025-11-21T17:39:48-05:00,"Pichincha, EC",False,research,-0.2077163499,-78.2656769212
inat_327606298_593543093.jpg,327606298,593543093,https://inaturalist-open-data.s3.amazonaws.com/photos/593543093/large.jpg,cc-by-nc,"(c) Fredy Ramón C., some rights reserved (CC BY-NC)",ramon_fredy,2025-07-25,2025-07-25T09:57:53-05:00,"Zamora Chinchipe, EC",False,research,-4.447353724,-79.137918992
inat_327606298_593543114.jpg,327606298,593543114,https://inaturalist-open-data.s3.amazonaws.com/photos/593543114/large.jpg,cc-by-nc,"(c) Fredy Ramón C., some rights reserved (CC BY-NC)",ramon_fredy,2025-07-25,2025-07-25T09:57:53-05:00,"Zamora Chinchipe, EC",False,research,-4.447353724,-79.137918992
inat_327606298_593543128.jpg,327606298,593543128,https://inaturalist-open-data.s3.amazonaws.com/photos/593543128/large.jpg,cc-by-nc,"(c) Fredy Ramón C., some rights reserved (CC BY-NC)",ramon_fredy,2025-07-25,2025-07-25T09:57:53-05:00,"Zamora Chinchipe, EC",False,research,-4.447353724,-79.137918992
inat_327606298_593543149.jpg,327606298,593543149,https://inaturalist-open-data.s3.amazonaws.com/photos/593543149/large.jpg,cc-by-nc,"(c) Fredy Ramón C., some rights reserved (CC BY-NC)",ramon_fredy,2025-07-25,2025-07-25T09:57:53-05:00,"Zamora Chinchipe, EC",False,research,-4.447353724,-79.137918992
inat_327391985_593117621.jpg,327391985,593117621,https://inaturalist-open-data.s3.amazonaws.com/photos/593117621/large.jpg,cc-by-nc,"(c) jimburger, some rights reserved (CC BY-NC)",jimburger,2022-06-19,2022-06-19T12:02:00-05:00,Ecuador,False,research,-0.3066795753,-78.0989768941
inat_326052695_590446809.jpg,326052695,590446809,https://inaturalist-open-data.s3.amazonaws.com/photos/590446809/large.jpg,cc-by-nc,"(c) gnormand, some rights reserved (CC BY-NC)",gnormand,2025-11-02,2025-11-02T16:52:00-05:00,"Azuay, EC",False,research,-2.9202982728,-78.7768650263
inat_326027658_590399108.jpg,326027658,590399108,https://inaturalist-open-data.s3.amazonaws.com/photos/590399108/large.jpg,cc-by-nc,"(c) Aaron Rusak, some rights reserved (CC BY-NC)",afrusak,2025-07-07,2025-07-07T11:04:00-05:00,"Pichincha, EC",False,research,-0.1719180498,-78.7484645366
inat_325594503_589534011.jpg,325594503,589534011,https://inaturalist-open-data.s3.amazonaws.com/photos/589534011/large.jpg,cc-by-nc,"(c) patrick van thull, some rights reserved (CC BY-NC)",pvanthull,2025-11-08,2025-11-08T14:51:01-05:00,"Lambayeque, PE",False,research,-6.4360179937,-79.5420505859
inat_325385770_589122126.jpg,325385770,589122126,https://inaturalist-open-data.s3.amazonaws.com/photos/589122126/large.jpg,cc-by-nc,"(c) CRISTHINA GABRIELA DELGADO GARCIA, some rights reserved (CC BY-NC)",cristhina_gabriela,2025-11-07,2025-11-07T13:54:48-05:00,Ecuador,False,research,0.3640866037,-78.0287035766
inat_324759155_587869969.jpg,324759155,587869969,https://inaturalist-open-data.s3.amazonaws.com/photos/587869969/large.jpg,cc-by-nc,"(c) Estefanía Aldana, some rights reserved (CC BY-NC)",ealdana_geo,2025-11-02,2025-11-02T09:38:00-05:00,"Lambayeque, PE",False,research,-6.4675199592,-79.5081146581
inat_324758885_587864270.jpg,324758885,587864270,https://inaturalist-open-data.s3.amazonaws.com/photos/587864270/large.jpg,cc-by-nc,"(c) Estefanía Aldana, some rights reserved (CC BY-NC)",ealdana_geo,2025-11-01,2025-11-01T15:54:00-05:00,"Lambayeque, PE",False,research,-6.5519621936,-79.58010617
inat_324758885_587864225.jpg,324758885,587864225,https://inaturalist-open-data.s3.amazonaws.com/photos/587864225/large.jpg,cc-by-nc,"(c) Estefanía Aldana, some rights reserved (CC BY-NC)",ealdana_geo,2025-11-01,2025-11-01T15:54:00-05:00,"Lambayeque, PE",False,research,-6.5519621936,-79.58010617
inat_324758885_587864283.jpg,324758885,587864283,https://inaturalist-open-data.s3.amazonaws.com/photos/587864283/large.jpg,cc-by-nc,"(c) Estefanía Aldana, some rights reserved (CC BY-NC)",ealdana_geo,2025-11-01,2025-11-01T15:54:00-05:00,"Lambayeque, PE",False,research,-6.5519621936,-79.58010617
inat_324739656_587829642.jpg,324739656,587829642,https://inaturalist-open-data.s3.amazonaws.com/photos/587829642/large.jpg,cc-by-nc,"(c) Estefanía Aldana, some rights reserved (CC BY-NC)",ealdana_geo,2025-11-02,2025-11-02T10:26:00-05:00,"Lambayeque, PE",False,research,-6.5345772774,-79.5432781586
inat_324591523_587527930.jpg,324591523,587527930,https://inaturalist-open-data.s3.amazonaws.com/photos/587527930/large.jpg,cc-by-nc,"(c) Estefanía Aldana, some rights reserved (CC BY-NC)",ealdana_geo,2025-11-01,,Peru,False,research,-6.6687022677,-79.3116400254
inat_324367058_587073702.jpg,324367058,587073702,https://inaturalist-open-data.s3.amazonaws.com/photos/587073702/large.jpg,cc-by-nc,"(c) gabites98, some rights reserved (CC BY-NC)",gabites98,2025-10-26,2025-10-26T12:37:00-04:00,"Manuel María Caballero, BO-SC, BO",False,research,-17.8666315279,-64.5369340694
inat_324083822_586514857.jpg,324083822,586514857,https://inaturalist-open-data.s3.amazonaws.com/photos/586514857/large.jpg,cc-by,"(c) Raquel Mondino, some rights reserved (CC BY)",raquel_mondino,2025-10-24,2025-10-24T10:04:00-04:00,"Manuel María Caballero, BO-SC, BO",False,research,-17.9856480606,-64.4010482101
inat_323642337_585644003.jpg,323642337,585644003,https://inaturalist-open-data.s3.amazonaws.com/photos/585644003/large.jpg,cc-by-nc,"(c) Alex Baldwin, some rights reserved (CC BY-NC)",alexito-en-los-cedros,2025-09-23,2025-09-23T15:34:03-05:00,Ecuador,False,research,0.3076005655,-78.7442358034
inat_323642337_585644008.jpg,323642337,585644008,https://inaturalist-open-data.s3.amazonaws.com/photos/585644008/large.jpg,cc-by-nc,"(c) Alex Baldwin, some rights reserved (CC BY-NC)",alexito-en-los-cedros,2025-09-23,2025-09-23T15:34:03-05:00,Ecuador,False,research,0.3076005655,-78.7442358034
inat_322824612_584059835.jpg,322824612,584059835,https://inaturalist-open-data.s3.amazonaws.com/photos/584059835/large.jpg,cc-by-nc,"(c) Edwin Gutierrez Tito, some rights reserved (CC BY-NC)",edwingutierrez,2025-08-19,2025-08-19T07:34:00-05:00,"Sandia, PE-PU, PE",False,research,-13.8515862376,-69.2038803768
inat_322664608_583749294.jpg,322664608,583749294,https://inaturalist-open-data.s3.amazonaws.com/photos/583749294/large.jpg,cc-by-nc,"(c) David Torres, some rights reserved (CC BY-NC)",dawicho,2025-10-19,2025-10-19T15:23:00-05:00,"Pichincha, EC",False,research,-0.2365439758,-78.2500657584
inat_322664608_583749307.jpg,322664608,583749307,https://inaturalist-open-data.s3.amazonaws.com/photos/583749307/large.jpg,cc-by-nc,"(c) David Torres, some rights reserved (CC BY-NC)",dawicho,2025-10-19,2025-10-19T15:23:00-05:00,"Pichincha, EC",False,research,-0.2365439758,-78.2500657584
inat_322664608_583749318.jpg,322664608,583749318,https://inaturalist-open-data.s3.amazonaws.com/photos/583749318/large.jpg,cc-by-nc,"(c) David Torres, some rights reserved (CC BY-NC)",dawicho,2025-10-19,2025-10-19T15:23:00-05:00,"Pichincha, EC",False,research,-0.2365439758,-78.2500657584
inat_322664608_583749335.jpg,322664608,583749335,https://inaturalist-open-data.s3.amazonaws.com/photos/583749335/large.jpg,cc-by-nc,"(c) David Torres, some rights reserved (CC BY-NC)",dawicho,2025-10-19,2025-10-19T15:23:00-05:00,"Pichincha, EC",False,research,-0.2365439758,-78.2500657584
inat_322664608_583749359.jpg,322664608,583749359,https://inaturalist-open-data.s3.amazonaws.com/photos/583749359/large.jpg,cc-by-nc,"(c) David Torres, some rights reserved (CC BY-NC)",dawicho,2025-10-19,2025-10-19T15:23:00-05:00,"Pichincha, EC",False,research,-0.2365439758,-78.2500657584
inat_322664608_583749378.jpg,322664608,583749378,https://inaturalist-open-data.s3.amazonaws.com/photos/583749378/large.jpg,cc-by-nc,"(c) David Torres, some rights reserved (CC BY-NC)",dawicho,2025-10-19,2025-10-19T15:23:00-05:00,"Pichincha, EC",False,research,-0.2365439758,-78.2500657584
inat_322664608_583749434.jpg,322664608,583749434,https://inaturalist-open-data.s3.amazonaws.com/photos/583749434/large.jpg,cc-by-nc,"(c) David Torres, some rights reserved (CC BY-NC)",dawicho,2025-10-19,2025-10-19T15:23:00-05:00,"Pichincha, EC",False,research,-0.2365439758,-78.2500657584
inat_322664608_583749443.jpg,322664608,583749443,https://inaturalist-open-data.s3.amazonaws.com/photos/583749443/large.jpg,cc-by-nc,"(c) David Torres, some rights reserved (CC BY-NC)",dawicho,2025-10-19,2025-10-19T15:23:00-05:00,"Pichincha, EC",False,research,-0.2365439758,-78.2500657584
inat_322664608_583749471.jpg,322664608,583749471,https://inaturalist-open-data.s3.amazonaws.com/photos/583749471/large.jpg,cc-by-nc,"(c) David Torres, some rights reserved (CC BY-NC)",dawicho,2025-10-19,2025-10-19T15:23:00-05:00,"Pichincha, EC",False,research,-0.2365439758,-78.2500657584
inat_322664608_583749513.jpg,322664608,583749513,https://inaturalist-open-data.s3.amazonaws.com/photos/583749513/large.jpg,cc-by-nc,"(c) David Torres, some rights reserved (CC BY-NC)",dawicho,2025-10-19,2025-10-19T15:23:00-05:00,"Pichincha, EC",False,research,-0.2365439758,-78.2500657584
inat_322664608_583749519.jpg,322664608,583749519,https://inaturalist-open-data.s3.amazonaws.com/photos/583749519/large.jpg,cc-by-nc,"(c) David Torres, some rights reserved (CC BY-NC)",dawicho,2025-10-19,2025-10-19T15:23:00-05:00,"Pichincha, EC",False,research,-0.2365439758,-78.2500657584
inat_322664608_583749533.jpg,322664608,583749533,https://inaturalist-open-data.s3.amazonaws.com/photos/583749533/large.jpg,cc-by-nc,"(c) David Torres, some rights reserved (CC BY-NC)",dawicho,2025-10-19,2025-10-19T15:23:00-05:00,"Pichincha, EC",False,research,-0.2365439758,-78.2500657584
inat_322664608_583749676.jpg,322664608,583749676,https://inaturalist-open-data.s3.amazonaws.com/photos/583749676/large.jpg,cc-by-nc,"(c) David Torres, some rights reserved (CC BY-NC)",dawicho,2025-10-19,2025-10-19T15:23:00-05:00,"Pichincha, EC",False,research,-0.2365439758,-78.2500657584
inat_322664608_583749720.jpg,322664608,583749720,https://inaturalist-open-data.s3.amazonaws.com/photos/583749720/large.jpg,cc-by-nc,"(c) David Torres, some rights reserved (CC BY-NC)",dawicho,2025-10-19,2025-10-19T15:23:00-05:00,"Pichincha, EC",False,research,-0.2365439758,-78.2500657584
inat_322664608_583749272.jpg,322664608,583749272,https://inaturalist-open-data.s3.amazonaws.com/photos/583749272/large.jpg,cc-by-nc,"(c) David Torres, some rights reserved (CC BY-NC)",dawicho,2025-10-19,2025-10-19T15:23:00-05:00,"Pichincha, EC",False,research,-0.2365439758,-78.2500657584
inat_322664608_583749563.jpg,322664608,583749563,https://inaturalist-open-data.s3.amazonaws.com/photos/583749563/large.jpg,cc-by-nc,"(c) David Torres, some rights reserved (CC BY-NC)",dawicho,2025-10-19,2025-10-19T15:23:00-05:00,"Pichincha, EC",False,research,-0.2365439758,-78.2500657584
inat_322664608_583749596.jpg,322664608,583749596,https://inaturalist-open-data.s3.amazonaws.com/photos/583749596/large.jpg,cc-by-nc,"(c) David Torres, some rights reserved (CC BY-NC)",dawicho,2025-10-19,2025-10-19T15:23:00-05:00,"Pichincha, EC",False,research,-0.2365439758,-78.2500657584
inat_322664608_583749759.jpg,322664608,583749759,https://inaturalist-open-data.s3.amazonaws.com/photos/583749759/large.jpg,cc-by-nc,"(c) David Torres, some rights reserved (CC BY-NC)",dawicho,2025-10-19,2025-10-19T15:23:00-05:00,"Pichincha, EC",False,research,-0.2365439758,-78.2500657584
inat_322664608_583749766.jpg,322664608,583749766,https://inaturalist-open-data.s3.amazonaws.com/photos/583749766/large.jpg,cc-by-nc,"(c) David Torres, some rights reserved (CC BY-NC)",dawicho,2025-10-19,2025-10-19T15:23:00-05:00,"Pichincha, EC",False,research,-0.2365439758,-78.2500657584
inat_322664608_583749293.jpg,322664608,583749293,https://inaturalist-open-data.s3.amazonaws.com/photos/583749293/large.jpg,cc-by-nc,"(c) David Torres, some rights reserved (CC BY-NC)",dawicho,2025-10-19,2025-10-19T15:23:00-05:00,"Pichincha, EC",False,research,-0.2365439758,-78.2500657584
inat_322661323_583741301.jpg,322661323,583741301,https://inaturalist-open-data.s3.amazonaws.com/photos/583741301/large.jpg,cc-by-nc,"(c) David Torres, some rights reserved (CC BY-NC)",dawicho,2025-10-19,2025-10-19T09:06:00-05:00,Ecuador,False,research,-0.3687550326,-78.3261676513
inat_322661323_583741299.jpg,322661323,583741299,https://inaturalist-open-data.s3.amazonaws.com/photos/583741299/large.jpg,cc-by-nc,"(c) David Torres, some rights reserved (CC BY-NC)",dawicho,2025-10-19,2025-10-19T09:06:00-05:00,Ecuador,False,research,-0.3687550326,-78.3261676513
inat_322661323_583741290.jpg,322661323,583741290,https://inaturalist-open-data.s3.amazonaws.com/photos/583741290/large.jpg,cc-by-nc,"(c) David Torres, some rights reserved (CC BY-NC)",dawicho,2025-10-19,2025-10-19T09:06:00-05:00,Ecuador,False,research,-0.3687550326,-78.3261676513
inat_322661323_583741275.jpg,322661323,583741275,https://inaturalist-open-data.s3.amazonaws.com/photos/583741275/large.jpg,cc-by-nc,"(c) David Torres, some rights reserved (CC BY-NC)",dawicho,2025-10-19,2025-10-19T09:06:00-05:00,Ecuador,False,research,-0.3687550326,-78.3261676513
inat_322661323_583741320.jpg,322661323,583741320,https://inaturalist-open-data.s3.amazonaws.com/photos/583741320/large.jpg,cc-by-nc,"(c) David Torres, some rights reserved (CC BY-NC)",dawicho,2025-10-19,2025-10-19T09:06:00-05:00,Ecuador,False,research,-0.3687550326,-78.3261676513
inat_322661323_583741341.jpg,322661323,583741341,https://inaturalist-open-data.s3.amazonaws.com/photos/583741341/large.jpg,cc-by-nc,"(c) David Torres, some rights reserved (CC BY-NC)",dawicho,2025-10-19,2025-10-19T09:06:00-05:00,Ecuador,False,research,-0.3687550326,-78.3261676513
inat_322661323_583741342.jpg,322661323,583741342,https://inaturalist-open-data.s3.amazonaws.com/photos/583741342/large.jpg,cc-by-nc,"(c) David Torres, some rights reserved (CC BY-NC)",dawicho,2025-10-19,2025-10-19T09:06:00-05:00,Ecuador,False,research,-0.3687550326,-78.3261676513
inat_322661323_583741348.jpg,322661323,583741348,https://inaturalist-open-data.s3.amazonaws.com/photos/583741348/large.jpg,cc-by-nc,"(c) David Torres, some rights reserved (CC BY-NC)",dawicho,2025-10-19,2025-10-19T09:06:00-05:00,Ecuador,False,research,-0.3687550326,-78.3261676513
inat_322661323_583741373.jpg,322661323,583741373,https://inaturalist-open-data.s3.amazonaws.com/photos/583741373/large.jpg,cc-by-nc,"(c) David Torres, some rights reserved (CC BY-NC)",dawicho,2025-10-19,2025-10-19T09:06:00-05:00,Ecuador,False,research,-0.3687550326,-78.3261676513
inat_322661323_583741379.jpg,322661323,583741379,https://inaturalist-open-data.s3.amazonaws.com/photos/583741379/large.jpg,cc-by-nc,"(c) David Torres, some rights reserved (CC BY-NC)",dawicho,2025-10-19,2025-10-19T09:06:00-05:00,Ecuador,False,research,-0.3687550326,-78.3261676513
inat_322661323_583741384.jpg,322661323,583741384,https://inaturalist-open-data.s3.amazonaws.com/photos/583741384/large.jpg,cc-by-nc,"(c) David Torres, some rights reserved (CC BY-NC)",dawicho,2025-10-19,2025-10-19T09:06:00-05:00,Ecuador,False,research,-0.3687550326,-78.3261676513
inat_322661323_583741397.jpg,322661323,583741397,https://inaturalist-open-data.s3.amazonaws.com/photos/583741397/large.jpg,cc-by-nc,"(c) David Torres, some rights reserved (CC BY-NC)",dawicho,2025-10-19,2025-10-19T09:06:00-05:00,Ecuador,False,research,-0.3687550326,-78.3261676513
inat_322661323_583741408.jpg,322661323,583741408,https://inaturalist-open-data.s3.amazonaws.com/photos/583741408/large.jpg,cc-by-nc,"(c) David Torres, some rights reserved (CC BY-NC)",dawicho,2025-10-19,2025-10-19T09:06:00-05:00,Ecuador,False,research,-0.3687550326,-78.3261676513
inat_322661323_583741415.jpg,322661323,583741415,https://inaturalist-open-data.s3.amazonaws.com/photos/583741415/large.jpg,cc-by-nc,"(c) David Torres, some rights reserved (CC BY-NC)",dawicho,2025-10-19,2025-10-19T09:06:00-05:00,Ecuador,False,research,-0.3687550326,-78.3261676513
inat_322661323_583741420.jpg,322661323,583741420,https://inaturalist-open-data.s3.amazonaws.com/photos/583741420/large.jpg,cc-by-nc,"(c) David Torres, some rights reserved (CC BY-NC)",dawicho,2025-10-19,2025-10-19T09:06:00-05:00,Ecuador,False,research,-0.3687550326,-78.3261676513
inat_322661323_583741439.jpg,322661323,583741439,https://inaturalist-open-data.s3.amazonaws.com/photos/583741439/large.jpg,cc-by-nc,"(c) David Torres, some rights reserved (CC BY-NC)",dawicho,2025-10-19,2025-10-19T09:06:00-05:00,Ecuador,False,research,-0.3687550326,-78.3261676513
inat_322661323_583741446.jpg,322661323,583741446,https://inaturalist-open-data.s3.amazonaws.com/photos/583741446/large.jpg,cc-by-nc,"(c) David Torres, some rights reserved (CC BY-NC)",dawicho,2025-10-19,2025-10-19T09:06:00-05:00,Ecuador,False,research,-0.3687550326,-78.3261676513
inat_322661323_583741457.jpg,322661323,583741457,https://inaturalist-open-data.s3.amazonaws.com/photos/583741457/large.jpg,cc-by-nc,"(c) David Torres, some rights reserved (CC BY-NC)",dawicho,2025-10-19,2025-10-19T09:06:00-05:00,Ecuador,False,research,-0.3687550326,-78.3261676513
inat_322661323_583741476.jpg,322661323,583741476,https://inaturalist-open-data.s3.amazonaws.com/photos/583741476/large.jpg,cc-by-nc,"(c) David Torres, some rights reserved (CC BY-NC)",dawicho,2025-10-19,2025-10-19T09:06:00-05:00,Ecuador,False,research,-0.3687550326,-78.3261676513
inat_322661323_583741486.jpg,322661323,583741486,https://inaturalist-open-data.s3.amazonaws.com/photos/583741486/large.jpg,cc-by-nc,"(c) David Torres, some rights reserved (CC BY-NC)",dawicho,2025-10-19,2025-10-19T09:06:00-05:00,Ecuador,False,research,-0.3687550326,-78.3261676513
inat_322044251_582513627.jpg,322044251,582513627,https://inaturalist-open-data.s3.amazonaws.com/photos/582513627/large.jpg,cc-by-nc,"(c) Luis Yupa, some rights reserved (CC BY-NC)",luisyupa,2025-10-20,2025-10-20T07:39:00-05:00,"Pichincha, EC",False,research,-0.2001686431,-78.2105124777
inat_321953468_582329495.jpg,321953468,582329495,https://inaturalist-open-data.s3.amazonaws.com/photos/582329495/large.jpg,cc-by-nc,"(c) Diego Torres Sierra, some rights reserved (CC BY-NC)",diego_torres_sierra,2025-10-19,2025-10-19T15:29:57-05:00,"Pichincha, EC",False,research,-0.2331881043,-78.300457897
inat_321953468_582329516.jpg,321953468,582329516,https://inaturalist-open-data.s3.amazonaws.com/photos/582329516/large.jpg,cc-by-nc,"(c) Diego Torres Sierra, some rights reserved (CC BY-NC)",diego_torres_sierra,2025-10-19,2025-10-19T15:29:57-05:00,"Pichincha, EC",False,research,-0.2331881043,-78.300457897
inat_321953468_582329551.jpg,321953468,582329551,https://inaturalist-open-data.s3.amazonaws.com/photos/582329551/large.jpg,cc-by-nc,"(c) Diego Torres Sierra, some rights reserved (CC BY-NC)",diego_torres_sierra,2025-10-19,2025-10-19T15:29:57-05:00,"Pichincha, EC",False,research,-0.2331881043,-78.300457897
inat_321953468_582329598.jpg,321953468,582329598,https://inaturalist-open-data.s3.amazonaws.com/photos/582329598/large.jpg,cc-by-nc,"(c) Diego Torres Sierra, some rights reserved (CC BY-NC)",diego_torres_sierra,2025-10-19,2025-10-19T15:29:57-05:00,"Pichincha, EC",False,research,-0.2331881043,-78.300457897
inat_321953468_582329643.jpg,321953468,582329643,https://inaturalist-open-data.s3.amazonaws.com/photos/582329643/large.jpg,cc-by-nc,"(c) Diego Torres Sierra, some rights reserved (CC BY-NC)",diego_torres_sierra,2025-10-19,2025-10-19T15:29:57-05:00,"Pichincha, EC",False,research,-0.2331881043,-78.300457897
inat_321953468_582329718.jpg,321953468,582329718,https://inaturalist-open-data.s3.amazonaws.com/photos/582329718/large.jpg,cc-by-nc,"(c) Diego Torres Sierra, some rights reserved (CC BY-NC)",diego_torres_sierra,2025-10-19,2025-10-19T15:29:57-05:00,"Pichincha, EC",False,research,-0.2331881043,-78.300457897
inat_321953468_582329738.jpg,321953468,582329738,https://inaturalist-open-data.s3.amazonaws.com/photos/582329738/large.jpg,cc-by-nc,"(c) Diego Torres Sierra, some rights reserved (CC BY-NC)",diego_torres_sierra,2025-10-19,2025-10-19T15:29:57-05:00,"Pichincha, EC",False,research,-0.2331881043,-78.300457897
inat_321922423_582266373.jpg,321922423,582266373,https://inaturalist-open-data.s3.amazonaws.com/photos/582266373/large.jpg,cc0,no rights reserved,mike_cove,2025-10-19,2025-10-19T15:09:58-05:00,"Cundinamarca, CO",False,research,4.737134611,-73.9561804534
inat_321922423_582266442.jpg,321922423,582266442,https://inaturalist-open-data.s3.amazonaws.com/photos/582266442/large.jpg,cc0,no rights reserved,mike_cove,2025-10-19,2025-10-19T15:09:58-05:00,"Cundinamarca, CO",False,research,4.737134611,-73.9561804534
inat_321922423_582266495.jpg,321922423,582266495,https://inaturalist-open-data.s3.amazonaws.com/photos/582266495/large.jpg,cc0,no rights reserved,mike_cove,2025-10-19,2025-10-19T15:09:58-05:00,"Cundinamarca, CO",False,research,4.737134611,-73.9561804534
inat_321922423_582266578.jpg,321922423,582266578,https://inaturalist-open-data.s3.amazonaws.com/photos/582266578/large.jpg,cc0,no rights reserved,mike_cove,2025-10-19,2025-10-19T15:09:58-05:00,"Cundinamarca, CO",False,research,4.737134611,-73.9561804534
inat_321922423_582266639.jpg,321922423,582266639,https://inaturalist-open-data.s3.amazonaws.com/photos/582266639/large.jpg,cc0,no rights reserved,mike_cove,2025-10-19,2025-10-19T15:09:58-05:00,"Cundinamarca, CO",False,research,4.737134611,-73.9561804534
inat_321922423_582266702.jpg,321922423,582266702,https://inaturalist-open-data.s3.amazonaws.com/photos/582266702/large.jpg,cc0,no rights reserved,mike_cove,2025-10-19,2025-10-19T15:09:58-05:00,"Cundinamarca, CO",False,research,4.737134611,-73.9561804534
inat_321921952_582265509.jpg,321921952,582265509,https://inaturalist-open-data.s3.amazonaws.com/photos/582265509/large.jpg,cc0,no rights reserved,rolandisimo,2025-10-19,2025-10-19T15:30:34-05:00,"Cundinamarca, CO",False,research,4.6351891107,-73.9642261768
inat_320708111_579896610.jpg,320708111,579896610,https://inaturalist-open-data.s3.amazonaws.com/photos/579896610/large.jpg,cc-by-nc,"(c) wotterbed, some rights reserved (CC BY-NC)",wotterbed,2025-09-27,2025-09-27T07:36:44-05:00,"Pichincha, EC",False,research,0.1950404149,-78.7720052563
inat_320708111_579893786.jpg,320708111,579893786,https://inaturalist-open-data.s3.amazonaws.com/photos/579893786/large.jpg,cc-by-nc,"(c) wotterbed, some rights reserved (CC BY-NC)",wotterbed,2025-09-27,2025-09-27T07:36:44-05:00,"Pichincha, EC",False,research,0.1950404149,-78.7720052563
inat_320708111_579896629.jpg,320708111,579896629,https://inaturalist-open-data.s3.amazonaws.com/photos/579896629/large.jpg,cc-by-nc,"(c) wotterbed, some rights reserved (CC BY-NC)",wotterbed,2025-09-27,2025-09-27T07:36:44-05:00,"Pichincha, EC",False,research,0.1950404149,-78.7720052563
inat_316910162_572614652.jpg,316910162,572614652,https://inaturalist-open-data.s3.amazonaws.com/photos/572614652/large.jpg,cc-by-nc,"(c) uzun, some rights reserved (CC BY-NC)",uzun,2025-09-19,2025-09-19T12:48:00-05:00,Ecuador,False,research,-0.4171269342,-78.3336771863
inat_316910162_572614762.jpg,316910162,572614762,https://inaturalist-open-data.s3.amazonaws.com/photos/572614762/large.jpg,cc-by-nc,"(c) uzun, some rights reserved (CC BY-NC)",uzun,2025-09-19,2025-09-19T12:48:00-05:00,Ecuador,False,research,-0.4171269342,-78.3336771863
inat_316910162_572614774.jpg,316910162,572614774,https://inaturalist-open-data.s3.amazonaws.com/photos/572614774/large.jpg,cc-by-nc,"(c) uzun, some rights reserved (CC BY-NC)",uzun,2025-09-19,2025-09-19T12:48:00-05:00,Ecuador,False,research,-0.4171269342,-78.3336771863
inat_315380094_569718473.jpg,315380094,569718473,https://inaturalist-open-data.s3.amazonaws.com/photos/569718473/large.jpg,cc-by-nc,"(c) david-villa, some rights reserved (CC BY-NC)",david-villa,2025-09-20,2025-09-20T09:56:06-05:00,"Azuay, EC",False,research,-3.0801835918,-78.6414244403
inat_315380094_569718501.jpg,315380094,569718501,https://inaturalist-open-data.s3.amazonaws.com/photos/569718501/large.jpg,cc-by-nc,"(c) david-villa, some rights reserved (CC BY-NC)",david-villa,2025-09-20,2025-09-20T09:56:06-05:00,"Azuay, EC",False,research,-3.0801835918,-78.6414244403
inat_315380094_569718531.jpg,315380094,569718531,https://inaturalist-open-data.s3.amazonaws.com/photos/569718531/large.jpg,cc-by-nc,"(c) david-villa, some rights reserved (CC BY-NC)",david-villa,2025-09-20,2025-09-20T09:56:06-05:00,"Azuay, EC",False,research,-3.0801835918,-78.6414244403
inat_315380094_569718551.jpg,315380094,569718551,https://inaturalist-open-data.s3.amazonaws.com/photos/569718551/large.jpg,cc-by-nc,"(c) david-villa, some rights reserved (CC BY-NC)",david-villa,2025-09-20,2025-09-20T09:56:06-05:00,"Azuay, EC",False,research,-3.0801835918,-78.6414244403
inat_315380094_569718580.jpg,315380094,569718580,https://inaturalist-open-data.s3.amazonaws.com/photos/569718580/large.jpg,cc-by-nc,"(c) david-villa, some rights reserved (CC BY-NC)",david-villa,2025-09-20,2025-09-20T09:56:06-05:00,"Azuay, EC",False,research,-3.0801835918,-78.6414244403
inat_315133082_569257149.jpg,315133082,569257149,https://inaturalist-open-data.s3.amazonaws.com/photos/569257149/large.jpg,cc-by-nc,"(c) Santiago, some rights reserved (CC BY-NC)",santiago_alb,2025-04-19,2025-04-19T16:46:00-05:00,"Pichincha, EC",False,research,-0.0498416565,-78.6035841422
inat_315133082_569257117.jpg,315133082,569257117,https://inaturalist-open-data.s3.amazonaws.com/photos/569257117/large.jpg,cc-by-nc,"(c) Santiago, some rights reserved (CC BY-NC)",santiago_alb,2025-04-19,2025-04-19T16:46:00-05:00,"Pichincha, EC",False,research,-0.0498416565,-78.6035841422
inat_311006082_561375836.jpg,311006082,561375836,https://inaturalist-open-data.s3.amazonaws.com/photos/561375836/large.jpg,cc-by-nc,"(c) Kenneth Bader, some rights reserved (CC BY-NC)",kucycads,2025-09-01,2025-09-01T07:05:22-05:00,Ecuador,False,research,-0.5045373874,-78.3195245573
inat_311006082_561375871.jpg,311006082,561375871,https://inaturalist-open-data.s3.amazonaws.com/photos/561375871/large.jpg,cc-by-nc,"(c) Kenneth Bader, some rights reserved (CC BY-NC)",kucycads,2025-09-01,2025-09-01T07:05:22-05:00,Ecuador,False,research,-0.5045373874,-78.3195245573
inat_311006082_561375898.jpg,311006082,561375898,https://inaturalist-open-data.s3.amazonaws.com/photos/561375898/large.jpg,cc-by-nc,"(c) Kenneth Bader, some rights reserved (CC BY-NC)",kucycads,2025-09-01,2025-09-01T07:05:22-05:00,Ecuador,False,research,-0.5045373874,-78.3195245573
inat_311006082_561375926.jpg,311006082,561375926,https://inaturalist-open-data.s3.amazonaws.com/photos/561375926/large.jpg,cc-by-nc,"(c) Kenneth Bader, some rights reserved (CC BY-NC)",kucycads,2025-09-01,2025-09-01T07:05:22-05:00,Ecuador,False,research,-0.5045373874,-78.3195245573
inat_311006082_561375951.jpg,311006082,561375951,https://inaturalist-open-data.s3.amazonaws.com/photos/561375951/large.jpg,cc-by-nc,"(c) Kenneth Bader, some rights reserved (CC BY-NC)",kucycads,2025-09-01,2025-09-01T07:05:22-05:00,Ecuador,False,research,-0.5045373874,-78.3195245573
inat_311006082_561375985.jpg,311006082,561375985,https://inaturalist-open-data.s3.amazonaws.com/photos/561375985/large.jpg,cc-by-nc,"(c) Kenneth Bader, some rights reserved (CC BY-NC)",kucycads,2025-09-01,2025-09-01T07:05:22-05:00,Ecuador,False,research,-0.5045373874,-78.3195245573
inat_311006082_561376008.jpg,311006082,561376008,https://inaturalist-open-data.s3.amazonaws.com/photos/561376008/large.jpg,cc-by-nc,"(c) Kenneth Bader, some rights reserved (CC BY-NC)",kucycads,2025-09-01,2025-09-01T07:05:22-05:00,Ecuador,False,research,-0.5045373874,-78.3195245573
inat_311006082_561376032.jpg,311006082,561376032,https://inaturalist-open-data.s3.amazonaws.com/photos/561376032/large.jpg,cc-by-nc,"(c) Kenneth Bader, some rights reserved (CC BY-NC)",kucycads,2025-09-01,2025-09-01T07:05:22-05:00,Ecuador,False,research,-0.5045373874,-78.3195245573
inat_310110391_559657685.jpg,310110391,559657685,https://inaturalist-open-data.s3.amazonaws.com/photos/559657685/large.jpg,cc-by-nc,"(c) Juan Jacobo Castillo @jcastillo.ph, some rights reserved (CC BY-NC)",juan_jacobo5,2025-05-31,2025-05-31T16:10:04-05:00,"Cundinamarca, CO",False,research,4.8140150752,-73.8077926556
inat_309053072_557645904.jpg,309053072,557645904,https://inaturalist-open-data.s3.amazonaws.com/photos/557645904/large.jpg,cc-by-nc,"(c) cbernz, some rights reserved (CC BY-NC)",cbernz,2020-12-05,2020-12-05T09:19:00-05:00,"Pichincha, EC",False,research,-0.2040696726,-78.2897725736
inat_307858862_555349436.jpg,307858862,555349436,https://inaturalist-open-data.s3.amazonaws.com/photos/555349436/large.jpg,cc-by-nc,"(c) Martin W, some rights reserved (CC BY-NC)",martinwettges,2025-08-20,2025-08-20T16:16:47-05:00,"Pasco, PE",False,research,-10.6761274513,-75.4705914374
inat_306598736_552927137.jpg,306598736,552927137,https://inaturalist-open-data.s3.amazonaws.com/photos/552927137/large.jpg,cc-by-nc,"(c) Dustyn DeFoor, some rights reserved (CC BY-NC)",ddefoor,2025-06-20,,"Pichincha, EC",False,research,-0.1084597585,-78.6684399994
inat_306598736_552927291.jpg,306598736,552927291,https://inaturalist-open-data.s3.amazonaws.com/photos/552927291/large.jpg,cc-by-nc,"(c) Dustyn DeFoor, some rights reserved (CC BY-NC)",ddefoor,2025-06-20,,"Pichincha, EC",False,research,-0.1084597585,-78.6684399994
inat_306237482_552237593.jpg,306237482,552237593,https://inaturalist-open-data.s3.amazonaws.com/photos/552237593/large.jpg,cc-by-nc,"(c) Tom Lansley, some rights reserved (CC BY-NC)",tomlansley,2025-07-31,2025-07-31T14:31:00-05:00,"Pichincha, EC",False,research,-0.1683106195,-78.6181478635
inat_305919474_551631851.jpg,305919474,551631851,https://inaturalist-open-data.s3.amazonaws.com/photos/551631851/large.jpg,cc-by-nc,"(c) danplant, some rights reserved (CC BY-NC)",danplant,2025-08-11,,"Huánuco, PE",False,research,-9.7926153306,-75.9964670561
inat_305407568_550658102.jpg,305407568,550658102,https://inaturalist-open-data.s3.amazonaws.com/photos/550658102/large.jpg,cc-by-nc,"(c) Matthew Voelker, some rights reserved (CC BY-NC)",matthew_voelker,2025-06-06,2025-06-06T01:38:40-05:00,Ecuador,False,research,-0.1113444037,-78.737095309
inat_304138673_548222120.jpg,304138673,548222120,https://inaturalist-open-data.s3.amazonaws.com/photos/548222120/large.jpg,cc-by-nc,"(c) Catherine Hirsch, some rights reserved (CC BY-NC)",catherinehirsch,2025-07-22,2025-07-22T07:50:00-05:00,"Pichincha, EC",False,research,-0.2200504533,-78.2274252519
inat_302629230_545409424.jpg,302629230,545409424,https://inaturalist-open-data.s3.amazonaws.com/photos/545409424/large.jpg,cc-by-nc,"(c) ficherthescarab, some rights reserved (CC BY-NC)",ficherthescarab,2025-07-27,2025-07-27T08:26:30-05:00,"Cundinamarca, CO",False,research,4.9351332218,-73.7460197507
inat_302629230_545409457.jpg,302629230,545409457,https://inaturalist-open-data.s3.amazonaws.com/photos/545409457/large.jpg,cc-by-nc,"(c) ficherthescarab, some rights reserved (CC BY-NC)",ficherthescarab,2025-07-27,2025-07-27T08:26:30-05:00,"Cundinamarca, CO",False,research,4.9351332218,-73.7460197507
inat_302629230_545409486.jpg,302629230,545409486,https://inaturalist-open-data.s3.amazonaws.com/photos/545409486/large.jpg,cc-by-nc,"(c) ficherthescarab, some rights reserved (CC BY-NC)",ficherthescarab,2025-07-27,2025-07-27T08:26:30-05:00,"Cundinamarca, CO",False,research,4.9351332218,-73.7460197507
inat_302629230_545409521.jpg,302629230,545409521,https://inaturalist-open-data.s3.amazonaws.com/photos/545409521/large.jpg,cc-by-nc,"(c) ficherthescarab, some rights reserved (CC BY-NC)",ficherthescarab,2025-07-27,2025-07-27T08:26:30-05:00,"Cundinamarca, CO",False,research,4.9351332218,-73.7460197507
inat_302629230_545409558.jpg,302629230,545409558,https://inaturalist-open-data.s3.amazonaws.com/photos/545409558/large.jpg,cc-by-nc,"(c) ficherthescarab, some rights reserved (CC BY-NC)",ficherthescarab,2025-07-27,2025-07-27T08:26:30-05:00,"Cundinamarca, CO",False,research,4.9351332218,-73.7460197507
inat_302308533_544816107.jpg,302308533,544816107,https://inaturalist-open-data.s3.amazonaws.com/photos/544816107/large.jpg,cc-by-nc,"(c) André Nagelhout, some rights reserved (CC BY-NC)",nagelhoutandre,2025-07-10,2025-07-10T13:00:00-04:00,"Santa Cruz, BO",False,research,-18.3384188514,-63.6337936147
inat_301591929_543472685.jpg,301591929,543472685,https://inaturalist-open-data.s3.amazonaws.com/photos/543472685/large.jpg,cc-by-nc,"(c) dupuy31, some rights reserved (CC BY-NC)",dupuy31,2021-10-14,,"Pichincha, EC",False,research,-0.0964162308,-78.7871238096
inat_300220401_540915631.jpg,300220401,540915631,https://inaturalist-open-data.s3.amazonaws.com/photos/540915631/large.jpg,cc-by-nc,"(c) Marie Tarrant, some rights reserved (CC BY-NC)",marietarrant,2025-07-22,2025-07-22T19:51:00-05:00,Ecuador,False,research,-0.2910936761,-78.0587088147
inat_300220401_540915658.jpg,300220401,540915658,https://inaturalist-open-data.s3.amazonaws.com/photos/540915658/large.jpg,cc-by-nc,"(c) Marie Tarrant, some rights reserved (CC BY-NC)",marietarrant,2025-07-22,2025-07-22T19:51:00-05:00,Ecuador,False,research,-0.2910936761,-78.0587088147
inat_299188902_539063411.jpg,299188902,539063411,https://inaturalist-open-data.s3.amazonaws.com/photos/539063411/large.jpg,cc-by-nc,"(c) Nelson Apolo, some rights reserved (CC BY-NC)",ecuadornaturetours,2025-06-16,2025-06-16T16:38:47-05:00,"Pichincha, EC",False,research,-0.2425713082,-78.3767189142
inat_299188751_539006021.jpg,299188751,539006021,https://inaturalist-open-data.s3.amazonaws.com/photos/539006021/large.jpg,cc-by-nc,"(c) Nelson Apolo, some rights reserved (CC BY-NC)",ecuadornaturetours,2025-06-16,2025-06-16T11:50:58-05:00,"Pichincha, EC",False,research,-0.3516103054,-78.2037261567
inat_298209541_537125624.jpg,298209541,537125624,https://inaturalist-open-data.s3.amazonaws.com/photos/537125624/large.jpg,cc-by-nc,"(c) David Thomas, some rights reserved (CC BY-NC)",syrrhaptes,2025-01-19,2025-01-19T11:44:00-05:00,"Napo, EC",False,research,-0.3437514234,-78.0051574986
inat_298208812_537123982.jpg,298208812,537123982,https://inaturalist-open-data.s3.amazonaws.com/photos/537123982/large.jpg,cc-by-nc,"(c) David Thomas, some rights reserved (CC BY-NC)",syrrhaptes,2025-01-18,,"Pichincha, EC",False,research,-0.2810909203,-78.3698985544
inat_298208812_537123989.jpg,298208812,537123989,https://inaturalist-open-data.s3.amazonaws.com/photos/537123989/large.jpg,cc-by-nc,"(c) David Thomas, some rights reserved (CC BY-NC)",syrrhaptes,2025-01-18,,"Pichincha, EC",False,research,-0.2810909203,-78.3698985544
inat_298208812_537123972.jpg,298208812,537123972,https://inaturalist-open-data.s3.amazonaws.com/photos/537123972/large.jpg,cc-by-nc,"(c) David Thomas, some rights reserved (CC BY-NC)",syrrhaptes,2025-01-18,,"Pichincha, EC",False,research,-0.2810909203,-78.3698985544
inat_298200858_537110854.jpg,298200858,537110854,https://inaturalist-open-data.s3.amazonaws.com/photos/537110854/large.jpg,cc-by-nc,"(c) Sonia Molino, some rights reserved (CC BY-NC)",soniamolino,2025-06-11,2025-06-11T11:56:00-05:00,Ecuador,False,research,-0.2153276255,-78.3962374097
inat_298187182_537084628.jpg,298187182,537084628,https://inaturalist-open-data.s3.amazonaws.com/photos/537084628/large.jpg,cc-by-nc,"(c) andre ram, some rights reserved (CC BY-NC)",andre58482,2024-03-25,2024-03-25T13:49:00-05:00,,False,research,,
inat_297975893_536680519.jpg,297975893,536680519,https://inaturalist-open-data.s3.amazonaws.com/photos/536680519/large.jpg,cc-by-nc,"(c) Aaron Rusak, some rights reserved (CC BY-NC)",afrusak,2025-07-05,2025-07-05T10:17:00-05:00,"Pichincha, EC",False,research,-0.0766241589,-78.7218470997
inat_296515363_533916636.jpg,296515363,533916636,https://inaturalist-open-data.s3.amazonaws.com/photos/533916636/large.jpg,cc-by-nc,"(c) Juan Camilo Muñoz, some rights reserved (CC BY-NC)",juanc_munoz,2021-02-21,2021-02-21T13:40:00-05:00,"Cundinamarca, CO",False,research,4.6199090638,-73.9053411726
inat_296515363_533916633.jpg,296515363,533916633,https://inaturalist-open-data.s3.amazonaws.com/photos/533916633/large.jpg,cc-by-nc,"(c) Juan Camilo Muñoz, some rights reserved (CC BY-NC)",juanc_munoz,2021-02-21,2021-02-21T13:40:00-05:00,"Cundinamarca, CO",False,research,4.6199090638,-73.9053411726
inat_295090976_531206083.jpg,295090976,531206083,https://inaturalist-open-data.s3.amazonaws.com/photos/531206083/large.jpg,cc-by-nc,"(c) Mathieu Sannier, some rights reserved (CC BY-NC)",mathieusanniervireon,2025-06-23,2025-06-23T10:14:23-05:00,"Cusco, PE",False,research,-12.4457484588,-72.0893855445
inat_294224586_529575447.jpg,294224586,529575447,https://inaturalist-open-data.s3.amazonaws.com/photos/529575447/large.jpg,cc-by,"(c) Frank Dietze, some rights reserved (CC BY)",frankdietze,2025-06-30,2025-06-30T08:59:30-05:00,Ecuador,False,research,0.0486978682,-78.507097669
inat_294224586_529575575.jpg,294224586,529575575,https://inaturalist-open-data.s3.amazonaws.com/photos/529575575/large.jpg,cc-by,"(c) Frank Dietze, some rights reserved (CC BY)",frankdietze,2025-06-30,2025-06-30T08:59:30-05:00,Ecuador,False,research,0.0486978682,-78.507097669
inat_293909205_528976199.jpg,293909205,528976199,https://inaturalist-open-data.s3.amazonaws.com/photos/528976199/large.jpg,cc-by,"(c) Melissa Meadows, some rights reserved (CC BY)",melissameadows,2025-05-29,2025-05-29T06:44:16-05:00,"Pichincha, EC",False,research,-0.1100534748,-78.7110975354
inat_293909205_528976191.jpg,293909205,528976191,https://inaturalist-open-data.s3.amazonaws.com/photos/528976191/large.jpg,cc-by,"(c) Melissa Meadows, some rights reserved (CC BY)",melissameadows,2025-05-29,2025-05-29T06:44:16-05:00,"Pichincha, EC",False,research,-0.1100534748,-78.7110975354
inat_293909205_528976213.jpg,293909205,528976213,https://inaturalist-open-data.s3.amazonaws.com/photos/528976213/large.jpg,cc-by,"(c) Melissa Meadows, some rights reserved (CC BY)",melissameadows,2025-05-29,2025-05-29T06:44:16-05:00,"Pichincha, EC",False,research,-0.1100534748,-78.7110975354
inat_293909205_528976195.jpg,293909205,528976195,https://inaturalist-open-data.s3.amazonaws.com/photos/528976195/large.jpg,cc-by,"(c) Melissa Meadows, some rights reserved (CC BY)",melissameadows,2025-05-29,2025-05-29T06:44:16-05:00,"Pichincha, EC",False,research,-0.1100534748,-78.7110975354
inat_292936369_527205502.jpg,292936369,527205502,https://inaturalist-open-data.s3.amazonaws.com/photos/527205502/large.jpg,cc-by-nc,"(c) gavjsp, some rights reserved (CC BY-NC)",gavjsp,2025-06-25,2025-06-25T11:18:15-05:00,Ecuador,False,research,-1.3409522919,-78.5313514264
inat_292182419_525772912.jpg,292182419,525772912,https://inaturalist-open-data.s3.amazonaws.com/photos/525772912/large.jpg,cc-by-nc,"(c) gavjsp, some rights reserved (CC BY-NC)",gavjsp,2025-06-09,2025-06-09T11:03:13-05:00,Ecuador,False,research,-1.2619027737,-78.5802121324
inat_292182342_525772695.jpg,292182342,525772695,https://inaturalist-open-data.s3.amazonaws.com/photos/525772695/large.jpg,cc-by-nc,"(c) gavjsp, some rights reserved (CC BY-NC)",gavjsp,2025-06-11,2025-06-11T17:06:51-05:00,Ecuador,False,research,-1.2944477146,-78.5761881104
inat_292182342_525772835.jpg,292182342,525772835,https://inaturalist-open-data.s3.amazonaws.com/photos/525772835/large.jpg,cc-by-nc,"(c) gavjsp, some rights reserved (CC BY-NC)",gavjsp,2025-06-11,2025-06-11T17:06:51-05:00,Ecuador,False,research,-1.2944477146,-78.5761881104
inat_291635328_524725900.jpg,291635328,524725900,https://inaturalist-open-data.s3.amazonaws.com/photos/524725900/large.jpg,cc-by-nc,"(c) Joey Negreann, some rights reserved (CC BY-NC)",jnegreann,2023-10-19,2023-10-19T17:53:20-05:00,"Pichincha, EC",False,research,-0.3806811605,-78.3412936027
inat_291331507_524157785.jpg,291331507,524157785,https://inaturalist-open-data.s3.amazonaws.com/photos/524157785/large.jpg,cc-by-nc,"(c) Armando Castellanos, some rights reserved (CC BY-NC)",armando_castellanos,2025-06-18,2025-06-18T17:56:00-05:00,Ecuador,False,research,-1.370173618,-78.5022066609
inat_290515920_522621917.jpg,290515920,522621917,https://inaturalist-open-data.s3.amazonaws.com/photos/522621917/large.jpg,cc-by-nc,"(c) Boris Landázuri, some rights reserved (CC BY-NC)",borislandazuri,2025-06-15,2025-06-15T16:08:00-05:00,Ecuador,False,research,-2.5748580526,-78.4368566142
inat_290515920_522621411.jpg,290515920,522621411,https://inaturalist-open-data.s3.amazonaws.com/photos/522621411/large.jpg,cc-by-nc,"(c) Boris Landázuri, some rights reserved (CC BY-NC)",borislandazuri,2025-06-15,2025-06-15T16:08:00-05:00,Ecuador,False,research,-2.5748580526,-78.4368566142
inat_289897456_521448623.jpg,289897456,521448623,https://inaturalist-open-data.s3.amazonaws.com/photos/521448623/large.jpg,cc-by-nc,"(c) Diana G Vera Villagomez, some rights reserved (CC BY-NC)",unatreefah,2025-01-17,2025-01-17T08:24:15-05:00,"Pichincha, EC",False,research,-0.2990351146,-78.2497161715
inat_289897456_521448678.jpg,289897456,521448678,https://inaturalist-open-data.s3.amazonaws.com/photos/521448678/large.jpg,cc-by-nc,"(c) Diana G Vera Villagomez, some rights reserved (CC BY-NC)",unatreefah,2025-01-17,2025-01-17T08:24:15-05:00,"Pichincha, EC",False,research,-0.2990351146,-78.2497161715
inat_289897456_521448727.jpg,289897456,521448727,https://inaturalist-open-data.s3.amazonaws.com/photos/521448727/large.jpg,cc-by-nc,"(c) Diana G Vera Villagomez, some rights reserved (CC BY-NC)",unatreefah,2025-01-17,2025-01-17T08:24:15-05:00,"Pichincha, EC",False,research,-0.2990351146,-78.2497161715
inat_289897456_521448770.jpg,289897456,521448770,https://inaturalist-open-data.s3.amazonaws.com/photos/521448770/large.jpg,cc-by-nc,"(c) Diana G Vera Villagomez, some rights reserved (CC BY-NC)",unatreefah,2025-01-17,2025-01-17T08:24:15-05:00,"Pichincha, EC",False,research,-0.2990351146,-78.2497161715
inat_289897456_521448817.jpg,289897456,521448817,https://inaturalist-open-data.s3.amazonaws.com/photos/521448817/large.jpg,cc-by-nc,"(c) Diana G Vera Villagomez, some rights reserved (CC BY-NC)",unatreefah,2025-01-17,2025-01-17T08:24:15-05:00,"Pichincha, EC",False,research,-0.2990351146,-78.2497161715
inat_289897456_521448876.jpg,289897456,521448876,https://inaturalist-open-data.s3.amazonaws.com/photos/521448876/large.jpg,cc-by-nc,"(c) Diana G Vera Villagomez, some rights reserved (CC BY-NC)",unatreefah,2025-01-17,2025-01-17T08:24:15-05:00,"Pichincha, EC",False,research,-0.2990351146,-78.2497161715
inat_289897456_521448941.jpg,289897456,521448941,https://inaturalist-open-data.s3.amazonaws.com/photos/521448941/large.jpg,cc-by-nc,"(c) Diana G Vera Villagomez, some rights reserved (CC BY-NC)",unatreefah,2025-01-17,2025-01-17T08:24:15-05:00,"Pichincha, EC",False,research,-0.2990351146,-78.2497161715
inat_289897412_521448553.jpg,289897412,521448553,https://inaturalist-open-data.s3.amazonaws.com/photos/521448553/large.jpg,cc-by-nc,"(c) Diana G Vera Villagomez, some rights reserved (CC BY-NC)",unatreefah,2025-01-17,2025-01-17T08:20:11-05:00,"Pichincha, EC",False,research,-0.2665943343,-78.2572400049
inat_289897251_521448322.jpg,289897251,521448322,https://inaturalist-open-data.s3.amazonaws.com/photos/521448322/large.jpg,cc-by-nc,"(c) Diana G Vera Villagomez, some rights reserved (CC BY-NC)",unatreefah,2025-01-17,2025-01-17T08:19:15-05:00,"Pichincha, EC",False,research,-0.3233789492,-78.2263703103
inat_289897251_521448375.jpg,289897251,521448375,https://inaturalist-open-data.s3.amazonaws.com/photos/521448375/large.jpg,cc-by-nc,"(c) Diana G Vera Villagomez, some rights reserved (CC BY-NC)",unatreefah,2025-01-17,2025-01-17T08:19:15-05:00,"Pichincha, EC",False,research,-0.3233789492,-78.2263703103
inat_289897251_521448412.jpg,289897251,521448412,https://inaturalist-open-data.s3.amazonaws.com/photos/521448412/large.jpg,cc-by-nc,"(c) Diana G Vera Villagomez, some rights reserved (CC BY-NC)",unatreefah,2025-01-17,2025-01-17T08:19:15-05:00,"Pichincha, EC",False,research,-0.3233789492,-78.2263703103
inat_289897251_521448455.jpg,289897251,521448455,https://inaturalist-open-data.s3.amazonaws.com/photos/521448455/large.jpg,cc-by-nc,"(c) Diana G Vera Villagomez, some rights reserved (CC BY-NC)",unatreefah,2025-01-17,2025-01-17T08:19:15-05:00,"Pichincha, EC",False,research,-0.3233789492,-78.2263703103
inat_289897251_521448499.jpg,289897251,521448499,https://inaturalist-open-data.s3.amazonaws.com/photos/521448499/large.jpg,cc-by-nc,"(c) Diana G Vera Villagomez, some rights reserved (CC BY-NC)",unatreefah,2025-01-17,2025-01-17T08:19:15-05:00,"Pichincha, EC",False,research,-0.3233789492,-78.2263703103
inat_288387418_518619035.jpg,288387418,518619035,https://inaturalist-open-data.s3.amazonaws.com/photos/518619035/large.jpg,cc-by-nc,"(c) Kami and Kids, some rights reserved (CC BY-NC)",familia-latorre,2024-03-28,2024-03-28T08:49:00-05:00,"Cundinamarca, CO",False,research,4.8488423807,-73.8908477845
inat_288091427_518053917.jpg,288091427,518053917,https://inaturalist-open-data.s3.amazonaws.com/photos/518053917/large.jpg,cc-by-nc,"(c) ERIKA JAZMIN TEPAN VALLADARES, some rights reserved (CC BY-NC)",erika_tepan,2025-05-31,,Ecuador,False,research,-1.5818158466,-77.8843152802
inat_287420663_516833638.jpg,287420663,516833638,https://inaturalist-open-data.s3.amazonaws.com/photos/516833638/large.jpg,cc-by-nc,"(c) Nelson Apolo, some rights reserved (CC BY-NC)",ecuadornaturetours,2025-06-06,2025-06-06T08:55:32-05:00,"Pichincha, EC",False,research,-0.1543634516,-78.6309808526
inat_287420663_516833719.jpg,287420663,516833719,https://inaturalist-open-data.s3.amazonaws.com/photos/516833719/large.jpg,cc-by-nc,"(c) Nelson Apolo, some rights reserved (CC BY-NC)",ecuadornaturetours,2025-06-06,2025-06-06T08:55:32-05:00,"Pichincha, EC",False,research,-0.1543634516,-78.6309808526
inat_287330384_516628710.jpg,287330384,516628710,https://inaturalist-open-data.s3.amazonaws.com/photos/516628710/large.jpg,cc-by,"(c) Francisco Sánchez Karste, some rights reserved (CC BY)",fkarste,2021-03-28,2021-03-28T07:57:00-05:00,Ecuador,False,research,-2.6183875807,-79.1907852987
inat_287330384_516628722.jpg,287330384,516628722,https://inaturalist-open-data.s3.amazonaws.com/photos/516628722/large.jpg,cc-by,"(c) Francisco Sánchez Karste, some rights reserved (CC BY)",fkarste,2021-03-28,2021-03-28T07:57:00-05:00,Ecuador,False,research,-2.6183875807,-79.1907852987
inat_286359998_514794990.jpg,286359998,514794990,https://inaturalist-open-data.s3.amazonaws.com/photos/514794990/large.jpg,cc-by,"(c) Francisco Sánchez Karste, some rights reserved (CC BY)",fkarste,2022-06-11,2022-06-11T11:38:00-05:00,"Azuay, EC",False,research,-2.8780103153,-79.597515619
inat_286358549_514792343.jpg,286358549,514792343,https://inaturalist-open-data.s3.amazonaws.com/photos/514792343/large.jpg,cc-by,"(c) Francisco Sánchez Karste, some rights reserved (CC BY)",fkarste,2022-01-01,2022-01-01T12:55:00-05:00,Ecuador,False,research,-2.598791333,-79.2455574525
inat_285946390_514008226.jpg,285946390,514008226,https://inaturalist-open-data.s3.amazonaws.com/photos/514008226/large.jpg,cc-by-nc,"(c) Logan Part, some rights reserved (CC BY-NC)",logankparr,2025-05-29,2025-05-29T11:21:06-05:00,"Cundinamarca, CO",False,research,4.7325773384,-73.8795916514
inat_285384907_512960923.jpg,285384907,512960923,https://inaturalist-open-data.s3.amazonaws.com/photos/512960923/large.jpg,cc-by-nc,"(c) Nelson Apolo, some rights reserved (CC BY-NC)",ecuadornaturetours,2025-05-21,2025-05-21T09:53:20-05:00,"Pichincha, EC",False,research,-0.1227411081,-78.7159208592
inat_285368666_512930939.jpg,285368666,512930939,https://inaturalist-open-data.s3.amazonaws.com/photos/512930939/large.jpg,cc-by-nc,"(c) Kevin Reyes arteaga, some rights reserved (CC BY-NC)",kevin8621,2025-05-29,2025-05-29T09:49:47-05:00,"Carchi, EC",False,research,0.7636289422,-78.0596381412
inat_285368666_512930982.jpg,285368666,512930982,https://inaturalist-open-data.s3.amazonaws.com/photos/512930982/large.jpg,cc-by-nc,"(c) Kevin Reyes arteaga, some rights reserved (CC BY-NC)",kevin8621,2025-05-29,2025-05-29T09:49:47-05:00,"Carchi, EC",False,research,0.7636289422,-78.0596381412
inat_285367347_512930586.jpg,285367347,512930586,https://inaturalist-open-data.s3.amazonaws.com/photos/512930586/large.jpg,cc-by-nc,"(c) Kevin Reyes arteaga, some rights reserved (CC BY-NC)",kevin8621,2025-05-29,2025-05-29T09:50:35-05:00,"Carchi, EC",False,research,0.792346551,-77.8808345513
inat_285367347_512928443.jpg,285367347,512928443,https://inaturalist-open-data.s3.amazonaws.com/photos/512928443/large.jpg,cc-by-nc,"(c) Kevin Reyes arteaga, some rights reserved (CC BY-NC)",kevin8621,2025-05-29,2025-05-29T09:50:35-05:00,"Carchi, EC",False,research,0.792346551,-77.8808345513
inat_285237118_512690775.jpg,285237118,512690775,https://inaturalist-open-data.s3.amazonaws.com/photos/512690775/large.jpg,cc-by-nc,"(c) ellasvar, some rights reserved (CC BY-NC)",ellasvar,2025-05-29,2025-05-29T07:06:00-05:00,"Pichincha, EC",False,research,0.1737607309,-78.6883404509
inat_285192120_512613584.jpg,285192120,512613584,https://inaturalist-open-data.s3.amazonaws.com/photos/512613584/large.jpg,cc-by-nc,"(c) celestedelgado, some rights reserved (CC BY-NC)",celestedelgado,2025-05-29,2025-05-29T07:06:00-05:00,"Pichincha, EC",False,research,0.1274735909,-78.979615161
inat_285144458_512510335.jpg,285144458,512510335,https://inaturalist-open-data.s3.amazonaws.com/photos/512510335/large.jpg,cc-by-nc,"(c) rioguacamayos, some rights reserved (CC BY-NC)",rioguacamayos,2025-05-01,,Ecuador,False,research,-0.7872897417,-77.560780203
inat_285074463_512384149.jpg,285074463,512384149,https://inaturalist-open-data.s3.amazonaws.com/photos/512384149/large.jpg,cc-by-nc,"(c) jdkiersten, some rights reserved (CC BY-NC)",jdkiersten,2025-05-29,2025-05-29T07:09:59-05:00,"Pichincha, EC",False,research,-0.0208442174,-78.6708662911
inat_285074463_512384216.jpg,285074463,512384216,https://inaturalist-open-data.s3.amazonaws.com/photos/512384216/large.jpg,cc-by-nc,"(c) jdkiersten, some rights reserved (CC BY-NC)",jdkiersten,2025-05-29,2025-05-29T07:09:59-05:00,"Pichincha, EC",False,research,-0.0208442174,-78.6708662911
inat_285074463_512441181.jpg,285074463,512441181,https://inaturalist-open-data.s3.amazonaws.com/photos/512441181/large.jpg,cc-by-nc,"(c) jdkiersten, some rights reserved (CC BY-NC)",jdkiersten,2025-05-29,2025-05-29T07:09:59-05:00,"Pichincha, EC",False,research,-0.0208442174,-78.6708662911
inat_285074463_512444036.jpg,285074463,512444036,https://inaturalist-open-data.s3.amazonaws.com/photos/512444036/large.jpg,cc-by-nc,"(c) jdkiersten, some rights reserved (CC BY-NC)",jdkiersten,2025-05-29,2025-05-29T07:09:59-05:00,"Pichincha, EC",False,research,-0.0208442174,-78.6708662911
inat_285063137_512363563.jpg,285063137,512363563,https://inaturalist-open-data.s3.amazonaws.com/photos/512363563/large.jpg,cc-by-nc,"(c) tf2lazuli, some rights reserved (CC BY-NC)",tf2lazuli,2025-05-29,2025-05-29T06:43:12-05:00,"Pichincha, EC",False,research,-0.1539407249,-78.6693165007
inat_284844895_511953632.jpg,284844895,511953632,https://inaturalist-open-data.s3.amazonaws.com/photos/511953632/large.jpg,cc-by-nc,"(c) Cesar JImenez, some rights reserved (CC BY-NC)",cesar_jimemez_podocarpus_zamora,2025-05-28,2025-05-28T09:24:31-05:00,"Zamora Chinchipe, EC",False,research,-4.0549769841,-78.9003814965
inat_284844895_511953713.jpg,284844895,511953713,https://inaturalist-open-data.s3.amazonaws.com/photos/511953713/large.jpg,cc-by-nc,"(c) Cesar JImenez, some rights reserved (CC BY-NC)",cesar_jimemez_podocarpus_zamora,2025-05-28,2025-05-28T09:24:31-05:00,"Zamora Chinchipe, EC",False,research,-4.0549769841,-78.9003814965
inat_284844895_511953776.jpg,284844895,511953776,https://inaturalist-open-data.s3.amazonaws.com/photos/511953776/large.jpg,cc-by-nc,"(c) Cesar JImenez, some rights reserved (CC BY-NC)",cesar_jimemez_podocarpus_zamora,2025-05-28,2025-05-28T09:24:31-05:00,"Zamora Chinchipe, EC",False,research,-4.0549769841,-78.9003814965
inat_284844895_511953820.jpg,284844895,511953820,https://inaturalist-open-data.s3.amazonaws.com/photos/511953820/large.jpg,cc-by-nc,"(c) Cesar JImenez, some rights reserved (CC BY-NC)",cesar_jimemez_podocarpus_zamora,2025-05-28,2025-05-28T09:24:31-05:00,"Zamora Chinchipe, EC",False,research,-4.0549769841,-78.9003814965
inat_284844895_511953857.jpg,284844895,511953857,https://inaturalist-open-data.s3.amazonaws.com/photos/511953857/large.jpg,cc-by-nc,"(c) Cesar JImenez, some rights reserved (CC BY-NC)",cesar_jimemez_podocarpus_zamora,2025-05-28,2025-05-28T09:24:31-05:00,"Zamora Chinchipe, EC",False,research,-4.0549769841,-78.9003814965
inat_284844895_511953901.jpg,284844895,511953901,https://inaturalist-open-data.s3.amazonaws.com/photos/511953901/large.jpg,cc-by-nc,"(c) Cesar JImenez, some rights reserved (CC BY-NC)",cesar_jimemez_podocarpus_zamora,2025-05-28,2025-05-28T09:24:31-05:00,"Zamora Chinchipe, EC",False,research,-4.0549769841,-78.9003814965
inat_284844895_511953936.jpg,284844895,511953936,https://inaturalist-open-data.s3.amazonaws.com/photos/511953936/large.jpg,cc-by-nc,"(c) Cesar JImenez, some rights reserved (CC BY-NC)",cesar_jimemez_podocarpus_zamora,2025-05-28,2025-05-28T09:24:31-05:00,"Zamora Chinchipe, EC",False,research,-4.0549769841,-78.9003814965
inat_284844895_511954001.jpg,284844895,511954001,https://inaturalist-open-data.s3.amazonaws.com/photos/511954001/large.jpg,cc-by-nc,"(c) Cesar JImenez, some rights reserved (CC BY-NC)",cesar_jimemez_podocarpus_zamora,2025-05-28,2025-05-28T09:24:31-05:00,"Zamora Chinchipe, EC",False,research,-4.0549769841,-78.9003814965
inat_284844895_511954050.jpg,284844895,511954050,https://inaturalist-open-data.s3.amazonaws.com/photos/511954050/large.jpg,cc-by-nc,"(c) Cesar JImenez, some rights reserved (CC BY-NC)",cesar_jimemez_podocarpus_zamora,2025-05-28,2025-05-28T09:24:31-05:00,"Zamora Chinchipe, EC",False,research,-4.0549769841,-78.9003814965
inat_284844895_511954089.jpg,284844895,511954089,https://inaturalist-open-data.s3.amazonaws.com/photos/511954089/large.jpg,cc-by-nc,"(c) Cesar JImenez, some rights reserved (CC BY-NC)",cesar_jimemez_podocarpus_zamora,2025-05-28,2025-05-28T09:24:31-05:00,"Zamora Chinchipe, EC",False,research,-4.0549769841,-78.9003814965
inat_284844895_511954132.jpg,284844895,511954132,https://inaturalist-open-data.s3.amazonaws.com/photos/511954132/large.jpg,cc-by-nc,"(c) Cesar JImenez, some rights reserved (CC BY-NC)",cesar_jimemez_podocarpus_zamora,2025-05-28,2025-05-28T09:24:31-05:00,"Zamora Chinchipe, EC",False,research,-4.0549769841,-78.9003814965
inat_284844895_511954177.jpg,284844895,511954177,https://inaturalist-open-data.s3.amazonaws.com/photos/511954177/large.jpg,cc-by-nc,"(c) Cesar JImenez, some rights reserved (CC BY-NC)",cesar_jimemez_podocarpus_zamora,2025-05-28,2025-05-28T09:24:31-05:00,"Zamora Chinchipe, EC",False,research,-4.0549769841,-78.9003814965
inat_284844895_511954217.jpg,284844895,511954217,https://inaturalist-open-data.s3.amazonaws.com/photos/511954217/large.jpg,cc-by-nc,"(c) Cesar JImenez, some rights reserved (CC BY-NC)",cesar_jimemez_podocarpus_zamora,2025-05-28,2025-05-28T09:24:31-05:00,"Zamora Chinchipe, EC",False,research,-4.0549769841,-78.9003814965
inat_284844895_511954284.jpg,284844895,511954284,https://inaturalist-open-data.s3.amazonaws.com/photos/511954284/large.jpg,cc-by-nc,"(c) Cesar JImenez, some rights reserved (CC BY-NC)",cesar_jimemez_podocarpus_zamora,2025-05-28,2025-05-28T09:24:31-05:00,"Zamora Chinchipe, EC",False,research,-4.0549769841,-78.9003814965
inat_284844895_511954314.jpg,284844895,511954314,https://inaturalist-open-data.s3.amazonaws.com/photos/511954314/large.jpg,cc-by-nc,"(c) Cesar JImenez, some rights reserved (CC BY-NC)",cesar_jimemez_podocarpus_zamora,2025-05-28,2025-05-28T09:24:31-05:00,"Zamora Chinchipe, EC",False,research,-4.0549769841,-78.9003814965
inat_284844895_511954353.jpg,284844895,511954353,https://inaturalist-open-data.s3.amazonaws.com/photos/511954353/large.jpg,cc-by-nc,"(c) Cesar JImenez, some rights reserved (CC BY-NC)",cesar_jimemez_podocarpus_zamora,2025-05-28,2025-05-28T09:24:31-05:00,"Zamora Chinchipe, EC",False,research,-4.0549769841,-78.9003814965
inat_284844895_511954401.jpg,284844895,511954401,https://inaturalist-open-data.s3.amazonaws.com/photos/511954401/large.jpg,cc-by-nc,"(c) Cesar JImenez, some rights reserved (CC BY-NC)",cesar_jimemez_podocarpus_zamora,2025-05-28,2025-05-28T09:24:31-05:00,"Zamora Chinchipe, EC",False,research,-4.0549769841,-78.9003814965
inat_284738734_511750566.jpg,284738734,511750566,https://inaturalist-open-data.s3.amazonaws.com/photos/511750566/large.jpg,cc-by-nc,"(c) dayana_zapata39, some rights reserved (CC BY-NC)",dayana_zapata39,2025-05-25,2025-05-25T23:12:00-05:00,"Cusco, PE",False,research,-13.4277629827,-71.6222320431
inat_284738733_511750565.jpg,284738733,511750565,https://inaturalist-open-data.s3.amazonaws.com/photos/511750565/large.jpg,cc-by-nc,"(c) dayana_zapata39, some rights reserved (CC BY-NC)",dayana_zapata39,2025-05-25,2025-05-25T23:12:00-05:00,"Cusco, PE",False,research,-13.5548658319,-71.6264549522
inat_284277908_510877837.jpg,284277908,510877837,https://inaturalist-open-data.s3.amazonaws.com/photos/510877837/large.jpg,cc-by-nc,"(c) andre ram, some rights reserved (CC BY-NC)",andre58482,2025-04-09,,,False,research,,
inat_283456371_509329246.jpg,283456371,509329246,https://inaturalist-open-data.s3.amazonaws.com/photos/509329246/large.jpg,cc-by-nc,"(c) Angel Mario Hualpa Erazo, some rights reserved (CC BY-NC)",angelmario,2025-05-18,2025-05-18T17:04:00-05:00,Ecuador,False,research,-4.0241848791,-79.1954373293
inat_283456371_509329243.jpg,283456371,509329243,https://inaturalist-open-data.s3.amazonaws.com/photos/509329243/large.jpg,cc-by-nc,"(c) Angel Mario Hualpa Erazo, some rights reserved (CC BY-NC)",angelmario,2025-05-18,2025-05-18T17:04:00-05:00,Ecuador,False,research,-4.0241848791,-79.1954373293
inat_283456371_509329275.jpg,283456371,509329275,https://inaturalist-open-data.s3.amazonaws.com/photos/509329275/large.jpg,cc-by-nc,"(c) Angel Mario Hualpa Erazo, some rights reserved (CC BY-NC)",angelmario,2025-05-18,2025-05-18T17:04:00-05:00,Ecuador,False,research,-4.0241848791,-79.1954373293
inat_283456371_509329267.jpg,283456371,509329267,https://inaturalist-open-data.s3.amazonaws.com/photos/509329267/large.jpg,cc-by-nc,"(c) Angel Mario Hualpa Erazo, some rights reserved (CC BY-NC)",angelmario,2025-05-18,2025-05-18T17:04:00-05:00,Ecuador,False,research,-4.0241848791,-79.1954373293
inat_283456371_509329274.jpg,283456371,509329274,https://inaturalist-open-data.s3.amazonaws.com/photos/509329274/large.jpg,cc-by-nc,"(c) Angel Mario Hualpa Erazo, some rights reserved (CC BY-NC)",angelmario,2025-05-18,2025-05-18T17:04:00-05:00,Ecuador,False,research,-4.0241848791,-79.1954373293
inat_282722776_507961208.jpg,282722776,507961208,https://inaturalist-open-data.s3.amazonaws.com/photos/507961208/large.jpg,cc-by-nc,"(c) Mateo Montesdeoca, some rights reserved (CC BY-NC)",gdtmateo_ecu,2025-03-12,2025-03-12T07:59:24-05:00,"Pichincha, EC",False,research,-0.1350443514,-78.7595356148
inat_281368015_505426966.jpg,281368015,505426966,https://inaturalist-open-data.s3.amazonaws.com/photos/505426966/large.jpg,cc-by-nc,"(c) Christopher Boccia, some rights reserved (CC BY-NC)",terciopelo,2025-01-19,2025-01-19T10:58:00-05:00,"Pichincha, EC",False,research,-0.2948594153,-78.2219516304
inat_281368015_505426999.jpg,281368015,505426999,https://inaturalist-open-data.s3.amazonaws.com/photos/505426999/large.jpg,cc-by-nc,"(c) Christopher Boccia, some rights reserved (CC BY-NC)",terciopelo,2025-01-19,2025-01-19T10:58:00-05:00,"Pichincha, EC",False,research,-0.2948594153,-78.2219516304
inat_281148403_505019039.jpg,281148403,505019039,https://inaturalist-open-data.s3.amazonaws.com/photos/505019039/large.jpg,cc-by-nc,"(c) Alex Baldwin, some rights reserved (CC BY-NC)",alexito-en-los-cedros,2025-05-10,2025-05-10T08:52:15-05:00,Ecuador,False,research,0.307113856,-78.6291863557
inat_281148403_505019026.jpg,281148403,505019026,https://inaturalist-open-data.s3.amazonaws.com/photos/505019026/large.jpg,cc-by-nc,"(c) Alex Baldwin, some rights reserved (CC BY-NC)",alexito-en-los-cedros,2025-05-10,2025-05-10T08:52:15-05:00,Ecuador,False,research,0.307113856,-78.6291863557
inat_280575921_503933806.jpg,280575921,503933806,https://inaturalist-open-data.s3.amazonaws.com/photos/503933806/large.jpg,cc-by-nc,"(c) Kevin Reyes arteaga, some rights reserved (CC BY-NC)",kevin8621,2025-04-17,2025-04-17T13:38:47-05:00,"Carchi, EC",False,research,0.6355374119,-77.9777037705
inat_280575921_503933870.jpg,280575921,503933870,https://inaturalist-open-data.s3.amazonaws.com/photos/503933870/large.jpg,cc-by-nc,"(c) Kevin Reyes arteaga, some rights reserved (CC BY-NC)",kevin8621,2025-04-17,2025-04-17T13:38:47-05:00,"Carchi, EC",False,research,0.6355374119,-77.9777037705
inat_280575921_503933974.jpg,280575921,503933974,https://inaturalist-open-data.s3.amazonaws.com/photos/503933974/large.jpg,cc-by-nc,"(c) Kevin Reyes arteaga, some rights reserved (CC BY-NC)",kevin8621,2025-04-17,2025-04-17T13:38:47-05:00,"Carchi, EC",False,research,0.6355374119,-77.9777037705
inat_280575921_503934024.jpg,280575921,503934024,https://inaturalist-open-data.s3.amazonaws.com/photos/503934024/large.jpg,cc-by-nc,"(c) Kevin Reyes arteaga, some rights reserved (CC BY-NC)",kevin8621,2025-04-17,2025-04-17T13:38:47-05:00,"Carchi, EC",False,research,0.6355374119,-77.9777037705
inat_280575921_503934062.jpg,280575921,503934062,https://inaturalist-open-data.s3.amazonaws.com/photos/503934062/large.jpg,cc-by-nc,"(c) Kevin Reyes arteaga, some rights reserved (CC BY-NC)",kevin8621,2025-04-17,2025-04-17T13:38:47-05:00,"Carchi, EC",False,research,0.6355374119,-77.9777037705
inat_280575921_503934146.jpg,280575921,503934146,https://inaturalist-open-data.s3.amazonaws.com/photos/503934146/large.jpg,cc-by-nc,"(c) Kevin Reyes arteaga, some rights reserved (CC BY-NC)",kevin8621,2025-04-17,2025-04-17T13:38:47-05:00,"Carchi, EC",False,research,0.6355374119,-77.9777037705
inat_279694118_502274628.jpg,279694118,502274628,https://inaturalist-open-data.s3.amazonaws.com/photos/502274628/large.jpg,cc-by-nc,"(c) kwat, some rights reserved (CC BY-NC)",kwat,2025-05-07,2025-05-07T12:47:02-05:00,"Pichincha, EC",False,research,-0.0597189496,-78.7374865664
inat_277949312_499083372.jpg,277949312,499083372,https://inaturalist-open-data.s3.amazonaws.com/photos/499083372/large.jpg,cc-by-nc,"(c) wpl500, some rights reserved (CC BY-NC)",wpl500,2019-03-17,2019-03-17T19:21:27-05:00,"Cundinamarca, CO",False,research,4.5437013092,-73.7345256994
inat_277766545_499235883.jpg,277766545,499235883,https://inaturalist-open-data.s3.amazonaws.com/photos/499235883/large.jpg,cc-by-nc,"(c) Sandra Gaibor, some rights reserved (CC BY-NC)",lorenabastos,2025-03-22,2025-03-22T09:15:21-05:00,"Pichincha, EC",False,research,-0.088559805,-78.6787826527
inat_277766545_499236938.jpg,277766545,499236938,https://inaturalist-open-data.s3.amazonaws.com/photos/499236938/large.jpg,cc-by-nc,"(c) Sandra Gaibor, some rights reserved (CC BY-NC)",lorenabastos,2025-03-22,2025-03-22T09:15:21-05:00,"Pichincha, EC",False,research,-0.088559805,-78.6787826527
inat_277766545_499236889.jpg,277766545,499236889,https://inaturalist-open-data.s3.amazonaws.com/photos/499236889/large.jpg,cc-by-nc,"(c) Sandra Gaibor, some rights reserved (CC BY-NC)",lorenabastos,2025-03-22,2025-03-22T09:15:21-05:00,"Pichincha, EC",False,research,-0.088559805,-78.6787826527
inat_275570590_495138658.jpg,275570590,495138658,https://inaturalist-open-data.s3.amazonaws.com/photos/495138658/large.jpg,cc-by-nc,"(c) camilaloayza17, some rights reserved (CC BY-NC)",camilaloayza17,2025-04-26,2025-04-26T11:40:23-04:00,"La Paz, BO",False,research,-16.3091943682,-67.8700903102
inat_275570590_495138789.jpg,275570590,495138789,https://inaturalist-open-data.s3.amazonaws.com/photos/495138789/large.jpg,cc-by-nc,"(c) camilaloayza17, some rights reserved (CC BY-NC)",camilaloayza17,2025-04-26,2025-04-26T11:40:23-04:00,"La Paz, BO",False,research,-16.3091943682,-67.8700903102
inat_272590682_490415245.jpg,272590682,490415245,https://inaturalist-open-data.s3.amazonaws.com/photos/490415245/large.jpeg,cc-by-nc,"(c) Fundacion ProAves, some rights reserved (CC BY-NC)",fundacion_proaves,2025-04-03,2025-04-03T08:08:07-05:00,"Antioquia, CO",False,research,6.4538303755,-76.1149065424
inat_272490239_490236512.jpg,272490239,490236512,https://inaturalist-open-data.s3.amazonaws.com/photos/490236512/large.jpeg,cc-by-nc,"(c) Attila Steiner, some rights reserved (CC BY-NC)",attila21,2024-12-06,2024-12-06T16:48:00-05:00,"Pichincha, EC",False,research,-0.3872230098,-78.2871038381
inat_270722673_486899149.jpg,270722673,486899149,https://inaturalist-open-data.s3.amazonaws.com/photos/486899149/large.jpeg,cc-by-nc,"(c) James G. Graham, some rights reserved (CC BY-NC)",ucayalitaxa,2021-11-22,2021-11-22T08:03:00-05:00,"Coronel Portillo, PE-UC, PE",False,research,-9.4273066459,-74.5876923291
inat_270722673_486899230.jpg,270722673,486899230,https://inaturalist-open-data.s3.amazonaws.com/photos/486899230/large.jpeg,cc-by-nc,"(c) James G. Graham, some rights reserved (CC BY-NC)",ucayalitaxa,2021-11-22,2021-11-22T08:03:00-05:00,"Coronel Portillo, PE-UC, PE",False,research,-9.4273066459,-74.5876923291
inat_270722673_486899282.jpg,270722673,486899282,https://inaturalist-open-data.s3.amazonaws.com/photos/486899282/large.jpeg,cc-by-nc,"(c) James G. Graham, some rights reserved (CC BY-NC)",ucayalitaxa,2021-11-22,2021-11-22T08:03:00-05:00,"Coronel Portillo, PE-UC, PE",False,research,-9.4273066459,-74.5876923291
inat_269793080_485132362.jpg,269793080,485132362,https://inaturalist-open-data.s3.amazonaws.com/photos/485132362/large.png,cc-by-nc,"(c) gnormand, some rights reserved (CC BY-NC)",gnormand,2025-04-01,2025-04-01T09:47:00-05:00,"Azuay, EC",False,research,-2.8248786564,-78.7756797701
inat_268662277_482948605.jpg,268662277,482948605,https://inaturalist-open-data.s3.amazonaws.com/photos/482948605/large.jpeg,cc-by-nc,"(c) martyhing, some rights reserved (CC BY-NC)",martyhing,2025-03-26,2025-03-26T05:25:00-05:00,"Pichincha, EC",False,research,-0.335963022,-78.2981366277
inat_268662277_482948665.jpg,268662277,482948665,https://inaturalist-open-data.s3.amazonaws.com/photos/482948665/large.jpeg,cc-by-nc,"(c) martyhing, some rights reserved (CC BY-NC)",martyhing,2025-03-26,2025-03-26T05:25:00-05:00,"Pichincha, EC",False,research,-0.335963022,-78.2981366277
inat_268662277_482948786.jpg,268662277,482948786,https://inaturalist-open-data.s3.amazonaws.com/photos/482948786/large.jpeg,cc-by-nc,"(c) martyhing, some rights reserved (CC BY-NC)",martyhing,2025-03-26,2025-03-26T05:25:00-05:00,"Pichincha, EC",False,research,-0.335963022,-78.2981366277
inat_268662277_482948892.jpg,268662277,482948892,https://inaturalist-open-data.s3.amazonaws.com/photos/482948892/large.jpeg,cc-by-nc,"(c) martyhing, some rights reserved (CC BY-NC)",martyhing,2025-03-26,2025-03-26T05:25:00-05:00,"Pichincha, EC",False,research,-0.335963022,-78.2981366277
inat_268470426_482568314.jpg,268470426,482568314,https://inaturalist-open-data.s3.amazonaws.com/photos/482568314/large.jpeg,cc-by-nc,"(c) JeffreyGammon, some rights reserved (CC BY-NC)",kingmush,2025-03-22,2025-03-22T10:55:00-05:00,"Pichincha, EC",False,research,-0.1798051587,-78.7298359354
inat_268470426_482568326.jpg,268470426,482568326,https://inaturalist-open-data.s3.amazonaws.com/photos/482568326/large.jpeg,cc-by-nc,"(c) JeffreyGammon, some rights reserved (CC BY-NC)",kingmush,2025-03-22,2025-03-22T10:55:00-05:00,"Pichincha, EC",False,research,-0.1798051587,-78.7298359354
inat_268470426_482568339.jpg,268470426,482568339,https://inaturalist-open-data.s3.amazonaws.com/photos/482568339/large.jpeg,cc-by-nc,"(c) JeffreyGammon, some rights reserved (CC BY-NC)",kingmush,2025-03-22,2025-03-22T10:55:00-05:00,"Pichincha, EC",False,research,-0.1798051587,-78.7298359354
inat_268470426_482568341.jpg,268470426,482568341,https://inaturalist-open-data.s3.amazonaws.com/photos/482568341/large.jpeg,cc-by-nc,"(c) JeffreyGammon, some rights reserved (CC BY-NC)",kingmush,2025-03-22,2025-03-22T10:55:00-05:00,"Pichincha, EC",False,research,-0.1798051587,-78.7298359354
inat_268470426_482568347.jpg,268470426,482568347,https://inaturalist-open-data.s3.amazonaws.com/photos/482568347/large.jpeg,cc-by-nc,"(c) JeffreyGammon, some rights reserved (CC BY-NC)",kingmush,2025-03-22,2025-03-22T10:55:00-05:00,"Pichincha, EC",False,research,-0.1798051587,-78.7298359354
inat_268470426_482568307.jpg,268470426,482568307,https://inaturalist-open-data.s3.amazonaws.com/photos/482568307/large.jpeg,cc-by-nc,"(c) JeffreyGammon, some rights reserved (CC BY-NC)",kingmush,2025-03-22,2025-03-22T10:55:00-05:00,"Pichincha, EC",False,research,-0.1798051587,-78.7298359354
inat_268470426_482569047.jpg,268470426,482569047,https://inaturalist-open-data.s3.amazonaws.com/photos/482569047/large.jpeg,cc-by-nc,"(c) JeffreyGammon, some rights reserved (CC BY-NC)",kingmush,2025-03-22,2025-03-22T10:55:00-05:00,"Pichincha, EC",False,research,-0.1798051587,-78.7298359354
inat_268470426_482569060.jpg,268470426,482569060,https://inaturalist-open-data.s3.amazonaws.com/photos/482569060/large.jpeg,cc-by-nc,"(c) JeffreyGammon, some rights reserved (CC BY-NC)",kingmush,2025-03-22,2025-03-22T10:55:00-05:00,"Pichincha, EC",False,research,-0.1798051587,-78.7298359354
inat_268470426_482569079.jpg,268470426,482569079,https://inaturalist-open-data.s3.amazonaws.com/photos/482569079/large.jpeg,cc-by-nc,"(c) JeffreyGammon, some rights reserved (CC BY-NC)",kingmush,2025-03-22,2025-03-22T10:55:00-05:00,"Pichincha, EC",False,research,-0.1798051587,-78.7298359354
inat_268470424_482568306.jpg,268470424,482568306,https://inaturalist-open-data.s3.amazonaws.com/photos/482568306/large.jpeg,cc-by-nc,"(c) JeffreyGammon, some rights reserved (CC BY-NC)",kingmush,2025-03-22,2025-03-22T10:54:00-05:00,"Pichincha, EC",False,research,-0.0285949952,-78.7426801373
inat_268470424_482568294.jpg,268470424,482568294,https://inaturalist-open-data.s3.amazonaws.com/photos/482568294/large.jpeg,cc-by-nc,"(c) JeffreyGammon, some rights reserved (CC BY-NC)",kingmush,2025-03-22,2025-03-22T10:54:00-05:00,"Pichincha, EC",False,research,-0.0285949952,-78.7426801373
inat_268470126_482565702.jpg,268470126,482565702,https://inaturalist-open-data.s3.amazonaws.com/photos/482565702/large.jpeg,cc-by-nc,"(c) JeffreyGammon, some rights reserved (CC BY-NC)",kingmush,2025-03-21,2025-03-21T12:18:00-05:00,"Pichincha, EC",False,research,-0.1825644972,-78.7888389305
inat_268470121_482565513.jpg,268470121,482565513,https://inaturalist-open-data.s3.amazonaws.com/photos/482565513/large.jpeg,cc-by-nc,"(c) JeffreyGammon, some rights reserved (CC BY-NC)",kingmush,2025-03-21,2025-03-21T10:47:00-05:00,"Pichincha, EC",False,research,-0.0853350909,-78.7910551974
inat_268470121_482565329.jpg,268470121,482565329,https://inaturalist-open-data.s3.amazonaws.com/photos/482565329/large.jpeg,cc-by-nc,"(c) JeffreyGammon, some rights reserved (CC BY-NC)",kingmush,2025-03-21,2025-03-21T10:47:00-05:00,"Pichincha, EC",False,research,-0.0853350909,-78.7910551974
inat_267557014_480831177.jpg,267557014,480831177,https://inaturalist-open-data.s3.amazonaws.com/photos/480831177/large.jpg,cc-by-nc,"(c) Pam, some rights reserved (CC BY-NC)",paminaz,2025-03-08,2025-03-08T11:29:00-05:00,"Pichincha, EC",False,research,-0.1274808414,-78.6304264319
inat_267557014_480831191.jpg,267557014,480831191,https://inaturalist-open-data.s3.amazonaws.com/photos/480831191/large.jpg,cc-by-nc,"(c) Pam, some rights reserved (CC BY-NC)",paminaz,2025-03-08,2025-03-08T11:29:00-05:00,"Pichincha, EC",False,research,-0.1274808414,-78.6304264319
inat_266506102_478850363.jpg,266506102,478850363,https://inaturalist-open-data.s3.amazonaws.com/photos/478850363/large.jpg,cc-by-nc,"(c) Dave Suszcynsky, some rights reserved (CC BY-NC)",rocknsky,2025-03-02,2025-03-02T06:42:00-05:00,"Pichincha, EC",False,research,-0.1371585732,-78.7344328021
inat_266506102_478850370.jpg,266506102,478850370,https://inaturalist-open-data.s3.amazonaws.com/photos/478850370/large.jpg,cc-by-nc,"(c) Dave Suszcynsky, some rights reserved (CC BY-NC)",rocknsky,2025-03-02,2025-03-02T06:42:00-05:00,"Pichincha, EC",False,research,-0.1371585732,-78.7344328021
inat_266506102_478850392.jpg,266506102,478850392,https://inaturalist-open-data.s3.amazonaws.com/photos/478850392/large.jpg,cc-by-nc,"(c) Dave Suszcynsky, some rights reserved (CC BY-NC)",rocknsky,2025-03-02,2025-03-02T06:42:00-05:00,"Pichincha, EC",False,research,-0.1371585732,-78.7344328021
inat_266506102_478850403.jpg,266506102,478850403,https://inaturalist-open-data.s3.amazonaws.com/photos/478850403/large.jpg,cc-by-nc,"(c) Dave Suszcynsky, some rights reserved (CC BY-NC)",rocknsky,2025-03-02,2025-03-02T06:42:00-05:00,"Pichincha, EC",False,research,-0.1371585732,-78.7344328021
inat_266506102_478850411.jpg,266506102,478850411,https://inaturalist-open-data.s3.amazonaws.com/photos/478850411/large.jpg,cc-by-nc,"(c) Dave Suszcynsky, some rights reserved (CC BY-NC)",rocknsky,2025-03-02,2025-03-02T06:42:00-05:00,"Pichincha, EC",False,research,-0.1371585732,-78.7344328021
inat_266506102_478850435.jpg,266506102,478850435,https://inaturalist-open-data.s3.amazonaws.com/photos/478850435/large.jpg,cc-by-nc,"(c) Dave Suszcynsky, some rights reserved (CC BY-NC)",rocknsky,2025-03-02,2025-03-02T06:42:00-05:00,"Pichincha, EC",False,research,-0.1371585732,-78.7344328021
inat_266506102_478850468.jpg,266506102,478850468,https://inaturalist-open-data.s3.amazonaws.com/photos/478850468/large.jpg,cc-by-nc,"(c) Dave Suszcynsky, some rights reserved (CC BY-NC)",rocknsky,2025-03-02,2025-03-02T06:42:00-05:00,"Pichincha, EC",False,research,-0.1371585732,-78.7344328021
inat_266506102_478850477.jpg,266506102,478850477,https://inaturalist-open-data.s3.amazonaws.com/photos/478850477/large.jpg,cc-by-nc,"(c) Dave Suszcynsky, some rights reserved (CC BY-NC)",rocknsky,2025-03-02,2025-03-02T06:42:00-05:00,"Pichincha, EC",False,research,-0.1371585732,-78.7344328021
inat_266506102_478850487.jpg,266506102,478850487,https://inaturalist-open-data.s3.amazonaws.com/photos/478850487/large.jpg,cc-by-nc,"(c) Dave Suszcynsky, some rights reserved (CC BY-NC)",rocknsky,2025-03-02,2025-03-02T06:42:00-05:00,"Pichincha, EC",False,research,-0.1371585732,-78.7344328021
inat_266506102_478850498.jpg,266506102,478850498,https://inaturalist-open-data.s3.amazonaws.com/photos/478850498/large.jpg,cc-by-nc,"(c) Dave Suszcynsky, some rights reserved (CC BY-NC)",rocknsky,2025-03-02,2025-03-02T06:42:00-05:00,"Pichincha, EC",False,research,-0.1371585732,-78.7344328021
inat_266506102_478850506.jpg,266506102,478850506,https://inaturalist-open-data.s3.amazonaws.com/photos/478850506/large.jpg,cc-by-nc,"(c) Dave Suszcynsky, some rights reserved (CC BY-NC)",rocknsky,2025-03-02,2025-03-02T06:42:00-05:00,"Pichincha, EC",False,research,-0.1371585732,-78.7344328021
inat_266506102_478850600.jpg,266506102,478850600,https://inaturalist-open-data.s3.amazonaws.com/photos/478850600/large.jpeg,cc-by-nc,"(c) Dave Suszcynsky, some rights reserved (CC BY-NC)",rocknsky,2025-03-02,2025-03-02T06:42:00-05:00,"Pichincha, EC",False,research,-0.1371585732,-78.7344328021
inat_266506102_482140439.jpg,266506102,482140439,https://inaturalist-open-data.s3.amazonaws.com/photos/482140439/large.jpg,cc-by-nc,"(c) Dave Suszcynsky, some rights reserved (CC BY-NC)",rocknsky,2025-03-02,2025-03-02T06:42:00-05:00,"Pichincha, EC",False,research,-0.1371585732,-78.7344328021
inat_265870047_477630278.jpg,265870047,477630278,https://inaturalist-open-data.s3.amazonaws.com/photos/477630278/large.jpg,cc-by,"(c) Francisco Sánchez Karste, some rights reserved (CC BY)",fkarste,2021-10-31,2021-10-31T15:13:00-05:00,Ecuador,False,research,-2.5161116906,-79.3342077754
inat_265833436_477561438.jpg,265833436,477561438,https://inaturalist-open-data.s3.amazonaws.com/photos/477561438/large.jpg,cc-by-nc,"(c) francesab, some rights reserved (CC BY-NC)",francesab,2025-03-18,2025-03-18T09:36:38-05:00,"Pichincha, EC",False,research,-0.0002438905,-78.7176557876
inat_265795461_477485251.jpg,265795461,477485251,https://inaturalist-open-data.s3.amazonaws.com/photos/477485251/large.jpeg,cc-by-nc,"(c) John Sullivan, some rights reserved (CC BY-NC)",sullivanribbit,2025-02-25,2025-02-25T16:47:00-05:00,"Pichincha, EC",False,research,-0.3546547328,-78.3868312365
inat_265301011_476513657.jpg,265301011,476513657,https://inaturalist-open-data.s3.amazonaws.com/photos/476513657/large.jpg,cc-by-nc,"(c) samwoods0, some rights reserved (CC BY-NC)",samwoods0,2025-03-04,2025-03-04T17:29:00-05:00,"Pichincha, EC",False,research,-0.1056012755,-78.7538728042
inat_265299837_476512095.jpg,265299837,476512095,https://inaturalist-open-data.s3.amazonaws.com/photos/476512095/large.jpg,cc-by-nc,"(c) samwoods0, some rights reserved (CC BY-NC)",samwoods0,2025-03-04,2025-03-04T17:21:00-05:00,"Pichincha, EC",False,research,-0.0841444686,-78.6718348117
inat_265298117_476508500.jpg,265298117,476508500,https://inaturalist-open-data.s3.amazonaws.com/photos/476508500/large.jpg,cc-by-nc,"(c) samwoods0, some rights reserved (CC BY-NC)",samwoods0,2025-03-04,2025-03-04T17:21:00-05:00,"Pichincha, EC",False,research,-0.1645840729,-78.7511474459
inat_265296922_476506075.jpg,265296922,476506075,https://inaturalist-open-data.s3.amazonaws.com/photos/476506075/large.jpg,cc-by-nc,"(c) samwoods0, some rights reserved (CC BY-NC)",samwoods0,2025-03-04,2025-03-04T17:15:00-05:00,"Pichincha, EC",False,research,-0.0330038776,-78.6495748225
inat_264998337_475917075.jpg,264998337,475917075,https://inaturalist-open-data.s3.amazonaws.com/photos/475917075/large.jpg,cc-by-nc,"(c) Ariel R., some rights reserved (CC BY-NC)",blobb,2025-03-10,2025-03-10T10:08:09-05:00,"Pichincha, EC",False,research,-0.1993483978,-78.7201867385
inat_264998337_475917067.jpg,264998337,475917067,https://inaturalist-open-data.s3.amazonaws.com/photos/475917067/large.jpg,cc-by-nc,"(c) Ariel R., some rights reserved (CC BY-NC)",blobb,2025-03-10,2025-03-10T10:08:09-05:00,"Pichincha, EC",False,research,-0.1993483978,-78.7201867385
inat_264029265_474419386.jpg,264029265,474419386,https://inaturalist-open-data.s3.amazonaws.com/photos/474419386/large.png,cc-by-nc,"(c) Armando Castellanos, some rights reserved (CC BY-NC)",armando_castellanos,2025-03-05,2025-03-05T18:03:00-05:00,Ecuador,False,research,0.3790267665,-77.8062088807
inat_262751605_471893313.jpg,262751605,471893313,https://inaturalist-open-data.s3.amazonaws.com/photos/471893313/large.jpeg,cc-by-nc,"(c) Olivier Barden, some rights reserved (CC BY-NC)",iridosornis,2025-01-30,2025-01-30T10:02:04-05:00,"Lambayeque, PE",False,research,-6.5260712578,-79.4591784651
inat_262751605_471893335.jpg,262751605,471893335,https://inaturalist-open-data.s3.amazonaws.com/photos/471893335/large.jpeg,cc-by-nc,"(c) Olivier Barden, some rights reserved (CC BY-NC)",iridosornis,2025-01-30,2025-01-30T10:02:04-05:00,"Lambayeque, PE",False,research,-6.5260712578,-79.4591784651
inat_262025161_470823855.jpg,262025161,470823855,https://inaturalist-open-data.s3.amazonaws.com/photos/470823855/large.jpg,cc-by-nc,"(c) ethan currens, some rights reserved (CC BY-NC)",ethanec,2025-02-08,2025-02-08T12:56:00-05:00,Ecuador,False,research,-1.2535567211,-78.5075261458
inat_262025161_470823865.jpg,262025161,470823865,https://inaturalist-open-data.s3.amazonaws.com/photos/470823865/large.jpg,cc-by-nc,"(c) ethan currens, some rights reserved (CC BY-NC)",ethanec,2025-02-08,2025-02-08T12:56:00-05:00,Ecuador,False,research,-1.2535567211,-78.5075261458
inat_262025161_470823875.jpg,262025161,470823875,https://inaturalist-open-data.s3.amazonaws.com/photos/470823875/large.jpg,cc-by-nc,"(c) ethan currens, some rights reserved (CC BY-NC)",ethanec,2025-02-08,2025-02-08T12:56:00-05:00,Ecuador,False,research,-1.2535567211,-78.5075261458
inat_261800879_470407640.jpg,261800879,470407640,https://inaturalist-open-data.s3.amazonaws.com/photos/470407640/large.png,cc-by-nc,"(c) ethan currens, some rights reserved (CC BY-NC)",ethanec,2025-02-06,2025-02-06T15:52:00-05:00,Ecuador,False,research,-1.3503509251,-78.551577207
inat_261800879_470407656.jpg,261800879,470407656,https://inaturalist-open-data.s3.amazonaws.com/photos/470407656/large.png,cc-by-nc,"(c) ethan currens, some rights reserved (CC BY-NC)",ethanec,2025-02-06,2025-02-06T15:52:00-05:00,Ecuador,False,research,-1.3503509251,-78.551577207
inat_261800879_470407661.jpg,261800879,470407661,https://inaturalist-open-data.s3.amazonaws.com/photos/470407661/large.png,cc-by-nc,"(c) ethan currens, some rights reserved (CC BY-NC)",ethanec,2025-02-06,2025-02-06T15:52:00-05:00,Ecuador,False,research,-1.3503509251,-78.551577207
inat_261800879_470407673.jpg,261800879,470407673,https://inaturalist-open-data.s3.amazonaws.com/photos/470407673/large.png,cc-by-nc,"(c) ethan currens, some rights reserved (CC BY-NC)",ethanec,2025-02-06,2025-02-06T15:52:00-05:00,Ecuador,False,research,-1.3503509251,-78.551577207
inat_259993810_466822366.jpg,259993810,466822366,https://inaturalist-open-data.s3.amazonaws.com/photos/466822366/large.jpg,cc-by-nc,"(c) Lisa Baile, some rights reserved (CC BY-NC)",lbaile,2025-01-25,2025-01-25T09:15:53-05:00,"Cundinamarca, CO",False,research,4.6830515725,-73.8397260741
inat_259942471_466721805.jpg,259942471,466721805,https://inaturalist-open-data.s3.amazonaws.com/photos/466721805/large.jpeg,cc-by-nc,"(c) crlssi, some rights reserved (CC BY-NC)",crlssi,2023-08-07,2023-08-07T00:40:00-05:00,"Napo, EC",False,research,-0.5264497577,-77.970903012
inat_259868353_466575334.jpg,259868353,466575334,https://inaturalist-open-data.s3.amazonaws.com/photos/466575334/large.jpg,cc-by-nc,"(c) carolinen108, some rights reserved (CC BY-NC)",carolinen108,2025-01-27,2025-01-27T09:09:00-05:00,"Napo, EC",False,research,-0.5730320088,-78.1518734357
inat_259860782_466561423.jpg,259860782,466561423,https://inaturalist-open-data.s3.amazonaws.com/photos/466561423/large.jpeg,cc-by-nc,"(c) pauliv, some rights reserved (CC BY-NC)",pauliv,2025-01-27,2025-01-27T10:53:05-05:00,Ecuador,False,research,-0.4856986258,-78.179609586
inat_259860782_466561431.jpg,259860782,466561431,https://inaturalist-open-data.s3.amazonaws.com/photos/466561431/large.jpeg,cc-by-nc,"(c) pauliv, some rights reserved (CC BY-NC)",pauliv,2025-01-27,2025-01-27T10:53:05-05:00,Ecuador,False,research,-0.4856986258,-78.179609586
inat_259860782_466561438.jpg,259860782,466561438,https://inaturalist-open-data.s3.amazonaws.com/photos/466561438/large.jpeg,cc-by-nc,"(c) pauliv, some rights reserved (CC BY-NC)",pauliv,2025-01-27,2025-01-27T10:53:05-05:00,Ecuador,False,research,-0.4856986258,-78.179609586
inat_259824328_466553342.jpg,259824328,466553342,https://inaturalist-open-data.s3.amazonaws.com/photos/466553342/large.jpg,cc-by-nc,"(c) bekah212, some rights reserved (CC BY-NC)",bekah212,2025-01-27,2025-01-27T08:55:03-05:00,Ecuador,False,research,-0.4423548123,-78.3915429615
inat_259824328_466553356.jpg,259824328,466553356,https://inaturalist-open-data.s3.amazonaws.com/photos/466553356/large.jpg,cc-by-nc,"(c) bekah212, some rights reserved (CC BY-NC)",bekah212,2025-01-27,2025-01-27T08:55:03-05:00,Ecuador,False,research,-0.4423548123,-78.3915429615
inat_259824328_466553369.jpg,259824328,466553369,https://inaturalist-open-data.s3.amazonaws.com/photos/466553369/large.jpg,cc-by-nc,"(c) bekah212, some rights reserved (CC BY-NC)",bekah212,2025-01-27,2025-01-27T08:55:03-05:00,Ecuador,False,research,-0.4423548123,-78.3915429615
inat_259824328_466553377.jpg,259824328,466553377,https://inaturalist-open-data.s3.amazonaws.com/photos/466553377/large.jpg,cc-by-nc,"(c) bekah212, some rights reserved (CC BY-NC)",bekah212,2025-01-27,2025-01-27T08:55:03-05:00,Ecuador,False,research,-0.4423548123,-78.3915429615
inat_259824328_466553396.jpg,259824328,466553396,https://inaturalist-open-data.s3.amazonaws.com/photos/466553396/large.jpg,cc-by-nc,"(c) bekah212, some rights reserved (CC BY-NC)",bekah212,2025-01-27,2025-01-27T08:55:03-05:00,Ecuador,False,research,-0.4423548123,-78.3915429615
inat_259811331_466464149.jpg,259811331,466464149,https://inaturalist-open-data.s3.amazonaws.com/photos/466464149/large.jpg,cc-by-nc,"(c) arianaopp26, some rights reserved (CC BY-NC)",arianaopp26,2025-01-27,2025-01-27T09:06:24-05:00,Ecuador,False,research,-0.4760803693,-78.2662494696
inat_259811331_466464165.jpg,259811331,466464165,https://inaturalist-open-data.s3.amazonaws.com/photos/466464165/large.jpg,cc-by-nc,"(c) arianaopp26, some rights reserved (CC BY-NC)",arianaopp26,2025-01-27,2025-01-27T09:06:24-05:00,Ecuador,False,research,-0.4760803693,-78.2662494696
inat_259808476_466459115.jpg,259808476,466459115,https://inaturalist-open-data.s3.amazonaws.com/photos/466459115/large.jpg,cc-by-nc,"(c) rebeccacall, some rights reserved (CC BY-NC)",rebeccacall,2025-01-27,2025-01-27T08:21:31-05:00,Ecuador,False,research,-0.548369419,-78.2395365631
inat_259783040_466410135.jpg,259783040,466410135,https://inaturalist-open-data.s3.amazonaws.com/photos/466410135/large.jpeg,cc-by-nc,"(c) Manuel Morales, some rights reserved (CC BY-NC)",manuel_inaturalist,2025-01-27,2025-01-27T09:10:50-05:00,Ecuador,False,research,-0.5361352064,-78.3133139852
inat_259783040_466410166.jpg,259783040,466410166,https://inaturalist-open-data.s3.amazonaws.com/photos/466410166/large.jpeg,cc-by-nc,"(c) Manuel Morales, some rights reserved (CC BY-NC)",manuel_inaturalist,2025-01-27,2025-01-27T09:10:50-05:00,Ecuador,False,research,-0.5361352064,-78.3133139852
inat_259783040_466410184.jpg,259783040,466410184,https://inaturalist-open-data.s3.amazonaws.com/photos/466410184/large.jpeg,cc-by-nc,"(c) Manuel Morales, some rights reserved (CC BY-NC)",manuel_inaturalist,2025-01-27,2025-01-27T09:10:50-05:00,Ecuador,False,research,-0.5361352064,-78.3133139852
inat_259324434_465490908.jpg,259324434,465490908,https://inaturalist-open-data.s3.amazonaws.com/photos/465490908/large.jpg,cc-by-nc,"(c) thewildgtrv, some rights reserved (CC BY-NC)",thewildgtrv,2024-11-13,2024-11-13T11:46:00-05:00,"Cundinamarca, CO",False,research,4.4689894097,-73.7821170295
inat_259190243_465214963.jpg,259190243,465214963,https://inaturalist-open-data.s3.amazonaws.com/photos/465214963/large.jpeg,cc-by-nc,"(c) Jeremy Liberman, some rights reserved (CC BY-NC)",tsikilili,2025-01-08,2025-01-08T20:51:00-05:00,"Pichincha, EC",False,research,0.0243419681,-78.546270173
inat_259190243_465214966.jpg,259190243,465214966,https://inaturalist-open-data.s3.amazonaws.com/photos/465214966/large.jpeg,cc-by-nc,"(c) Jeremy Liberman, some rights reserved (CC BY-NC)",tsikilili,2025-01-08,2025-01-08T20:51:00-05:00,"Pichincha, EC",False,research,0.0243419681,-78.546270173
inat_259190243_465214962.jpg,259190243,465214962,https://inaturalist-open-data.s3.amazonaws.com/photos/465214962/large.jpeg,cc-by-nc,"(c) Jeremy Liberman, some rights reserved (CC BY-NC)",tsikilili,2025-01-08,2025-01-08T20:51:00-05:00,"Pichincha, EC",False,research,0.0243419681,-78.546270173
inat_259190243_465214968.jpg,259190243,465214968,https://inaturalist-open-data.s3.amazonaws.com/photos/465214968/large.jpeg,cc-by-nc,"(c) Jeremy Liberman, some rights reserved (CC BY-NC)",tsikilili,2025-01-08,2025-01-08T20:51:00-05:00,"Pichincha, EC",False,research,0.0243419681,-78.546270173
inat_259175487_465184860.jpg,259175487,465184860,https://inaturalist-open-data.s3.amazonaws.com/photos/465184860/large.jpg,cc-by-nc,"(c) Ariel R., some rights reserved (CC BY-NC)",blobb,2025-01-20,2025-01-20T22:07:44-05:00,"Napo, EC",False,research,-0.5346939458,-77.9718827325
inat_259116687_465065361.jpg,259116687,465065361,https://inaturalist-open-data.s3.amazonaws.com/photos/465065361/large.jpg,cc-by-nc,"(c) Brendan Fogarty, some rights reserved (CC BY-NC)",bfogarty,2024-07-15,2024-07-15T08:37:00-05:00,"Pichincha, EC",False,research,-0.1356125274,-78.7809954582
inat_259056666_464944617.jpg,259056666,464944617,https://inaturalist-open-data.s3.amazonaws.com/photos/464944617/large.jpg,cc-by-nc,"(c) Alexander Lees, some rights reserved (CC BY-NC)",alexlees,2012-12-05,2012-12-05T14:15:00-05:00,"Cusco, PE",False,research,-13.0956155323,-72.5371687175
inat_258973214_464767556.jpg,258973214,464767556,https://inaturalist-open-data.s3.amazonaws.com/photos/464767556/large.jpeg,cc-by-nc,"(c) Jaen, some rights reserved (CC BY-NC)",munozjaen_,2025-01-18,2025-01-18T09:35:00-05:00,Ecuador,False,research,-0.5291110295,-78.3890471153
inat_258973214_464767412.jpg,258973214,464767412,https://inaturalist-open-data.s3.amazonaws.com/photos/464767412/large.jpeg,cc-by-nc,"(c) Jaen, some rights reserved (CC BY-NC)",munozjaen_,2025-01-18,2025-01-18T09:35:00-05:00,Ecuador,False,research,-0.5291110295,-78.3890471153
inat_258973214_464767463.jpg,258973214,464767463,https://inaturalist-open-data.s3.amazonaws.com/photos/464767463/large.jpeg,cc-by-nc,"(c) Jaen, some rights reserved (CC BY-NC)",munozjaen_,2025-01-18,2025-01-18T09:35:00-05:00,Ecuador,False,research,-0.5291110295,-78.3890471153
inat_258973213_464767513.jpg,258973213,464767513,https://inaturalist-open-data.s3.amazonaws.com/photos/464767513/large.jpeg,cc-by-nc,"(c) Jaen, some rights reserved (CC BY-NC)",munozjaen_,2025-01-18,2025-01-18T09:35:00-05:00,Ecuador,False,research,-0.4586161561,-78.2738778104
inat_258879470_464577541.jpg,258879470,464577541,https://inaturalist-open-data.s3.amazonaws.com/photos/464577541/large.jpg,cc-by-nc,"(c) Alegria, Henry Duban Alegria, some rights reserved (CC BY-NC)",alegria_henry91,2024-10-05,2024-10-05T08:26:00-05:00,"Cauca, CO",False,research,1.7055358527,-76.8781856726
inat_258879470_464578188.jpg,258879470,464578188,https://inaturalist-open-data.s3.amazonaws.com/photos/464578188/large.jpg,cc-by-nc,"(c) Alegria, Henry Duban Alegria, some rights reserved (CC BY-NC)",alegria_henry91,2024-10-05,2024-10-05T08:26:00-05:00,"Cauca, CO",False,research,1.7055358527,-76.8781856726
inat_258799621_464418374.jpg,258799621,464418374,https://inaturalist-open-data.s3.amazonaws.com/photos/464418374/large.jpeg,cc-by-nc,"(c) Jaen, some rights reserved (CC BY-NC)",munozjaen_,2025-01-17,2025-01-17T07:56:00-05:00,"Pichincha, EC",False,research,-0.2882492307,-78.309215247
inat_258799621_464418395.jpg,258799621,464418395,https://inaturalist-open-data.s3.amazonaws.com/photos/464418395/large.jpeg,cc-by-nc,"(c) Jaen, some rights reserved (CC BY-NC)",munozjaen_,2025-01-17,2025-01-17T07:56:00-05:00,"Pichincha, EC",False,research,-0.2882492307,-78.309215247
inat_258799620_464418144.jpg,258799620,464418144,https://inaturalist-open-data.s3.amazonaws.com/photos/464418144/large.jpeg,cc-by-nc,"(c) Jaen, some rights reserved (CC BY-NC)",munozjaen_,2025-01-17,2025-01-17T09:13:00-05:00,Ecuador,False,research,-0.3622957362,-78.0095842111
inat_258779859_464380123.jpg,258779859,464380123,https://inaturalist-open-data.s3.amazonaws.com/photos/464380123/large.jpg,cc-by-nc,"(c) Jeff Chapman, some rights reserved (CC BY-NC)",woodridgejeff,2025-01-17,2025-01-17T07:58:39-05:00,Ecuador,False,research,-0.5962077141,-78.2565693031
inat_258779859_464380166.jpg,258779859,464380166,https://inaturalist-open-data.s3.amazonaws.com/photos/464380166/large.jpg,cc-by-nc,"(c) Jeff Chapman, some rights reserved (CC BY-NC)",woodridgejeff,2025-01-17,2025-01-17T07:58:39-05:00,Ecuador,False,research,-0.5962077141,-78.2565693031
inat_258779859_464380187.jpg,258779859,464380187,https://inaturalist-open-data.s3.amazonaws.com/photos/464380187/large.jpg,cc-by-nc,"(c) Jeff Chapman, some rights reserved (CC BY-NC)",woodridgejeff,2025-01-17,2025-01-17T07:58:39-05:00,Ecuador,False,research,-0.5962077141,-78.2565693031
inat_258741220_464302163.jpg,258741220,464302163,https://inaturalist-open-data.s3.amazonaws.com/photos/464302163/large.jpeg,cc-by-nc,"(c) Jaen, some rights reserved (CC BY-NC)",munozjaen_,2025-01-17,2025-01-17T08:20:33-05:00,"Pichincha, EC",False,research,-0.3035108231,-78.3170253198
inat_258082272_462991145.jpg,258082272,462991145,https://inaturalist-open-data.s3.amazonaws.com/photos/462991145/large.png,cc-by-nc,"(c) Alegria, Henry Duban Alegria, some rights reserved (CC BY-NC)",alegria_henry91,2023-06-21,2023-06-21T19:46:00-05:00,"Cauca, CO",False,research,2.5882984159,-76.3994553804
inat_258081313_462989325.jpg,258081313,462989325,https://inaturalist-open-data.s3.amazonaws.com/photos/462989325/large.png,cc-by-nc,"(c) Alegria, Henry Duban Alegria, some rights reserved (CC BY-NC)",alegria_henry91,2023-09-01,2023-09-01T19:33:00-05:00,Colombia,False,research,2.4289857885,-76.1468159447
inat_258055864_463351279.jpg,258055864,463351279,https://inaturalist-open-data.s3.amazonaws.com/photos/463351279/large.jpg,cc-by,"(c) CaracalShan, some rights reserved (CC BY)",caracalshan,2010-02-28,,"Pichincha, EC",False,research,-0.0856880517,-78.6720113692
inat_258055864_463351283.jpg,258055864,463351283,https://inaturalist-open-data.s3.amazonaws.com/photos/463351283/large.jpg,cc-by,"(c) CaracalShan, some rights reserved (CC BY)",caracalshan,2010-02-28,,"Pichincha, EC",False,research,-0.0856880517,-78.6720113692
inat_258055864_463351285.jpg,258055864,463351285,https://inaturalist-open-data.s3.amazonaws.com/photos/463351285/large.jpg,cc-by,"(c) CaracalShan, some rights reserved (CC BY)",caracalshan,2010-02-28,,"Pichincha, EC",False,research,-0.0856880517,-78.6720113692
inat_257799432_462519642.jpg,257799432,462519642,https://inaturalist-open-data.s3.amazonaws.com/photos/462519642/large.jpg,cc-by-nc,"(c) EgutierrezR, some rights reserved (CC BY-NC)",nepogutierrez,2024-12-26,2024-12-26T10:00:00-05:00,"Cundinamarca, CO",False,research,4.9590453688,-73.6765361878
inat_256920636_460748227.jpg,256920636,460748227,https://inaturalist-open-data.s3.amazonaws.com/photos/460748227/large.jpg,cc-by-nc,"(c) leekelai, some rights reserved (CC BY-NC)",leekelai,2023-11-27,2023-11-27T20:59:00-05:00,Ecuador,False,research,-0.5024457869,-78.3994674666
inat_256920636_460748167.jpg,256920636,460748167,https://inaturalist-open-data.s3.amazonaws.com/photos/460748167/large.jpg,cc-by-nc,"(c) leekelai, some rights reserved (CC BY-NC)",leekelai,2023-11-27,2023-11-27T20:59:00-05:00,Ecuador,False,research,-0.5024457869,-78.3994674666
inat_256920636_460748174.jpg,256920636,460748174,https://inaturalist-open-data.s3.amazonaws.com/photos/460748174/large.jpg,cc-by-nc,"(c) leekelai, some rights reserved (CC BY-NC)",leekelai,2023-11-27,2023-11-27T20:59:00-05:00,Ecuador,False,research,-0.5024457869,-78.3994674666
inat_256920636_460748177.jpg,256920636,460748177,https://inaturalist-open-data.s3.amazonaws.com/photos/460748177/large.jpg,cc-by-nc,"(c) leekelai, some rights reserved (CC BY-NC)",leekelai,2023-11-27,2023-11-27T20:59:00-05:00,Ecuador,False,research,-0.5024457869,-78.3994674666
inat_256920636_460748196.jpg,256920636,460748196,https://inaturalist-open-data.s3.amazonaws.com/photos/460748196/large.jpg,cc-by-nc,"(c) leekelai, some rights reserved (CC BY-NC)",leekelai,2023-11-27,2023-11-27T20:59:00-05:00,Ecuador,False,research,-0.5024457869,-78.3994674666
inat_256920636_460748212.jpg,256920636,460748212,https://inaturalist-open-data.s3.amazonaws.com/photos/460748212/large.jpg,cc-by-nc,"(c) leekelai, some rights reserved (CC BY-NC)",leekelai,2023-11-27,2023-11-27T20:59:00-05:00,Ecuador,False,research,-0.5024457869,-78.3994674666
inat_256920636_460748203.jpg,256920636,460748203,https://inaturalist-open-data.s3.amazonaws.com/photos/460748203/large.jpg,cc-by-nc,"(c) leekelai, some rights reserved (CC BY-NC)",leekelai,2023-11-27,2023-11-27T20:59:00-05:00,Ecuador,False,research,-0.5024457869,-78.3994674666
inat_256663767_460239841.jpg,256663767,460239841,https://inaturalist-open-data.s3.amazonaws.com/photos/460239841/large.jpeg,cc-by-nc,"(c) Luis Yupa, some rights reserved (CC BY-NC)",luisyupa,2024-12-06,2024-12-06T13:37:00-05:00,"Pichincha, EC",False,research,-0.2266016733,-78.3729472041
inat_256663767_460239842.jpg,256663767,460239842,https://inaturalist-open-data.s3.amazonaws.com/photos/460239842/large.jpeg,cc-by-nc,"(c) Luis Yupa, some rights reserved (CC BY-NC)",luisyupa,2024-12-06,2024-12-06T13:37:00-05:00,"Pichincha, EC",False,research,-0.2266016733,-78.3729472041
inat_255542757_457966354.jpg,255542757,457966354,https://inaturalist-open-data.s3.amazonaws.com/photos/457966354/large.jpeg,cc-by-nc,"(c) erstadh, some rights reserved (CC BY-NC)",erstadh,2024-12-17,2024-12-17T06:49:00-05:00,Ecuador,False,research,-0.5356321546,-78.0202936871
inat_255111054_457102130.jpg,255111054,457102130,https://inaturalist-open-data.s3.amazonaws.com/photos/457102130/large.jpg,cc-by-nc,"(c) Christopher Boccia, some rights reserved (CC BY-NC)",terciopelo,2022-05-19,2022-05-19T16:12:00-05:00,Ecuador,False,research,-0.3023766097,-78.0853184002
inat_254557465_455977520.jpg,254557465,455977520,https://inaturalist-open-data.s3.amazonaws.com/photos/455977520/large.jpeg,cc-by-nc,"(c) Alejandra Castiblanco V., some rights reserved (CC BY-NC)",alejandracastiblanco,2024-12-01,2024-12-01T11:44:00-05:00,"Cundinamarca, CO",False,research,4.5527014061,-73.7645227657
inat_254557465_455977527.jpg,254557465,455977527,https://inaturalist-open-data.s3.amazonaws.com/photos/455977527/large.jpeg,cc-by-nc,"(c) Alejandra Castiblanco V., some rights reserved (CC BY-NC)",alejandracastiblanco,2024-12-01,2024-12-01T11:44:00-05:00,"Cundinamarca, CO",False,research,4.5527014061,-73.7645227657
inat_254557465_455977526.jpg,254557465,455977526,https://inaturalist-open-data.s3.amazonaws.com/photos/455977526/large.jpeg,cc-by-nc,"(c) Alejandra Castiblanco V., some rights reserved (CC BY-NC)",alejandracastiblanco,2024-12-01,2024-12-01T11:44:00-05:00,"Cundinamarca, CO",False,research,4.5527014061,-73.7645227657
inat_254557465_455977429.jpg,254557465,455977429,https://inaturalist-open-data.s3.amazonaws.com/photos/455977429/large.jpeg,cc-by-nc,"(c) Alejandra Castiblanco V., some rights reserved (CC BY-NC)",alejandracastiblanco,2024-12-01,2024-12-01T11:44:00-05:00,"Cundinamarca, CO",False,research,4.5527014061,-73.7645227657
inat_254557465_455977556.jpg,254557465,455977556,https://inaturalist-open-data.s3.amazonaws.com/photos/455977556/large.jpeg,cc-by-nc,"(c) Alejandra Castiblanco V., some rights reserved (CC BY-NC)",alejandracastiblanco,2024-12-01,2024-12-01T11:44:00-05:00,"Cundinamarca, CO",False,research,4.5527014061,-73.7645227657
inat_254557465_455977574.jpg,254557465,455977574,https://inaturalist-open-data.s3.amazonaws.com/photos/455977574/large.jpeg,cc-by-nc,"(c) Alejandra Castiblanco V., some rights reserved (CC BY-NC)",alejandracastiblanco,2024-12-01,2024-12-01T11:44:00-05:00,"Cundinamarca, CO",False,research,4.5527014061,-73.7645227657
inat_254557464_455977390.jpg,254557464,455977390,https://inaturalist-open-data.s3.amazonaws.com/photos/455977390/large.jpeg,cc-by-nc,"(c) Alejandra Castiblanco V., some rights reserved (CC BY-NC)",alejandracastiblanco,2024-12-01,2024-12-01T11:41:00-05:00,"Cundinamarca, CO",False,research,4.4477903526,-73.6971243463
inat_254557464_455977381.jpg,254557464,455977381,https://inaturalist-open-data.s3.amazonaws.com/photos/455977381/large.jpeg,cc-by-nc,"(c) Alejandra Castiblanco V., some rights reserved (CC BY-NC)",alejandracastiblanco,2024-12-01,2024-12-01T11:41:00-05:00,"Cundinamarca, CO",False,research,4.4477903526,-73.6971243463
inat_254557464_455977379.jpg,254557464,455977379,https://inaturalist-open-data.s3.amazonaws.com/photos/455977379/large.jpeg,cc-by-nc,"(c) Alejandra Castiblanco V., some rights reserved (CC BY-NC)",alejandracastiblanco,2024-12-01,2024-12-01T11:41:00-05:00,"Cundinamarca, CO",False,research,4.4477903526,-73.6971243463
inat_254557464_455977354.jpg,254557464,455977354,https://inaturalist-open-data.s3.amazonaws.com/photos/455977354/large.jpeg,cc-by-nc,"(c) Alejandra Castiblanco V., some rights reserved (CC BY-NC)",alejandracastiblanco,2024-12-01,2024-12-01T11:41:00-05:00,"Cundinamarca, CO",False,research,4.4477903526,-73.6971243463
inat_254557464_455977357.jpg,254557464,455977357,https://inaturalist-open-data.s3.amazonaws.com/photos/455977357/large.jpeg,cc-by-nc,"(c) Alejandra Castiblanco V., some rights reserved (CC BY-NC)",alejandracastiblanco,2024-12-01,2024-12-01T11:41:00-05:00,"Cundinamarca, CO",False,research,4.4477903526,-73.6971243463
inat_254557464_455977395.jpg,254557464,455977395,https://inaturalist-open-data.s3.amazonaws.com/photos/455977395/large.jpeg,cc-by-nc,"(c) Alejandra Castiblanco V., some rights reserved (CC BY-NC)",alejandracastiblanco,2024-12-01,2024-12-01T11:41:00-05:00,"Cundinamarca, CO",False,research,4.4477903526,-73.6971243463
inat_254557464_455977405.jpg,254557464,455977405,https://inaturalist-open-data.s3.amazonaws.com/photos/455977405/large.jpeg,cc-by-nc,"(c) Alejandra Castiblanco V., some rights reserved (CC BY-NC)",alejandracastiblanco,2024-12-01,2024-12-01T11:41:00-05:00,"Cundinamarca, CO",False,research,4.4477903526,-73.6971243463
inat_254557464_455977450.jpg,254557464,455977450,https://inaturalist-open-data.s3.amazonaws.com/photos/455977450/large.jpeg,cc-by-nc,"(c) Alejandra Castiblanco V., some rights reserved (CC BY-NC)",alejandracastiblanco,2024-12-01,2024-12-01T11:41:00-05:00,"Cundinamarca, CO",False,research,4.4477903526,-73.6971243463
inat_254557459_455977464.jpg,254557459,455977464,https://inaturalist-open-data.s3.amazonaws.com/photos/455977464/large.jpeg,cc-by-nc,"(c) Alejandra Castiblanco V., some rights reserved (CC BY-NC)",alejandracastiblanco,2024-12-01,2024-12-01T11:43:00-05:00,"Cundinamarca, CO",False,research,4.4635142149,-73.7494437763
inat_254557459_455977439.jpg,254557459,455977439,https://inaturalist-open-data.s3.amazonaws.com/photos/455977439/large.jpeg,cc-by-nc,"(c) Alejandra Castiblanco V., some rights reserved (CC BY-NC)",alejandracastiblanco,2024-12-01,2024-12-01T11:43:00-05:00,"Cundinamarca, CO",False,research,4.4635142149,-73.7494437763
inat_254557459_455977469.jpg,254557459,455977469,https://inaturalist-open-data.s3.amazonaws.com/photos/455977469/large.jpeg,cc-by-nc,"(c) Alejandra Castiblanco V., some rights reserved (CC BY-NC)",alejandracastiblanco,2024-12-01,2024-12-01T11:43:00-05:00,"Cundinamarca, CO",False,research,4.4635142149,-73.7494437763
inat_254540061_455949346.jpg,254540061,455949346,https://inaturalist-open-data.s3.amazonaws.com/photos/455949346/large.jpeg,cc-by-nc,"(c) crp_carolina_reyes_puig, some rights reserved (CC BY-NC)",crp_carolina_reyes_puig,2024-10-10,2024-10-10T17:41:55-05:00,Ecuador,False,research,-1.4805426057,-78.1656948293
inat_254358316_455495546.jpg,254358316,455495546,https://inaturalist-open-data.s3.amazonaws.com/photos/455495546/large.jpeg,cc-by-nc,"(c) Alejandra Castiblanco V., some rights reserved (CC BY-NC)",alejandracastiblanco,2024-11-30,2024-11-30T16:12:00-05:00,"Cundinamarca, CO",False,research,4.5572916503,-73.7101058097
inat_254351030_455572394.jpg,254351030,455572394,https://inaturalist-open-data.s3.amazonaws.com/photos/455572394/large.jpg,cc-by-nc,"(c) Buckwheat Bastard, some rights reserved (CC BY-NC)",buckwheatbastard,2024-12-06,2024-12-06T15:17:32-05:00,"Pichincha, EC",False,research,-0.2553836143,-78.3002754137
inat_253898562_454680396.jpg,253898562,454680396,https://inaturalist-open-data.s3.amazonaws.com/photos/454680396/large.png,cc-by-nc,"(c) Samuel Serna Wills, some rights reserved (CC BY-NC)",samuelsernawills,2024-12-01,2024-12-01T11:34:15-05:00,"Cundinamarca, CO",False,research,4.5009460565,-73.7205967025
inat_253898562_454680485.jpg,253898562,454680485,https://inaturalist-open-data.s3.amazonaws.com/photos/454680485/large.png,cc-by-nc,"(c) Samuel Serna Wills, some rights reserved (CC BY-NC)",samuelsernawills,2024-12-01,2024-12-01T11:34:15-05:00,"Cundinamarca, CO",False,research,4.5009460565,-73.7205967025
inat_253898562_454680432.jpg,253898562,454680432,https://inaturalist-open-data.s3.amazonaws.com/photos/454680432/large.png,cc-by-nc,"(c) Samuel Serna Wills, some rights reserved (CC BY-NC)",samuelsernawills,2024-12-01,2024-12-01T11:34:15-05:00,"Cundinamarca, CO",False,research,4.5009460565,-73.7205967025
inat_253875871_454653460.jpg,253875871,454653460,https://inaturalist-open-data.s3.amazonaws.com/photos/454653460/large.jpg,cc-by-nc,"(c) Samuel Serna Wills, some rights reserved (CC BY-NC)",samuelsernawills,2024-12-01,2024-12-01T12:03:00-05:00,"Cundinamarca, CO",False,research,4.5362663991,-73.6070706037
inat_253316102_453547639.jpg,253316102,453547639,https://inaturalist-open-data.s3.amazonaws.com/photos/453547639/large.jpeg,cc-by-nc,"(c) Pancho Sornoza, some rights reserved (CC BY-NC)",francisco_sornoza,2024-11-27,2024-11-27T11:50:13-05:00,"Quito, EC-PI, EC",False,research,-0.1641966771,-78.44665097
inat_253316102_453547661.jpg,253316102,453547661,https://inaturalist-open-data.s3.amazonaws.com/photos/453547661/large.jpeg,cc-by-nc,"(c) Pancho Sornoza, some rights reserved (CC BY-NC)",francisco_sornoza,2024-11-27,2024-11-27T11:50:13-05:00,"Quito, EC-PI, EC",False,research,-0.1641966771,-78.44665097
inat_253316102_453547676.jpg,253316102,453547676,https://inaturalist-open-data.s3.amazonaws.com/photos/453547676/large.jpeg,cc-by-nc,"(c) Pancho Sornoza, some rights reserved (CC BY-NC)",francisco_sornoza,2024-11-27,2024-11-27T11:50:13-05:00,"Quito, EC-PI, EC",False,research,-0.1641966771,-78.44665097
inat_252952832_452856480.jpg,252952832,452856480,https://inaturalist-open-data.s3.amazonaws.com/photos/452856480/large.jpeg,cc-by-nc,"(c) gbrunvoll, some rights reserved (CC BY-NC)",gbrunvoll,2024-11-02,2024-11-02T07:05:00-05:00,"Pichincha, EC",False,research,-0.2078831851,-78.3495179466
inat_252935526_452827520.jpg,252935526,452827520,https://inaturalist-open-data.s3.amazonaws.com/photos/452827520/large.jpeg,cc-by,"(c) Benjamin Hidalgo, some rights reserved (CC BY)",benjaminhidalgo,2021-11-07,2021-11-07T10:30:00-05:00,Ecuador,False,research,-0.3790220671,-78.1621100767
inat_252065744_451149625.jpg,252065744,451149625,https://inaturalist-open-data.s3.amazonaws.com/photos/451149625/large.jpeg,cc-by-nc,"(c) judina, some rights reserved (CC BY-NC)",judina,2024-11-17,2024-11-17T15:13:00-05:00,Ecuador,False,research,-0.3740273289,-78.0450238216
inat_252065744_451149673.jpg,252065744,451149673,https://inaturalist-open-data.s3.amazonaws.com/photos/451149673/large.jpeg,cc-by-nc,"(c) judina, some rights reserved (CC BY-NC)",judina,2024-11-17,2024-11-17T15:13:00-05:00,Ecuador,False,research,-0.3740273289,-78.0450238216
inat_251806640_450629396.jpg,251806640,450629396,https://inaturalist-open-data.s3.amazonaws.com/photos/450629396/large.jpeg,cc-by-nc,"(c) thewildgtrv, some rights reserved (CC BY-NC)",thewildgtrv,2024-11-14,2024-11-14T14:21:00-05:00,"Cundinamarca, CO",False,research,4.438494682,-73.6739009577
inat_250967820_448942890.jpg,250967820,448942890,https://inaturalist-open-data.s3.amazonaws.com/photos/448942890/large.jpeg,cc-by-nc,"(c) Daniel Hetzel, some rights reserved (CC BY-NC)",thesafarihiker,2014-10-09,2014-10-09T12:38:00-05:00,"Cusco, PE",False,research,-13.0163799481,-72.5876988232
inat_250967820_448942887.jpg,250967820,448942887,https://inaturalist-open-data.s3.amazonaws.com/photos/448942887/large.jpeg,cc-by-nc,"(c) Daniel Hetzel, some rights reserved (CC BY-NC)",thesafarihiker,2014-10-09,2014-10-09T12:38:00-05:00,"Cusco, PE",False,research,-13.0163799481,-72.5876988232
inat_250967820_448942886.jpg,250967820,448942886,https://inaturalist-open-data.s3.amazonaws.com/photos/448942886/large.jpeg,cc-by-nc,"(c) Daniel Hetzel, some rights reserved (CC BY-NC)",thesafarihiker,2014-10-09,2014-10-09T12:38:00-05:00,"Cusco, PE",False,research,-13.0163799481,-72.5876988232
inat_250741797_448395648.jpg,250741797,448395648,https://inaturalist-open-data.s3.amazonaws.com/photos/448395648/large.jpg,cc-by-nc,"(c) Omar Miranda B., some rights reserved (CC BY-NC)",frogbo,2024-10-19,2024-10-19T13:11:00-04:00,"La Paz, BO",False,research,-16.5384717157,-67.5242000355
inat_250741797_448395665.jpg,250741797,448395665,https://inaturalist-open-data.s3.amazonaws.com/photos/448395665/large.jpg,cc-by-nc,"(c) Omar Miranda B., some rights reserved (CC BY-NC)",frogbo,2024-10-19,2024-10-19T13:11:00-04:00,"La Paz, BO",False,research,-16.5384717157,-67.5242000355
inat_250741778_448395317.jpg,250741778,448395317,https://inaturalist-open-data.s3.amazonaws.com/photos/448395317/large.jpg,cc-by-nc,"(c) Omar Miranda B., some rights reserved (CC BY-NC)",frogbo,2024-10-18,2024-10-18T17:42:00-04:00,"La Paz, BO",False,research,-16.4398239105,-67.4436475276
inat_250741778_448395315.jpg,250741778,448395315,https://inaturalist-open-data.s3.amazonaws.com/photos/448395315/large.jpg,cc-by-nc,"(c) Omar Miranda B., some rights reserved (CC BY-NC)",frogbo,2024-10-18,2024-10-18T17:42:00-04:00,"La Paz, BO",False,research,-16.4398239105,-67.4436475276
inat_250741777_448395297.jpg,250741777,448395297,https://inaturalist-open-data.s3.amazonaws.com/photos/448395297/large.jpg,cc-by-nc,"(c) Omar Miranda B., some rights reserved (CC BY-NC)",frogbo,2024-10-18,2024-10-18T17:25:00-04:00,"La Paz, BO",False,research,-16.598162581,-67.5674002455
inat_250741752_448394979.jpg,250741752,448394979,https://inaturalist-open-data.s3.amazonaws.com/photos/448394979/large.jpg,cc-by-nc,"(c) Omar Miranda B., some rights reserved (CC BY-NC)",frogbo,2024-10-18,2024-10-18T10:35:00-04:00,"La Paz, BO",False,research,-16.5988997052,-67.4862583694
inat_250741752_448394986.jpg,250741752,448394986,https://inaturalist-open-data.s3.amazonaws.com/photos/448394986/large.jpg,cc-by-nc,"(c) Omar Miranda B., some rights reserved (CC BY-NC)",frogbo,2024-10-18,2024-10-18T10:35:00-04:00,"La Paz, BO",False,research,-16.5988997052,-67.4862583694
inat_250741752_448395001.jpg,250741752,448395001,https://inaturalist-open-data.s3.amazonaws.com/photos/448395001/large.jpg,cc-by-nc,"(c) Omar Miranda B., some rights reserved (CC BY-NC)",frogbo,2024-10-18,2024-10-18T10:35:00-04:00,"La Paz, BO",False,research,-16.5988997052,-67.4862583694
inat_250741752_448395054.jpg,250741752,448395054,https://inaturalist-open-data.s3.amazonaws.com/photos/448395054/large.jpg,cc-by-nc,"(c) Omar Miranda B., some rights reserved (CC BY-NC)",frogbo,2024-10-18,2024-10-18T10:35:00-04:00,"La Paz, BO",False,research,-16.5988997052,-67.4862583694
inat_250741748_448394822.jpg,250741748,448394822,https://inaturalist-open-data.s3.amazonaws.com/photos/448394822/large.jpg,cc-by-nc,"(c) Omar Miranda B., some rights reserved (CC BY-NC)",frogbo,2024-10-18,2024-10-18T10:11:00-04:00,"La Paz, BO",False,research,-16.5116530665,-67.5708406165
inat_250622090_448266145.jpg,250622090,448266145,https://inaturalist-open-data.s3.amazonaws.com/photos/448266145/large.jpg,cc-by-nc,"(c) Arturo Ruiz Villanueva, some rights reserved (CC BY-NC)",airvillanueva,2024-09-14,2024-09-14T15:23:00-05:00,"Cusco, PE",False,research,-13.325914614,-72.4618786689
inat_249785296_446585749.jpg,249785296,446585749,https://inaturalist-open-data.s3.amazonaws.com/photos/446585749/large.jpeg,cc-by,"(c) JR Ferrer-Paris, some rights reserved (CC BY)",neomapas,2024-10-24,2024-10-24T12:51:00-05:00,"Cundinamarca, CO",False,research,4.409188024,-73.9756670821
inat_249785296_446585748.jpg,249785296,446585748,https://inaturalist-open-data.s3.amazonaws.com/photos/446585748/large.jpeg,cc-by,"(c) JR Ferrer-Paris, some rights reserved (CC BY)",neomapas,2024-10-24,2024-10-24T12:51:00-05:00,"Cundinamarca, CO",False,research,4.409188024,-73.9756670821
inat_249785296_446585757.jpg,249785296,446585757,https://inaturalist-open-data.s3.amazonaws.com/photos/446585757/large.jpeg,cc-by,"(c) JR Ferrer-Paris, some rights reserved (CC BY)",neomapas,2024-10-24,2024-10-24T12:51:00-05:00,"Cundinamarca, CO",False,research,4.409188024,-73.9756670821
inat_249785296_446585747.jpg,249785296,446585747,https://inaturalist-open-data.s3.amazonaws.com/photos/446585747/large.jpeg,cc-by,"(c) JR Ferrer-Paris, some rights reserved (CC BY)",neomapas,2024-10-24,2024-10-24T12:51:00-05:00,"Cundinamarca, CO",False,research,4.409188024,-73.9756670821
inat_249785296_446585759.jpg,249785296,446585759,https://inaturalist-open-data.s3.amazonaws.com/photos/446585759/large.jpeg,cc-by,"(c) JR Ferrer-Paris, some rights reserved (CC BY)",neomapas,2024-10-24,2024-10-24T12:51:00-05:00,"Cundinamarca, CO",False,research,4.409188024,-73.9756670821
inat_249785296_446585762.jpg,249785296,446585762,https://inaturalist-open-data.s3.amazonaws.com/photos/446585762/large.jpeg,cc-by,"(c) JR Ferrer-Paris, some rights reserved (CC BY)",neomapas,2024-10-24,2024-10-24T12:51:00-05:00,"Cundinamarca, CO",False,research,4.409188024,-73.9756670821
inat_249114207_445252794.jpg,249114207,445252794,https://inaturalist-open-data.s3.amazonaws.com/photos/445252794/large.jpeg,cc-by-nc,"(c) Thibaut Foch, some rights reserved (CC BY-NC)",tibofoch,2024-10-23,2024-10-23T17:00:00-05:00,,False,research,,
inat_248518633_444064470.jpg,248518633,444064470,https://inaturalist-open-data.s3.amazonaws.com/photos/444064470/large.jpeg,cc-by-nc,"(c) Luis Yupa, some rights reserved (CC BY-NC)",luisyupa,2024-10-21,2024-10-21T13:58:00-05:00,Ecuador,False,research,-0.2328412164,-78.2654687042
inat_248518633_444064511.jpg,248518633,444064511,https://inaturalist-open-data.s3.amazonaws.com/photos/444064511/large.jpeg,cc-by-nc,"(c) Luis Yupa, some rights reserved (CC BY-NC)",luisyupa,2024-10-21,2024-10-21T13:58:00-05:00,Ecuador,False,research,-0.2328412164,-78.2654687042
inat_247924795_442891531.jpg,247924795,442891531,https://inaturalist-open-data.s3.amazonaws.com/photos/442891531/large.jpeg,cc-by-nc,"(c) Boris Landázuri, some rights reserved (CC BY-NC)",borislandazuri,2024-10-10,2024-10-10T10:51:00-05:00,"Azuay, EC",False,research,-2.9981696791,-78.7377562251
inat_246821582_440705015.jpg,246821582,440705015,https://inaturalist-open-data.s3.amazonaws.com/photos/440705015/large.jpeg,cc-by-nc,"(c) Abhas Misraraj, some rights reserved (CC BY-NC)",abhasm,2024-10-10,2024-10-10T16:12:16-05:00,Ecuador,False,research,0.1982563518,-78.6761674633
inat_246821501_440704767.jpg,246821501,440704767,https://inaturalist-open-data.s3.amazonaws.com/photos/440704767/large.jpeg,cc-by-nc,"(c) Abhas Misraraj, some rights reserved (CC BY-NC)",abhasm,2024-10-10,2024-10-10T17:06:42-05:00,Ecuador,False,research,0.059706915,-78.6168765677
inat_246681174_440426943.jpg,246681174,440426943,https://inaturalist-open-data.s3.amazonaws.com/photos/440426943/large.jpeg,cc-by-nc,"(c) Tony Iwane, some rights reserved (CC BY-NC)",tiwane,2024-10-10,2024-10-10T12:06:00-05:00,Ecuador,False,research,0.1244470065,-78.702434603
inat_245850593_438783167.jpg,245850593,438783167,https://inaturalist-open-data.s3.amazonaws.com/photos/438783167/large.jpeg,cc-by-nc,"(c) Santiago Corredor, some rights reserved (CC BY-NC)",tapirus_,2024-09-29,2024-09-29T13:46:36-05:00,"Cundinamarca, CO",False,research,4.4274896308,-73.8331281299
inat_244985427_437087319.jpg,244985427,437087319,https://inaturalist-open-data.s3.amazonaws.com/photos/437087319/large.jpeg,cc-by-nc,"(c) alihalcon, some rights reserved (CC BY-NC)",alihalcon,2024-09-28,2024-09-28T16:48:00-05:00,"Pichincha, EC",False,research,-0.1341856337,-78.6388338722
inat_244985427_437087342.jpg,244985427,437087342,https://inaturalist-open-data.s3.amazonaws.com/photos/437087342/large.jpeg,cc-by-nc,"(c) alihalcon, some rights reserved (CC BY-NC)",alihalcon,2024-09-28,2024-09-28T16:48:00-05:00,"Pichincha, EC",False,research,-0.1341856337,-78.6388338722
inat_244985427_437087365.jpg,244985427,437087365,https://inaturalist-open-data.s3.amazonaws.com/photos/437087365/large.jpeg,cc-by-nc,"(c) alihalcon, some rights reserved (CC BY-NC)",alihalcon,2024-09-28,2024-09-28T16:48:00-05:00,"Pichincha, EC",False,research,-0.1341856337,-78.6388338722
inat_244962862_437036584.jpg,244962862,437036584,https://inaturalist-open-data.s3.amazonaws.com/photos/437036584/large.jpg,cc-by-nc,"(c) danielblanco521, some rights reserved (CC BY-NC)",danielblanco521,2008-12-11,2008-12-11T11:25:00-05:00,"Cusco, PE",False,research,-13.0364952193,-72.4876468245
inat_244962862_437036679.jpg,244962862,437036679,https://inaturalist-open-data.s3.amazonaws.com/photos/437036679/large.jpg,cc-by-nc,"(c) danielblanco521, some rights reserved (CC BY-NC)",danielblanco521,2008-12-11,2008-12-11T11:25:00-05:00,"Cusco, PE",False,research,-13.0364952193,-72.4876468245
inat_244962862_437036709.jpg,244962862,437036709,https://inaturalist-open-data.s3.amazonaws.com/photos/437036709/large.jpg,cc-by-nc,"(c) danielblanco521, some rights reserved (CC BY-NC)",danielblanco521,2008-12-11,2008-12-11T11:25:00-05:00,"Cusco, PE",False,research,-13.0364952193,-72.4876468245
inat_244962862_437036628.jpg,244962862,437036628,https://inaturalist-open-data.s3.amazonaws.com/photos/437036628/large.jpg,cc-by-nc,"(c) danielblanco521, some rights reserved (CC BY-NC)",danielblanco521,2008-12-11,2008-12-11T11:25:00-05:00,"Cusco, PE",False,research,-13.0364952193,-72.4876468245
inat_244105709_435390868.jpg,244105709,435390868,https://inaturalist-open-data.s3.amazonaws.com/photos/435390868/large.jpg,cc-by-nc,"(c) Grace Bryant, some rights reserved (CC BY-NC)",grcilis,2016-11-10,2016-11-10T09:38:00-05:00,"Lambayeque, PE",False,research,-6.4612643047,-79.4655485965
inat_244105709_435391126.jpg,244105709,435391126,https://inaturalist-open-data.s3.amazonaws.com/photos/435391126/large.jpg,cc-by-nc,"(c) Grace Bryant, some rights reserved (CC BY-NC)",grcilis,2016-11-10,2016-11-10T09:38:00-05:00,"Lambayeque, PE",False,research,-6.4612643047,-79.4655485965
inat_244105568_435390292.jpg,244105568,435390292,https://inaturalist-open-data.s3.amazonaws.com/photos/435390292/large.jpg,cc-by-nc,"(c) Grace Bryant, some rights reserved (CC BY-NC)",grcilis,2016-11-10,2016-11-10T09:19:00-05:00,"Lambayeque, PE",False,research,-6.504983095,-79.46311128
inat_244105568_435390759.jpg,244105568,435390759,https://inaturalist-open-data.s3.amazonaws.com/photos/435390759/large.jpg,cc-by-nc,"(c) Grace Bryant, some rights reserved (CC BY-NC)",grcilis,2016-11-10,2016-11-10T09:19:00-05:00,"Lambayeque, PE",False,research,-6.504983095,-79.46311128
inat_240838303_429114370.jpg,240838303,429114370,https://inaturalist-open-data.s3.amazonaws.com/photos/429114370/large.jpg,cc-by-nc,"(c) danielblanco521, some rights reserved (CC BY-NC)",danielblanco521,2015-11-19,2015-11-19T16:51:00-05:00,"Paucartambo, PE-CS, PE",False,research,-13.1980128769,-71.4337372909
inat_238343677_424315719.jpg,238343677,424315719,https://inaturalist-open-data.s3.amazonaws.com/photos/424315719/large.jpeg,cc-by-nc,"(c) Bird Explorers, some rights reserved (CC BY-NC)",birdexplorers,2024-08-12,2024-08-12T07:58:00-05:00,"Cundinamarca, CO",False,research,4.6758445886,-73.6154687304
inat_238343677_424394175.jpg,238343677,424394175,https://inaturalist-open-data.s3.amazonaws.com/photos/424394175/large.jpeg,cc-by-nc,"(c) Bird Explorers, some rights reserved (CC BY-NC)",birdexplorers,2024-08-12,2024-08-12T07:58:00-05:00,"Cundinamarca, CO",False,research,4.6758445886,-73.6154687304
inat_238343677_424394390.jpg,238343677,424394390,https://inaturalist-open-data.s3.amazonaws.com/photos/424394390/large.jpeg,cc-by-nc,"(c) Bird Explorers, some rights reserved (CC BY-NC)",birdexplorers,2024-08-12,2024-08-12T07:58:00-05:00,"Cundinamarca, CO",False,research,4.6758445886,-73.6154687304
inat_237737122_423139281.jpg,237737122,423139281,https://inaturalist-open-data.s3.amazonaws.com/photos/423139281/large.jpeg,cc-by-nc,"(c) diegos12, some rights reserved (CC BY-NC)",diegos12,2024-08-24,2024-08-24T10:54:36-05:00,Ecuador,False,research,-4.5559011958,-79.0391769119
inat_237737122_423139316.jpg,237737122,423139316,https://inaturalist-open-data.s3.amazonaws.com/photos/423139316/large.jpeg,cc-by-nc,"(c) diegos12, some rights reserved (CC BY-NC)",diegos12,2024-08-24,2024-08-24T10:54:36-05:00,Ecuador,False,research,-4.5559011958,-79.0391769119
inat_235474469_418785425.jpg,235474469,418785425,https://inaturalist-open-data.s3.amazonaws.com/photos/418785425/large.png,cc-by-nc,"(c) Sandra ten Zijthoff, some rights reserved (CC BY-NC)",tenzijth,2024-02-04,2024-02-04T23:28:00-05:00,"Pichincha, EC",False,research,-0.0586543251,-78.7349818177
inat_235464964_418766399.jpg,235464964,418766399,https://inaturalist-open-data.s3.amazonaws.com/photos/418766399/large.jpeg,cc-by-nc,"(c) Nelson Apolo, some rights reserved (CC BY-NC)",ecuadornaturetours,2024-07-31,2024-07-31T15:59:59-05:00,"Pichincha, EC",False,research,-0.271466607,-78.2898460449
inat_235464964_418766462.jpg,235464964,418766462,https://inaturalist-open-data.s3.amazonaws.com/photos/418766462/large.jpeg,cc-by-nc,"(c) Nelson Apolo, some rights reserved (CC BY-NC)",ecuadornaturetours,2024-07-31,2024-07-31T15:59:59-05:00,"Pichincha, EC",False,research,-0.271466607,-78.2898460449
inat_235464964_418766551.jpg,235464964,418766551,https://inaturalist-open-data.s3.amazonaws.com/photos/418766551/large.jpeg,cc-by-nc,"(c) Nelson Apolo, some rights reserved (CC BY-NC)",ecuadornaturetours,2024-07-31,2024-07-31T15:59:59-05:00,"Pichincha, EC",False,research,-0.271466607,-78.2898460449
inat_235345232_418532824.jpg,235345232,418532824,https://inaturalist-open-data.s3.amazonaws.com/photos/418532824/large.jpeg,cc-by-nc,"(c) Nelson Apolo, some rights reserved (CC BY-NC)",ecuadornaturetours,2024-07-31,2024-07-31T14:11:25-05:00,Ecuador,False,research,-0.3073413804,-78.2827319549
inat_235345232_418532869.jpg,235345232,418532869,https://inaturalist-open-data.s3.amazonaws.com/photos/418532869/large.jpeg,cc-by-nc,"(c) Nelson Apolo, some rights reserved (CC BY-NC)",ecuadornaturetours,2024-07-31,2024-07-31T14:11:25-05:00,Ecuador,False,research,-0.3073413804,-78.2827319549
inat_235345232_418532916.jpg,235345232,418532916,https://inaturalist-open-data.s3.amazonaws.com/photos/418532916/large.jpeg,cc-by-nc,"(c) Nelson Apolo, some rights reserved (CC BY-NC)",ecuadornaturetours,2024-07-31,2024-07-31T14:11:25-05:00,Ecuador,False,research,-0.3073413804,-78.2827319549
inat_235345232_418532974.jpg,235345232,418532974,https://inaturalist-open-data.s3.amazonaws.com/photos/418532974/large.jpeg,cc-by-nc,"(c) Nelson Apolo, some rights reserved (CC BY-NC)",ecuadornaturetours,2024-07-31,2024-07-31T14:11:25-05:00,Ecuador,False,research,-0.3073413804,-78.2827319549
inat_235344362_418531097.jpg,235344362,418531097,https://inaturalist-open-data.s3.amazonaws.com/photos/418531097/large.jpeg,cc-by-nc,"(c) Nelson Apolo, some rights reserved (CC BY-NC)",ecuadornaturetours,2024-07-31,2024-07-31T07:29:21-05:00,Ecuador,False,research,-0.496154203,-78.257007006
inat_235344362_418531797.jpg,235344362,418531797,https://inaturalist-open-data.s3.amazonaws.com/photos/418531797/large.jpeg,cc-by-nc,"(c) Nelson Apolo, some rights reserved (CC BY-NC)",ecuadornaturetours,2024-07-31,2024-07-31T07:29:21-05:00,Ecuador,False,research,-0.496154203,-78.257007006
inat_235332563_418509019.jpg,235332563,418509019,https://inaturalist-open-data.s3.amazonaws.com/photos/418509019/large.jpg,cc-by-nc,"(c) Daniel Branch, some rights reserved (CC BY-NC)",danielbranch94,2024-06-21,2024-06-21T18:47:00-05:00,"Cundinamarca, CO",False,research,4.9607679304,-73.6720662047
inat_235332563_418509011.jpg,235332563,418509011,https://inaturalist-open-data.s3.amazonaws.com/photos/418509011/large.jpg,cc-by-nc,"(c) Daniel Branch, some rights reserved (CC BY-NC)",danielbranch94,2024-06-21,2024-06-21T18:47:00-05:00,"Cundinamarca, CO",False,research,4.9607679304,-73.6720662047
inat_235332563_418509059.jpg,235332563,418509059,https://inaturalist-open-data.s3.amazonaws.com/photos/418509059/large.jpg,cc-by-nc,"(c) Daniel Branch, some rights reserved (CC BY-NC)",danielbranch94,2024-06-21,2024-06-21T18:47:00-05:00,"Cundinamarca, CO",False,research,4.9607679304,-73.6720662047
inat_233817249_415575053.jpg,233817249,415575053,https://inaturalist-open-data.s3.amazonaws.com/photos/415575053/large.jpeg,cc-by-nc,"(c) Juan Camilo Muñoz, some rights reserved (CC BY-NC)",juanc_munoz,2018-03-01,2018-03-01T10:15:00-05:00,"Cundinamarca, CO",False,research,4.5187081192,-73.6110044043
inat_233817249_415575091.jpg,233817249,415575091,https://inaturalist-open-data.s3.amazonaws.com/photos/415575091/large.jpeg,cc-by-nc,"(c) Juan Camilo Muñoz, some rights reserved (CC BY-NC)",juanc_munoz,2018-03-01,2018-03-01T10:15:00-05:00,"Cundinamarca, CO",False,research,4.5187081192,-73.6110044043
inat_229987413_408306771.jpg,229987413,408306771,https://inaturalist-open-data.s3.amazonaws.com/photos/408306771/large.jpg,cc-by-nc,"(c) brewmaster, some rights reserved (CC BY-NC)",brewmaster,2024-07-08,2024-07-08T08:19:00-05:00,"Cundinamarca, CO",False,research,4.7112162915,-73.9859649881
inat_229584992_407539493.jpg,229584992,407539493,https://inaturalist-open-data.s3.amazonaws.com/photos/407539493/large.jpeg,cc-by-nc,"(c) kck83, some rights reserved (CC BY-NC)",kck83,2021-06-25,,Ecuador,False,research,-0.4594799446,-78.3218688435
inat_229584992_407541356.jpg,229584992,407541356,https://inaturalist-open-data.s3.amazonaws.com/photos/407541356/large.jpeg,cc-by-nc,"(c) kck83, some rights reserved (CC BY-NC)",kck83,2021-06-25,,Ecuador,False,research,-0.4594799446,-78.3218688435
inat_228124855_404780754.jpg,228124855,404780754,https://inaturalist-open-data.s3.amazonaws.com/photos/404780754/large.jpg,cc-by-nc,"(c) Nelson Apolo, some rights reserved (CC BY-NC)",ecuadornaturetours,2024-07-04,2024-07-04T08:29:47-05:00,"Pichincha, EC",False,research,-0.3016165738,-78.3290852244
inat_227792181_404145000.jpg,227792181,404145000,https://inaturalist-open-data.s3.amazonaws.com/photos/404145000/large.jpeg,cc-by-nc,"(c) Ed Miller, some rights reserved (CC BY-NC)",bluevalhalla,2024-07-01,2024-07-01T12:13:13-05:00,Ecuador,False,research,-0.2224099817,-78.2008608038
inat_227792181_404145081.jpg,227792181,404145081,https://inaturalist-open-data.s3.amazonaws.com/photos/404145081/large.jpeg,cc-by-nc,"(c) Ed Miller, some rights reserved (CC BY-NC)",bluevalhalla,2024-07-01,2024-07-01T12:13:13-05:00,Ecuador,False,research,-0.2224099817,-78.2008608038
inat_227661482_403900591.jpg,227661482,403900591,https://inaturalist-open-data.s3.amazonaws.com/photos/403900591/large.jpg,cc-by-nc,"(c) David Torres, some rights reserved (CC BY-NC)",dawicho,2024-07-06,2024-07-06T13:23:00-05:00,Ecuador,False,research,-0.2366587553,-78.3629301912
inat_227661482_403900397.jpg,227661482,403900397,https://inaturalist-open-data.s3.amazonaws.com/photos/403900397/large.jpg,cc-by-nc,"(c) David Torres, some rights reserved (CC BY-NC)",dawicho,2024-07-06,2024-07-06T13:23:00-05:00,Ecuador,False,research,-0.2366587553,-78.3629301912
inat_227661482_403900511.jpg,227661482,403900511,https://inaturalist-open-data.s3.amazonaws.com/photos/403900511/large.jpg,cc-by-nc,"(c) David Torres, some rights reserved (CC BY-NC)",dawicho,2024-07-06,2024-07-06T13:23:00-05:00,Ecuador,False,research,-0.2366587553,-78.3629301912
inat_227661482_403900512.jpg,227661482,403900512,https://inaturalist-open-data.s3.amazonaws.com/photos/403900512/large.jpg,cc-by-nc,"(c) David Torres, some rights reserved (CC BY-NC)",dawicho,2024-07-06,2024-07-06T13:23:00-05:00,Ecuador,False,research,-0.2366587553,-78.3629301912
inat_227661482_403900562.jpg,227661482,403900562,https://inaturalist-open-data.s3.amazonaws.com/photos/403900562/large.jpg,cc-by-nc,"(c) David Torres, some rights reserved (CC BY-NC)",dawicho,2024-07-06,2024-07-06T13:23:00-05:00,Ecuador,False,research,-0.2366587553,-78.3629301912
inat_227661482_403900563.jpg,227661482,403900563,https://inaturalist-open-data.s3.amazonaws.com/photos/403900563/large.jpg,cc-by-nc,"(c) David Torres, some rights reserved (CC BY-NC)",dawicho,2024-07-06,2024-07-06T13:23:00-05:00,Ecuador,False,research,-0.2366587553,-78.3629301912
inat_227661482_403900589.jpg,227661482,403900589,https://inaturalist-open-data.s3.amazonaws.com/photos/403900589/large.jpg,cc-by-nc,"(c) David Torres, some rights reserved (CC BY-NC)",dawicho,2024-07-06,2024-07-06T13:23:00-05:00,Ecuador,False,research,-0.2366587553,-78.3629301912
inat_227661482_403900612.jpg,227661482,403900612,https://inaturalist-open-data.s3.amazonaws.com/photos/403900612/large.jpg,cc-by-nc,"(c) David Torres, some rights reserved (CC BY-NC)",dawicho,2024-07-06,2024-07-06T13:23:00-05:00,Ecuador,False,research,-0.2366587553,-78.3629301912
inat_227661482_403900616.jpg,227661482,403900616,https://inaturalist-open-data.s3.amazonaws.com/photos/403900616/large.jpg,cc-by-nc,"(c) David Torres, some rights reserved (CC BY-NC)",dawicho,2024-07-06,2024-07-06T13:23:00-05:00,Ecuador,False,research,-0.2366587553,-78.3629301912
inat_227661482_403900643.jpg,227661482,403900643,https://inaturalist-open-data.s3.amazonaws.com/photos/403900643/large.jpg,cc-by-nc,"(c) David Torres, some rights reserved (CC BY-NC)",dawicho,2024-07-06,2024-07-06T13:23:00-05:00,Ecuador,False,research,-0.2366587553,-78.3629301912
inat_227661482_403900661.jpg,227661482,403900661,https://inaturalist-open-data.s3.amazonaws.com/photos/403900661/large.jpg,cc-by-nc,"(c) David Torres, some rights reserved (CC BY-NC)",dawicho,2024-07-06,2024-07-06T13:23:00-05:00,Ecuador,False,research,-0.2366587553,-78.3629301912
inat_227661482_403900670.jpg,227661482,403900670,https://inaturalist-open-data.s3.amazonaws.com/photos/403900670/large.jpg,cc-by-nc,"(c) David Torres, some rights reserved (CC BY-NC)",dawicho,2024-07-06,2024-07-06T13:23:00-05:00,Ecuador,False,research,-0.2366587553,-78.3629301912
inat_227661482_403900677.jpg,227661482,403900677,https://inaturalist-open-data.s3.amazonaws.com/photos/403900677/large.jpg,cc-by-nc,"(c) David Torres, some rights reserved (CC BY-NC)",dawicho,2024-07-06,2024-07-06T13:23:00-05:00,Ecuador,False,research,-0.2366587553,-78.3629301912
inat_227661482_403900683.jpg,227661482,403900683,https://inaturalist-open-data.s3.amazonaws.com/photos/403900683/large.jpg,cc-by-nc,"(c) David Torres, some rights reserved (CC BY-NC)",dawicho,2024-07-06,2024-07-06T13:23:00-05:00,Ecuador,False,research,-0.2366587553,-78.3629301912
inat_227661482_403900694.jpg,227661482,403900694,https://inaturalist-open-data.s3.amazonaws.com/photos/403900694/large.jpg,cc-by-nc,"(c) David Torres, some rights reserved (CC BY-NC)",dawicho,2024-07-06,2024-07-06T13:23:00-05:00,Ecuador,False,research,-0.2366587553,-78.3629301912
inat_227661482_403900700.jpg,227661482,403900700,https://inaturalist-open-data.s3.amazonaws.com/photos/403900700/large.jpg,cc-by-nc,"(c) David Torres, some rights reserved (CC BY-NC)",dawicho,2024-07-06,2024-07-06T13:23:00-05:00,Ecuador,False,research,-0.2366587553,-78.3629301912
inat_227661482_403900711.jpg,227661482,403900711,https://inaturalist-open-data.s3.amazonaws.com/photos/403900711/large.jpg,cc-by-nc,"(c) David Torres, some rights reserved (CC BY-NC)",dawicho,2024-07-06,2024-07-06T13:23:00-05:00,Ecuador,False,research,-0.2366587553,-78.3629301912
inat_227661482_403900713.jpg,227661482,403900713,https://inaturalist-open-data.s3.amazonaws.com/photos/403900713/large.jpg,cc-by-nc,"(c) David Torres, some rights reserved (CC BY-NC)",dawicho,2024-07-06,2024-07-06T13:23:00-05:00,Ecuador,False,research,-0.2366587553,-78.3629301912
inat_227661482_403900722.jpg,227661482,403900722,https://inaturalist-open-data.s3.amazonaws.com/photos/403900722/large.jpg,cc-by-nc,"(c) David Torres, some rights reserved (CC BY-NC)",dawicho,2024-07-06,2024-07-06T13:23:00-05:00,Ecuador,False,research,-0.2366587553,-78.3629301912
inat_227661482_403900738.jpg,227661482,403900738,https://inaturalist-open-data.s3.amazonaws.com/photos/403900738/large.jpg,cc-by-nc,"(c) David Torres, some rights reserved (CC BY-NC)",dawicho,2024-07-06,2024-07-06T13:23:00-05:00,Ecuador,False,research,-0.2366587553,-78.3629301912
inat_227614574_404251753.jpg,227614574,404251753,https://inaturalist-open-data.s3.amazonaws.com/photos/404251753/large.jpeg,cc-by-nc,"(c) Diego Torres Sierra, some rights reserved (CC BY-NC)",diego_torres_sierra,2024-07-06,2024-07-06T13:05:00-05:00,Ecuador,False,research,-0.2614845006,-78.1532901716
inat_227170507_402966961.jpg,227170507,402966961,https://inaturalist-open-data.s3.amazonaws.com/photos/402966961/large.jpeg,cc-by,"(c) Brooke Smith, some rights reserved (CC BY)",bgsmith,2024-06-17,2024-06-17T08:05:00-05:00,Ecuador,False,research,0.383165585,-77.8395433441
inat_227170507_402966966.jpg,227170507,402966966,https://inaturalist-open-data.s3.amazonaws.com/photos/402966966/large.jpeg,cc-by,"(c) Brooke Smith, some rights reserved (CC BY)",bgsmith,2024-06-17,2024-06-17T08:05:00-05:00,Ecuador,False,research,0.383165585,-77.8395433441
inat_227170497_402966699.jpg,227170497,402966699,https://inaturalist-open-data.s3.amazonaws.com/photos/402966699/large.jpeg,cc-by,"(c) Brooke Smith, some rights reserved (CC BY)",bgsmith,2024-06-16,2024-06-16T15:42:00-05:00,Ecuador,False,research,0.3706531504,-77.8593545609
inat_227170497_402966695.jpg,227170497,402966695,https://inaturalist-open-data.s3.amazonaws.com/photos/402966695/large.jpeg,cc-by,"(c) Brooke Smith, some rights reserved (CC BY)",bgsmith,2024-06-16,2024-06-16T15:42:00-05:00,Ecuador,False,research,0.3706531504,-77.8593545609
inat_227153601_402937708.jpg,227153601,402937708,https://inaturalist-open-data.s3.amazonaws.com/photos/402937708/large.gif,cc-by-nc,"(c) Savimbo, some rights reserved (CC BY-NC)",savimbo,2024-06-21,2024-06-21T08:42:00-05:00,"Sucumbios, EC",False,research,0.2456048939,-77.2953709801
inat_225244788_399332533.jpg,225244788,399332533,https://inaturalist-open-data.s3.amazonaws.com/photos/399332533/large.jpg,cc-by-nc,"(c) Lindsay Willrick, some rights reserved (CC BY-NC)",ibrake4botany,2022-10-24,2022-10-24T14:21:02-05:00,Ecuador,False,research,-0.3525243788,-78.0790982344
inat_225244788_399332516.jpg,225244788,399332516,https://inaturalist-open-data.s3.amazonaws.com/photos/399332516/large.jpg,cc-by-nc,"(c) Lindsay Willrick, some rights reserved (CC BY-NC)",ibrake4botany,2022-10-24,2022-10-24T14:21:02-05:00,Ecuador,False,research,-0.3525243788,-78.0790982344
inat_225136894_399120893.jpg,225136894,399120893,https://inaturalist-open-data.s3.amazonaws.com/photos/399120893/large.jpg,cc-by-nc,"(c) Juan Carlos Figueroa, some rights reserved (CC BY-NC)",birdtrips_ecuador,2023-04-16,2023-04-16T10:38:05-05:00,Ecuador,False,research,0.2857556377,-77.8740166309
inat_224913815_398689040.jpg,224913815,398689040,https://inaturalist-open-data.s3.amazonaws.com/photos/398689040/large.jpeg,cc-by-nc,"(c) Diego Quiñónez-Sánchez, some rights reserved (CC BY-NC)",diegofqs87,2012-11-27,2012-11-27T12:08:00-05:00,,False,research,,
inat_224913815_398689035.jpg,224913815,398689035,https://inaturalist-open-data.s3.amazonaws.com/photos/398689035/large.jpeg,cc-by-nc,"(c) Diego Quiñónez-Sánchez, some rights reserved (CC BY-NC)",diegofqs87,2012-11-27,2012-11-27T12:08:00-05:00,,False,research,,
inat_224750911_398378148.jpg,224750911,398378148,https://inaturalist-open-data.s3.amazonaws.com/photos/398378148/large.jpg,cc-by-nc,"(c) osoandino, some rights reserved (CC BY-NC)",osoandino,2024-06-23,2024-06-23T15:25:00-05:00,Ecuador,False,research,-0.3516469282,-78.3950909605
inat_224750818_398377940.jpg,224750818,398377940,https://inaturalist-open-data.s3.amazonaws.com/photos/398377940/large.jpg,cc-by-nc,"(c) osoandino, some rights reserved (CC BY-NC)",osoandino,2024-06-23,2024-06-23T17:01:00-05:00,Ecuador,False,research,-0.3476956041,-78.2539160153
inat_224335919_397594433.jpg,224335919,397594433,https://inaturalist-open-data.s3.amazonaws.com/photos/397594433/large.jpeg,cc-by,"(c) Susan Murphy, some rights reserved (CC BY)",suemurphy,2024-02-01,2024-02-01T08:34:00-05:00,Ecuador,False,research,-0.5452372721,-78.3195091023
inat_222900651_394888153.jpg,222900651,394888153,https://inaturalist-open-data.s3.amazonaws.com/photos/394888153/large.jpg,cc-by-nc,"(c) Juan Carlos Figueroa, some rights reserved (CC BY-NC)",birdtrips_ecuador,2021-11-26,2021-11-26T12:56:45-05:00,"Pichincha, EC",False,research,-0.3714743164,-78.312296953
inat_222117969_393419250.jpg,222117969,393419250,https://inaturalist-open-data.s3.amazonaws.com/photos/393419250/large.jpg,cc-by-nc,"(c) Diego Quiñónez-Sánchez, some rights reserved (CC BY-NC)",diegofqs87,2022-01-23,2022-01-23T16:38:00-05:00,Ecuador,False,research,-4.1681835743,-78.7590047562
inat_222117969_393419145.jpg,222117969,393419145,https://inaturalist-open-data.s3.amazonaws.com/photos/393419145/large.jpg,cc-by-nc,"(c) Diego Quiñónez-Sánchez, some rights reserved (CC BY-NC)",diegofqs87,2022-01-23,2022-01-23T16:38:00-05:00,Ecuador,False,research,-4.1681835743,-78.7590047562
inat_221440172_392151884.jpg,221440172,392151884,https://inaturalist-open-data.s3.amazonaws.com/photos/392151884/large.jpg,cc-by-nc,"(c) RF, some rights reserved (CC BY-NC)",rook_fu,2024-06-08,2024-06-08T09:29:25-05:00,Ecuador,False,research,-0.4464527563,-78.3512813385
inat_219866404_389205473.jpg,219866404,389205473,https://inaturalist-open-data.s3.amazonaws.com/photos/389205473/large.jpeg,cc-by-nc,"(c) Justin Walker, some rights reserved (CC BY-NC)",birdpackingadventures,2024-06-01,2024-06-01T12:28:48-05:00,Ecuador,False,research,-0.5863862274,-78.2502282349
inat_217731423_385212806.jpg,217731423,385212806,https://inaturalist-open-data.s3.amazonaws.com/photos/385212806/large.jpg,cc-by-nc,"(c) bio-ec, some rights reserved (CC BY-NC)",bio-ec,2018-11-08,,Ecuador,False,research,0.1764930941,-78.5088814856
inat_217136302_384088043.jpg,217136302,384088043,https://inaturalist-open-data.s3.amazonaws.com/photos/384088043/large.jpg,cc-by-nc,"(c) Diego Quiñónez-Sánchez, some rights reserved (CC BY-NC)",diegofqs87,2015-08-26,2015-08-26T14:49:00-05:00,Ecuador,False,research,-4.0903703878,-79.0223301451
inat_214259825_378698589.jpg,214259825,378698589,https://inaturalist-open-data.s3.amazonaws.com/photos/378698589/large.jpg,cc-by-nc,"(c) Bruce Wedderburn, some rights reserved (CC BY-NC)",bwedderburn,2024-02-27,2024-02-27T03:26:00-05:00,"Pichincha, EC",False,research,-0.1008695565,-78.2525589566
inat_212924492_376275897.jpg,212924492,376275897,https://inaturalist-open-data.s3.amazonaws.com/photos/376275897/large.jpeg,cc-by-nc,"(c) Diego Quiñónez-Sánchez, some rights reserved (CC BY-NC)",diegofqs87,2021-08-13,2021-08-13T11:45:00-05:00,,False,research,,
inat_212924159_376275301.jpg,212924159,376275301,https://inaturalist-open-data.s3.amazonaws.com/photos/376275301/large.jpg,cc-by-nc,"(c) Diego Quiñónez-Sánchez, some rights reserved (CC BY-NC)",diegofqs87,2021-12-05,2021-12-05T11:43:00-05:00,,False,research,,
inat_212924159_376275303.jpg,212924159,376275303,https://inaturalist-open-data.s3.amazonaws.com/photos/376275303/large.jpg,cc-by-nc,"(c) Diego Quiñónez-Sánchez, some rights reserved (CC BY-NC)",diegofqs87,2021-12-05,2021-12-05T11:43:00-05:00,,False,research,,
inat_212924159_376275299.jpg,212924159,376275299,https://inaturalist-open-data.s3.amazonaws.com/photos/376275299/large.jpg,cc-by-nc,"(c) Diego Quiñónez-Sánchez, some rights reserved (CC BY-NC)",diegofqs87,2021-12-05,2021-12-05T11:43:00-05:00,,False,research,,
inat_209137859_370086414.jpg,209137859,370086414,https://inaturalist-open-data.s3.amazonaws.com/photos/370086414/large.gif,cc-by-nc,"(c) Savimbo, some rights reserved (CC BY-NC)",savimbo,2024-01-10,2024-01-10T10:39:00-05:00,"Putumayo, CO",False,research,0.8226436797,-76.9852494777
inat_209124147_370061828.jpg,209124147,370061828,https://inaturalist-open-data.s3.amazonaws.com/photos/370061828/large.jpeg,cc-by-nc,"(c) Luis Yupa, some rights reserved (CC BY-NC)",luisyupa,2024-04-24,2024-04-24T10:39:00-05:00,"Pichincha, EC",False,research,-0.2501647206,-78.210719902
inat_209124147_370061830.jpg,209124147,370061830,https://inaturalist-open-data.s3.amazonaws.com/photos/370061830/large.jpeg,cc-by-nc,"(c) Luis Yupa, some rights reserved (CC BY-NC)",luisyupa,2024-04-24,2024-04-24T10:39:00-05:00,"Pichincha, EC",False,research,-0.2501647206,-78.210719902
inat_209124147_370061834.jpg,209124147,370061834,https://inaturalist-open-data.s3.amazonaws.com/photos/370061834/large.jpeg,cc-by-nc,"(c) Luis Yupa, some rights reserved (CC BY-NC)",luisyupa,2024-04-24,2024-04-24T10:39:00-05:00,"Pichincha, EC",False,research,-0.2501647206,-78.210719902
inat_207852911_367698207.jpg,207852911,367698207,https://inaturalist-open-data.s3.amazonaws.com/photos/367698207/large.jpg,cc-by-nc,"(c) Juan Carlos Figueroa, some rights reserved (CC BY-NC)",birdtrips_ecuador,2024-01-22,2024-01-22T10:18:33-05:00,Ecuador,False,research,-0.5862202266,-78.281527998
inat_207852911_367698225.jpg,207852911,367698225,https://inaturalist-open-data.s3.amazonaws.com/photos/367698225/large.jpg,cc-by-nc,"(c) Juan Carlos Figueroa, some rights reserved (CC BY-NC)",birdtrips_ecuador,2024-01-22,2024-01-22T10:18:33-05:00,Ecuador,False,research,-0.5862202266,-78.281527998
inat_207852911_367698244.jpg,207852911,367698244,https://inaturalist-open-data.s3.amazonaws.com/photos/367698244/large.jpg,cc-by-nc,"(c) Juan Carlos Figueroa, some rights reserved (CC BY-NC)",birdtrips_ecuador,2024-01-22,2024-01-22T10:18:33-05:00,Ecuador,False,research,-0.5862202266,-78.281527998
inat_206517028_365259283.jpg,206517028,365259283,https://inaturalist-open-data.s3.amazonaws.com/photos/365259283/large.jpg,cc-by-nc,"(c) Juan Carlos Figueroa, some rights reserved (CC BY-NC)",birdtrips_ecuador,2024-02-16,2024-02-16T12:08:43-05:00,Ecuador,False,research,0.2639384759,-77.9970074457
inat_206517028_365259213.jpg,206517028,365259213,https://inaturalist-open-data.s3.amazonaws.com/photos/365259213/large.jpg,cc-by-nc,"(c) Juan Carlos Figueroa, some rights reserved (CC BY-NC)",birdtrips_ecuador,2024-02-16,2024-02-16T12:08:43-05:00,Ecuador,False,research,0.2639384759,-77.9970074457
inat_206517028_365259239.jpg,206517028,365259239,https://inaturalist-open-data.s3.amazonaws.com/photos/365259239/large.jpg,cc-by-nc,"(c) Juan Carlos Figueroa, some rights reserved (CC BY-NC)",birdtrips_ecuador,2024-02-16,2024-02-16T12:08:43-05:00,Ecuador,False,research,0.2639384759,-77.9970074457
inat_206517028_365259261.jpg,206517028,365259261,https://inaturalist-open-data.s3.amazonaws.com/photos/365259261/large.jpg,cc-by-nc,"(c) Juan Carlos Figueroa, some rights reserved (CC BY-NC)",birdtrips_ecuador,2024-02-16,2024-02-16T12:08:43-05:00,Ecuador,False,research,0.2639384759,-77.9970074457
inat_206147476_364568429.jpg,206147476,364568429,https://inaturalist-open-data.s3.amazonaws.com/photos/364568429/large.jpeg,cc-by-nc,"(c) Aurélie Jambon, some rights reserved (CC BY-NC)",aujam,2023-07-03,2023-07-03T15:40:00-05:00,Ecuador,False,research,-0.5771056809,-78.2318675606
inat_204503138_361482888.jpg,204503138,361482888,https://inaturalist-open-data.s3.amazonaws.com/photos/361482888/large.jpg,cc-by-nc,"(c) Sandra K Vorpahl, some rights reserved (CC BY-NC)",skvorpahl,2021-10-17,2021-10-17T16:20:00-05:00,"Cusco, PE",False,research,-13.0723505196,-72.544192477
inat_204503138_361482889.jpg,204503138,361482889,https://inaturalist-open-data.s3.amazonaws.com/photos/361482889/large.jpg,cc-by-nc,"(c) Sandra K Vorpahl, some rights reserved (CC BY-NC)",skvorpahl,2021-10-17,2021-10-17T16:20:00-05:00,"Cusco, PE",False,research,-13.0723505196,-72.544192477
inat_204503138_361482881.jpg,204503138,361482881,https://inaturalist-open-data.s3.amazonaws.com/photos/361482881/large.jpg,cc-by-nc,"(c) Sandra K Vorpahl, some rights reserved (CC BY-NC)",skvorpahl,2021-10-17,2021-10-17T16:20:00-05:00,"Cusco, PE",False,research,-13.0723505196,-72.544192477
inat_204503138_361482873.jpg,204503138,361482873,https://inaturalist-open-data.s3.amazonaws.com/photos/361482873/large.jpg,cc-by-nc,"(c) Sandra K Vorpahl, some rights reserved (CC BY-NC)",skvorpahl,2021-10-17,2021-10-17T16:20:00-05:00,"Cusco, PE",False,research,-13.0723505196,-72.544192477
inat_204503138_361482862.jpg,204503138,361482862,https://inaturalist-open-data.s3.amazonaws.com/photos/361482862/large.jpg,cc-by-nc,"(c) Sandra K Vorpahl, some rights reserved (CC BY-NC)",skvorpahl,2021-10-17,2021-10-17T16:20:00-05:00,"Cusco, PE",False,research,-13.0723505196,-72.544192477
inat_204503138_361482859.jpg,204503138,361482859,https://inaturalist-open-data.s3.amazonaws.com/photos/361482859/large.jpg,cc-by-nc,"(c) Sandra K Vorpahl, some rights reserved (CC BY-NC)",skvorpahl,2021-10-17,2021-10-17T16:20:00-05:00,"Cusco, PE",False,research,-13.0723505196,-72.544192477
inat_204503138_361482848.jpg,204503138,361482848,https://inaturalist-open-data.s3.amazonaws.com/photos/361482848/large.jpg,cc-by-nc,"(c) Sandra K Vorpahl, some rights reserved (CC BY-NC)",skvorpahl,2021-10-17,2021-10-17T16:20:00-05:00,"Cusco, PE",False,research,-13.0723505196,-72.544192477
inat_204503138_361482910.jpg,204503138,361482910,https://inaturalist-open-data.s3.amazonaws.com/photos/361482910/large.jpg,cc-by-nc,"(c) Sandra K Vorpahl, some rights reserved (CC BY-NC)",skvorpahl,2021-10-17,2021-10-17T16:20:00-05:00,"Cusco, PE",False,research,-13.0723505196,-72.544192477
inat_202957609_358520878.jpg,202957609,358520878,https://inaturalist-open-data.s3.amazonaws.com/photos/358520878/large.jpg,cc-by-nc,"(c) Nelson Apolo, some rights reserved (CC BY-NC)",ecuadornaturetours,2024-02-23,2024-02-23T14:38:12-05:00,"Pichincha, EC",False,research,-0.3999126361,-78.2711664321
inat_202554131_357751054.jpg,202554131,357751054,https://inaturalist-open-data.s3.amazonaws.com/photos/357751054/large.jpeg,cc-by-nc,"(c) craigjhowe, some rights reserved (CC BY-NC)",craigjhowe,2024-02-17,2024-02-17T09:56:00-05:00,Ecuador,False,research,-0.5765407458,-78.2430567012
inat_202554131_357751075.jpg,202554131,357751075,https://inaturalist-open-data.s3.amazonaws.com/photos/357751075/large.jpeg,cc-by-nc,"(c) craigjhowe, some rights reserved (CC BY-NC)",craigjhowe,2024-02-17,2024-02-17T09:56:00-05:00,Ecuador,False,research,-0.5765407458,-78.2430567012
inat_202554131_357751069.jpg,202554131,357751069,https://inaturalist-open-data.s3.amazonaws.com/photos/357751069/large.jpeg,cc-by-nc,"(c) craigjhowe, some rights reserved (CC BY-NC)",craigjhowe,2024-02-17,2024-02-17T09:56:00-05:00,Ecuador,False,research,-0.5765407458,-78.2430567012
inat_202554131_357751191.jpg,202554131,357751191,https://inaturalist-open-data.s3.amazonaws.com/photos/357751191/large.jpeg,cc-by-nc,"(c) craigjhowe, some rights reserved (CC BY-NC)",craigjhowe,2024-02-17,2024-02-17T09:56:00-05:00,Ecuador,False,research,-0.5765407458,-78.2430567012
inat_202554131_357751175.jpg,202554131,357751175,https://inaturalist-open-data.s3.amazonaws.com/photos/357751175/large.jpeg,cc-by-nc,"(c) craigjhowe, some rights reserved (CC BY-NC)",craigjhowe,2024-02-17,2024-02-17T09:56:00-05:00,Ecuador,False,research,-0.5765407458,-78.2430567012
inat_202554131_357751179.jpg,202554131,357751179,https://inaturalist-open-data.s3.amazonaws.com/photos/357751179/large.jpeg,cc-by-nc,"(c) craigjhowe, some rights reserved (CC BY-NC)",craigjhowe,2024-02-17,2024-02-17T09:56:00-05:00,Ecuador,False,research,-0.5765407458,-78.2430567012
inat_202170207_357009170.jpg,202170207,357009170,https://inaturalist-open-data.s3.amazonaws.com/photos/357009170/large.gif,cc-by-nc,"(c) Savimbo, some rights reserved (CC BY-NC)",savimbo,2024-02-17,2024-02-17T17:38:00-05:00,"Putumayo, CO",False,research,0.976235642,-76.9266218663
inat_202170016_357008799.jpg,202170016,357008799,https://inaturalist-open-data.s3.amazonaws.com/photos/357008799/large.gif,cc-by-nc,"(c) Savimbo, some rights reserved (CC BY-NC)",savimbo,2024-02-08,2024-02-08T10:37:00-05:00,"Putumayo, CO",False,research,0.9082764075,-76.9523944188
inat_202169795_357008330.jpg,202169795,357008330,https://inaturalist-open-data.s3.amazonaws.com/photos/357008330/large.gif,cc-by-nc,"(c) Savimbo, some rights reserved (CC BY-NC)",savimbo,2024-02-06,2024-02-06T14:57:00-05:00,"Putumayo, CO",False,research,0.9302062353,-76.9850778944
inat_202169436_357007614.jpg,202169436,357007614,https://inaturalist-open-data.s3.amazonaws.com/photos/357007614/large.gif,cc-by-nc,"(c) Savimbo, some rights reserved (CC BY-NC)",savimbo,2024-02-27,2024-02-27T14:18:00-05:00,"Putumayo, CO",False,research,0.8769972123,-76.8831371358
inat_202169168_357006903.jpg,202169168,357006903,https://inaturalist-open-data.s3.amazonaws.com/photos/357006903/large.gif,cc-by-nc,"(c) Savimbo, some rights reserved (CC BY-NC)",savimbo,2024-01-26,2024-01-26T11:53:00-05:00,"Putumayo, CO",False,research,0.9484367985,-76.8187248766
inat_202007115_356690340.jpg,202007115,356690340,https://inaturalist-open-data.s3.amazonaws.com/photos/356690340/large.jpeg,cc-by-nc,"(c) Andrew Newmark, some rights reserved (CC BY-NC)",anewmark,2024-03-10,2024-03-10T05:23:42-05:00,Ecuador,False,research,-0.5010754813,-78.2987666471
inat_201164936_355055168.jpg,201164936,355055168,https://inaturalist-open-data.s3.amazonaws.com/photos/355055168/large.jpeg,cc-by,"(c) Cajá-manga, some rights reserved (CC BY)",caja-manga,2023-11-12,2023-11-12T09:57:00-05:00,"Cundinamarca, CO",False,research,4.7362165644,-73.866920759
inat_201164936_355055203.jpg,201164936,355055203,https://inaturalist-open-data.s3.amazonaws.com/photos/355055203/large.jpeg,cc-by,"(c) Cajá-manga, some rights reserved (CC BY)",caja-manga,2023-11-12,2023-11-12T09:57:00-05:00,"Cundinamarca, CO",False,research,4.7362165644,-73.866920759
inat_200467208_353685101.jpg,200467208,353685101,https://inaturalist-open-data.s3.amazonaws.com/photos/353685101/large.jpg,cc-by-nc,"(c) Rich Kostecke, some rights reserved (CC BY-NC)",rkostecke,2024-02-09,2024-02-09T17:13:00-05:00,"Cundinamarca, CO",False,research,4.6314018717,-73.6471663507
inat_200322984_353408850.jpg,200322984,353408850,https://inaturalist-open-data.s3.amazonaws.com/photos/353408850/large.jpeg,cc-by-nc,"(c) hernandoriosmaza, some rights reserved (CC BY-NC)",hernandoriosmaza,2022-01-15,,"Cundinamarca, CO",False,research,4.7715205856,-73.9906766213
inat_199917176_353534243.jpg,199917176,353534243,https://inaturalist-open-data.s3.amazonaws.com/photos/353534243/large.jpeg,cc-by-nc,"(c) leocarroll, some rights reserved (CC BY-NC)",leocarroll,2024-02-20,2024-02-20T13:41:41-05:00,"Meta, CO",False,research,4.0065527361,-73.6237916224
inat_199573459_351971525.jpg,199573459,351971525,https://inaturalist-open-data.s3.amazonaws.com/photos/351971525/large.jpg,cc-by-nc,"(c) guylafond, some rights reserved (CC BY-NC)",guylafond,2023-11-14,2023-11-14T15:56:00-05:00,Ecuador,False,research,-0.5109242174,-78.3415549383
inat_199573459_351971596.jpg,199573459,351971596,https://inaturalist-open-data.s3.amazonaws.com/photos/351971596/large.jpg,cc-by-nc,"(c) guylafond, some rights reserved (CC BY-NC)",guylafond,2023-11-14,2023-11-14T15:56:00-05:00,Ecuador,False,research,-0.5109242174,-78.3415549383
inat_199573459_351971600.jpg,199573459,351971600,https://inaturalist-open-data.s3.amazonaws.com/photos/351971600/large.jpg,cc-by-nc,"(c) guylafond, some rights reserved (CC BY-NC)",guylafond,2023-11-14,2023-11-14T15:56:00-05:00,Ecuador,False,research,-0.5109242174,-78.3415549383
inat_199368552_351584124.jpg,199368552,351584124,https://inaturalist-open-data.s3.amazonaws.com/photos/351584124/large.jpeg,cc-by-nc,"(c) Ben Jesup, some rights reserved (CC BY-NC)",benjesup,2024-02-01,2024-02-01T18:26:00-05:00,Ecuador,False,research,0.3010566502,-77.9928873331
inat_199368482_351583542.jpg,199368482,351583542,https://inaturalist-open-data.s3.amazonaws.com/photos/351583542/large.jpeg,cc-by-nc,"(c) Ben Jesup, some rights reserved (CC BY-NC)",benjesup,2024-02-01,2024-02-01T18:01:00-05:00,Ecuador,False,research,0.2877217486,-77.981004327
inat_198695778_350264124.jpg,198695778,350264124,https://inaturalist-open-data.s3.amazonaws.com/photos/350264124/large.jpeg,cc-by-nc,"(c) Santi MD, some rights reserved (CC BY-NC)",smejiadu,2024-01-28,2024-01-28T09:04:00-05:00,"Cundinamarca, CO",False,research,4.9640202199,-73.6525862132
inat_198577276_350030978.jpg,198577276,350030978,https://inaturalist-open-data.s3.amazonaws.com/photos/350030978/large.jpeg,cc-by-nc,"(c) Paul Taillie, some rights reserved (CC BY-NC)",paultaillie,2023-12-11,2023-12-11T10:53:00-05:00,Ecuador,False,research,-0.38057245,-78.0375383777
inat_197839918_348550682.jpg,197839918,348550682,https://inaturalist-open-data.s3.amazonaws.com/photos/348550682/large.jpg,cc-by,"(c) Rob Foster, some rights reserved (CC BY)",rob21,2024-01-28,2024-01-28T15:56:29-05:00,"Pichincha, EC",False,research,-0.286277918,-78.2072411216
inat_197839918_348550665.jpg,197839918,348550665,https://inaturalist-open-data.s3.amazonaws.com/photos/348550665/large.jpg,cc-by,"(c) Rob Foster, some rights reserved (CC BY)",rob21,2024-01-28,2024-01-28T15:56:29-05:00,"Pichincha, EC",False,research,-0.286277918,-78.2072411216
inat_197839918_351831058.jpg,197839918,351831058,https://inaturalist-open-data.s3.amazonaws.com/photos/351831058/large.jpeg,cc-by,"(c) Rob Foster, some rights reserved (CC BY)",rob21,2024-01-28,2024-01-28T15:56:29-05:00,"Pichincha, EC",False,research,-0.286277918,-78.2072411216
inat_197839918_351831068.jpg,197839918,351831068,https://inaturalist-open-data.s3.amazonaws.com/photos/351831068/large.jpeg,cc-by,"(c) Rob Foster, some rights reserved (CC BY)",rob21,2024-01-28,2024-01-28T15:56:29-05:00,"Pichincha, EC",False,research,-0.286277918,-78.2072411216
inat_197499498_347866473.jpg,197499498,347866473,https://inaturalist-open-data.s3.amazonaws.com/photos/347866473/large.jpg,cc-by-nc,"(c) thecaiman1, some rights reserved (CC BY-NC)",thecaiman1,2024-01-22,2024-01-22T08:18:58-05:00,Ecuador,False,research,-0.4621351437,-78.2497869723
inat_197499498_347866482.jpg,197499498,347866482,https://inaturalist-open-data.s3.amazonaws.com/photos/347866482/large.jpg,cc-by-nc,"(c) thecaiman1, some rights reserved (CC BY-NC)",thecaiman1,2024-01-22,2024-01-22T08:18:58-05:00,Ecuador,False,research,-0.4621351437,-78.2497869723
inat_197402920_347671298.jpg,197402920,347671298,https://inaturalist-open-data.s3.amazonaws.com/photos/347671298/large.gif,cc-by-nc,"(c) Savimbo, some rights reserved (CC BY-NC)",savimbo,2023-12-09,2023-12-09T07:54:00-05:00,"Putumayo, CO",False,research,0.8845915142,-76.9801016922
inat_197402719_347670771.jpg,197402719,347670771,https://inaturalist-open-data.s3.amazonaws.com/photos/347670771/large.gif,cc-by-nc,"(c) Savimbo, some rights reserved (CC BY-NC)",savimbo,2023-12-07,2023-12-07T13:48:00-05:00,"Putumayo, CO",False,research,0.9832993136,-76.8335518546
inat_197231536_347322704.jpg,197231536,347322704,https://inaturalist-open-data.s3.amazonaws.com/photos/347322704/large.jpeg,cc-by-nc,"(c) Mark Nofsinger, some rights reserved (CC BY-NC)",driftlessroots,2023-12-27,2023-12-27T09:19:00-05:00,Ecuador,False,research,-0.5769350663,-78.3111377326
inat_197231536_347322731.jpg,197231536,347322731,https://inaturalist-open-data.s3.amazonaws.com/photos/347322731/large.jpeg,cc-by-nc,"(c) Mark Nofsinger, some rights reserved (CC BY-NC)",driftlessroots,2023-12-27,2023-12-27T09:19:00-05:00,Ecuador,False,research,-0.5769350663,-78.3111377326
inat_197223589_347309107.jpg,197223589,347309107,https://inaturalist-open-data.s3.amazonaws.com/photos/347309107/large.jpg,cc-by-nc,"(c) molly_mcw, some rights reserved (CC BY-NC)",molly_mcw,2024-01-08,2024-01-08T08:03:54-05:00,"Pichincha, EC",False,research,-0.3134347547,-78.3689356554
inat_197071131_347003626.jpg,197071131,347003626,https://inaturalist-open-data.s3.amazonaws.com/photos/347003626/large.gif,cc-by-nc,"(c) Savimbo, some rights reserved (CC BY-NC)",savimbo,2012-11-04,2012-11-04T10:25:00-05:00,"Putumayo, CO",False,research,0.9430840863,-76.8312904231
inat_197070875_347002485.jpg,197070875,347002485,https://inaturalist-open-data.s3.amazonaws.com/photos/347002485/large.gif,cc-by-nc,"(c) Savimbo, some rights reserved (CC BY-NC)",savimbo,2014-01-05,2014-01-05T19:06:00-05:00,"Putumayo, CO",False,research,0.9118073026,-76.8811788418
inat_197070185_347000902.jpg,197070185,347000902,https://inaturalist-open-data.s3.amazonaws.com/photos/347000902/large.gif,cc-by-nc,"(c) Savimbo, some rights reserved (CC BY-NC)",savimbo,2014-04-22,2014-04-22T05:24:00-05:00,"Putumayo, CO",False,research,0.8312265547,-76.9917214735
inat_196918298_346691190.jpg,196918298,346691190,https://inaturalist-open-data.s3.amazonaws.com/photos/346691190/large.gif,cc-by-nc,"(c) Savimbo, some rights reserved (CC BY-NC)",savimbo,2014-12-09,2014-12-09T14:01:00-05:00,"Putumayo, CO",False,research,0.8523770656,-76.9182392002
inat_196917960_346688999.jpg,196917960,346688999,https://inaturalist-open-data.s3.amazonaws.com/photos/346688999/large.gif,cc-by-nc,"(c) Savimbo, some rights reserved (CC BY-NC)",savimbo,2014-07-13,2014-07-13T10:24:00-05:00,"Putumayo, CO",False,research,0.8064497664,-76.9699271258
inat_196860866_346574052.jpg,196860866,346574052,https://inaturalist-open-data.s3.amazonaws.com/photos/346574052/large.gif,cc-by-nc,"(c) Savimbo, some rights reserved (CC BY-NC)",savimbo,2014-07-06,2014-07-06T10:50:00-05:00,"Putumayo, CO",False,research,0.9640185285,-76.9453335362
inat_196859657_346571726.jpg,196859657,346571726,https://inaturalist-open-data.s3.amazonaws.com/photos/346571726/large.gif,cc-by-nc,"(c) Savimbo, some rights reserved (CC BY-NC)",savimbo,2014-07-04,2014-07-04T14:34:00-05:00,"Putumayo, CO",False,research,0.9328485085,-76.9524371815
inat_196124797_345208668.jpg,196124797,345208668,https://inaturalist-open-data.s3.amazonaws.com/photos/345208668/large.jpg,cc-by-nc,"(c) julietberton, some rights reserved (CC BY-NC)",julietberton,2024-01-08,2024-01-08T08:03:56-05:00,"Pichincha, EC",False,research,-0.2008300507,-78.3871282921
inat_196124797_345208705.jpg,196124797,345208705,https://inaturalist-open-data.s3.amazonaws.com/photos/345208705/large.jpg,cc-by-nc,"(c) julietberton, some rights reserved (CC BY-NC)",julietberton,2024-01-08,2024-01-08T08:03:56-05:00,"Pichincha, EC",False,research,-0.2008300507,-78.3871282921
inat_196124797_345208746.jpg,196124797,345208746,https://inaturalist-open-data.s3.amazonaws.com/photos/345208746/large.jpg,cc-by-nc,"(c) julietberton, some rights reserved (CC BY-NC)",julietberton,2024-01-08,2024-01-08T08:03:56-05:00,"Pichincha, EC",False,research,-0.2008300507,-78.3871282921
inat_195817525_344593087.jpg,195817525,344593087,https://inaturalist-open-data.s3.amazonaws.com/photos/344593087/large.jpg,cc-by,"(c) Subhadra Devi, some rights reserved (CC BY)",subhadrad,2022-12-21,2022-12-21T10:28:00-05:00,Ecuador,False,research,-0.4764148246,-78.3535766089
inat_195817525_344593084.jpg,195817525,344593084,https://inaturalist-open-data.s3.amazonaws.com/photos/344593084/large.jpg,cc-by,"(c) Subhadra Devi, some rights reserved (CC BY)",subhadrad,2022-12-21,2022-12-21T10:28:00-05:00,Ecuador,False,research,-0.4764148246,-78.3535766089
inat_195579802_344114384.jpg,195579802,344114384,https://inaturalist-open-data.s3.amazonaws.com/photos/344114384/large.jpeg,cc-by-nc,"(c) Andres Perdomo Sarmiento, some rights reserved (CC BY-NC)",andresps,2023-08-13,2023-08-13T12:57:07-05:00,"Cundinamarca, CO",False,research,4.7202171674,-73.8566529258
inat_195579802_344114399.jpg,195579802,344114399,https://inaturalist-open-data.s3.amazonaws.com/photos/344114399/large.jpeg,cc-by-nc,"(c) Andres Perdomo Sarmiento, some rights reserved (CC BY-NC)",andresps,2023-08-13,2023-08-13T12:57:07-05:00,"Cundinamarca, CO",False,research,4.7202171674,-73.8566529258
inat_195579802_344114414.jpg,195579802,344114414,https://inaturalist-open-data.s3.amazonaws.com/photos/344114414/large.jpeg,cc-by-nc,"(c) Andres Perdomo Sarmiento, some rights reserved (CC BY-NC)",andresps,2023-08-13,2023-08-13T12:57:07-05:00,"Cundinamarca, CO",False,research,4.7202171674,-73.8566529258
inat_195579802_344114436.jpg,195579802,344114436,https://inaturalist-open-data.s3.amazonaws.com/photos/344114436/large.jpeg,cc-by-nc,"(c) Andres Perdomo Sarmiento, some rights reserved (CC BY-NC)",andresps,2023-08-13,2023-08-13T12:57:07-05:00,"Cundinamarca, CO",False,research,4.7202171674,-73.8566529258
inat_195559045_344072676.jpg,195559045,344072676,https://inaturalist-open-data.s3.amazonaws.com/photos/344072676/large.jpeg,cc-by,"(c) Tommy Andriollo, some rights reserved (CC BY)",tommy_andriollo,2023-10-30,2023-10-30T11:18:00-05:00,"Pichincha, EC",False,research,-0.3256781774,-78.3191699674
inat_195559045_344074298.jpg,195559045,344074298,https://inaturalist-open-data.s3.amazonaws.com/photos/344074298/large.jpeg,cc-by,"(c) Tommy Andriollo, some rights reserved (CC BY)",tommy_andriollo,2023-10-30,2023-10-30T11:18:00-05:00,"Pichincha, EC",False,research,-0.3256781774,-78.3191699674
inat_195017238_342967437.jpg,195017238,342967437,https://inaturalist-open-data.s3.amazonaws.com/photos/342967437/large.jpg,cc-by-nc,"(c) ishpingo, some rights reserved (CC BY-NC)",ishpingo,2023-11-30,2023-11-30T11:29:10-05:00,Ecuador,False,research,-1.1800989489,-77.9036972922
inat_195012477_342957659.jpg,195012477,342957659,https://inaturalist-open-data.s3.amazonaws.com/photos/342957659/large.jpg,cc-by-nc,"(c) ishpingo, some rights reserved (CC BY-NC)",ishpingo,2023-07-28,2023-07-28T14:24:34-05:00,Ecuador,False,research,-1.117016745,-78.0978213167
inat_195010630_342953781.jpg,195010630,342953781,https://inaturalist-open-data.s3.amazonaws.com/photos/342953781/large.jpg,cc-by-nc,"(c) ishpingo, some rights reserved (CC BY-NC)",ishpingo,2023-05-06,2023-05-06T11:07:55-05:00,Ecuador,False,research,-1.1163155673,-77.8624542792
inat_194934340_342795704.jpg,194934340,342795704,https://inaturalist-open-data.s3.amazonaws.com/photos/342795704/large.jpg,cc-by,"(c) Frank Dietze, some rights reserved (CC BY)",frankdietze,2023-11-03,2023-11-03T08:27:00-05:00,Ecuador,False,research,0.0991501626,-78.6476638443
inat_194934340_342795855.jpg,194934340,342795855,https://inaturalist-open-data.s3.amazonaws.com/photos/342795855/large.jpg,cc-by,"(c) Frank Dietze, some rights reserved (CC BY)",frankdietze,2023-11-03,2023-11-03T08:27:00-05:00,Ecuador,False,research,0.0991501626,-78.6476638443
inat_194934340_342795782.jpg,194934340,342795782,https://inaturalist-open-data.s3.amazonaws.com/photos/342795782/large.jpg,cc-by,"(c) Frank Dietze, some rights reserved (CC BY)",frankdietze,2023-11-03,2023-11-03T08:27:00-05:00,Ecuador,False,research,0.0991501626,-78.6476638443
inat_194934340_342795811.jpg,194934340,342795811,https://inaturalist-open-data.s3.amazonaws.com/photos/342795811/large.jpg,cc-by,"(c) Frank Dietze, some rights reserved (CC BY)",frankdietze,2023-11-03,2023-11-03T08:27:00-05:00,Ecuador,False,research,0.0991501626,-78.6476638443
inat_194934340_342795938.jpg,194934340,342795938,https://inaturalist-open-data.s3.amazonaws.com/photos/342795938/large.jpg,cc-by,"(c) Frank Dietze, some rights reserved (CC BY)",frankdietze,2023-11-03,2023-11-03T08:27:00-05:00,Ecuador,False,research,0.0991501626,-78.6476638443
inat_194934340_342795909.jpg,194934340,342795909,https://inaturalist-open-data.s3.amazonaws.com/photos/342795909/large.jpg,cc-by,"(c) Frank Dietze, some rights reserved (CC BY)",frankdietze,2023-11-03,2023-11-03T08:27:00-05:00,Ecuador,False,research,0.0991501626,-78.6476638443
inat_194934340_342796026.jpg,194934340,342796026,https://inaturalist-open-data.s3.amazonaws.com/photos/342796026/large.jpg,cc-by,"(c) Frank Dietze, some rights reserved (CC BY)",frankdietze,2023-11-03,2023-11-03T08:27:00-05:00,Ecuador,False,research,0.0991501626,-78.6476638443
inat_194197261_341291670.jpg,194197261,341291670,https://inaturalist-open-data.s3.amazonaws.com/photos/341291670/large.jpg,cc-by-nc,"(c) Julián Parra, some rights reserved (CC BY-NC)",julian_parra2007,2023-12-13,2023-12-13T16:53:22-05:00,"Cundinamarca, CO",False,research,4.7639444578,-73.8677023064
inat_194197261_341291687.jpg,194197261,341291687,https://inaturalist-open-data.s3.amazonaws.com/photos/341291687/large.jpg,cc-by-nc,"(c) Julián Parra, some rights reserved (CC BY-NC)",julian_parra2007,2023-12-13,2023-12-13T16:53:22-05:00,"Cundinamarca, CO",False,research,4.7639444578,-73.8677023064
inat_194128475_341150290.jpg,194128475,341150290,https://inaturalist-open-data.s3.amazonaws.com/photos/341150290/large.jpeg,cc-by-nc,"(c) Cathy Pasterczyk, some rights reserved (CC BY-NC)",cathyp,2023-12-11,2023-12-11T15:07:00-05:00,"Pichincha, EC",False,research,-0.205273636,-78.3165212115
inat_193988354_340871805.jpg,193988354,340871805,https://inaturalist-open-data.s3.amazonaws.com/photos/340871805/large.jpg,cc-by,"(c) Cajá-manga, some rights reserved (CC BY)",caja-manga,2023-11-12,2023-11-12T09:55:00-05:00,"Cundinamarca, CO",False,research,4.4971630865,-73.7129700159
inat_193988354_340871808.jpg,193988354,340871808,https://inaturalist-open-data.s3.amazonaws.com/photos/340871808/large.jpg,cc-by,"(c) Cajá-manga, some rights reserved (CC BY)",caja-manga,2023-11-12,2023-11-12T09:55:00-05:00,"Cundinamarca, CO",False,research,4.4971630865,-73.7129700159
inat_193988354_340871846.jpg,193988354,340871846,https://inaturalist-open-data.s3.amazonaws.com/photos/340871846/large.jpg,cc-by,"(c) Cajá-manga, some rights reserved (CC BY)",caja-manga,2023-11-12,2023-11-12T09:55:00-05:00,"Cundinamarca, CO",False,research,4.4971630865,-73.7129700159
inat_193988354_340871817.jpg,193988354,340871817,https://inaturalist-open-data.s3.amazonaws.com/photos/340871817/large.jpg,cc-by,"(c) Cajá-manga, some rights reserved (CC BY)",caja-manga,2023-11-12,2023-11-12T09:55:00-05:00,"Cundinamarca, CO",False,research,4.4971630865,-73.7129700159
inat_193918842_340730727.jpg,193918842,340730727,https://inaturalist-open-data.s3.amazonaws.com/photos/340730727/large.jpg,cc-by-nc,"(c) shadycarolina, some rights reserved (CC BY-NC)",shadycarolina,2023-12-13,2023-12-13T14:31:00-05:00,Ecuador,False,research,0.2217467709,-77.86831903
inat_193914030_340720234.jpg,193914030,340720234,https://inaturalist-open-data.s3.amazonaws.com/photos/340720234/large.jpeg,cc-by-nc,"(c) lenintron, some rights reserved (CC BY-NC)",lenintron,2023-05-27,2023-05-27T18:21:56-05:00,Ecuador,False,research,0.290548136,-77.8159686076
inat_193563889_340040527.jpg,193563889,340040527,https://inaturalist-open-data.s3.amazonaws.com/photos/340040527/large.jpg,cc-by-nc,"(c) mvelh, some rights reserved (CC BY-NC)",mvelh,2019-11-03,2019-11-03T09:56:54-05:00,"Cundinamarca, CO",False,research,4.7251002011,-73.6993271388
inat_193563889_340040541.jpg,193563889,340040541,https://inaturalist-open-data.s3.amazonaws.com/photos/340040541/large.jpg,cc-by-nc,"(c) mvelh, some rights reserved (CC BY-NC)",mvelh,2019-11-03,2019-11-03T09:56:54-05:00,"Cundinamarca, CO",False,research,4.7251002011,-73.6993271388
inat_193563889_340040550.jpg,193563889,340040550,https://inaturalist-open-data.s3.amazonaws.com/photos/340040550/large.jpg,cc-by-nc,"(c) mvelh, some rights reserved (CC BY-NC)",mvelh,2019-11-03,2019-11-03T09:56:54-05:00,"Cundinamarca, CO",False,research,4.7251002011,-73.6993271388
inat_193563889_340040562.jpg,193563889,340040562,https://inaturalist-open-data.s3.amazonaws.com/photos/340040562/large.jpg,cc-by-nc,"(c) mvelh, some rights reserved (CC BY-NC)",mvelh,2019-11-03,2019-11-03T09:56:54-05:00,"Cundinamarca, CO",False,research,4.7251002011,-73.6993271388
inat_193563889_340040573.jpg,193563889,340040573,https://inaturalist-open-data.s3.amazonaws.com/photos/340040573/large.jpg,cc-by-nc,"(c) mvelh, some rights reserved (CC BY-NC)",mvelh,2019-11-03,2019-11-03T09:56:54-05:00,"Cundinamarca, CO",False,research,4.7251002011,-73.6993271388
inat_193563889_340040584.jpg,193563889,340040584,https://inaturalist-open-data.s3.amazonaws.com/photos/340040584/large.jpg,cc-by-nc,"(c) mvelh, some rights reserved (CC BY-NC)",mvelh,2019-11-03,2019-11-03T09:56:54-05:00,"Cundinamarca, CO",False,research,4.7251002011,-73.6993271388
inat_193563889_340040592.jpg,193563889,340040592,https://inaturalist-open-data.s3.amazonaws.com/photos/340040592/large.jpg,cc-by-nc,"(c) mvelh, some rights reserved (CC BY-NC)",mvelh,2019-11-03,2019-11-03T09:56:54-05:00,"Cundinamarca, CO",False,research,4.7251002011,-73.6993271388
inat_192796457_338534146.jpg,192796457,338534146,https://inaturalist-open-data.s3.amazonaws.com/photos/338534146/large.jpeg,cc-by-nc,"(c) biodiversidad SKIS, some rights reserved (CC BY-NC)",henrysanchez,2023-12-02,2023-12-02T01:57:08-05:00,Ecuador,False,research,-1.5780374112,-78.0360784987
inat_192459874_337861721.jpg,192459874,337861721,https://inaturalist-open-data.s3.amazonaws.com/photos/337861721/large.jpeg,cc-by-nc,"(c) thadroller, some rights reserved (CC BY-NC)",thadroller,2023-11-27,2023-11-27T08:18:00-05:00,"Santander, CO",False,research,6.9880080038,-73.2151605925
inat_191973998_336910211.jpg,191973998,336910211,https://inaturalist-open-data.s3.amazonaws.com/photos/336910211/large.jpeg,cc-by-nc,"(c) Yenifer Herrera Varon, some rights reserved (CC BY-NC)",yherreravaron,2023-11-24,2023-11-24T08:51:49-05:00,"Huila, CO",False,research,2.306414528,-75.4058065111
inat_191714320_336389367.jpg,191714320,336389367,https://inaturalist-open-data.s3.amazonaws.com/photos/336389367/large.jpg,cc-by-nc,"(c) Chris Charlesworth, some rights reserved (CC BY-NC)",chris_charlesworth,2023-11-07,2023-11-07T11:52:00-05:00,Ecuador,False,research,-0.472517201,-78.2232483204
inat_190728161_334419616.jpg,190728161,334419616,https://inaturalist-open-data.s3.amazonaws.com/photos/334419616/large.jpg,cc-by-nc,"(c) Daniel Arias-Cruzatty, some rights reserved (CC BY-NC)",urban_funga,2023-11-11,2023-11-11T14:18:00-05:00,"Pichincha, EC",False,research,-0.3965200705,-78.312848153
inat_190441996_333845066.jpg,190441996,333845066,https://inaturalist-open-data.s3.amazonaws.com/photos/333845066/large.jpeg,cc-by-nc,"(c) Megan Hanson, some rights reserved (CC BY-NC)",meganhanson,2023-01-26,2023-01-26T09:26:00-05:00,Ecuador,False,research,-1.2267970538,-78.3642456153
inat_190431127_333826343.jpg,190431127,333826343,https://inaturalist-open-data.s3.amazonaws.com/photos/333826343/large.jpg,cc-by-nc,"(c) Jose Manuel, some rights reserved (CC BY-NC)",jmvaldenebro,2023-11-01,2023-11-01T07:23:16-05:00,"Napo, EC",False,research,-0.5701290145,-78.0515318182
inat_190431127_333826430.jpg,190431127,333826430,https://inaturalist-open-data.s3.amazonaws.com/photos/333826430/large.jpg,cc-by-nc,"(c) Jose Manuel, some rights reserved (CC BY-NC)",jmvaldenebro,2023-11-01,2023-11-01T07:23:16-05:00,"Napo, EC",False,research,-0.5701290145,-78.0515318182
inat_190412124_333788182.jpg,190412124,333788182,https://inaturalist-open-data.s3.amazonaws.com/photos/333788182/large.gif,cc-by-nc,"(c) Savimbo, some rights reserved (CC BY-NC)",savimbo,2020-05-08,2020-05-08T09:30:00-05:00,"Putumayo, CO",False,research,0.9055121474,-76.9434077299
inat_190362112_333687325.jpg,190362112,333687325,https://inaturalist-open-data.s3.amazonaws.com/photos/333687325/large.jpg,cc-by-nc,"(c) John Klymko, some rights reserved (CC BY-NC)",johnklymko,2023-10-27,2023-10-27T18:27:00-05:00,"Pichincha, EC",False,research,-0.3846302037,-78.3813592196
inat_190068938_333113479.jpg,190068938,333113479,https://inaturalist-open-data.s3.amazonaws.com/photos/333113479/large.jpeg,cc-by-nc,"(c) Manuel Ruedi, some rights reserved (CC BY-NC)",manuel_ruedi,2023-10-30,2023-10-30T18:21:00-05:00,"Pichincha, EC",False,research,-0.2294933543,-78.2536303043
inat_189472885_331930279.jpg,189472885,331930279,https://inaturalist-open-data.s3.amazonaws.com/photos/331930279/large.jpeg,cc-by-nc,"(c) Holger Beck, some rights reserved (CC BY-NC)",holgerbeck,2023-10-27,2023-10-27T06:51:00-05:00,Ecuador,False,research,0.0709420116,-78.7279479089
inat_189349548_331675662.jpg,189349548,331675662,https://inaturalist-open-data.s3.amazonaws.com/photos/331675662/large.jpg,cc-by-nc,"(c) jpeterswsu, some rights reserved (CC BY-NC)",jpeterswsu,2023-07-03,2023-07-03T13:05:00-05:00,"Pichincha, EC",False,research,-0.3952733351,-78.3311567602
inat_189167054_331299048.jpg,189167054,331299048,https://inaturalist-open-data.s3.amazonaws.com/photos/331299048/large.jpg,cc-by-nc,"(c) Laura O'Connor, some rights reserved (CC BY-NC)",lauraoc,2023-10-27,2023-10-27T16:27:51-05:00,"Pichincha, EC",False,research,-0.2602078109,-78.3129206713
inat_188886269_330732669.jpg,188886269,330732669,https://inaturalist-open-data.s3.amazonaws.com/photos/330732669/large.jpeg,cc-by-nc,"(c) Luis Yupa, some rights reserved (CC BY-NC)",luisyupa,2023-10-05,2023-10-05T16:48:22-05:00,Ecuador,False,research,-0.3231426493,-78.1015704965
inat_186416708_325774126.jpg,186416708,325774126,https://inaturalist-open-data.s3.amazonaws.com/photos/325774126/large.jpeg,cc-by-nc,"(c) alejofonseca, some rights reserved (CC BY-NC)",alejofonseca,2023-10-06,2023-10-06T10:45:00-05:00,Colombia,False,research,1.6540880412,-76.3041499602
inat_186416708_325774151.jpg,186416708,325774151,https://inaturalist-open-data.s3.amazonaws.com/photos/325774151/large.jpeg,cc-by-nc,"(c) alejofonseca, some rights reserved (CC BY-NC)",alejofonseca,2023-10-06,2023-10-06T10:45:00-05:00,Colombia,False,research,1.6540880412,-76.3041499602
inat_185509729_323996904.jpg,185509729,323996904,https://inaturalist-open-data.s3.amazonaws.com/photos/323996904/large.jpg,cc-by-nc,"(c) leogio6, some rights reserved (CC BY-NC)",leogio6,2023-06-19,2023-06-19T08:56:00-05:00,"Pichincha, EC",False,research,-0.385726984,-78.3764491646
inat_185426608_323841091.jpg,185426608,323841091,https://inaturalist-open-data.s3.amazonaws.com/photos/323841091/large.jpeg,cc-by-nc,"(c) Holger Beck, some rights reserved (CC BY-NC)",holgerbeck,2023-09-28,2023-09-28T07:25:00-05:00,Ecuador,False,research,0.1481803873,-78.6753104311
inat_185165510_323340869.jpg,185165510,323340869,https://inaturalist-open-data.s3.amazonaws.com/photos/323340869/large.gif,cc-by-nc,"(c) Savimbo, some rights reserved (CC BY-NC)",savimbo,2023-06-24,2023-06-24T11:45:00-05:00,"Putumayo, CO",False,research,0.8236767458,-76.6706205211
inat_184930345_322866890.jpg,184930345,322866890,https://inaturalist-open-data.s3.amazonaws.com/photos/322866890/large.jpg,cc-by-nc,"(c) Rogerio Dias, some rights reserved (CC BY-NC)",rogerriodias,2016-09-23,2016-09-23T12:12:00-05:00,"Lambayeque, PE",False,research,-6.5987041947,-79.4648931263
inat_182824046_318839266.jpg,182824046,318839266,https://inaturalist-open-data.s3.amazonaws.com/photos/318839266/large.jpg,cc-by-nc,"(c) Nelson Apolo, some rights reserved (CC BY-NC)",ecuadornaturetours,2023-09-08,2023-09-08T08:14:54-05:00,"Pichincha, EC",False,research,-0.2521768352,-78.259108316
inat_182167210_317571726.jpg,182167210,317571726,https://inaturalist-open-data.s3.amazonaws.com/photos/317571726/large.jpg,cc-by-nc,"(c) Royle Safaris, some rights reserved (CC BY-NC)",roylesafaris,2019-11-14,2019-11-14T11:48:00-05:00,"Pichincha, EC",False,research,-0.3511693941,-78.2636651361
inat_182167210_317571727.jpg,182167210,317571727,https://inaturalist-open-data.s3.amazonaws.com/photos/317571727/large.jpg,cc-by-nc,"(c) Royle Safaris, some rights reserved (CC BY-NC)",roylesafaris,2019-11-14,2019-11-14T11:48:00-05:00,"Pichincha, EC",False,research,-0.3511693941,-78.2636651361
inat_180018601_313503187.jpg,180018601,313503187,https://inaturalist-open-data.s3.amazonaws.com/photos/313503187/large.jpg,cc-by-nc,"(c) Lizzie Fleming, some rights reserved (CC BY-NC)",emchale,2023-07-03,2023-07-03T11:52:02-05:00,,False,research,,
inat_178340138_310312761.jpg,178340138,310312761,https://inaturalist-open-data.s3.amazonaws.com/photos/310312761/large.jpg,cc-by-nc,"(c) sammydstecher, some rights reserved (CC BY-NC)",sammydstecher,2023-05-26,2023-05-26T14:55:00-05:00,Ecuador,False,research,-0.4720356273,-78.1884976827
inat_178340138_310312756.jpg,178340138,310312756,https://inaturalist-open-data.s3.amazonaws.com/photos/310312756/large.jpg,cc-by-nc,"(c) sammydstecher, some rights reserved (CC BY-NC)",sammydstecher,2023-05-26,2023-05-26T14:55:00-05:00,Ecuador,False,research,-0.4720356273,-78.1884976827
inat_178340138_310312796.jpg,178340138,310312796,https://inaturalist-open-data.s3.amazonaws.com/photos/310312796/large.jpg,cc-by-nc,"(c) sammydstecher, some rights reserved (CC BY-NC)",sammydstecher,2023-05-26,2023-05-26T14:55:00-05:00,Ecuador,False,research,-0.4720356273,-78.1884976827
inat_175487199_304987098.jpg,175487199,304987098,https://inaturalist-open-data.s3.amazonaws.com/photos/304987098/large.jpeg,cc-by-nc,"(c) echophoenix, some rights reserved (CC BY-NC)",echophoenix,2023-07-04,,Ecuador,False,research,-0.3946065875,-78.1251849319
inat_175460020_304936637.jpg,175460020,304936637,https://inaturalist-open-data.s3.amazonaws.com/photos/304936637/large.jpg,cc-by-nc,"(c) Nelson Apolo, some rights reserved (CC BY-NC)",ecuadornaturetours,2023-07-28,2023-07-28T13:29:20-05:00,"Pichincha, EC",False,research,-0.2238684343,-78.3746231411
inat_175460020_304936660.jpg,175460020,304936660,https://inaturalist-open-data.s3.amazonaws.com/photos/304936660/large.jpg,cc-by-nc,"(c) Nelson Apolo, some rights reserved (CC BY-NC)",ecuadornaturetours,2023-07-28,2023-07-28T13:29:20-05:00,"Pichincha, EC",False,research,-0.2238684343,-78.3746231411
inat_174784853_303689551.jpg,174784853,303689551,https://inaturalist-open-data.s3.amazonaws.com/photos/303689551/large.jpg,cc-by-nc,"(c) Luis German Naranjo, some rights reserved (CC BY-NC)",lgnaranjo,2023-07-22,2023-07-22T07:50:35-05:00,"Valle del Cauca, CO",False,research,3.3847239782,-76.7719230645
inat_174381180_302938670.jpg,174381180,302938670,https://inaturalist-open-data.s3.amazonaws.com/photos/302938670/large.jpg,cc-by-nc,"(c) jroderick, some rights reserved (CC BY-NC)",jroderick,2023-07-16,2023-07-16T05:23:00-05:00,Ecuador,False,research,-0.5718595304,-78.2178233331
inat_173296416_300932597.jpg,173296416,300932597,https://inaturalist-open-data.s3.amazonaws.com/photos/300932597/large.jpeg,cc-by-nc,"(c) Adrien Pajot, some rights reserved (CC BY-NC)",adrien-pajot,2023-07-03,2023-07-03T15:33:00-05:00,,False,research,,
inat_173296416_300932667.jpg,173296416,300932667,https://inaturalist-open-data.s3.amazonaws.com/photos/300932667/large.jpeg,cc-by-nc,"(c) Adrien Pajot, some rights reserved (CC BY-NC)",adrien-pajot,2023-07-03,2023-07-03T15:33:00-05:00,,False,research,,
inat_173296416_300932744.jpg,173296416,300932744,https://inaturalist-open-data.s3.amazonaws.com/photos/300932744/large.jpeg,cc-by-nc,"(c) Adrien Pajot, some rights reserved (CC BY-NC)",adrien-pajot,2023-07-03,2023-07-03T15:33:00-05:00,,False,research,,
inat_173296416_300932872.jpg,173296416,300932872,https://inaturalist-open-data.s3.amazonaws.com/photos/300932872/large.jpeg,cc-by-nc,"(c) Adrien Pajot, some rights reserved (CC BY-NC)",adrien-pajot,2023-07-03,2023-07-03T15:33:00-05:00,,False,research,,
inat_173133096_300635104.jpg,173133096,300635104,https://inaturalist-open-data.s3.amazonaws.com/photos/300635104/large.jpg,cc-by-nc,"(c) savseneviratne, some rights reserved (CC BY-NC)",savseneviratne,2023-06-21,2023-06-21T10:59:12-05:00,Ecuador,False,research,0.1642384138,-78.7357032169
inat_173133096_300635143.jpg,173133096,300635143,https://inaturalist-open-data.s3.amazonaws.com/photos/300635143/large.jpg,cc-by-nc,"(c) savseneviratne, some rights reserved (CC BY-NC)",savseneviratne,2023-06-21,2023-06-21T10:59:12-05:00,Ecuador,False,research,0.1642384138,-78.7357032169
inat_173133096_300635189.jpg,173133096,300635189,https://inaturalist-open-data.s3.amazonaws.com/photos/300635189/large.jpg,cc-by-nc,"(c) savseneviratne, some rights reserved (CC BY-NC)",savseneviratne,2023-06-21,2023-06-21T10:59:12-05:00,Ecuador,False,research,0.1642384138,-78.7357032169
inat_171567436_297727331.jpg,171567436,297727331,https://inaturalist-open-data.s3.amazonaws.com/photos/297727331/large.jpeg,cc-by-nc,"(c) Joe Sebastiani, some rights reserved (CC BY-NC)",joesebastiani,2023-06-22,2023-06-22T17:09:00-05:00,"Pichincha, EC",False,research,-0.3397044301,-78.2906657702
inat_170940246_296561583.jpg,170940246,296561583,https://inaturalist-open-data.s3.amazonaws.com/photos/296561583/large.jpeg,cc-by-nc,"(c) hazelsnail, some rights reserved (CC BY-NC)",hazelsnail,2023-07-03,2023-07-03T14:30:00-05:00,"Pichincha, EC",False,research,-0.1998145629,-78.750836366
inat_170940246_296561476.jpg,170940246,296561476,https://inaturalist-open-data.s3.amazonaws.com/photos/296561476/large.jpeg,cc-by-nc,"(c) hazelsnail, some rights reserved (CC BY-NC)",hazelsnail,2023-07-03,2023-07-03T14:30:00-05:00,"Pichincha, EC",False,research,-0.1998145629,-78.750836366
inat_170940246_296561499.jpg,170940246,296561499,https://inaturalist-open-data.s3.amazonaws.com/photos/296561499/large.jpeg,cc-by-nc,"(c) hazelsnail, some rights reserved (CC BY-NC)",hazelsnail,2023-07-03,2023-07-03T14:30:00-05:00,"Pichincha, EC",False,research,-0.1998145629,-78.750836366
inat_170940246_296561530.jpg,170940246,296561530,https://inaturalist-open-data.s3.amazonaws.com/photos/296561530/large.jpeg,cc-by-nc,"(c) hazelsnail, some rights reserved (CC BY-NC)",hazelsnail,2023-07-03,2023-07-03T14:30:00-05:00,"Pichincha, EC",False,research,-0.1998145629,-78.750836366
inat_170940246_296561558.jpg,170940246,296561558,https://inaturalist-open-data.s3.amazonaws.com/photos/296561558/large.jpeg,cc-by-nc,"(c) hazelsnail, some rights reserved (CC BY-NC)",hazelsnail,2023-07-03,2023-07-03T14:30:00-05:00,"Pichincha, EC",False,research,-0.1998145629,-78.750836366
inat_170940246_296561602.jpg,170940246,296561602,https://inaturalist-open-data.s3.amazonaws.com/photos/296561602/large.jpeg,cc-by-nc,"(c) hazelsnail, some rights reserved (CC BY-NC)",hazelsnail,2023-07-03,2023-07-03T14:30:00-05:00,"Pichincha, EC",False,research,-0.1998145629,-78.750836366
inat_170940246_296561623.jpg,170940246,296561623,https://inaturalist-open-data.s3.amazonaws.com/photos/296561623/large.jpeg,cc-by-nc,"(c) hazelsnail, some rights reserved (CC BY-NC)",hazelsnail,2023-07-03,2023-07-03T14:30:00-05:00,"Pichincha, EC",False,research,-0.1998145629,-78.750836366
inat_170940246_296561642.jpg,170940246,296561642,https://inaturalist-open-data.s3.amazonaws.com/photos/296561642/large.jpeg,cc-by-nc,"(c) hazelsnail, some rights reserved (CC BY-NC)",hazelsnail,2023-07-03,2023-07-03T14:30:00-05:00,"Pichincha, EC",False,research,-0.1998145629,-78.750836366
inat_168819979_292621563.jpg,168819979,292621563,https://inaturalist-open-data.s3.amazonaws.com/photos/292621563/large.jpg,cc-by-nc,"(c) Royle Safaris, some rights reserved (CC BY-NC)",roylesafaris,2015-09-23,2015-09-23T15:57:00-05:00,Peru,False,research,-6.6127175012,-79.3520192222
inat_168819970_292621446.jpg,168819970,292621446,https://inaturalist-open-data.s3.amazonaws.com/photos/292621446/large.jpg,cc-by-nc,"(c) Royle Safaris, some rights reserved (CC BY-NC)",roylesafaris,2015-09-23,2015-09-23T15:28:00-05:00,Peru,False,research,-6.7021999382,-79.306326099
inat_168819968_292621393.jpg,168819968,292621393,https://inaturalist-open-data.s3.amazonaws.com/photos/292621393/large.jpg,cc-by-nc,"(c) Royle Safaris, some rights reserved (CC BY-NC)",roylesafaris,2015-09-23,2015-09-23T15:41:00-05:00,Peru,False,research,-6.6310724835,-79.2806428854
inat_168819965_292621345.jpg,168819965,292621345,https://inaturalist-open-data.s3.amazonaws.com/photos/292621345/large.jpg,cc-by-nc,"(c) Royle Safaris, some rights reserved (CC BY-NC)",roylesafaris,2015-09-23,2015-09-23T15:28:00-05:00,Peru,False,research,-6.7435517318,-79.3177826125
inat_167380575_289948384.jpg,167380575,289948384,https://inaturalist-open-data.s3.amazonaws.com/photos/289948384/large.jpg,cc-by,"(c) Attila Oláh, some rights reserved (CC BY)",attilaolah,2023-05-02,2023-05-02T08:53:00-05:00,"Pichincha, EC",False,research,-0.2286403822,-78.2052041735
inat_167380575_289948357.jpg,167380575,289948357,https://inaturalist-open-data.s3.amazonaws.com/photos/289948357/large.jpg,cc-by,"(c) Attila Oláh, some rights reserved (CC BY)",attilaolah,2023-05-02,2023-05-02T08:53:00-05:00,"Pichincha, EC",False,research,-0.2286403822,-78.2052041735
inat_167380575_289948407.jpg,167380575,289948407,https://inaturalist-open-data.s3.amazonaws.com/photos/289948407/large.jpg,cc-by,"(c) Attila Oláh, some rights reserved (CC BY)",attilaolah,2023-05-02,2023-05-02T08:53:00-05:00,"Pichincha, EC",False,research,-0.2286403822,-78.2052041735
inat_167356673_289908609.jpg,167356673,289908609,https://inaturalist-open-data.s3.amazonaws.com/photos/289908609/large.jpg,cc-by-nc,"(c) Royle Safaris, some rights reserved (CC BY-NC)",roylesafaris,2017-10-15,2017-10-15T08:51:00-05:00,Ecuador,False,research,-0.1604090235,-77.9409558618
inat_167356671_289908593.jpg,167356671,289908593,https://inaturalist-open-data.s3.amazonaws.com/photos/289908593/large.jpg,cc-by-nc,"(c) Royle Safaris, some rights reserved (CC BY-NC)",roylesafaris,2010-01-13,2010-01-13T12:19:00-05:00,Ecuador,False,research,0.1430364976,-78.7214589326
inat_167356670_289908582.jpg,167356670,289908582,https://inaturalist-open-data.s3.amazonaws.com/photos/289908582/large.jpg,cc-by-nc,"(c) Royle Safaris, some rights reserved (CC BY-NC)",roylesafaris,2017-10-08,2017-10-08T02:33:00-05:00,Ecuador,False,research,-0.0233985425,-77.8545188821
inat_167356669_289908571.jpg,167356669,289908571,https://inaturalist-open-data.s3.amazonaws.com/photos/289908571/large.jpg,cc-by-nc,"(c) Royle Safaris, some rights reserved (CC BY-NC)",roylesafaris,2010-01-13,2010-01-13T12:06:00-05:00,Ecuador,False,research,0.0849558964,-78.7911002982
inat_167356664_289908566.jpg,167356664,289908566,https://inaturalist-open-data.s3.amazonaws.com/photos/289908566/large.jpg,cc-by-nc,"(c) Royle Safaris, some rights reserved (CC BY-NC)",roylesafaris,2010-01-13,2010-01-13T12:29:00-05:00,Ecuador,False,research,0.1599553126,-78.6739587017
inat_167356662_289908557.jpg,167356662,289908557,https://inaturalist-open-data.s3.amazonaws.com/photos/289908557/large.jpeg,cc-by-nc,"(c) Royle Safaris, some rights reserved (CC BY-NC)",roylesafaris,2019-11-06,2019-11-06T04:29:00-05:00,Ecuador,False,research,-0.1155135209,-77.9829438024
inat_165618594_286706998.jpg,165618594,286706998,https://inaturalist-open-data.s3.amazonaws.com/photos/286706998/large.jpeg,cc-by-nc,"(c) aaronfirestein, some rights reserved (CC BY-NC)",aaronfirestein,2023-06-03,2023-06-03T14:07:00-05:00,"Cundinamarca, CO",False,research,4.434562566,-73.7758293925
inat_162413684_280829430.jpg,162413684,280829430,https://inaturalist-open-data.s3.amazonaws.com/photos/280829430/large.jpg,cc-by-nc,"(c) Alex Bentley, some rights reserved (CC BY-NC)",agbentley77,2015-09-16,2015-09-16T01:33:00-05:00,Ecuador,False,research,0.1925128058,-78.6392729993
inat_161078722_278398382.jpg,161078722,278398382,https://inaturalist-open-data.s3.amazonaws.com/photos/278398382/large.jpg,cc-by-nc,"(c) servalito, some rights reserved (CC BY-NC)",servalito,2023-05-10,2023-05-10T04:40:00-05:00,"Cundinamarca, CO",False,research,4.6937250756,-73.7511826637
inat_161078722_278398397.jpg,161078722,278398397,https://inaturalist-open-data.s3.amazonaws.com/photos/278398397/large.jpg,cc-by-nc,"(c) servalito, some rights reserved (CC BY-NC)",servalito,2023-05-10,2023-05-10T04:40:00-05:00,"Cundinamarca, CO",False,research,4.6937250756,-73.7511826637
inat_161078514_278398046.jpg,161078514,278398046,https://inaturalist-open-data.s3.amazonaws.com/photos/278398046/large.jpg,cc-by-nc,"(c) servalito, some rights reserved (CC BY-NC)",servalito,2023-04-11,2023-04-11T01:35:00-05:00,"Cundinamarca, CO",False,research,4.7464281525,-73.8124258983
inat_161011841_278271142.jpg,161011841,278271142,https://inaturalist-open-data.s3.amazonaws.com/photos/278271142/large.jpeg,cc-by-nc,"(c) cristinaa7, some rights reserved (CC BY-NC)",cristinaa7,2023-05-05,2023-05-05T12:46:00-05:00,"Pichincha, EC",False,research,0.107776449,-78.0309449338
inat_154433438_266843511.jpg,154433438,266843511,https://inaturalist-open-data.s3.amazonaws.com/photos/266843511/large.jpg,cc-by-nc,"(c) laurenvannoort, some rights reserved (CC BY-NC)",laurenvannoort,2022-07-14,2022-07-14T12:21:47-05:00,"Paucartambo, PE-CS, PE",False,research,-13.1742955755,-71.5082766138
inat_154433438_266844533.jpg,154433438,266844533,https://inaturalist-open-data.s3.amazonaws.com/photos/266844533/large.jpg,cc-by-nc,"(c) laurenvannoort, some rights reserved (CC BY-NC)",laurenvannoort,2022-07-14,2022-07-14T12:21:47-05:00,"Paucartambo, PE-CS, PE",False,research,-13.1742955755,-71.5082766138
inat_153335505_264823132.jpg,153335505,264823132,https://inaturalist-open-data.s3.amazonaws.com/photos/264823132/large.jpg,cc-by-nc,"(c) pedro03052001puce, some rights reserved (CC BY-NC)",pedro03052001puce,2023-04-03,2023-04-03T11:00:35-05:00,Ecuador,False,research,0.3999064402,-77.870365069
inat_153335505_264823164.jpg,153335505,264823164,https://inaturalist-open-data.s3.amazonaws.com/photos/264823164/large.jpg,cc-by-nc,"(c) pedro03052001puce, some rights reserved (CC BY-NC)",pedro03052001puce,2023-04-03,2023-04-03T11:00:35-05:00,Ecuador,False,research,0.3999064402,-77.870365069
inat_153335505_264823182.jpg,153335505,264823182,https://inaturalist-open-data.s3.amazonaws.com/photos/264823182/large.jpg,cc-by-nc,"(c) pedro03052001puce, some rights reserved (CC BY-NC)",pedro03052001puce,2023-04-03,2023-04-03T11:00:35-05:00,Ecuador,False,research,0.3999064402,-77.870365069
inat_152988146_264163315.jpg,152988146,264163315,https://inaturalist-open-data.s3.amazonaws.com/photos/264163315/large.jpeg,cc-by-nc,"(c) miguelaporta, some rights reserved (CC BY-NC)",miguelaporta,2023-03-06,2023-03-06T13:39:00-05:00,Ecuador,False,research,0.4349813063,-77.9379501423
inat_152988146_264163305.jpg,152988146,264163305,https://inaturalist-open-data.s3.amazonaws.com/photos/264163305/large.jpeg,cc-by-nc,"(c) miguelaporta, some rights reserved (CC BY-NC)",miguelaporta,2023-03-06,2023-03-06T13:39:00-05:00,Ecuador,False,research,0.4349813063,-77.9379501423
inat_152988146_264163297.jpg,152988146,264163297,https://inaturalist-open-data.s3.amazonaws.com/photos/264163297/large.jpeg,cc-by-nc,"(c) miguelaporta, some rights reserved (CC BY-NC)",miguelaporta,2023-03-06,2023-03-06T13:39:00-05:00,Ecuador,False,research,0.4349813063,-77.9379501423
inat_152988146_264163326.jpg,152988146,264163326,https://inaturalist-open-data.s3.amazonaws.com/photos/264163326/large.jpeg,cc-by-nc,"(c) miguelaporta, some rights reserved (CC BY-NC)",miguelaporta,2023-03-06,2023-03-06T13:39:00-05:00,Ecuador,False,research,0.4349813063,-77.9379501423
inat_152899586_264006998.jpg,152899586,264006998,https://inaturalist-open-data.s3.amazonaws.com/photos/264006998/large.jpg,cc-by,"(c) RJ Baltierra, some rights reserved (CC BY)",rjbaltierra,2023-01-12,2023-01-12T17:50:00-05:00,Ecuador,False,research,-0.445872918,-78.3716061656
inat_152899586_264007021.jpg,152899586,264007021,https://inaturalist-open-data.s3.amazonaws.com/photos/264007021/large.jpg,cc-by,"(c) RJ Baltierra, some rights reserved (CC BY)",rjbaltierra,2023-01-12,2023-01-12T17:50:00-05:00,Ecuador,False,research,-0.445872918,-78.3716061656
inat_152339767_262970622.jpg,152339767,262970622,https://inaturalist-open-data.s3.amazonaws.com/photos/262970622/large.jpg,cc-by-nc,"(c) laurenvannoort, some rights reserved (CC BY-NC)",laurenvannoort,2022-07-14,2022-07-14T12:21:47-05:00,"Madre de Dios, PE",False,research,-12.9363968184,-71.0133253709
inat_152339767_262970656.jpg,152339767,262970656,https://inaturalist-open-data.s3.amazonaws.com/photos/262970656/large.jpg,cc-by-nc,"(c) laurenvannoort, some rights reserved (CC BY-NC)",laurenvannoort,2022-07-14,2022-07-14T12:21:47-05:00,"Madre de Dios, PE",False,research,-12.9363968184,-71.0133253709
inat_152171127_262647862.jpg,152171127,262647862,https://inaturalist-open-data.s3.amazonaws.com/photos/262647862/large.png,cc-by-nc,"(c) Barna Takats, some rights reserved (CC BY-NC)",beavisnail,2023-02-11,2023-02-11T11:06:00-05:00,Ecuador,False,research,-0.546046761,-78.0439549817
inat_152171127_262647845.jpg,152171127,262647845,https://inaturalist-open-data.s3.amazonaws.com/photos/262647845/large.png,cc-by-nc,"(c) Barna Takats, some rights reserved (CC BY-NC)",beavisnail,2023-02-11,2023-02-11T11:06:00-05:00,Ecuador,False,research,-0.546046761,-78.0439549817
inat_152171127_262647907.jpg,152171127,262647907,https://inaturalist-open-data.s3.amazonaws.com/photos/262647907/large.png,cc-by-nc,"(c) Barna Takats, some rights reserved (CC BY-NC)",beavisnail,2023-02-11,2023-02-11T11:06:00-05:00,Ecuador,False,research,-0.546046761,-78.0439549817
inat_152077156_262484454.jpg,152077156,262484454,https://inaturalist-open-data.s3.amazonaws.com/photos/262484454/large.jpg,cc-by-nc,"(c) Greg Easton, some rights reserved (CC BY-NC)",gaeaston4,2023-03-05,2023-03-05T06:45:17-05:00,"Pichincha, EC",False,research,-0.2033448371,-78.3304639691
inat_152077156_262484474.jpg,152077156,262484474,https://inaturalist-open-data.s3.amazonaws.com/photos/262484474/large.jpg,cc-by-nc,"(c) Greg Easton, some rights reserved (CC BY-NC)",gaeaston4,2023-03-05,2023-03-05T06:45:17-05:00,"Pichincha, EC",False,research,-0.2033448371,-78.3304639691
inat_152077156_262484491.jpg,152077156,262484491,https://inaturalist-open-data.s3.amazonaws.com/photos/262484491/large.jpg,cc-by-nc,"(c) Greg Easton, some rights reserved (CC BY-NC)",gaeaston4,2023-03-05,2023-03-05T06:45:17-05:00,"Pichincha, EC",False,research,-0.2033448371,-78.3304639691
inat_151151422_260754729.jpg,151151422,260754729,https://inaturalist-open-data.s3.amazonaws.com/photos/260754729/large.jpg,cc-by-nc,"(c) Oliver W Patrick, some rights reserved (CC BY-NC)",oliverpatrick,2023-02-13,2023-02-13T13:47:00-05:00,Ecuador,False,research,-0.5383733565,-78.2715867108
inat_151151422_260754717.jpg,151151422,260754717,https://inaturalist-open-data.s3.amazonaws.com/photos/260754717/large.jpg,cc-by-nc,"(c) Oliver W Patrick, some rights reserved (CC BY-NC)",oliverpatrick,2023-02-13,2023-02-13T13:47:00-05:00,Ecuador,False,research,-0.5383733565,-78.2715867108
inat_151151422_260754764.jpg,151151422,260754764,https://inaturalist-open-data.s3.amazonaws.com/photos/260754764/large.jpg,cc-by-nc,"(c) Oliver W Patrick, some rights reserved (CC BY-NC)",oliverpatrick,2023-02-13,2023-02-13T13:47:00-05:00,Ecuador,False,research,-0.5383733565,-78.2715867108
inat_151151422_260754752.jpg,151151422,260754752,https://inaturalist-open-data.s3.amazonaws.com/photos/260754752/large.jpg,cc-by-nc,"(c) Oliver W Patrick, some rights reserved (CC BY-NC)",oliverpatrick,2023-02-13,2023-02-13T13:47:00-05:00,Ecuador,False,research,-0.5383733565,-78.2715867108
inat_151151422_260754775.jpg,151151422,260754775,https://inaturalist-open-data.s3.amazonaws.com/photos/260754775/large.jpg,cc-by-nc,"(c) Oliver W Patrick, some rights reserved (CC BY-NC)",oliverpatrick,2023-02-13,2023-02-13T13:47:00-05:00,Ecuador,False,research,-0.5383733565,-78.2715867108
inat_150681077_259868943.jpg,150681077,259868943,https://inaturalist-open-data.s3.amazonaws.com/photos/259868943/large.jpeg,cc-by-nc,"(c) João Cordeiro Pereira, some rights reserved (CC BY-NC)",jmcvp,2018-07-06,2018-07-06T18:34:00-05:00,"Cusco, PE",False,research,-13.0353665925,-72.5422618526
inat_150412310_259354700.jpg,150412310,259354700,https://inaturalist-open-data.s3.amazonaws.com/photos/259354700/large.jpeg,cc-by-nc,"(c) Jon Pleizier, some rights reserved (CC BY-NC)",jonpleizier,2020-01-23,2020-01-23T14:42:00-05:00,"Pichincha, EC",False,research,-0.3471298217,-78.3266467386
inat_150412310_259354707.jpg,150412310,259354707,https://inaturalist-open-data.s3.amazonaws.com/photos/259354707/large.jpeg,cc-by-nc,"(c) Jon Pleizier, some rights reserved (CC BY-NC)",jonpleizier,2020-01-23,2020-01-23T14:42:00-05:00,"Pichincha, EC",False,research,-0.3471298217,-78.3266467386
inat_150079865_258713910.jpg,150079865,258713910,https://inaturalist-open-data.s3.amazonaws.com/photos/258713910/large.jpeg,cc0,no rights reserved,wildreturn,2023-02-19,2023-02-19T13:33:00-05:00,Ecuador,False,research,-0.5900943657,-78.007395764
inat_150079865_258715043.jpg,150079865,258715043,https://inaturalist-open-data.s3.amazonaws.com/photos/258715043/large.jpeg,cc0,no rights reserved,wildreturn,2023-02-19,2023-02-19T13:33:00-05:00,Ecuador,False,research,-0.5900943657,-78.007395764
inat_150079865_258715044.jpg,150079865,258715044,https://inaturalist-open-data.s3.amazonaws.com/photos/258715044/large.jpeg,cc0,no rights reserved,wildreturn,2023-02-19,2023-02-19T13:33:00-05:00,Ecuador,False,research,-0.5900943657,-78.007395764
inat_150079865_258715045.jpg,150079865,258715045,https://inaturalist-open-data.s3.amazonaws.com/photos/258715045/large.jpeg,cc0,no rights reserved,wildreturn,2023-02-19,2023-02-19T13:33:00-05:00,Ecuador,False,research,-0.5900943657,-78.007395764
inat_150079865_258715046.jpg,150079865,258715046,https://inaturalist-open-data.s3.amazonaws.com/photos/258715046/large.jpeg,cc0,no rights reserved,wildreturn,2023-02-19,2023-02-19T13:33:00-05:00,Ecuador,False,research,-0.5900943657,-78.007395764
inat_150079865_258715048.jpg,150079865,258715048,https://inaturalist-open-data.s3.amazonaws.com/photos/258715048/large.jpeg,cc0,no rights reserved,wildreturn,2023-02-19,2023-02-19T13:33:00-05:00,Ecuador,False,research,-0.5900943657,-78.007395764
inat_150079865_258715054.jpg,150079865,258715054,https://inaturalist-open-data.s3.amazonaws.com/photos/258715054/large.jpeg,cc0,no rights reserved,wildreturn,2023-02-19,2023-02-19T13:33:00-05:00,Ecuador,False,research,-0.5900943657,-78.007395764
inat_150079865_258715066.jpg,150079865,258715066,https://inaturalist-open-data.s3.amazonaws.com/photos/258715066/large.jpeg,cc0,no rights reserved,wildreturn,2023-02-19,2023-02-19T13:33:00-05:00,Ecuador,False,research,-0.5900943657,-78.007395764
inat_150079865_258715069.jpg,150079865,258715069,https://inaturalist-open-data.s3.amazonaws.com/photos/258715069/large.jpeg,cc0,no rights reserved,wildreturn,2023-02-19,2023-02-19T13:33:00-05:00,Ecuador,False,research,-0.5900943657,-78.007395764
inat_150079865_258715068.jpg,150079865,258715068,https://inaturalist-open-data.s3.amazonaws.com/photos/258715068/large.jpeg,cc0,no rights reserved,wildreturn,2023-02-19,2023-02-19T13:33:00-05:00,Ecuador,False,research,-0.5900943657,-78.007395764
inat_150079865_258715073.jpg,150079865,258715073,https://inaturalist-open-data.s3.amazonaws.com/photos/258715073/large.jpeg,cc0,no rights reserved,wildreturn,2023-02-19,2023-02-19T13:33:00-05:00,Ecuador,False,research,-0.5900943657,-78.007395764
inat_150079865_258715078.jpg,150079865,258715078,https://inaturalist-open-data.s3.amazonaws.com/photos/258715078/large.jpeg,cc0,no rights reserved,wildreturn,2023-02-19,2023-02-19T13:33:00-05:00,Ecuador,False,research,-0.5900943657,-78.007395764
inat_150079865_258715077.jpg,150079865,258715077,https://inaturalist-open-data.s3.amazonaws.com/photos/258715077/large.jpeg,cc0,no rights reserved,wildreturn,2023-02-19,2023-02-19T13:33:00-05:00,Ecuador,False,research,-0.5900943657,-78.007395764
inat_150079865_258715087.jpg,150079865,258715087,https://inaturalist-open-data.s3.amazonaws.com/photos/258715087/large.jpeg,cc0,no rights reserved,wildreturn,2023-02-19,2023-02-19T13:33:00-05:00,Ecuador,False,research,-0.5900943657,-78.007395764
inat_150079865_258715092.jpg,150079865,258715092,https://inaturalist-open-data.s3.amazonaws.com/photos/258715092/large.jpeg,cc0,no rights reserved,wildreturn,2023-02-19,2023-02-19T13:33:00-05:00,Ecuador,False,research,-0.5900943657,-78.007395764
inat_150079865_258715094.jpg,150079865,258715094,https://inaturalist-open-data.s3.amazonaws.com/photos/258715094/large.jpeg,cc0,no rights reserved,wildreturn,2023-02-19,2023-02-19T13:33:00-05:00,Ecuador,False,research,-0.5900943657,-78.007395764
inat_150079865_258715091.jpg,150079865,258715091,https://inaturalist-open-data.s3.amazonaws.com/photos/258715091/large.jpeg,cc0,no rights reserved,wildreturn,2023-02-19,2023-02-19T13:33:00-05:00,Ecuador,False,research,-0.5900943657,-78.007395764
inat_150079865_258715095.jpg,150079865,258715095,https://inaturalist-open-data.s3.amazonaws.com/photos/258715095/large.jpeg,cc0,no rights reserved,wildreturn,2023-02-19,2023-02-19T13:33:00-05:00,Ecuador,False,research,-0.5900943657,-78.007395764
inat_150079865_258715097.jpg,150079865,258715097,https://inaturalist-open-data.s3.amazonaws.com/photos/258715097/large.jpeg,cc0,no rights reserved,wildreturn,2023-02-19,2023-02-19T13:33:00-05:00,Ecuador,False,research,-0.5900943657,-78.007395764
inat_148730244_256169116.jpg,148730244,256169116,https://inaturalist-open-data.s3.amazonaws.com/photos/256169116/large.jpeg,cc-by-nc,"(c) Diego Amaya, some rights reserved (CC BY-NC)",diegoamaya,2023-02-12,2023-02-12T15:31:00-05:00,"Cundinamarca, CO",False,research,4.4669999862,-73.606829847
inat_148292942_255340654.jpg,148292942,255340654,https://inaturalist-open-data.s3.amazonaws.com/photos/255340654/large.png,cc-by,"(c) Alex Doyle, some rights reserved (CC BY)",alexjdoyle17,2023-01-21,2023-01-21T17:10:00-05:00,Ecuador,False,research,-0.538591523,-78.3845292405
inat_147946488_254674743.jpg,147946488,254674743,https://inaturalist-open-data.s3.amazonaws.com/photos/254674743/large.jpg,cc-by,"(c) Demian Hiß, some rights reserved (CC BY)",demianhiss,2022-09-29,2022-09-29T10:26:00-05:00,"Pichincha, EC",False,research,-0.1762456217,-78.7438282509
inat_147946488_254674751.jpg,147946488,254674751,https://inaturalist-open-data.s3.amazonaws.com/photos/254674751/large.jpg,cc-by,"(c) Demian Hiß, some rights reserved (CC BY)",demianhiss,2022-09-29,2022-09-29T10:26:00-05:00,"Pichincha, EC",False,research,-0.1762456217,-78.7438282509
inat_147946488_254674758.jpg,147946488,254674758,https://inaturalist-open-data.s3.amazonaws.com/photos/254674758/large.jpg,cc-by,"(c) Demian Hiß, some rights reserved (CC BY)",demianhiss,2022-09-29,2022-09-29T10:26:00-05:00,"Pichincha, EC",False,research,-0.1762456217,-78.7438282509
inat_147946488_254674764.jpg,147946488,254674764,https://inaturalist-open-data.s3.amazonaws.com/photos/254674764/large.jpg,cc-by,"(c) Demian Hiß, some rights reserved (CC BY)",demianhiss,2022-09-29,2022-09-29T10:26:00-05:00,"Pichincha, EC",False,research,-0.1762456217,-78.7438282509
inat_147946488_254674768.jpg,147946488,254674768,https://inaturalist-open-data.s3.amazonaws.com/photos/254674768/large.jpg,cc-by,"(c) Demian Hiß, some rights reserved (CC BY)",demianhiss,2022-09-29,2022-09-29T10:26:00-05:00,"Pichincha, EC",False,research,-0.1762456217,-78.7438282509
inat_147946488_254674773.jpg,147946488,254674773,https://inaturalist-open-data.s3.amazonaws.com/photos/254674773/large.jpg,cc-by,"(c) Demian Hiß, some rights reserved (CC BY)",demianhiss,2022-09-29,2022-09-29T10:26:00-05:00,"Pichincha, EC",False,research,-0.1762456217,-78.7438282509
inat_147946488_254674779.jpg,147946488,254674779,https://inaturalist-open-data.s3.amazonaws.com/photos/254674779/large.jpg,cc-by,"(c) Demian Hiß, some rights reserved (CC BY)",demianhiss,2022-09-29,2022-09-29T10:26:00-05:00,"Pichincha, EC",False,research,-0.1762456217,-78.7438282509
inat_147946488_254674784.jpg,147946488,254674784,https://inaturalist-open-data.s3.amazonaws.com/photos/254674784/large.jpg,cc-by,"(c) Demian Hiß, some rights reserved (CC BY)",demianhiss,2022-09-29,2022-09-29T10:26:00-05:00,"Pichincha, EC",False,research,-0.1762456217,-78.7438282509
inat_147946488_254674798.jpg,147946488,254674798,https://inaturalist-open-data.s3.amazonaws.com/photos/254674798/large.jpg,cc-by,"(c) Demian Hiß, some rights reserved (CC BY)",demianhiss,2022-09-29,2022-09-29T10:26:00-05:00,"Pichincha, EC",False,research,-0.1762456217,-78.7438282509
inat_147946488_254674817.jpg,147946488,254674817,https://inaturalist-open-data.s3.amazonaws.com/photos/254674817/large.jpg,cc-by,"(c) Demian Hiß, some rights reserved (CC BY)",demianhiss,2022-09-29,2022-09-29T10:26:00-05:00,"Pichincha, EC",False,research,-0.1762456217,-78.7438282509
inat_147401695_253633467.jpg,147401695,253633467,https://inaturalist-open-data.s3.amazonaws.com/photos/253633467/large.jpg,cc-by-nc,"(c) adimitriou, some rights reserved (CC BY-NC)",adimitriou,2023-01-24,2023-01-24T06:45:45-05:00,"Lambayeque, PE",False,research,-6.5196402823,-79.4702465924
inat_146487727_251859171.jpg,146487727,251859171,https://inaturalist-open-data.s3.amazonaws.com/photos/251859171/large.jpg,cc-by-nc,"(c) Maryse, some rights reserved (CC BY-NC)",rollier,2022-12-26,2022-12-26T07:58:00-05:00,Ecuador,False,research,-0.5188766937,-78.3655992922
inat_146487727_251859188.jpg,146487727,251859188,https://inaturalist-open-data.s3.amazonaws.com/photos/251859188/large.jpg,cc-by-nc,"(c) Maryse, some rights reserved (CC BY-NC)",rollier,2022-12-26,2022-12-26T07:58:00-05:00,Ecuador,False,research,-0.5188766937,-78.3655992922
inat_145193495_249363593.jpg,145193495,249363593,https://inaturalist-open-data.s3.amazonaws.com/photos/249363593/large.jpeg,cc-by-nc,"(c) Daniel Arias-Cruzatty, some rights reserved (CC BY-NC)",urban_funga,2022-12-27,2022-12-27T10:48:12-05:00,"Pichincha, EC",False,research,-0.2649166649,-78.2509367294
inat_145193495_249363606.jpg,145193495,249363606,https://inaturalist-open-data.s3.amazonaws.com/photos/249363606/large.jpeg,cc-by-nc,"(c) Daniel Arias-Cruzatty, some rights reserved (CC BY-NC)",urban_funga,2022-12-27,2022-12-27T10:48:12-05:00,"Pichincha, EC",False,research,-0.2649166649,-78.2509367294
inat_145193495_249363619.jpg,145193495,249363619,https://inaturalist-open-data.s3.amazonaws.com/photos/249363619/large.jpeg,cc-by-nc,"(c) Daniel Arias-Cruzatty, some rights reserved (CC BY-NC)",urban_funga,2022-12-27,2022-12-27T10:48:12-05:00,"Pichincha, EC",False,research,-0.2649166649,-78.2509367294
inat_145193495_249363638.jpg,145193495,249363638,https://inaturalist-open-data.s3.amazonaws.com/photos/249363638/large.jpeg,cc-by-nc,"(c) Daniel Arias-Cruzatty, some rights reserved (CC BY-NC)",urban_funga,2022-12-27,2022-12-27T10:48:12-05:00,"Pichincha, EC",False,research,-0.2649166649,-78.2509367294
inat_144824209_248650204.jpg,144824209,248650204,https://inaturalist-open-data.s3.amazonaws.com/photos/248650204/large.jpg,cc-by-nc,"(c) Tom Benson, some rights reserved (CC BY-NC)",thomasabenson,2022-12-04,2022-12-04T11:45:00-05:00,Ecuador,False,research,-0.5902623547,-78.3835841073
inat_144824209_248650196.jpg,144824209,248650196,https://inaturalist-open-data.s3.amazonaws.com/photos/248650196/large.jpg,cc-by-nc,"(c) Tom Benson, some rights reserved (CC BY-NC)",thomasabenson,2022-12-04,2022-12-04T11:45:00-05:00,Ecuador,False,research,-0.5902623547,-78.3835841073
inat_144551812_248116202.jpg,144551812,248116202,https://inaturalist-open-data.s3.amazonaws.com/photos/248116202/large.jpeg,cc0,no rights reserved,efalquet,2022-09-16,2022-09-16T11:37:00-05:00,Ecuador,False,research,-0.374622422,-78.1239757251
inat_144551812_248116233.jpg,144551812,248116233,https://inaturalist-open-data.s3.amazonaws.com/photos/248116233/large.jpeg,cc0,no rights reserved,efalquet,2022-09-16,2022-09-16T11:37:00-05:00,Ecuador,False,research,-0.374622422,-78.1239757251
inat_143831934_246743032.jpg,143831934,246743032,https://inaturalist-open-data.s3.amazonaws.com/photos/246743032/large.jpeg,cc-by-nc,"(c) morrisoncreek, some rights reserved (CC BY-NC)",morrisoncreek,2022-10-27,2022-10-27T09:02:00-05:00,Ecuador,False,research,0.0889028821,-78.6203282347
inat_143831934_246743413.jpg,143831934,246743413,https://inaturalist-open-data.s3.amazonaws.com/photos/246743413/large.jpeg,cc-by-nc,"(c) morrisoncreek, some rights reserved (CC BY-NC)",morrisoncreek,2022-10-27,2022-10-27T09:02:00-05:00,Ecuador,False,research,0.0889028821,-78.6203282347
inat_143831934_246743435.jpg,143831934,246743435,https://inaturalist-open-data.s3.amazonaws.com/photos/246743435/large.jpeg,cc-by-nc,"(c) morrisoncreek, some rights reserved (CC BY-NC)",morrisoncreek,2022-10-27,2022-10-27T09:02:00-05:00,Ecuador,False,research,0.0889028821,-78.6203282347
inat_143831934_246743498.jpg,143831934,246743498,https://inaturalist-open-data.s3.amazonaws.com/photos/246743498/large.jpeg,cc-by-nc,"(c) morrisoncreek, some rights reserved (CC BY-NC)",morrisoncreek,2022-10-27,2022-10-27T09:02:00-05:00,Ecuador,False,research,0.0889028821,-78.6203282347
inat_143402188_245923509.jpg,143402188,245923509,https://inaturalist-open-data.s3.amazonaws.com/photos/245923509/large.jpeg,cc-by-nc,"(c) Emily Hjalmarson, some rights reserved (CC BY-NC)",ehjalmarson,2022-10-03,2022-10-03T10:38:00-05:00,"Pichincha, EC",False,research,-0.2899445369,-78.2799096022
inat_143217786_245594569.jpg,143217786,245594569,https://inaturalist-open-data.s3.amazonaws.com/photos/245594569/large.jpg,cc-by-nc,"(c) Verónica Quishpe, some rights reserved (CC BY-NC)",veromichelle,2022-10-01,2022-10-01T13:50:00-05:00,"Pichincha, EC",False,research,0.1435533031,-78.8766235214
inat_143217786_245594579.jpg,143217786,245594579,https://inaturalist-open-data.s3.amazonaws.com/photos/245594579/large.jpg,cc-by-nc,"(c) Verónica Quishpe, some rights reserved (CC BY-NC)",veromichelle,2022-10-01,2022-10-01T13:50:00-05:00,"Pichincha, EC",False,research,0.1435533031,-78.8766235214
inat_142112350_243602294.jpg,142112350,243602294,https://inaturalist-open-data.s3.amazonaws.com/photos/243602294/large.jpeg,cc-by-nc,"(c) Chris Bell, some rights reserved (CC BY-NC)",chriscolombia,2021-07-31,2021-07-31T07:30:00-05:00,"Cundinamarca, CO",False,research,4.7510924526,-73.9014683727
inat_142112350_243592605.jpg,142112350,243592605,https://inaturalist-open-data.s3.amazonaws.com/photos/243592605/large.jpeg,cc-by-nc,"(c) Chris Bell, some rights reserved (CC BY-NC)",chriscolombia,2021-07-31,2021-07-31T07:30:00-05:00,"Cundinamarca, CO",False,research,4.7510924526,-73.9014683727
inat_142108447_243585528.jpg,142108447,243585528,https://inaturalist-open-data.s3.amazonaws.com/photos/243585528/large.jpg,cc-by-nc,"(c) Jose Manuel, some rights reserved (CC BY-NC)",jmvaldenebro,2022-10-31,2022-10-31T15:04:40-05:00,"Paucartambo, PE-CS, PE",False,research,-13.1738380667,-71.5102994481
inat_142108447_243585536.jpg,142108447,243585536,https://inaturalist-open-data.s3.amazonaws.com/photos/243585536/large.jpg,cc-by-nc,"(c) Jose Manuel, some rights reserved (CC BY-NC)",jmvaldenebro,2022-10-31,2022-10-31T15:04:40-05:00,"Paucartambo, PE-CS, PE",False,research,-13.1738380667,-71.5102994481
inat_142108447_243586202.jpg,142108447,243586202,https://inaturalist-open-data.s3.amazonaws.com/photos/243586202/large.jpg,cc-by-nc,"(c) Jose Manuel, some rights reserved (CC BY-NC)",jmvaldenebro,2022-10-31,2022-10-31T15:04:40-05:00,"Paucartambo, PE-CS, PE",False,research,-13.1738380667,-71.5102994481
inat_141675855_242767473.jpg,141675855,242767473,https://inaturalist-open-data.s3.amazonaws.com/photos/242767473/large.jpeg,cc-by-nc,"(c) Remco Hofland, some rights reserved (CC BY-NC)",remco,2012-12-10,,Ecuador,False,research,0.1946025911,-78.654991012
inat_141675855_242956060.jpg,141675855,242956060,https://inaturalist-open-data.s3.amazonaws.com/photos/242956060/large.jpeg,cc-by-nc,"(c) Remco Hofland, some rights reserved (CC BY-NC)",remco,2012-12-10,,Ecuador,False,research,0.1946025911,-78.654991012
inat_141675855_242956061.jpg,141675855,242956061,https://inaturalist-open-data.s3.amazonaws.com/photos/242956061/large.jpeg,cc-by-nc,"(c) Remco Hofland, some rights reserved (CC BY-NC)",remco,2012-12-10,,Ecuador,False,research,0.1946025911,-78.654991012
inat_141675855_242956065.jpg,141675855,242956065,https://inaturalist-open-data.s3.amazonaws.com/photos/242956065/large.jpeg,cc-by-nc,"(c) Remco Hofland, some rights reserved (CC BY-NC)",remco,2012-12-10,,Ecuador,False,research,0.1946025911,-78.654991012
inat_141675855_242956067.jpg,141675855,242956067,https://inaturalist-open-data.s3.amazonaws.com/photos/242956067/large.jpeg,cc-by-nc,"(c) Remco Hofland, some rights reserved (CC BY-NC)",remco,2012-12-10,,Ecuador,False,research,0.1946025911,-78.654991012
inat_141675855_242956068.jpg,141675855,242956068,https://inaturalist-open-data.s3.amazonaws.com/photos/242956068/large.jpeg,cc-by-nc,"(c) Remco Hofland, some rights reserved (CC BY-NC)",remco,2012-12-10,,Ecuador,False,research,0.1946025911,-78.654991012
inat_141675855_242956072.jpg,141675855,242956072,https://inaturalist-open-data.s3.amazonaws.com/photos/242956072/large.jpeg,cc-by-nc,"(c) Remco Hofland, some rights reserved (CC BY-NC)",remco,2012-12-10,,Ecuador,False,research,0.1946025911,-78.654991012
inat_141675855_242956076.jpg,141675855,242956076,https://inaturalist-open-data.s3.amazonaws.com/photos/242956076/large.jpeg,cc-by-nc,"(c) Remco Hofland, some rights reserved (CC BY-NC)",remco,2012-12-10,,Ecuador,False,research,0.1946025911,-78.654991012
inat_141675855_242956080.jpg,141675855,242956080,https://inaturalist-open-data.s3.amazonaws.com/photos/242956080/large.jpeg,cc-by-nc,"(c) Remco Hofland, some rights reserved (CC BY-NC)",remco,2012-12-10,,Ecuador,False,research,0.1946025911,-78.654991012
inat_141675855_242956086.jpg,141675855,242956086,https://inaturalist-open-data.s3.amazonaws.com/photos/242956086/large.jpeg,cc-by-nc,"(c) Remco Hofland, some rights reserved (CC BY-NC)",remco,2012-12-10,,Ecuador,False,research,0.1946025911,-78.654991012
inat_141675855_242956088.jpg,141675855,242956088,https://inaturalist-open-data.s3.amazonaws.com/photos/242956088/large.jpeg,cc-by-nc,"(c) Remco Hofland, some rights reserved (CC BY-NC)",remco,2012-12-10,,Ecuador,False,research,0.1946025911,-78.654991012
inat_141675855_242956090.jpg,141675855,242956090,https://inaturalist-open-data.s3.amazonaws.com/photos/242956090/large.jpeg,cc-by-nc,"(c) Remco Hofland, some rights reserved (CC BY-NC)",remco,2012-12-10,,Ecuador,False,research,0.1946025911,-78.654991012
inat_141675855_242956092.jpg,141675855,242956092,https://inaturalist-open-data.s3.amazonaws.com/photos/242956092/large.jpeg,cc-by-nc,"(c) Remco Hofland, some rights reserved (CC BY-NC)",remco,2012-12-10,,Ecuador,False,research,0.1946025911,-78.654991012
inat_141675855_242956094.jpg,141675855,242956094,https://inaturalist-open-data.s3.amazonaws.com/photos/242956094/large.jpeg,cc-by-nc,"(c) Remco Hofland, some rights reserved (CC BY-NC)",remco,2012-12-10,,Ecuador,False,research,0.1946025911,-78.654991012
inat_141675855_242956098.jpg,141675855,242956098,https://inaturalist-open-data.s3.amazonaws.com/photos/242956098/large.jpeg,cc-by-nc,"(c) Remco Hofland, some rights reserved (CC BY-NC)",remco,2012-12-10,,Ecuador,False,research,0.1946025911,-78.654991012
inat_141675855_242956102.jpg,141675855,242956102,https://inaturalist-open-data.s3.amazonaws.com/photos/242956102/large.jpeg,cc-by-nc,"(c) Remco Hofland, some rights reserved (CC BY-NC)",remco,2012-12-10,,Ecuador,False,research,0.1946025911,-78.654991012
inat_141675854_242767458.jpg,141675854,242767458,https://inaturalist-open-data.s3.amazonaws.com/photos/242767458/large.jpeg,cc-by-nc,"(c) Remco Hofland, some rights reserved (CC BY-NC)",remco,2012-12-10,,Ecuador,False,research,0.0704348288,-78.7944939963
inat_141675854_242955263.jpg,141675854,242955263,https://inaturalist-open-data.s3.amazonaws.com/photos/242955263/large.jpeg,cc-by-nc,"(c) Remco Hofland, some rights reserved (CC BY-NC)",remco,2012-12-10,,Ecuador,False,research,0.0704348288,-78.7944939963
inat_141675854_242955265.jpg,141675854,242955265,https://inaturalist-open-data.s3.amazonaws.com/photos/242955265/large.jpeg,cc-by-nc,"(c) Remco Hofland, some rights reserved (CC BY-NC)",remco,2012-12-10,,Ecuador,False,research,0.0704348288,-78.7944939963
inat_141675854_242955267.jpg,141675854,242955267,https://inaturalist-open-data.s3.amazonaws.com/photos/242955267/large.jpeg,cc-by-nc,"(c) Remco Hofland, some rights reserved (CC BY-NC)",remco,2012-12-10,,Ecuador,False,research,0.0704348288,-78.7944939963
inat_141675854_242955266.jpg,141675854,242955266,https://inaturalist-open-data.s3.amazonaws.com/photos/242955266/large.jpeg,cc-by-nc,"(c) Remco Hofland, some rights reserved (CC BY-NC)",remco,2012-12-10,,Ecuador,False,research,0.0704348288,-78.7944939963
inat_141675854_242955269.jpg,141675854,242955269,https://inaturalist-open-data.s3.amazonaws.com/photos/242955269/large.jpeg,cc-by-nc,"(c) Remco Hofland, some rights reserved (CC BY-NC)",remco,2012-12-10,,Ecuador,False,research,0.0704348288,-78.7944939963
inat_141675854_242955270.jpg,141675854,242955270,https://inaturalist-open-data.s3.amazonaws.com/photos/242955270/large.jpeg,cc-by-nc,"(c) Remco Hofland, some rights reserved (CC BY-NC)",remco,2012-12-10,,Ecuador,False,research,0.0704348288,-78.7944939963
inat_141675854_242955271.jpg,141675854,242955271,https://inaturalist-open-data.s3.amazonaws.com/photos/242955271/large.jpeg,cc-by-nc,"(c) Remco Hofland, some rights reserved (CC BY-NC)",remco,2012-12-10,,Ecuador,False,research,0.0704348288,-78.7944939963
inat_141675854_242955272.jpg,141675854,242955272,https://inaturalist-open-data.s3.amazonaws.com/photos/242955272/large.jpeg,cc-by-nc,"(c) Remco Hofland, some rights reserved (CC BY-NC)",remco,2012-12-10,,Ecuador,False,research,0.0704348288,-78.7944939963
inat_141675852_242767437.jpg,141675852,242767437,https://inaturalist-open-data.s3.amazonaws.com/photos/242767437/large.jpeg,cc-by-nc,"(c) Remco Hofland, some rights reserved (CC BY-NC)",remco,2012-12-10,,Ecuador,False,research,0.0614764851,-78.7727895041
inat_141675849_242767426.jpg,141675849,242767426,https://inaturalist-open-data.s3.amazonaws.com/photos/242767426/large.jpeg,cc-by-nc,"(c) Remco Hofland, some rights reserved (CC BY-NC)",remco,2012-12-10,,Ecuador,False,research,0.1122797277,-78.6023129792
inat_141675849_242953837.jpg,141675849,242953837,https://inaturalist-open-data.s3.amazonaws.com/photos/242953837/large.jpeg,cc-by-nc,"(c) Remco Hofland, some rights reserved (CC BY-NC)",remco,2012-12-10,,Ecuador,False,research,0.1122797277,-78.6023129792
inat_141675849_242953840.jpg,141675849,242953840,https://inaturalist-open-data.s3.amazonaws.com/photos/242953840/large.jpeg,cc-by-nc,"(c) Remco Hofland, some rights reserved (CC BY-NC)",remco,2012-12-10,,Ecuador,False,research,0.1122797277,-78.6023129792
inat_141675849_242953841.jpg,141675849,242953841,https://inaturalist-open-data.s3.amazonaws.com/photos/242953841/large.jpeg,cc-by-nc,"(c) Remco Hofland, some rights reserved (CC BY-NC)",remco,2012-12-10,,Ecuador,False,research,0.1122797277,-78.6023129792
inat_141675849_242953843.jpg,141675849,242953843,https://inaturalist-open-data.s3.amazonaws.com/photos/242953843/large.jpeg,cc-by-nc,"(c) Remco Hofland, some rights reserved (CC BY-NC)",remco,2012-12-10,,Ecuador,False,research,0.1122797277,-78.6023129792
inat_141675849_242953845.jpg,141675849,242953845,https://inaturalist-open-data.s3.amazonaws.com/photos/242953845/large.jpeg,cc-by-nc,"(c) Remco Hofland, some rights reserved (CC BY-NC)",remco,2012-12-10,,Ecuador,False,research,0.1122797277,-78.6023129792
inat_141675849_242953846.jpg,141675849,242953846,https://inaturalist-open-data.s3.amazonaws.com/photos/242953846/large.jpeg,cc-by-nc,"(c) Remco Hofland, some rights reserved (CC BY-NC)",remco,2012-12-10,,Ecuador,False,research,0.1122797277,-78.6023129792
inat_141672991_242758748.jpg,141672991,242758748,https://inaturalist-open-data.s3.amazonaws.com/photos/242758748/large.jpeg,cc0,no rights reserved,ruthgo,2022-10-31,2022-10-31T15:02:00-05:00,Peru,False,research,-12.2510092059,-71.7322916474
inat_141672989_242758733.jpg,141672989,242758733,https://inaturalist-open-data.s3.amazonaws.com/photos/242758733/large.jpeg,cc0,no rights reserved,ruthgo,2022-10-31,2022-10-31T15:01:00-05:00,Peru,False,research,-12.2385586248,-71.6854018635
inat_141614165_242647339.jpg,141614165,242647339,https://inaturalist-open-data.s3.amazonaws.com/photos/242647339/large.jpg,cc-by,"(c) David F. Belmonte, some rights reserved (CC BY)",davidfbelmonte,2022-10-31,2022-10-31T14:52:00-05:00,"Paucartambo, PE-CS, PE",False,research,-13.0305627463,-71.4190696541
inat_139978264_239521771.jpg,139978264,239521771,https://inaturalist-open-data.s3.amazonaws.com/photos/239521771/large.jpg,cc-by-nc,"(c) Jose Granizo, some rights reserved (CC BY-NC)",josegranizo,2022-10-03,2022-10-03T10:57:00-05:00,"Pichincha, EC",False,research,-0.3972590985,-78.368520474
inat_139978264_239521818.jpg,139978264,239521818,https://inaturalist-open-data.s3.amazonaws.com/photos/239521818/large.jpg,cc-by-nc,"(c) Jose Granizo, some rights reserved (CC BY-NC)",josegranizo,2022-10-03,2022-10-03T10:57:00-05:00,"Pichincha, EC",False,research,-0.3972590985,-78.368520474
inat_139978264_239521845.jpg,139978264,239521845,https://inaturalist-open-data.s3.amazonaws.com/photos/239521845/large.jpg,cc-by-nc,"(c) Jose Granizo, some rights reserved (CC BY-NC)",josegranizo,2022-10-03,2022-10-03T10:57:00-05:00,"Pichincha, EC",False,research,-0.3972590985,-78.368520474
inat_139978264_239521901.jpg,139978264,239521901,https://inaturalist-open-data.s3.amazonaws.com/photos/239521901/large.jpg,cc-by-nc,"(c) Jose Granizo, some rights reserved (CC BY-NC)",josegranizo,2022-10-03,2022-10-03T10:57:00-05:00,"Pichincha, EC",False,research,-0.3972590985,-78.368520474
inat_139971714_239512537.jpg,139971714,239512537,https://inaturalist-open-data.s3.amazonaws.com/photos/239512537/large.jpeg,cc-by-nc,"(c) Holger Beck, some rights reserved (CC BY-NC)",holgerbeck,2022-10-23,2022-10-23T11:00:00-05:00,Ecuador,False,research,0.0337992676,-78.6629031566
inat_139761947_239109191.jpg,139761947,239109191,https://inaturalist-open-data.s3.amazonaws.com/photos/239109191/large.jpg,cc-by-nc,"(c) Alex Reynolds, some rights reserved (CC BY-NC)",bosquenublado,2022-06-17,2022-06-17T12:14:00-05:00,Ecuador,False,research,0.2295963764,-78.4024969575
inat_139761947_239109207.jpg,139761947,239109207,https://inaturalist-open-data.s3.amazonaws.com/photos/239109207/large.jpg,cc-by-nc,"(c) Alex Reynolds, some rights reserved (CC BY-NC)",bosquenublado,2022-06-17,2022-06-17T12:14:00-05:00,Ecuador,False,research,0.2295963764,-78.4024969575
inat_139469902_243492616.jpg,139469902,243492616,https://inaturalist-open-data.s3.amazonaws.com/photos/243492616/large.jpeg,cc-by-nc,"(c) dirkmaes, some rights reserved (CC BY-NC)",dirkmaes,2022-10-19,2022-10-19T13:00:01-05:00,"Napo, EC",False,research,-0.2026368749,-78.1829345472
inat_139469902_243924669.jpg,139469902,243924669,https://inaturalist-open-data.s3.amazonaws.com/photos/243924669/large.jpg,cc-by-nc,"(c) dirkmaes, some rights reserved (CC BY-NC)",dirkmaes,2022-10-19,2022-10-19T13:00:01-05:00,"Napo, EC",False,research,-0.2026368749,-78.1829345472
inat_139213364_238069116.jpg,139213364,238069116,https://inaturalist-open-data.s3.amazonaws.com/photos/238069116/large.jpeg,cc-by-nc,"(c) michaelclarke4, some rights reserved (CC BY-NC)",michaelclarke4,2022-09-11,2022-09-11T11:48:37-05:00,Ecuador,False,research,0.0185138648,-78.6379102232
inat_136766218_233468247.jpg,136766218,233468247,https://inaturalist-open-data.s3.amazonaws.com/photos/233468247/large.jpg,cc-by-nc,"(c) daniela-perez-, some rights reserved (CC BY-NC)",daniela-perez-,2022-09-25,2022-09-25T09:08:00-05:00,"Pichincha, EC",False,research,-0.3140411771,-78.246552421
inat_136649140_233244898.jpg,136649140,233244898,https://inaturalist-open-data.s3.amazonaws.com/photos/233244898/large.jpeg,cc-by-nc,"(c) yohao_ovalle, some rights reserved (CC BY-NC)",yohao_ovalle,2022-08-05,2022-08-05T18:10:00-05:00,Colombia,False,research,10.1596466199,-72.8918101374
inat_135695726_231474886.jpg,135695726,231474886,https://inaturalist-open-data.s3.amazonaws.com/photos/231474886/large.jpeg,cc-by-nc,"(c) Jorge L. Peña, some rights reserved (CC BY-NC)",jlpena87,2011-03-20,2011-03-20T17:39:00-05:00,Colombia,False,research,1.7966788025,-76.3928858994
inat_133361772_227143102.jpg,133361772,227143102,https://inaturalist-open-data.s3.amazonaws.com/photos/227143102/large.jpeg,cc0,no rights reserved,eldirko,2022-08-11,2022-08-11T15:57:00-04:00,"Chapare, BO-CB, BO",False,research,-17.3987830415,-65.9309970576
inat_133281813_227003139.jpg,133281813,227003139,https://inaturalist-open-data.s3.amazonaws.com/photos/227003139/large.jpeg,cc-by-nc,"(c) Suze LdA, some rights reserved (CC BY-NC)",setlda,2022-09-01,2022-09-01T20:09:00-05:00,Ecuador,False,research,-0.5679998164,-78.3779341602
inat_131403325_223613368.jpg,131403325,223613368,https://inaturalist-open-data.s3.amazonaws.com/photos/223613368/large.jpg,cc-by-nc,"(c) rocio_vargas, some rights reserved (CC BY-NC)",rocio_vargas,2022-03-16,2022-03-16T15:55:00-05:00,Ecuador,False,research,-0.3298795768,-78.1051951429
inat_131403325_223613635.jpg,131403325,223613635,https://inaturalist-open-data.s3.amazonaws.com/photos/223613635/large.jpg,cc-by-nc,"(c) rocio_vargas, some rights reserved (CC BY-NC)",rocio_vargas,2022-03-16,2022-03-16T15:55:00-05:00,Ecuador,False,research,-0.3298795768,-78.1051951429
inat_131403325_223613707.jpg,131403325,223613707,https://inaturalist-open-data.s3.amazonaws.com/photos/223613707/large.jpg,cc-by-nc,"(c) rocio_vargas, some rights reserved (CC BY-NC)",rocio_vargas,2022-03-16,2022-03-16T15:55:00-05:00,Ecuador,False,research,-0.3298795768,-78.1051951429
inat_128546441_218353421.jpg,128546441,218353421,https://inaturalist-open-data.s3.amazonaws.com/photos/218353421/large.jpeg,cc-by-nc,"(c) Manuel Ruedi, some rights reserved (CC BY-NC)",manuel_ruedi,2022-07-16,2022-07-16T16:44:00-05:00,"Pichincha, EC",False,research,-0.3148013921,-78.2106368018
inat_128542087_218349836.jpg,128542087,218349836,https://inaturalist-open-data.s3.amazonaws.com/photos/218349836/large.jpeg,cc-by-nc,"(c) Manuel Ruedi, some rights reserved (CC BY-NC)",manuel_ruedi,2022-07-27,2022-07-27T21:12:00-05:00,Ecuador,False,research,-0.5128511343,-78.3317405575
inat_126666811_214940566.jpg,126666811,214940566,https://inaturalist-open-data.s3.amazonaws.com/photos/214940566/large.jpg,cc-by-nc,"(c) David Torres, some rights reserved (CC BY-NC)",dawicho,2022-07-16,2022-07-16T16:02:00-05:00,Ecuador,False,research,-0.3497190555,-78.0678749437
inat_126666811_214940605.jpg,126666811,214940605,https://inaturalist-open-data.s3.amazonaws.com/photos/214940605/large.jpg,cc-by-nc,"(c) David Torres, some rights reserved (CC BY-NC)",dawicho,2022-07-16,2022-07-16T16:02:00-05:00,Ecuador,False,research,-0.3497190555,-78.0678749437
inat_123905284_209956411.jpg,123905284,209956411,https://inaturalist-open-data.s3.amazonaws.com/photos/209956411/large.jpg,cc-by-nc,"(c) Holger Beck, some rights reserved (CC BY-NC)",holgerbeck,2022-06-24,2022-06-24T06:51:00-05:00,Ecuador,False,research,0.1136173362,-78.6548556233
inat_120446902_203713164.jpg,120446902,203713164,https://inaturalist-open-data.s3.amazonaws.com/photos/203713164/large.png,cc-by-nc,"(c) Barna Takats, some rights reserved (CC BY-NC)",beavisnail,2022-03-11,2022-03-11T19:49:00-05:00,Ecuador,False,research,-0.3149634771,-78.1244001555
inat_118989247_201102526.jpg,118989247,201102526,https://inaturalist-open-data.s3.amazonaws.com/photos/201102526/large.jpg,cc-by-nc,"(c) sandropv, some rights reserved (CC BY-NC)",sandropv,2022-05-27,2022-05-27T18:45:16-05:00,Ecuador,False,research,-0.347741762,-78.3568562191
inat_118989247_201102646.jpg,118989247,201102646,https://inaturalist-open-data.s3.amazonaws.com/photos/201102646/large.jpg,cc-by-nc,"(c) sandropv, some rights reserved (CC BY-NC)",sandropv,2022-05-27,2022-05-27T18:45:16-05:00,Ecuador,False,research,-0.347741762,-78.3568562191
inat_117944758_199230228.jpg,117944758,199230228,https://inaturalist-open-data.s3.amazonaws.com/photos/199230228/large.jpg,cc-by,"(c) desertnaturalist, some rights reserved (CC BY)",desertnaturalist,2021-07-11,2021-07-11T09:15:00-05:00,"Napo, EC",False,research,-0.3311636095,-78.092627634
inat_117944758_199230452.jpg,117944758,199230452,https://inaturalist-open-data.s3.amazonaws.com/photos/199230452/large.jpg,cc-by,"(c) desertnaturalist, some rights reserved (CC BY)",desertnaturalist,2021-07-11,2021-07-11T09:15:00-05:00,"Napo, EC",False,research,-0.3311636095,-78.092627634
inat_116757332_197115720.jpg,116757332,197115720,https://inaturalist-open-data.s3.amazonaws.com/photos/197115720/large.jpg,cc-by-nc,"(c) julisoto, some rights reserved (CC BY-NC)",julisoto,2022-02-10,2022-02-10T10:00:00-05:00,"Cauca, CO",False,research,2.4975798445,-76.2503011729
inat_116757332_197115733.jpg,116757332,197115733,https://inaturalist-open-data.s3.amazonaws.com/photos/197115733/large.jpg,cc-by-nc,"(c) julisoto, some rights reserved (CC BY-NC)",julisoto,2022-02-10,2022-02-10T10:00:00-05:00,"Cauca, CO",False,research,2.4975798445,-76.2503011729
inat_112237124_189572353.jpg,112237124,189572353,https://inaturalist-open-data.s3.amazonaws.com/photos/189572353/large.jpeg,cc-by-nc,"(c) Luis Chipantasi, some rights reserved (CC BY-NC)",uemm-chipantasiluis,2020-02-25,2020-02-25T08:41:39-05:00,Ecuador,False,research,0.0749565614,-78.5781477808
inat_112237124_189572362.jpg,112237124,189572362,https://inaturalist-open-data.s3.amazonaws.com/photos/189572362/large.jpeg,cc-by-nc,"(c) Luis Chipantasi, some rights reserved (CC BY-NC)",uemm-chipantasiluis,2020-02-25,2020-02-25T08:41:39-05:00,Ecuador,False,research,0.0749565614,-78.5781477808
inat_111974137_189082439.jpg,111974137,189082439,https://inaturalist-open-data.s3.amazonaws.com/photos/189082439/large.jpeg,cc-by-nc,"(c) estefaniaramirez_, some rights reserved (CC BY-NC)",estefaniaramirez_,2022-02-02,2022-02-02T15:26:00-05:00,"Cundinamarca, CO",False,research,4.6673487885,-73.9888177636
inat_111707116_188602366.jpg,111707116,188602366,https://inaturalist-open-data.s3.amazonaws.com/photos/188602366/large.jpg,cc-by-nc,"(c) drmbush, some rights reserved (CC BY-NC)",drmbush,2021-08-26,2021-08-26T06:47:00-04:00,"Napo, EC",False,research,-0.3698450001,-78.0593612046
inat_111406007_188064919.jpg,111406007,188064919,https://inaturalist-open-data.s3.amazonaws.com/photos/188064919/large.png,cc-by-nc,"(c) Armando Castellanos, some rights reserved (CC BY-NC)",armando_castellanos,2015-06-03,2015-06-03T07:36:00-05:00,"Napo, EC",False,research,-0.3152850732,-78.0781904446
inat_111313948_187898989.jpg,111313948,187898989,https://inaturalist-open-data.s3.amazonaws.com/photos/187898989/large.jpg,cc-by-nc,"(c) Armando Castellanos, some rights reserved (CC BY-NC)",armando_castellanos,2022-04-13,2022-04-13T10:33:00-05:00,Ecuador,False,research,-0.909256507,-78.2814348452
inat_109393417_184365586.jpg,109393417,184365586,https://inaturalist-open-data.s3.amazonaws.com/photos/184365586/large.jpg,cc-by-nc,"(c) grupo2_biodiversidad, some rights reserved (CC BY-NC)",grupo2_biodiversidad,2022-03-06,2022-03-06T10:01:00-05:00,"Cundinamarca, CO",False,research,4.541841339,-73.7831470986
inat_109334179_184255102.jpg,109334179,184255102,https://inaturalist-open-data.s3.amazonaws.com/photos/184255102/large.jpeg,cc-by-nc,"(c) taopina, some rights reserved (CC BY-NC)",taopina,2022-03-13,2022-03-13T08:39:00+00:00,Ecuador,False,research,-0.0997434332,-77.9260441291
inat_109334179_184255110.jpg,109334179,184255110,https://inaturalist-open-data.s3.amazonaws.com/photos/184255110/large.jpeg,cc-by-nc,"(c) taopina, some rights reserved (CC BY-NC)",taopina,2022-03-13,2022-03-13T08:39:00+00:00,Ecuador,False,research,-0.0997434332,-77.9260441291
inat_109296502_184185034.jpg,109296502,184185034,https://inaturalist-open-data.s3.amazonaws.com/photos/184185034/large.jpeg,cc-by-nc,"(c) grupo4biouros, some rights reserved (CC BY-NC)",grupo4biouros,2022-03-23,2022-03-23T16:41:00+00:00,"Cundinamarca, CO",False,research,4.5473141961,-73.7719226384
inat_109296502_184185045.jpg,109296502,184185045,https://inaturalist-open-data.s3.amazonaws.com/photos/184185045/large.jpeg,cc-by-nc,"(c) grupo4biouros, some rights reserved (CC BY-NC)",grupo4biouros,2022-03-23,2022-03-23T16:41:00+00:00,"Cundinamarca, CO",False,research,4.5473141961,-73.7719226384
inat_108967364_183567257.jpg,108967364,183567257,https://inaturalist-open-data.s3.amazonaws.com/photos/183567257/large.jpg,cc-by-nc,"(c) hyperiodic, some rights reserved (CC BY-NC)",hyperiodic,2019-04-17,2019-04-17T12:20:00-07:00,"Pichincha, EC",False,research,-0.3608761623,-78.2445018449
inat_108967364_183567380.jpg,108967364,183567380,https://inaturalist-open-data.s3.amazonaws.com/photos/183567380/large.jpeg,cc-by-nc,"(c) hyperiodic, some rights reserved (CC BY-NC)",hyperiodic,2019-04-17,2019-04-17T12:20:00-07:00,"Pichincha, EC",False,research,-0.3608761623,-78.2445018449
inat_108764701_183188138.jpg,108764701,183188138,https://inaturalist-open-data.s3.amazonaws.com/photos/183188138/large.jpeg,cc-by-nc,"(c) taopina, some rights reserved (CC BY-NC)",taopina,2022-03-13,2022-03-13T13:59:58+00:00,"Pichincha, EC",False,research,-0.3004321524,-78.3184327597
inat_108751448_183162806.jpg,108751448,183162806,https://inaturalist-open-data.s3.amazonaws.com/photos/183162806/large.jpeg,cc-by-nc,"(c) William Hull, some rights reserved (CC BY-NC)",mangoverde,2022-03-06,2022-03-06T11:33:00-05:00,"Pichincha, EC",False,research,-0.3790806118,-78.3432271943
inat_108751448_183162812.jpg,108751448,183162812,https://inaturalist-open-data.s3.amazonaws.com/photos/183162812/large.jpeg,cc-by-nc,"(c) William Hull, some rights reserved (CC BY-NC)",mangoverde,2022-03-06,2022-03-06T11:33:00-05:00,"Pichincha, EC",False,research,-0.3790806118,-78.3432271943
inat_108751448_183162795.jpg,108751448,183162795,https://inaturalist-open-data.s3.amazonaws.com/photos/183162795/large.jpeg,cc-by-nc,"(c) William Hull, some rights reserved (CC BY-NC)",mangoverde,2022-03-06,2022-03-06T11:33:00-05:00,"Pichincha, EC",False,research,-0.3790806118,-78.3432271943
inat_108694340_183055262.jpg,108694340,183055262,https://inaturalist-open-data.s3.amazonaws.com/photos/183055262/large.jpg,cc-by-nc,"(c) jonahpeckham, some rights reserved (CC BY-NC)",jonahpeckham,2022-03-13,2022-03-13T09:30:00-04:00,"Napo, EC",False,research,-0.5891784047,-78.1291083438
inat_108510091_182707831.jpg,108510091,182707831,https://inaturalist-open-data.s3.amazonaws.com/photos/182707831/large.jpeg,cc-by-nc,"(c) David Torres, some rights reserved (CC BY-NC)",dawicho,2022-03-12,2022-03-12T10:46:42-05:00,Ecuador,False,research,-0.3111356258,-78.2248729033
inat_108196234_182120433.jpg,108196234,182120433,https://inaturalist-open-data.s3.amazonaws.com/photos/182120433/large.jpeg,cc-by-nc,"(c) Juan Sebastián Quintero, some rights reserved (CC BY-NC)",jnsco1212,2022-03-08,2022-03-08T15:37:08-05:00,"Santander, CO",False,research,7.0283841134,-73.0338242656
inat_108196234_182120447.jpg,108196234,182120447,https://inaturalist-open-data.s3.amazonaws.com/photos/182120447/large.jpeg,cc-by-nc,"(c) Juan Sebastián Quintero, some rights reserved (CC BY-NC)",jnsco1212,2022-03-08,2022-03-08T15:37:08-05:00,"Santander, CO",False,research,7.0283841134,-73.0338242656
inat_108196234_182120560.jpg,108196234,182120560,https://inaturalist-open-data.s3.amazonaws.com/photos/182120560/large.jpeg,cc-by-nc,"(c) Juan Sebastián Quintero, some rights reserved (CC BY-NC)",jnsco1212,2022-03-08,2022-03-08T15:37:08-05:00,"Santander, CO",False,research,7.0283841134,-73.0338242656
inat_108196234_182120570.jpg,108196234,182120570,https://inaturalist-open-data.s3.amazonaws.com/photos/182120570/large.jpeg,cc-by-nc,"(c) Juan Sebastián Quintero, some rights reserved (CC BY-NC)",jnsco1212,2022-03-08,2022-03-08T15:37:08-05:00,"Santander, CO",False,research,7.0283841134,-73.0338242656
inat_107670892_181136391.jpg,107670892,181136391,https://inaturalist-open-data.s3.amazonaws.com/photos/181136391/large.jpg,cc-by-nc,"(c) Luis Yupa, some rights reserved (CC BY-NC)",luisyupa,2022-02-18,2022-02-18T13:41:00-05:00,"Napo, EC",False,research,-0.4236219431,-78.0219259511
inat_104887017_175852607.jpg,104887017,175852607,https://inaturalist-open-data.s3.amazonaws.com/photos/175852607/large.jpeg,cc-by-nc,"(c) Nelson Apolo, some rights reserved (CC BY-NC)",ecuadornaturetours,2021-08-25,2021-08-25T18:11:07+00:00,"Pichincha, EC",False,research,-0.2865573131,-78.2686583693
inat_104572899_175251949.jpg,104572899,175251949,https://inaturalist-open-data.s3.amazonaws.com/photos/175251949/large.jpg,cc-by-nc,"(c) Peter Blancher, some rights reserved (CC BY-NC)",blancherp,2021-12-06,2021-12-06T16:44:00-05:00,"Pichincha, EC",False,research,-0.3483135701,-78.380940014
inat_104572898_175251947.jpg,104572898,175251947,https://inaturalist-open-data.s3.amazonaws.com/photos/175251947/large.jpg,cc-by-nc,"(c) Peter Blancher, some rights reserved (CC BY-NC)",blancherp,2021-12-06,2021-12-06T17:06:00-05:00,"Pichincha, EC",False,research,-0.2172783034,-78.3009195893
inat_104436233_174991867.jpg,104436233,174991867,https://inaturalist-open-data.s3.amazonaws.com/photos/174991867/large.jpeg,cc-by-nc,"(c) Bill Crins, some rights reserved (CC BY-NC)",wjcrins,2011-11-09,2011-11-09T11:23:00-05:00,"Lambayeque, PE",False,research,-6.5107218602,-79.5680913879
inat_104436233_174994135.jpg,104436233,174994135,https://inaturalist-open-data.s3.amazonaws.com/photos/174994135/large.jpeg,cc-by-nc,"(c) Bill Crins, some rights reserved (CC BY-NC)",wjcrins,2011-11-09,2011-11-09T11:23:00-05:00,"Lambayeque, PE",False,research,-6.5107218602,-79.5680913879
inat_104436233_174994137.jpg,104436233,174994137,https://inaturalist-open-data.s3.amazonaws.com/photos/174994137/large.jpeg,cc-by-nc,"(c) Bill Crins, some rights reserved (CC BY-NC)",wjcrins,2011-11-09,2011-11-09T11:23:00-05:00,"Lambayeque, PE",False,research,-6.5107218602,-79.5680913879
inat_104063509_174317541.jpg,104063509,174317541,https://inaturalist-open-data.s3.amazonaws.com/photos/174317541/large.jpeg,cc-by-nc,"(c) Barna Takats, some rights reserved (CC BY-NC)",beavisnail,2021-11-03,2021-11-03T11:38:00+00:00,Ecuador,False,research,0.1867859005,-78.7919264109
inat_103617339_173423568.jpg,103617339,173423568,https://inaturalist-open-data.s3.amazonaws.com/photos/173423568/large.jpeg,cc-by-nc,"(c) Jack Farley, some rights reserved (CC BY-NC)",jfarley25,2021-10-08,2021-10-08T13:14:00-04:00,Ecuador,False,research,0.0308330167,-78.786153417
inat_102630828_171604260.jpg,102630828,171604260,https://inaturalist-open-data.s3.amazonaws.com/photos/171604260/large.jpeg,cc-by-nc,"(c) Donald Pendleton, some rights reserved (CC BY-NC)",toucan55,2021-12-06,2021-12-06T16:15:27-08:00,Ecuador,False,research,-0.2304355794,-78.0316622598
inat_102630828_171604266.jpg,102630828,171604266,https://inaturalist-open-data.s3.amazonaws.com/photos/171604266/large.jpeg,cc-by-nc,"(c) Donald Pendleton, some rights reserved (CC BY-NC)",toucan55,2021-12-06,2021-12-06T16:15:27-08:00,Ecuador,False,research,-0.2304355794,-78.0316622598
inat_102630828_171604278.jpg,102630828,171604278,https://inaturalist-open-data.s3.amazonaws.com/photos/171604278/large.jpeg,cc-by-nc,"(c) Donald Pendleton, some rights reserved (CC BY-NC)",toucan55,2021-12-06,2021-12-06T16:15:27-08:00,Ecuador,False,research,-0.2304355794,-78.0316622598
inat_102352111_171071810.jpg,102352111,171071810,https://inaturalist-open-data.s3.amazonaws.com/photos/171071810/large.jpeg,cc-by-nc,"(c) jose_luis_mena, some rights reserved (CC BY-NC)",jose_luis_mena,2021-11-10,2021-11-10T14:14:00-05:00,Ecuador,False,research,-3.4397133358,-79.7284680196
inat_102298789_170973074.jpg,102298789,170973074,https://inaturalist-open-data.s3.amazonaws.com/photos/170973074/large.jpg,cc-by-nc,"(c) alejandromacas, some rights reserved (CC BY-NC)",alejandromacas,2019-11-08,2019-11-08T08:51:00-05:00,Ecuador,False,research,-3.5802993389,-79.7349975295
inat_101823394_170091049.jpg,101823394,170091049,https://inaturalist-open-data.s3.amazonaws.com/photos/170091049/large.jpg,cc-by-nc,"(c) alejandromacas, some rights reserved (CC BY-NC)",alejandromacas,2019-04-05,2019-04-05T08:51:00-05:00,Ecuador,False,research,-3.5907967361,-79.7428391329
inat_101728832_169919723.jpg,101728832,169919723,https://inaturalist-open-data.s3.amazonaws.com/photos/169919723/large.jpeg,cc-by-nc,"(c) billtweit, some rights reserved (CC BY-NC)",billtweit,2021-11-05,2021-11-05T11:27:00-07:00,Ecuador,False,research,-0.2645247533,-78.3965049214
inat_101728832_169922803.jpg,101728832,169922803,https://inaturalist-open-data.s3.amazonaws.com/photos/169922803/large.jpeg,cc-by-nc,"(c) billtweit, some rights reserved (CC BY-NC)",billtweit,2021-11-05,2021-11-05T11:27:00-07:00,Ecuador,False,research,-0.2645247533,-78.3965049214
inat_101541869_169590449.jpg,101541869,169590449,https://inaturalist-open-data.s3.amazonaws.com/photos/169590449/large.jpeg,cc-by-nc,"(c) Holger Beck, some rights reserved (CC BY-NC)",holgerbeck,2021-11-17,2021-11-17T10:04:00-05:00,Ecuador,False,research,0.0192717193,-78.7020923264
inat_101293546_169152801.jpg,101293546,169152801,https://inaturalist-open-data.s3.amazonaws.com/photos/169152801/large.jpg,cc-by-nc,"(c) Darren and Claudia, some rights reserved (CC BY-NC)",dccopley,2021-11-15,2021-11-15T10:55:45-05:00,Ecuador,False,research,0.0134475592,-78.6014700569
inat_101293546_169152786.jpg,101293546,169152786,https://inaturalist-open-data.s3.amazonaws.com/photos/169152786/large.jpg,cc-by-nc,"(c) Darren and Claudia, some rights reserved (CC BY-NC)",dccopley,2021-11-15,2021-11-15T10:55:45-05:00,Ecuador,False,research,0.0134475592,-78.6014700569
inat_99645347_166153700.jpg,99645347,166153700,https://inaturalist-open-data.s3.amazonaws.com/photos/166153700/large.jpg,cc-by-nc,"(c) Howard Laidlaw, some rights reserved (CC BY-NC)",hlaidlaw,2021-10-23,2021-10-23T09:50:00-05:00,Ecuador,False,research,-0.2731157444,-78.363619442
inat_99549905_165975083.jpg,99549905,165975083,https://inaturalist-open-data.s3.amazonaws.com/photos/165975083/large.jpeg,cc-by,"(c) Jonathan Candil Méndez, some rights reserved (CC BY)",jcandilm,2021-10-09,2021-10-09T13:08:00-05:00,"Cundinamarca, CO",False,research,4.9860466623,-73.8267640271
inat_99109154_165160691.jpg,99109154,165160691,https://inaturalist-open-data.s3.amazonaws.com/photos/165160691/large.jpeg,cc-by-nc,"(c) simonmrog, some rights reserved (CC BY-NC)",simonmrog,2021-07-20,2021-07-20T18:27:02-05:00,"Antioquia, CO",False,research,7.0103126026,-75.8050514823
inat_98670528_164334614.jpg,98670528,164334614,https://inaturalist-open-data.s3.amazonaws.com/photos/164334614/large.jpeg,cc-by-nc,"(c) Luis Yupa, some rights reserved (CC BY-NC)",luisyupa,2021-10-18,2021-10-18T12:19:00-05:00,"Pichincha, EC",False,research,-0.213407462,-78.3179665694
inat_98670528_164334906.jpg,98670528,164334906,https://inaturalist-open-data.s3.amazonaws.com/photos/164334906/large.jpeg,cc-by-nc,"(c) Luis Yupa, some rights reserved (CC BY-NC)",luisyupa,2021-10-18,2021-10-18T12:19:00-05:00,"Pichincha, EC",False,research,-0.213407462,-78.3179665694
inat_98639476_164270301.jpg,98639476,164270301,https://inaturalist-open-data.s3.amazonaws.com/photos/164270301/large.jpeg,cc-by-nc,"(c) Holger Beck, some rights reserved (CC BY-NC)",holgerbeck,2021-10-16,2021-10-16T12:43:00-05:00,Ecuador,False,research,0.181093722,-78.726034459
inat_97400266_161976305.jpg,97400266,161976305,https://inaturalist-open-data.s3.amazonaws.com/photos/161976305/large.jpeg,cc-by-nc,"(c) Bill Crins, some rights reserved (CC BY-NC)",wjcrins,2013-02-04,2013-02-04T08:17:00-05:00,Colombia,False,research,5.171822799,-75.4151392099
inat_97319000_161830515.jpg,97319000,161830515,https://inaturalist-open-data.s3.amazonaws.com/photos/161830515/large.jpeg,cc-by-nc,"(c) Daniel Higuita Tamayo, some rights reserved (CC BY-NC)",higuita,2021-10-05,2021-10-05T07:33:00-05:00,"Antioquia, CO",False,research,6.5077750878,-76.0524615647
inat_97319000_161830533.jpg,97319000,161830533,https://inaturalist-open-data.s3.amazonaws.com/photos/161830533/large.jpeg,cc-by-nc,"(c) Daniel Higuita Tamayo, some rights reserved (CC BY-NC)",higuita,2021-10-05,2021-10-05T07:33:00-05:00,"Antioquia, CO",False,research,6.5077750878,-76.0524615647
inat_97319000_161830545.jpg,97319000,161830545,https://inaturalist-open-data.s3.amazonaws.com/photos/161830545/large.jpeg,cc-by-nc,"(c) Daniel Higuita Tamayo, some rights reserved (CC BY-NC)",higuita,2021-10-05,2021-10-05T07:33:00-05:00,"Antioquia, CO",False,research,6.5077750878,-76.0524615647
inat_97319000_161830557.jpg,97319000,161830557,https://inaturalist-open-data.s3.amazonaws.com/photos/161830557/large.jpeg,cc-by-nc,"(c) Daniel Higuita Tamayo, some rights reserved (CC BY-NC)",higuita,2021-10-05,2021-10-05T07:33:00-05:00,"Antioquia, CO",False,research,6.5077750878,-76.0524615647
inat_97319000_161830573.jpg,97319000,161830573,https://inaturalist-open-data.s3.amazonaws.com/photos/161830573/large.jpeg,cc-by-nc,"(c) Daniel Higuita Tamayo, some rights reserved (CC BY-NC)",higuita,2021-10-05,2021-10-05T07:33:00-05:00,"Antioquia, CO",False,research,6.5077750878,-76.0524615647
inat_96432888_160206027.jpg,96432888,160206027,https://inaturalist-open-data.s3.amazonaws.com/photos/160206027/large.jpg,cc-by-nc,"(c) Bettina Arrigoni, some rights reserved (CC BY-NC)",bettina,2021-09-27,2021-09-27T16:00:19-05:00,Ecuador,False,research,-0.2884756728,-78.0335382535
inat_94945335_157557814.jpg,94945335,157557814,https://inaturalist-open-data.s3.amazonaws.com/photos/157557814/large.jpeg,cc-by-nc,"(c) eduardapaladines, some rights reserved (CC BY-NC)",eduardapaladines,2021-07-08,2021-07-08T17:21:00+00:00,Ecuador,False,research,-3.8117926752,-79.1459939168
inat_94784968_157264487.jpg,94784968,157264487,https://inaturalist-open-data.s3.amazonaws.com/photos/157264487/large.jpg,cc-by-nc,"(c) Lorena, some rights reserved (CC BY-NC)",lolavioleta,2015-08-19,2015-08-19T17:42:00-05:00,"Pichincha, EC",False,research,0.0672446956,-78.6221722994
inat_91872417_152032560.jpg,91872417,152032560,https://inaturalist-open-data.s3.amazonaws.com/photos/152032560/large.jpeg,cc-by-nc,"(c) fervaldezr, some rights reserved (CC BY-NC)",fervaldezr,2017-04-22,2017-04-22T06:42:00-05:00,"Huenuco, PE-HC, PE",False,research,-9.7511271156,-76.0245342355
inat_90085545_148838187.jpg,90085545,148838187,https://inaturalist-open-data.s3.amazonaws.com/photos/148838187/large.jpg,cc-by-nc,"(c) capepolly, some rights reserved (CC BY-NC)",capepolly,2021-07-31,2021-07-31T08:01:02-04:00,"Cundinamarca, CO",False,research,4.6130529309,-73.9166180224
inat_89412031_147647268.jpg,89412031,147647268,https://inaturalist-open-data.s3.amazonaws.com/photos/147647268/large.jpg,cc-by-nc,"(c) Galo Zapata Ríos, some rights reserved (CC BY-NC)",galozapatarios,2017-08-01,2017-08-01T13:10:00-05:00,Ecuador,False,research,-0.2097192295,-78.3427619724
inat_88943616_146818569.jpg,88943616,146818569,https://inaturalist-open-data.s3.amazonaws.com/photos/146818569/large.jpeg,cc-by-nc,"(c) rhcarvajal, some rights reserved (CC BY-NC)",rhcarvajal,2021-05-11,2021-05-11T13:18:00-05:00,Ecuador,False,research,-1.3691603173,-78.4223663679
inat_88943615_146818538.jpg,88943615,146818538,https://inaturalist-open-data.s3.amazonaws.com/photos/146818538/large.jpeg,cc-by-nc,"(c) rhcarvajal, some rights reserved (CC BY-NC)",rhcarvajal,2021-05-11,2021-05-11T13:18:00-05:00,Ecuador,False,research,-1.2881446256,-78.5525337622
inat_88943612_146818508.jpg,88943612,146818508,https://inaturalist-open-data.s3.amazonaws.com/photos/146818508/large.jpeg,cc-by-nc,"(c) rhcarvajal, some rights reserved (CC BY-NC)",rhcarvajal,2021-05-11,2021-05-11T13:18:00-05:00,Ecuador,False,research,-1.3778620382,-78.4736266528
inat_87003478_143419381.jpg,87003478,143419381,https://inaturalist-open-data.s3.amazonaws.com/photos/143419381/large.jpg,cc-by-nc,"(c) Nick Ebanks, some rights reserved (CC BY-NC)",nickevision,2021-03-12,2021-03-12T17:21:00+00:00,"Pichincha, EC",False,research,-0.1720704095,-78.7482744318
inat_86459237_142431902.jpg,86459237,142431902,https://inaturalist-open-data.s3.amazonaws.com/photos/142431902/large.jpeg,cc-by-nc,"(c) Galo Zapata Ríos, some rights reserved (CC BY-NC)",galozapatarios,2011-03-31,2011-03-31T10:23:00-05:00,Ecuador,False,research,0.0747981422,-77.8193799095
inat_83581046_137286429.jpg,83581046,137286429,https://inaturalist-open-data.s3.amazonaws.com/photos/137286429/large.jpg,cc-by-nc,"(c) joel_calapina, some rights reserved (CC BY-NC)",joel_calapina,2021-06-05,2021-06-05T20:33:00-05:00,Ecuador,False,research,-0.996617816,-78.2630579815
inat_82444676_135310724.jpg,82444676,135310724,https://inaturalist-open-data.s3.amazonaws.com/photos/135310724/large.png,cc-by-nc,"(c) Catalina, some rights reserved (CC BY-NC)",cataarangod,2021-05-13,2021-05-13T12:26:00-05:00,"Cundinamarca, CO",False,research,4.6007808681,-73.8881979338
inat_80101886_131257849.jpg,80101886,131257849,https://inaturalist-open-data.s3.amazonaws.com/photos/131257849/large.jpeg,cc-by-nc,"(c) Santiago Salazar, some rights reserved (CC BY-NC)",neotropical_nature_birding,2020-05-02,,Ecuador,False,research,-0.1931655011,-77.9234068762
inat_79222935_129740683.jpg,79222935,129740683,https://inaturalist-open-data.s3.amazonaws.com/photos/129740683/large.jpeg,cc-by-nc,"(c) hermes_juez, some rights reserved (CC BY-NC)",hermes_juez,2021-05-17,2021-05-17T20:05:00-05:00,"Quito, EC-PI, EC",False,research,-0.0490263263,-78.5737354469
inat_77511026_126767390.jpg,77511026,126767390,https://inaturalist-open-data.s3.amazonaws.com/photos/126767390/large.jpeg,cc-by-nc,"(c) Holger Beck, some rights reserved (CC BY-NC)",holgerbeck,2021-04-27,2021-04-27T08:27:00-05:00,Ecuador,False,research,0.0859938992,-78.5037778287
inat_77204419_126244745.jpg,77204419,126244745,https://inaturalist-open-data.s3.amazonaws.com/photos/126244745/large.jpeg,cc-by-nc,"(c) Angel Mario Hualpa Erazo, some rights reserved (CC BY-NC)",angelmario,2021-05-02,2021-05-02T23:08:00-05:00,Ecuador,False,research,-4.1823747994,-79.0866833581
inat_73720061_120391470.jpg,73720061,120391470,https://inaturalist-open-data.s3.amazonaws.com/photos/120391470/large.jpg,cc-by-nc,"(c) David Torres, some rights reserved (CC BY-NC)",dawicho,2021-04-10,,Ecuador,False,research,-0.3035856342,-78.0829776439
inat_73720061_120391473.jpg,73720061,120391473,https://inaturalist-open-data.s3.amazonaws.com/photos/120391473/large.jpg,cc-by-nc,"(c) David Torres, some rights reserved (CC BY-NC)",dawicho,2021-04-10,,Ecuador,False,research,-0.3035856342,-78.0829776439
inat_73720061_120391478.jpg,73720061,120391478,https://inaturalist-open-data.s3.amazonaws.com/photos/120391478/large.jpg,cc-by-nc,"(c) David Torres, some rights reserved (CC BY-NC)",dawicho,2021-04-10,,Ecuador,False,research,-0.3035856342,-78.0829776439
inat_73720061_120391466.jpg,73720061,120391466,https://inaturalist-open-data.s3.amazonaws.com/photos/120391466/large.jpg,cc-by-nc,"(c) David Torres, some rights reserved (CC BY-NC)",dawicho,2021-04-10,,Ecuador,False,research,-0.3035856342,-78.0829776439
inat_73720061_120391459.jpg,73720061,120391459,https://inaturalist-open-data.s3.amazonaws.com/photos/120391459/large.jpg,cc-by-nc,"(c) David Torres, some rights reserved (CC BY-NC)",dawicho,2021-04-10,,Ecuador,False,research,-0.3035856342,-78.0829776439
inat_73720061_120391455.jpg,73720061,120391455,https://inaturalist-open-data.s3.amazonaws.com/photos/120391455/large.jpg,cc-by-nc,"(c) David Torres, some rights reserved (CC BY-NC)",dawicho,2021-04-10,,Ecuador,False,research,-0.3035856342,-78.0829776439
inat_73720061_120391444.jpg,73720061,120391444,https://inaturalist-open-data.s3.amazonaws.com/photos/120391444/large.jpg,cc-by-nc,"(c) David Torres, some rights reserved (CC BY-NC)",dawicho,2021-04-10,,Ecuador,False,research,-0.3035856342,-78.0829776439
inat_73720061_120391445.jpg,73720061,120391445,https://inaturalist-open-data.s3.amazonaws.com/photos/120391445/large.jpg,cc-by-nc,"(c) David Torres, some rights reserved (CC BY-NC)",dawicho,2021-04-10,,Ecuador,False,research,-0.3035856342,-78.0829776439
inat_73720061_120391413.jpg,73720061,120391413,https://inaturalist-open-data.s3.amazonaws.com/photos/120391413/large.jpg,cc-by-nc,"(c) David Torres, some rights reserved (CC BY-NC)",dawicho,2021-04-10,,Ecuador,False,research,-0.3035856342,-78.0829776439
inat_73720061_120391422.jpg,73720061,120391422,https://inaturalist-open-data.s3.amazonaws.com/photos/120391422/large.jpg,cc-by-nc,"(c) David Torres, some rights reserved (CC BY-NC)",dawicho,2021-04-10,,Ecuador,False,research,-0.3035856342,-78.0829776439
inat_73720061_120391433.jpg,73720061,120391433,https://inaturalist-open-data.s3.amazonaws.com/photos/120391433/large.jpg,cc-by-nc,"(c) David Torres, some rights reserved (CC BY-NC)",dawicho,2021-04-10,,Ecuador,False,research,-0.3035856342,-78.0829776439
inat_73720061_120391440.jpg,73720061,120391440,https://inaturalist-open-data.s3.amazonaws.com/photos/120391440/large.jpg,cc-by-nc,"(c) David Torres, some rights reserved (CC BY-NC)",dawicho,2021-04-10,,Ecuador,False,research,-0.3035856342,-78.0829776439
inat_73720061_120391404.jpg,73720061,120391404,https://inaturalist-open-data.s3.amazonaws.com/photos/120391404/large.jpg,cc-by-nc,"(c) David Torres, some rights reserved (CC BY-NC)",dawicho,2021-04-10,,Ecuador,False,research,-0.3035856342,-78.0829776439
inat_73720061_120391409.jpg,73720061,120391409,https://inaturalist-open-data.s3.amazonaws.com/photos/120391409/large.jpg,cc-by-nc,"(c) David Torres, some rights reserved (CC BY-NC)",dawicho,2021-04-10,,Ecuador,False,research,-0.3035856342,-78.0829776439
inat_73720061_120391383.jpg,73720061,120391383,https://inaturalist-open-data.s3.amazonaws.com/photos/120391383/large.jpg,cc-by-nc,"(c) David Torres, some rights reserved (CC BY-NC)",dawicho,2021-04-10,,Ecuador,False,research,-0.3035856342,-78.0829776439
inat_73720061_120391361.jpg,73720061,120391361,https://inaturalist-open-data.s3.amazonaws.com/photos/120391361/large.jpg,cc-by-nc,"(c) David Torres, some rights reserved (CC BY-NC)",dawicho,2021-04-10,,Ecuador,False,research,-0.3035856342,-78.0829776439
inat_73720061_120391349.jpg,73720061,120391349,https://inaturalist-open-data.s3.amazonaws.com/photos/120391349/large.jpg,cc-by-nc,"(c) David Torres, some rights reserved (CC BY-NC)",dawicho,2021-04-10,,Ecuador,False,research,-0.3035856342,-78.0829776439
inat_73720061_120391343.jpg,73720061,120391343,https://inaturalist-open-data.s3.amazonaws.com/photos/120391343/large.jpg,cc-by-nc,"(c) David Torres, some rights reserved (CC BY-NC)",dawicho,2021-04-10,,Ecuador,False,research,-0.3035856342,-78.0829776439
inat_73568198_120116262.jpg,73568198,120116262,https://inaturalist-open-data.s3.amazonaws.com/photos/120116262/large.jpg,cc-by-nc,"(c) David Torres, some rights reserved (CC BY-NC)",dawicho,2021-04-10,,Ecuador,False,research,-0.27441689,-78.2640324555
inat_73568198_120116278.jpg,73568198,120116278,https://inaturalist-open-data.s3.amazonaws.com/photos/120116278/large.jpg,cc-by-nc,"(c) David Torres, some rights reserved (CC BY-NC)",dawicho,2021-04-10,,Ecuador,False,research,-0.27441689,-78.2640324555
inat_73568198_120116291.jpg,73568198,120116291,https://inaturalist-open-data.s3.amazonaws.com/photos/120116291/large.jpg,cc-by-nc,"(c) David Torres, some rights reserved (CC BY-NC)",dawicho,2021-04-10,,Ecuador,False,research,-0.27441689,-78.2640324555
inat_73568198_120116305.jpg,73568198,120116305,https://inaturalist-open-data.s3.amazonaws.com/photos/120116305/large.jpg,cc-by-nc,"(c) David Torres, some rights reserved (CC BY-NC)",dawicho,2021-04-10,,Ecuador,False,research,-0.27441689,-78.2640324555
inat_73568198_120116320.jpg,73568198,120116320,https://inaturalist-open-data.s3.amazonaws.com/photos/120116320/large.jpg,cc-by-nc,"(c) David Torres, some rights reserved (CC BY-NC)",dawicho,2021-04-10,,Ecuador,False,research,-0.27441689,-78.2640324555
inat_73568198_120116331.jpg,73568198,120116331,https://inaturalist-open-data.s3.amazonaws.com/photos/120116331/large.jpg,cc-by-nc,"(c) David Torres, some rights reserved (CC BY-NC)",dawicho,2021-04-10,,Ecuador,False,research,-0.27441689,-78.2640324555
inat_73568198_120116346.jpg,73568198,120116346,https://inaturalist-open-data.s3.amazonaws.com/photos/120116346/large.jpg,cc-by-nc,"(c) David Torres, some rights reserved (CC BY-NC)",dawicho,2021-04-10,,Ecuador,False,research,-0.27441689,-78.2640324555
inat_73568198_120116357.jpg,73568198,120116357,https://inaturalist-open-data.s3.amazonaws.com/photos/120116357/large.jpg,cc-by-nc,"(c) David Torres, some rights reserved (CC BY-NC)",dawicho,2021-04-10,,Ecuador,False,research,-0.27441689,-78.2640324555
inat_73568198_120116370.jpg,73568198,120116370,https://inaturalist-open-data.s3.amazonaws.com/photos/120116370/large.jpg,cc-by-nc,"(c) David Torres, some rights reserved (CC BY-NC)",dawicho,2021-04-10,,Ecuador,False,research,-0.27441689,-78.2640324555
inat_73568198_120116378.jpg,73568198,120116378,https://inaturalist-open-data.s3.amazonaws.com/photos/120116378/large.jpg,cc-by-nc,"(c) David Torres, some rights reserved (CC BY-NC)",dawicho,2021-04-10,,Ecuador,False,research,-0.27441689,-78.2640324555
inat_73568198_120116390.jpg,73568198,120116390,https://inaturalist-open-data.s3.amazonaws.com/photos/120116390/large.jpg,cc-by-nc,"(c) David Torres, some rights reserved (CC BY-NC)",dawicho,2021-04-10,,Ecuador,False,research,-0.27441689,-78.2640324555
inat_73568198_120116402.jpg,73568198,120116402,https://inaturalist-open-data.s3.amazonaws.com/photos/120116402/large.jpg,cc-by-nc,"(c) David Torres, some rights reserved (CC BY-NC)",dawicho,2021-04-10,,Ecuador,False,research,-0.27441689,-78.2640324555
inat_73568198_120116410.jpg,73568198,120116410,https://inaturalist-open-data.s3.amazonaws.com/photos/120116410/large.jpg,cc-by-nc,"(c) David Torres, some rights reserved (CC BY-NC)",dawicho,2021-04-10,,Ecuador,False,research,-0.27441689,-78.2640324555
inat_73568198_120116424.jpg,73568198,120116424,https://inaturalist-open-data.s3.amazonaws.com/photos/120116424/large.jpg,cc-by-nc,"(c) David Torres, some rights reserved (CC BY-NC)",dawicho,2021-04-10,,Ecuador,False,research,-0.27441689,-78.2640324555
inat_73568198_120116433.jpg,73568198,120116433,https://inaturalist-open-data.s3.amazonaws.com/photos/120116433/large.jpg,cc-by-nc,"(c) David Torres, some rights reserved (CC BY-NC)",dawicho,2021-04-10,,Ecuador,False,research,-0.27441689,-78.2640324555
inat_71771197_116903880.jpg,71771197,116903880,https://inaturalist-open-data.s3.amazonaws.com/photos/116903880/large.jpeg,cc-by-nc,"(c) juan-tatamuez, some rights reserved (CC BY-NC)",juan-tatamuez,2021-03-21,2021-03-21T21:55:00-05:00,Ecuador,False,research,0.5603436757,-77.8158504864
inat_70734170_115044458.jpg,70734170,115044458,https://inaturalist-open-data.s3.amazonaws.com/photos/115044458/large.jpg,cc-by-nc,"(c) xavierhc, some rights reserved (CC BY-NC)",xavierhc,2020-08-23,2020-08-23T11:38:11+00:00,Ecuador,False,research,0.0579238402,-78.6066187388
inat_70571311_114748972.jpg,70571311,114748972,https://inaturalist-open-data.s3.amazonaws.com/photos/114748972/large.jpg,cc-by-nc,"(c) David Torres, some rights reserved (CC BY-NC)",dawicho,2021-02-27,2021-02-27T12:15:00-05:00,Ecuador,False,research,-0.3450209734,-78.1527615261
inat_69658628_113075999.jpg,69658628,113075999,https://inaturalist-open-data.s3.amazonaws.com/photos/113075999/large.jpg,cc-by-nc,"(c) David Torres, some rights reserved (CC BY-NC)",dawicho,2021-02-14,2021-02-14T12:03:00-05:00,"Pichincha, EC",False,research,0.0018619561,-78.6733214397
inat_69658628_113076001.jpg,69658628,113076001,https://inaturalist-open-data.s3.amazonaws.com/photos/113076001/large.jpg,cc-by-nc,"(c) David Torres, some rights reserved (CC BY-NC)",dawicho,2021-02-14,2021-02-14T12:03:00-05:00,"Pichincha, EC",False,research,0.0018619561,-78.6733214397
inat_69658628_113076093.jpg,69658628,113076093,https://inaturalist-open-data.s3.amazonaws.com/photos/113076093/large.jpg,cc-by-nc,"(c) David Torres, some rights reserved (CC BY-NC)",dawicho,2021-02-14,2021-02-14T12:03:00-05:00,"Pichincha, EC",False,research,0.0018619561,-78.6733214397
inat_69658628_113076108.jpg,69658628,113076108,https://inaturalist-open-data.s3.amazonaws.com/photos/113076108/large.jpg,cc-by-nc,"(c) David Torres, some rights reserved (CC BY-NC)",dawicho,2021-02-14,2021-02-14T12:03:00-05:00,"Pichincha, EC",False,research,0.0018619561,-78.6733214397
inat_69658628_113076112.jpg,69658628,113076112,https://inaturalist-open-data.s3.amazonaws.com/photos/113076112/large.jpg,cc-by-nc,"(c) David Torres, some rights reserved (CC BY-NC)",dawicho,2021-02-14,2021-02-14T12:03:00-05:00,"Pichincha, EC",False,research,0.0018619561,-78.6733214397
inat_68738508_111379636.jpg,68738508,111379636,https://inaturalist-open-data.s3.amazonaws.com/photos/111379636/large.jpeg,cc-by-nc,"(c) sofianogales, some rights reserved (CC BY-NC)",sofianogales,2021-01-22,2021-01-22T14:50:00-05:00,Ecuador,False,research,-1.5706620875,-78.0628622612
inat_68738508_111379645.jpg,68738508,111379645,https://inaturalist-open-data.s3.amazonaws.com/photos/111379645/large.jpeg,cc-by-nc,"(c) sofianogales, some rights reserved (CC BY-NC)",sofianogales,2021-01-22,2021-01-22T14:50:00-05:00,Ecuador,False,research,-1.5706620875,-78.0628622612
inat_68738508_111379657.jpg,68738508,111379657,https://inaturalist-open-data.s3.amazonaws.com/photos/111379657/large.jpeg,cc-by-nc,"(c) sofianogales, some rights reserved (CC BY-NC)",sofianogales,2021-01-22,2021-01-22T14:50:00-05:00,Ecuador,False,research,-1.5706620875,-78.0628622612
inat_68270326_110501282.jpg,68270326,110501282,https://inaturalist-open-data.s3.amazonaws.com/photos/110501282/large.jpg,cc-by,"(c) Morten Ross, some rights reserved (CC BY)",morten,2018-11-24,2018-11-24T09:49:00+01:00,"Pichincha, EC",False,research,0.0875244524,-78.9767685584
inat_67876056_109777008.jpg,67876056,109777008,https://inaturalist-open-data.s3.amazonaws.com/photos/109777008/large.jpeg,cc-by,"(c) Tristan Jobin, some rights reserved (CC BY)",ziggypop74,2019-04-01,2019-04-01T15:44:00-04:00,"Pichincha, EC",False,research,-0.2597434553,-78.2509074295
inat_67243217_108592992.jpg,67243217,108592992,https://inaturalist-open-data.s3.amazonaws.com/photos/108592992/large.jpeg,cc-by,"(c) Luis Ángel Niño Barreat, some rights reserved (CC BY)",luis_barreat,2020-12-21,2020-12-21T13:42:00-04:00,"Mérida, VE",False,research,8.6835286728,-71.0579997741
inat_67243217_108593637.jpg,67243217,108593637,https://inaturalist-open-data.s3.amazonaws.com/photos/108593637/large.jpeg,cc-by,"(c) Luis Ángel Niño Barreat, some rights reserved (CC BY)",luis_barreat,2020-12-21,2020-12-21T13:42:00-04:00,"Mérida, VE",False,research,8.6835286728,-71.0579997741
inat_66617503_107432313.jpg,66617503,107432313,https://inaturalist-open-data.s3.amazonaws.com/photos/107432313/large.jpg,cc-by-nc,"(c) djhird, some rights reserved (CC BY-NC)",djhird,2020-01-11,2020-01-11T08:01:00+01:00,Ecuador,False,research,0.0770911603,-78.7782330953
inat_66617503_107432442.jpg,66617503,107432442,https://inaturalist-open-data.s3.amazonaws.com/photos/107432442/large.jpg,cc-by-nc,"(c) djhird, some rights reserved (CC BY-NC)",djhird,2020-01-11,2020-01-11T08:01:00+01:00,Ecuador,False,research,0.0770911603,-78.7782330953
inat_66545226_107298059.jpg,66545226,107298059,https://inaturalist-open-data.s3.amazonaws.com/photos/107298059/large.jpg,cc-by-nc,"(c) brewmaster, some rights reserved (CC BY-NC)",brewmaster,2020-11-24,2020-11-24T16:34:00+00:00,Ecuador,False,research,-0.4583937088,-78.352634946
inat_66545226_107298070.jpg,66545226,107298070,https://inaturalist-open-data.s3.amazonaws.com/photos/107298070/large.jpg,cc-by-nc,"(c) brewmaster, some rights reserved (CC BY-NC)",brewmaster,2020-11-24,2020-11-24T16:34:00+00:00,Ecuador,False,research,-0.4583937088,-78.352634946
inat_66545226_107298076.jpg,66545226,107298076,https://inaturalist-open-data.s3.amazonaws.com/photos/107298076/large.jpg,cc-by-nc,"(c) brewmaster, some rights reserved (CC BY-NC)",brewmaster,2020-11-24,2020-11-24T16:34:00+00:00,Ecuador,False,research,-0.4583937088,-78.352634946
inat_66545226_107298083.jpg,66545226,107298083,https://inaturalist-open-data.s3.amazonaws.com/photos/107298083/large.jpg,cc-by-nc,"(c) brewmaster, some rights reserved (CC BY-NC)",brewmaster,2020-11-24,2020-11-24T16:34:00+00:00,Ecuador,False,research,-0.4583937088,-78.352634946
inat_66545226_107298092.jpg,66545226,107298092,https://inaturalist-open-data.s3.amazonaws.com/photos/107298092/large.jpg,cc-by-nc,"(c) brewmaster, some rights reserved (CC BY-NC)",brewmaster,2020-11-24,2020-11-24T16:34:00+00:00,Ecuador,False,research,-0.4583937088,-78.352634946
inat_66099850_106484602.jpg,66099850,106484602,https://inaturalist-open-data.s3.amazonaws.com/photos/106484602/large.jpeg,cc-by-nc,"(c) Nelson Apolo, some rights reserved (CC BY-NC)",ecuadornaturetours,2020-11-24,2020-11-24T20:32:19-05:00,Ecuador,False,research,-0.3830808112,-78.0199906032
inat_66042093_106382972.jpg,66042093,106382972,https://inaturalist-open-data.s3.amazonaws.com/photos/106382972/large.jpeg,cc-by-nc,"(c) Nelson Apolo, some rights reserved (CC BY-NC)",ecuadornaturetours,2020-11-24,2020-11-24T14:36:27-05:00,"Pichincha, EC",False,research,-0.238080443,-78.3965927241
inat_65759134_105894914.jpg,65759134,105894914,https://inaturalist-open-data.s3.amazonaws.com/photos/105894914/large.jpg,cc-by-nc,"(c) osoandino, some rights reserved (CC BY-NC)",osoandino,2008-03-12,2008-03-12T09:34:00+01:00,Ecuador,False,research,0.0681097235,-78.6308307805
inat_65758967_105894642.jpg,65758967,105894642,https://inaturalist-open-data.s3.amazonaws.com/photos/105894642/large.jpg,cc-by-nc,"(c) osoandino, some rights reserved (CC BY-NC)",osoandino,2008-03-12,2008-03-12T09:44:00+01:00,Ecuador,False,research,0.0124704631,-78.6099752702
inat_65758297_105893594.jpg,65758297,105893594,https://inaturalist-open-data.s3.amazonaws.com/photos/105893594/large.jpg,cc-by-nc,"(c) osoandino, some rights reserved (CC BY-NC)",osoandino,2008-03-14,2008-03-14T11:02:00+01:00,Ecuador,False,research,0.1809225986,-78.6898349566
inat_65758026_105893345.jpg,65758026,105893345,https://inaturalist-open-data.s3.amazonaws.com/photos/105893345/large.jpg,cc-by-nc,"(c) osoandino, some rights reserved (CC BY-NC)",osoandino,2008-03-14,2008-03-14T12:06:00+01:00,Ecuador,False,research,0.0100255455,-78.7597041339
inat_65757866_105892957.jpg,65757866,105892957,https://inaturalist-open-data.s3.amazonaws.com/photos/105892957/large.jpg,cc-by-nc,"(c) osoandino, some rights reserved (CC BY-NC)",osoandino,2008-03-17,2008-03-17T15:34:00+01:00,Ecuador,False,research,0.0584508967,-78.6533475132
inat_65757559_105892367.jpg,65757559,105892367,https://inaturalist-open-data.s3.amazonaws.com/photos/105892367/large.jpg,cc-by-nc,"(c) osoandino, some rights reserved (CC BY-NC)",osoandino,2008-03-17,2008-03-17T12:08:00+01:00,Ecuador,False,research,0.1277179886,-78.6555796346
inat_65757559_105892677.jpg,65757559,105892677,https://inaturalist-open-data.s3.amazonaws.com/photos/105892677/large.jpg,cc-by-nc,"(c) osoandino, some rights reserved (CC BY-NC)",osoandino,2008-03-17,2008-03-17T12:08:00+01:00,Ecuador,False,research,0.1277179886,-78.6555796346
inat_65040579_104654675.jpg,65040579,104654675,https://inaturalist-open-data.s3.amazonaws.com/photos/104654675/large.jpg,cc-by-nc,"(c) gustavopisso, some rights reserved (CC BY-NC)",gustavopisso,2020-11-04,2020-11-04T15:00:00-05:00,Colombia,False,research,2.3340233164,-76.3741518615
inat_64440045_103601814.jpg,64440045,103601814,https://inaturalist-open-data.s3.amazonaws.com/photos/103601814/large.jpg,cc-by-nc,"(c) jaceballos, some rights reserved (CC BY-NC)",jaceballos,2019-02-08,2019-02-08T15:13:00-05:00,"Cundinamarca, CO",False,research,4.6974305849,-73.6385548978
inat_64181768_103143017.jpg,64181768,103143017,https://inaturalist-open-data.s3.amazonaws.com/photos/103143017/large.jpeg,cc-by-nc,"(c) Mario Humberto Yánez-Muñoz, some rights reserved (CC BY-NC)",mario_yanez_munoz,2020-10-25,2020-10-25T16:51:00-05:00,Ecuador,False,research,0.2727333283,-77.8942520413
inat_64181768_103143035.jpg,64181768,103143035,https://inaturalist-open-data.s3.amazonaws.com/photos/103143035/large.jpeg,cc-by-nc,"(c) Mario Humberto Yánez-Muñoz, some rights reserved (CC BY-NC)",mario_yanez_munoz,2020-10-25,2020-10-25T16:51:00-05:00,Ecuador,False,research,0.2727333283,-77.8942520413
inat_63854124_102552886.jpg,63854124,102552886,https://inaturalist-open-data.s3.amazonaws.com/photos/102552886/large.jpg,cc-by-nc,"(c) gustavopisso, some rights reserved (CC BY-NC)",gustavopisso,2020-10-26,2020-10-26T12:57:00-05:00,"Cauca, CO",False,research,2.2133764015,-76.2082140459
inat_63502754_101921888.jpg,63502754,101921888,https://inaturalist-open-data.s3.amazonaws.com/photos/101921888/large.jpg,cc-by-nc,"(c) danilovasquez, some rights reserved (CC BY-NC)",danilovasquez,2020-09-10,2020-09-10T17:07:00-05:00,,False,research,,
inat_62669810_100450669.jpg,62669810,100450669,https://inaturalist-open-data.s3.amazonaws.com/photos/100450669/large.jpeg,cc-by-nc,"(c) nimaroca, some rights reserved (CC BY-NC)",nimaroca,2020-10-02,2020-10-02T16:56:00-05:00,"Cundinamarca, CO",False,research,4.627914207,-73.7958081897
inat_61952422_99198203.jpg,61952422,99198203,https://inaturalist-open-data.s3.amazonaws.com/photos/99198203/large.jpeg,cc-by-nc,"(c) Holger Beck, some rights reserved (CC BY-NC)",holgerbeck,2020-09-06,2020-09-06T09:44:00-05:00,Ecuador,False,research,0.1492912432,-78.7311582018
inat_61770689_98884410.jpg,61770689,98884410,https://inaturalist-open-data.s3.amazonaws.com/photos/98884410/large.jpg,cc-by-nc,"(c) Lorena, some rights reserved (CC BY-NC)",lolavioleta,2020-10-04,2020-10-04T13:42:49-05:00,Ecuador,False,research,-0.5305096393,-78.3018442445
inat_61770689_98884432.jpg,61770689,98884432,https://inaturalist-open-data.s3.amazonaws.com/photos/98884432/large.jpg,cc-by-nc,"(c) Lorena, some rights reserved (CC BY-NC)",lolavioleta,2020-10-04,2020-10-04T13:42:49-05:00,Ecuador,False,research,-0.5305096393,-78.3018442445
inat_61770689_98884458.jpg,61770689,98884458,https://inaturalist-open-data.s3.amazonaws.com/photos/98884458/large.jpg,cc-by-nc,"(c) Lorena, some rights reserved (CC BY-NC)",lolavioleta,2020-10-04,2020-10-04T13:42:49-05:00,Ecuador,False,research,-0.5305096393,-78.3018442445
inat_61744903_98837255.jpg,61744903,98837255,https://inaturalist-open-data.s3.amazonaws.com/photos/98837255/large.jpg,cc-by-nc,"(c) Christian Nunes, some rights reserved (CC BY-NC)",christian_nunes,2010-01-03,2010-01-03T09:40:00-07:00,"Amazonas, PE",False,research,-5.6620079873,-77.6511766561
inat_61182724_97878360.jpg,61182724,97878360,https://inaturalist-open-data.s3.amazonaws.com/photos/97878360/large.jpg,cc-by-nc,"(c) Joselin Yar, some rights reserved (CC BY-NC)",joselinyar,2020-09-26,2020-09-26T18:37:41-04:00,Ecuador,False,research,0.4373752812,-78.0651972008
inat_59237210_94637576.jpg,59237210,94637576,https://inaturalist-open-data.s3.amazonaws.com/photos/94637576/large.jpg,cc-by-nc,"(c) Andrés León-Reyes, some rights reserved (CC BY-NC)",aeleon,2020-09-07,2020-09-07T00:31:00-05:00,Ecuador,False,research,0.0076133857,-78.673347048
inat_59237210_94637579.jpg,59237210,94637579,https://inaturalist-open-data.s3.amazonaws.com/photos/94637579/large.jpg,cc-by-nc,"(c) Andrés León-Reyes, some rights reserved (CC BY-NC)",aeleon,2020-09-07,2020-09-07T00:31:00-05:00,Ecuador,False,research,0.0076133857,-78.673347048
inat_59237210_94637599.jpg,59237210,94637599,https://inaturalist-open-data.s3.amazonaws.com/photos/94637599/large.jpg,cc-by-nc,"(c) Andrés León-Reyes, some rights reserved (CC BY-NC)",aeleon,2020-09-07,2020-09-07T00:31:00-05:00,Ecuador,False,research,0.0076133857,-78.673347048
inat_58910805_94086278.jpg,58910805,94086278,https://inaturalist-open-data.s3.amazonaws.com/photos/94086278/large.jpg,cc-by-nc,"(c) zacpfeifer, some rights reserved (CC BY-NC)",zacpfeifer,2020-01-23,2020-01-23T15:40:30+00:00,"Napo, EC",False,research,-0.3134236465,-78.071723973
inat_58662504_93671104.jpg,58662504,93671104,https://inaturalist-open-data.s3.amazonaws.com/photos/93671104/large.jpeg,cc-by-nc,"(c) Nelson Apolo, some rights reserved (CC BY-NC)",ecuadornaturetours,2017-01-06,2017-01-06T15:25:39-05:00,Ecuador,False,research,0.0215348525,-78.7173136289
inat_58367719_93180257.jpg,58367719,93180257,https://inaturalist-open-data.s3.amazonaws.com/photos/93180257/large.jpeg,cc-by-nc,"(c) Holger Beck, some rights reserved (CC BY-NC)",holgerbeck,2020-08-30,2020-08-30T10:23:00-05:00,Ecuador,False,research,0.0174463719,-78.7884326083
inat_58367708_93178554.jpg,58367708,93178554,https://inaturalist-open-data.s3.amazonaws.com/photos/93178554/large.jpeg,cc-by-nc,"(c) Holger Beck, some rights reserved (CC BY-NC)",holgerbeck,2020-08-29,2020-08-29T07:14:00-05:00,Ecuador,False,research,0.1321254199,-78.7038230552
inat_58358735_93165305.jpg,58358735,93165305,https://inaturalist-open-data.s3.amazonaws.com/photos/93165305/large.jpeg,cc-by-nc,"(c) Holger Beck, some rights reserved (CC BY-NC)",holgerbeck,2020-08-23,2020-08-23T09:56:00-05:00,Ecuador,False,research,0.1410138326,-78.6946314689
inat_55413181_88234251.jpg,55413181,88234251,https://inaturalist-open-data.s3.amazonaws.com/photos/88234251/large.jpg,cc-by-nc,"(c) Alex Reynolds, some rights reserved (CC BY-NC)",bosquenublado,2015-07-07,2015-07-07T18:05:00-04:00,Ecuador,False,research,0.3013152622,-78.4715643247
inat_54081104_86027245.jpg,54081104,86027245,https://inaturalist-open-data.s3.amazonaws.com/photos/86027245/large.jpeg,cc-by-nc,"(c) hermes_juez, some rights reserved (CC BY-NC)",hermes_juez,2019-05-07,2019-05-07T08:32:00-05:00,Colombia,False,research,3.7901838057,-74.6813631348
inat_54076972_86026776.jpg,54076972,86026776,https://inaturalist-open-data.s3.amazonaws.com/photos/86026776/large.jpg,cc-by-nc,"(c) hermes_juez, some rights reserved (CC BY-NC)",hermes_juez,2019-07-25,2019-07-25T12:36:00-05:00,Colombia,False,research,3.2428561432,-75.9765418411
inat_54076564_86026165.jpg,54076564,86026165,https://inaturalist-open-data.s3.amazonaws.com/photos/86026165/large.jpeg,cc-by-nc,"(c) hermes_juez, some rights reserved (CC BY-NC)",hermes_juez,2018-09-06,2018-09-06T12:13:00-05:00,Colombia,False,research,4.144156614,-75.6309032398
inat_54076358_86025597.jpg,54076358,86025597,https://inaturalist-open-data.s3.amazonaws.com/photos/86025597/large.jpeg,cc-by-nc,"(c) hermes_juez, some rights reserved (CC BY-NC)",hermes_juez,2018-06-28,2018-06-28T11:46:00-05:00,"Tolima, CO",False,research,4.4593666191,-75.3224150998
inat_54075578_86023734.jpg,54075578,86023734,https://inaturalist-open-data.s3.amazonaws.com/photos/86023734/large.jpeg,cc-by-nc,"(c) hermes_juez, some rights reserved (CC BY-NC)",hermes_juez,2018-05-21,2018-05-21T17:01:00-05:00,"Tolima, CO",False,research,4.6049984002,-75.2639775352
inat_54075142_86023360.jpg,54075142,86023360,https://inaturalist-open-data.s3.amazonaws.com/photos/86023360/large.jpeg,cc-by-nc,"(c) hermes_juez, some rights reserved (CC BY-NC)",hermes_juez,2018-06-14,2018-06-14T09:54:00-05:00,"Tolima, CO",False,research,4.579232659,-75.2717593654
inat_54074871_86022890.jpg,54074871,86022890,https://inaturalist-open-data.s3.amazonaws.com/photos/86022890/large.jpeg,cc-by-nc,"(c) hermes_juez, some rights reserved (CC BY-NC)",hermes_juez,2018-08-23,2018-08-23T16:52:00-05:00,"Tolima, CO",False,research,4.2112491548,-75.4223407209
inat_53181777_84570836.jpg,53181777,84570836,https://inaturalist-open-data.s3.amazonaws.com/photos/84570836/large.jpg,cc-by-nc,"(c) Paola Ordóñez M., some rights reserved (CC BY-NC)",pao_montero,2018-12-12,2018-12-12T13:33:00-05:00,"Zamora Chinchipe, EC",False,research,-4.7570000501,-78.9679190196
inat_53099915_84436898.jpg,53099915,84436898,https://inaturalist-open-data.s3.amazonaws.com/photos/84436898/large.jpg,cc-by-nc,"(c) Eric DeFonso, some rights reserved (CC BY-NC)",baywren,2011-04-16,2011-04-16T08:32:00-06:00,"Pichincha, EC",False,research,-0.077449923,-78.7871214055
inat_52993006_84267923.jpg,52993006,84267923,https://inaturalist-open-data.s3.amazonaws.com/photos/84267923/large.jpeg,cc-by-nc,"(c) Eduardo Obando, some rights reserved (CC BY-NC)",edu_obando,2020-07-11,2020-07-11T08:29:12-05:00,"Carchi, EC",False,research,0.8756986191,-78.1431935026
inat_51211446_81351776.jpg,51211446,81351776,https://inaturalist-open-data.s3.amazonaws.com/photos/81351776/large.jpg,cc-by-nc,"(c) juandiegocastillo, some rights reserved (CC BY-NC)",juandiegocastillo,2020-06-25,2020-06-25T07:22:47-05:00,"Cundinamarca, CO",False,research,4.632633707,-73.8517489228
inat_49672975_78858104.jpg,49672975,78858104,https://inaturalist-open-data.s3.amazonaws.com/photos/78858104/large.jpeg,cc-by-nc,"(c) AwadNeme, some rights reserved (CC BY-NC)",awad,2020-01-30,2020-01-30T13:00:58-05:00,"Boyacá, CO",False,research,5.8075834823,-73.5585166762
inat_49672975_78858215.jpg,49672975,78858215,https://inaturalist-open-data.s3.amazonaws.com/photos/78858215/large.jpeg,cc-by-nc,"(c) AwadNeme, some rights reserved (CC BY-NC)",awad,2020-01-30,2020-01-30T13:00:58-05:00,"Boyacá, CO",False,research,5.8075834823,-73.5585166762
inat_49672975_78858327.jpg,49672975,78858327,https://inaturalist-open-data.s3.amazonaws.com/photos/78858327/large.jpeg,cc-by-nc,"(c) AwadNeme, some rights reserved (CC BY-NC)",awad,2020-01-30,2020-01-30T13:00:58-05:00,"Boyacá, CO",False,research,5.8075834823,-73.5585166762
inat_49481551_78549048.jpg,49481551,78549048,https://inaturalist-open-data.s3.amazonaws.com/photos/78549048/large.jpg,cc-by,"(c) Frank Dietze, some rights reserved (CC BY)",frankdietze,2015-11-02,2015-11-02T10:41:00-05:00,Ecuador,False,research,0.124419823,-78.5518955615
inat_49478668_78544255.jpg,49478668,78544255,https://inaturalist-open-data.s3.amazonaws.com/photos/78544255/large.jpg,cc-by,"(c) Frank Dietze, some rights reserved (CC BY)",frankdietze,2015-11-02,2015-11-02T10:29:00-05:00,Ecuador,False,research,0.1258953484,-78.4473081705
inat_49344081_78329193.jpg,49344081,78329193,https://inaturalist-open-data.s3.amazonaws.com/photos/78329193/large.jpg,cc-by-nc,"(c) Andrés León-Reyes, some rights reserved (CC BY-NC)",aeleon,2015-08-31,2015-08-31T03:48:00-05:00,Ecuador,False,research,0.1060722205,-78.7219038072
inat_49344081_78329214.jpg,49344081,78329214,https://inaturalist-open-data.s3.amazonaws.com/photos/78329214/large.jpg,cc-by-nc,"(c) Andrés León-Reyes, some rights reserved (CC BY-NC)",aeleon,2015-08-31,2015-08-31T03:48:00-05:00,Ecuador,False,research,0.1060722205,-78.7219038072
inat_49344081_78329285.jpg,49344081,78329285,https://inaturalist-open-data.s3.amazonaws.com/photos/78329285/large.jpg,cc-by-nc,"(c) Andrés León-Reyes, some rights reserved (CC BY-NC)",aeleon,2015-08-31,2015-08-31T03:48:00-05:00,Ecuador,False,research,0.1060722205,-78.7219038072
inat_49344081_78329345.jpg,49344081,78329345,https://inaturalist-open-data.s3.amazonaws.com/photos/78329345/large.jpg,cc-by-nc,"(c) Andrés León-Reyes, some rights reserved (CC BY-NC)",aeleon,2015-08-31,2015-08-31T03:48:00-05:00,Ecuador,False,research,0.1060722205,-78.7219038072
inat_48660817_77200359.jpg,48660817,77200359,https://inaturalist-open-data.s3.amazonaws.com/photos/77200359/large.jpg,cc-by-nc,"(c) olliedav, some rights reserved (CC BY-NC)",olliedav,2019-12-13,,Ecuador,False,research,0.142134754,-78.7595778582
inat_48546645_77036783.jpg,48546645,77036783,https://inaturalist-open-data.s3.amazonaws.com/photos/77036783/large.jpeg,cc-by-nc,"(c) Holger Beck, some rights reserved (CC BY-NC)",holgerbeck,2019-04-19,2019-04-19T09:57:00-05:00,Ecuador,False,research,0.1554956181,-78.660751299
inat_48083699_76277375.jpg,48083699,76277375,https://inaturalist-open-data.s3.amazonaws.com/photos/76277375/large.jpg,cc-by-nc,"(c) Nicolas Betancourt, some rights reserved (CC BY-NC)",nicolasbetancourt,2019-01-09,2019-01-09T17:40:00-10:00,Ecuador,False,research,-0.5364967148,-78.0371606303
inat_48083699_77737788.jpg,48083699,77737788,https://inaturalist-open-data.s3.amazonaws.com/photos/77737788/large.jpeg,cc-by-nc,"(c) Nicolas Betancourt, some rights reserved (CC BY-NC)",nicolasbetancourt,2019-01-09,2019-01-09T17:40:00-10:00,Ecuador,False,research,-0.5364967148,-78.0371606303
inat_48083699_76277498.jpg,48083699,76277498,https://inaturalist-open-data.s3.amazonaws.com/photos/76277498/large.jpg,cc-by-nc,"(c) Nicolas Betancourt, some rights reserved (CC BY-NC)",nicolasbetancourt,2019-01-09,2019-01-09T17:40:00-10:00,Ecuador,False,research,-0.5364967148,-78.0371606303
inat_48083699_76277571.jpg,48083699,76277571,https://inaturalist-open-data.s3.amazonaws.com/photos/76277571/large.jpg,cc-by-nc,"(c) Nicolas Betancourt, some rights reserved (CC BY-NC)",nicolasbetancourt,2019-01-09,2019-01-09T17:40:00-10:00,Ecuador,False,research,-0.5364967148,-78.0371606303
inat_48083699_76277646.jpg,48083699,76277646,https://inaturalist-open-data.s3.amazonaws.com/photos/76277646/large.jpg,cc-by-nc,"(c) Nicolas Betancourt, some rights reserved (CC BY-NC)",nicolasbetancourt,2019-01-09,2019-01-09T17:40:00-10:00,Ecuador,False,research,-0.5364967148,-78.0371606303
inat_47272875_74973262.jpg,47272875,74973262,https://inaturalist-open-data.s3.amazonaws.com/photos/74973262/large.jpeg,cc-by-nc,"(c) Holger Beck, some rights reserved (CC BY-NC)",holgerbeck,2016-05-10,2016-05-10T11:56:00-05:00,Ecuador,False,research,0.0567085655,-78.644596431
inat_47172293_74808356.jpg,47172293,74808356,https://inaturalist-open-data.s3.amazonaws.com/photos/74808356/large.jpeg,cc-by-nc,"(c) Holger Beck, some rights reserved (CC BY-NC)",holgerbeck,2016-04-11,2016-04-11T11:18:00-05:00,Ecuador,False,research,0.1278449528,-78.470603024
inat_47020993_74566326.jpg,47020993,74566326,https://inaturalist-open-data.s3.amazonaws.com/photos/74566326/large.jpeg,cc-by-nc,"(c) Andrés León-Reyes, some rights reserved (CC BY-NC)",aeleon,2011-12-02,2011-12-02T09:09:00-05:00,Ecuador,False,research,0.0741964548,-78.6119283783
inat_47020993_74569278.jpg,47020993,74569278,https://inaturalist-open-data.s3.amazonaws.com/photos/74569278/large.jpeg,cc-by-nc,"(c) Andrés León-Reyes, some rights reserved (CC BY-NC)",aeleon,2011-12-02,2011-12-02T09:09:00-05:00,Ecuador,False,research,0.0741964548,-78.6119283783
inat_47020993_74567134.jpg,47020993,74567134,https://inaturalist-open-data.s3.amazonaws.com/photos/74567134/large.jpeg,cc-by-nc,"(c) Andrés León-Reyes, some rights reserved (CC BY-NC)",aeleon,2011-12-02,2011-12-02T09:09:00-05:00,Ecuador,False,research,0.0741964548,-78.6119283783
inat_47020993_74567159.jpg,47020993,74567159,https://inaturalist-open-data.s3.amazonaws.com/photos/74567159/large.jpeg,cc-by-nc,"(c) Andrés León-Reyes, some rights reserved (CC BY-NC)",aeleon,2011-12-02,2011-12-02T09:09:00-05:00,Ecuador,False,research,0.0741964548,-78.6119283783
inat_46905603_74388301.jpg,46905603,74388301,https://inaturalist-open-data.s3.amazonaws.com/photos/74388301/large.jpg,cc-by-nc,"(c) Juan E. Yèpez C, some rights reserved (CC BY-NC)",jeduardo_2125,2020-03-13,2020-03-13T17:41:00-05:00,Ecuador,False,research,0.2374924665,-77.8696804489
inat_46905601_74387694.jpg,46905601,74387694,https://inaturalist-open-data.s3.amazonaws.com/photos/74387694/large.jpg,cc-by-nc,"(c) Juan E. Yèpez C, some rights reserved (CC BY-NC)",jeduardo_2125,2020-03-13,2020-03-13T17:40:00-05:00,Ecuador,False,research,0.2946244537,-77.8853846271
inat_46801959_74224991.jpg,46801959,74224991,https://inaturalist-open-data.s3.amazonaws.com/photos/74224991/large.jpeg,cc-by-nc,"(c) Ricardo Benavides Vasquez, some rights reserved (CC BY-NC)",ricardobenavides,2019-10-21,,Ecuador,False,research,0.5198001471,-78.0110018266
inat_46801959_74224930.jpg,46801959,74224930,https://inaturalist-open-data.s3.amazonaws.com/photos/74224930/large.jpeg,cc-by-nc,"(c) Ricardo Benavides Vasquez, some rights reserved (CC BY-NC)",ricardobenavides,2019-10-21,,Ecuador,False,research,0.5198001471,-78.0110018266
inat_46711972_74086112.jpg,46711972,74086112,https://inaturalist-open-data.s3.amazonaws.com/photos/74086112/large.jpeg,cc-by-nc,"(c) Holger Beck, some rights reserved (CC BY-NC)",holgerbeck,2015-09-27,2015-09-27T08:28:00-05:00,Ecuador,False,research,0.0911830145,-78.6209605582
inat_46711174_74084637.jpg,46711174,74084637,https://inaturalist-open-data.s3.amazonaws.com/photos/74084637/large.jpg,cc-by-nc,"(c) Holger Beck, some rights reserved (CC BY-NC)",holgerbeck,2015-09-10,2015-09-10T06:54:00-05:00,Ecuador,False,research,0.0094678741,-78.422003148
inat_46684391_74041659.jpg,46684391,74041659,https://inaturalist-open-data.s3.amazonaws.com/photos/74041659/large.jpeg,cc-by-nc,"(c) Eduardo Obando, some rights reserved (CC BY-NC)",edu_obando,2017-03-22,2017-03-22T11:38:00-05:00,Ecuador,False,research,0.3845309821,-78.4530701958
inat_46652283_73990424.jpg,46652283,73990424,https://inaturalist-open-data.s3.amazonaws.com/photos/73990424/large.jpeg,cc-by-nc,"(c) Holger Beck, some rights reserved (CC BY-NC)",holgerbeck,2015-08-23,2015-08-23T08:21:00-05:00,Ecuador,False,research,0.0561469869,-78.6440244673
inat_46627161_73953094.jpg,46627161,73953094,https://inaturalist-open-data.s3.amazonaws.com/photos/73953094/large.jpeg,cc-by-nc,"(c) segundopantoja, some rights reserved (CC BY-NC)",segundopantoja,2017-02-07,2017-02-07T12:46:00-05:00,Ecuador,False,research,0.3836222262,-78.0795874772
inat_46489867_73737197.jpg,46489867,73737197,https://inaturalist-open-data.s3.amazonaws.com/photos/73737197/large.jpeg,cc-by-nc,"(c) Eduardo Obando, some rights reserved (CC BY-NC)",edu_obando,2019-06-28,2019-06-28T10:35:00-05:00,Ecuador,False,research,0.2715608099,-77.9898257353
inat_46422616_73628357.jpg,46422616,73628357,https://inaturalist-open-data.s3.amazonaws.com/photos/73628357/large.jpg,cc-by-nc,"(c) Eduardo Obando, some rights reserved (CC BY-NC)",edu_obando,2015-03-26,2015-03-26T10:55:00-05:00,Ecuador,False,research,0.2143445749,-77.8000129904
inat_45081966_71474392.jpg,45081966,71474392,https://inaturalist-open-data.s3.amazonaws.com/photos/71474392/large.jpg,cc-by-nc,"(c) Andrés León-Reyes, some rights reserved (CC BY-NC)",aeleon,2011-12-02,2011-12-02T11:28:00-05:00,Ecuador,False,research,0.1766919164,-78.6534237343
inat_44299923_70163934.jpg,44299923,70163934,https://inaturalist-open-data.s3.amazonaws.com/photos/70163934/large.jpg,cc-by-nc,"(c) Andrés León-Reyes, some rights reserved (CC BY-NC)",aeleon,2019-03-25,2019-03-25T02:20:00-05:00,Ecuador,False,research,-0.4107938033,-78.2243207749
inat_44231592_70129001.jpg,44231592,70129001,https://inaturalist-open-data.s3.amazonaws.com/photos/70129001/large.jpeg,cc-by-nc,"(c) Elka, some rights reserved (CC BY-NC)",elka_bamboo,2019-01-12,2019-01-12T09:17:00-06:00,Ecuador,False,research,-1.7718365753,-78.3277110738
inat_44231592_70129556.jpg,44231592,70129556,https://inaturalist-open-data.s3.amazonaws.com/photos/70129556/large.jpeg,cc-by-nc,"(c) Elka, some rights reserved (CC BY-NC)",elka_bamboo,2019-01-12,2019-01-12T09:17:00-06:00,Ecuador,False,research,-1.7718365753,-78.3277110738
inat_42835772_68027109.jpg,42835772,68027109,https://inaturalist-open-data.s3.amazonaws.com/photos/68027109/large.jpg,cc-by-nc,"(c) Alex Bentley, some rights reserved (CC BY-NC)",agbentley77,2020-03-19,2020-03-19T10:34:38-04:00,Ecuador,False,research,-1.2648612837,-78.1587273063
inat_42835772_68027274.jpg,42835772,68027274,https://inaturalist-open-data.s3.amazonaws.com/photos/68027274/large.jpg,cc-by-nc,"(c) Alex Bentley, some rights reserved (CC BY-NC)",agbentley77,2020-03-19,2020-03-19T10:34:38-04:00,Ecuador,False,research,-1.2648612837,-78.1587273063
inat_42835772_68027384.jpg,42835772,68027384,https://inaturalist-open-data.s3.amazonaws.com/photos/68027384/large.jpg,cc-by-nc,"(c) Alex Bentley, some rights reserved (CC BY-NC)",agbentley77,2020-03-19,2020-03-19T10:34:38-04:00,Ecuador,False,research,-1.2648612837,-78.1587273063
inat_42835772_68027359.jpg,42835772,68027359,https://inaturalist-open-data.s3.amazonaws.com/photos/68027359/large.jpg,cc-by-nc,"(c) Alex Bentley, some rights reserved (CC BY-NC)",agbentley77,2020-03-19,2020-03-19T10:34:38-04:00,Ecuador,False,research,-1.2648612837,-78.1587273063
inat_42835772_68027196.jpg,42835772,68027196,https://inaturalist-open-data.s3.amazonaws.com/photos/68027196/large.jpg,cc-by-nc,"(c) Alex Bentley, some rights reserved (CC BY-NC)",agbentley77,2020-03-19,2020-03-19T10:34:38-04:00,Ecuador,False,research,-1.2648612837,-78.1587273063
inat_42835772_68027479.jpg,42835772,68027479,https://inaturalist-open-data.s3.amazonaws.com/photos/68027479/large.jpg,cc-by-nc,"(c) Alex Bentley, some rights reserved (CC BY-NC)",agbentley77,2020-03-19,2020-03-19T10:34:38-04:00,Ecuador,False,research,-1.2648612837,-78.1587273063
inat_42835772_68027161.jpg,42835772,68027161,https://inaturalist-open-data.s3.amazonaws.com/photos/68027161/large.jpg,cc-by-nc,"(c) Alex Bentley, some rights reserved (CC BY-NC)",agbentley77,2020-03-19,2020-03-19T10:34:38-04:00,Ecuador,False,research,-1.2648612837,-78.1587273063
inat_42835772_68027411.jpg,42835772,68027411,https://inaturalist-open-data.s3.amazonaws.com/photos/68027411/large.jpg,cc-by-nc,"(c) Alex Bentley, some rights reserved (CC BY-NC)",agbentley77,2020-03-19,2020-03-19T10:34:38-04:00,Ecuador,False,research,-1.2648612837,-78.1587273063
inat_42835772_68027338.jpg,42835772,68027338,https://inaturalist-open-data.s3.amazonaws.com/photos/68027338/large.jpg,cc-by-nc,"(c) Alex Bentley, some rights reserved (CC BY-NC)",agbentley77,2020-03-19,2020-03-19T10:34:38-04:00,Ecuador,False,research,-1.2648612837,-78.1587273063
inat_42574409_67606969.jpg,42574409,67606969,https://inaturalist-open-data.s3.amazonaws.com/photos/67606969/large.png,cc-by-nc,"(c) osoandino, some rights reserved (CC BY-NC)",osoandino,2008-03-06,2008-03-06T15:40:00+01:00,Ecuador,False,research,0.1697186989,-78.7325519817
inat_42574409_67605496.jpg,42574409,67605496,https://inaturalist-open-data.s3.amazonaws.com/photos/67605496/large.jpg,cc-by-nc,"(c) osoandino, some rights reserved (CC BY-NC)",osoandino,2008-03-06,2008-03-06T15:40:00+01:00,Ecuador,False,research,0.1697186989,-78.7325519817
inat_42568480_67595857.jpg,42568480,67595857,https://inaturalist-open-data.s3.amazonaws.com/photos/67595857/large.jpg,cc-by-nc,"(c) osoandino, some rights reserved (CC BY-NC)",osoandino,2008-03-06,2008-03-06T09:36:00+01:00,Ecuador,False,research,0.1484319284,-78.7248787152
inat_42567797_67594777.jpg,42567797,67594777,https://inaturalist-open-data.s3.amazonaws.com/photos/67594777/large.jpg,cc-by-nc,"(c) osoandino, some rights reserved (CC BY-NC)",osoandino,2008-03-06,2008-03-06T08:08:00+01:00,Ecuador,False,research,0.0551537389,-78.7561761823
inat_42566614_67592901.jpg,42566614,67592901,https://inaturalist-open-data.s3.amazonaws.com/photos/67592901/large.jpg,cc-by-nc,"(c) osoandino, some rights reserved (CC BY-NC)",osoandino,2008-03-01,2008-03-01T09:20:00+01:00,Ecuador,False,research,0.077421416,-78.66945185
inat_42415620_67345130.jpg,42415620,67345130,https://inaturalist-open-data.s3.amazonaws.com/photos/67345130/large.jpeg,cc-by-nc,"(c) jorgebrito, some rights reserved (CC BY-NC)",jorgebrito,2015-09-26,2015-09-26T11:17:00-05:00,"Morona Santiago, EC",False,research,-2.113576435,-78.1890426973
inat_42415616_67345007.jpg,42415616,67345007,https://inaturalist-open-data.s3.amazonaws.com/photos/67345007/large.jpeg,cc-by-nc,"(c) jorgebrito, some rights reserved (CC BY-NC)",jorgebrito,2015-09-10,2015-09-10T09:00:00-05:00,"Morona Santiago, EC",False,research,-2.0339838518,-78.1918079734
inat_42415614_67344971.jpg,42415614,67344971,https://inaturalist-open-data.s3.amazonaws.com/photos/67344971/large.jpeg,cc-by-nc,"(c) jorgebrito, some rights reserved (CC BY-NC)",jorgebrito,2015-09-29,2015-09-29T07:49:00-05:00,"Morona Santiago, EC",False,research,-2.0644604798,-78.0247783724
inat_41887209_66468683.jpg,41887209,66468683,https://inaturalist-open-data.s3.amazonaws.com/photos/66468683/large.jpg,cc-by-nc,"(c) Nathalia Prada Alarcón, some rights reserved (CC BY-NC)",nataprada,2020-02-27,2020-02-27T00:54:00-05:00,"Cundinamarca, CO",False,research,4.8485661782,-73.6064571011
inat_41835616_66382833.jpg,41835616,66382833,https://inaturalist-open-data.s3.amazonaws.com/photos/66382833/large.jpg,cc-by,"(c) desertnaturalist, some rights reserved (CC BY)",desertnaturalist,1996-04-01,1996-04-01T09:28:00-08:00,"Zamora Chinchipe, EC",False,research,-4.3288910326,-79.0304212274
inat_41835616_66383476.jpg,41835616,66383476,https://inaturalist-open-data.s3.amazonaws.com/photos/66383476/large.jpg,cc-by,"(c) desertnaturalist, some rights reserved (CC BY)",desertnaturalist,1996-04-01,1996-04-01T09:28:00-08:00,"Zamora Chinchipe, EC",False,research,-4.3288910326,-79.0304212274
inat_40836667_64734736.jpg,40836667,64734736,https://inaturalist-open-data.s3.amazonaws.com/photos/64734736/large.jpeg,cc-by,"(c) Frank Dietze, some rights reserved (CC BY)",frankdietze,2009-10-15,2009-10-15T16:58:00-05:00,Ecuador,False,research,0.0864206727,-78.7234042
inat_40836667_64734733.jpg,40836667,64734733,https://inaturalist-open-data.s3.amazonaws.com/photos/64734733/large.jpeg,cc-by,"(c) Frank Dietze, some rights reserved (CC BY)",frankdietze,2009-10-15,2009-10-15T16:58:00-05:00,Ecuador,False,research,0.0864206727,-78.7234042
inat_40836667_64734745.jpg,40836667,64734745,https://inaturalist-open-data.s3.amazonaws.com/photos/64734745/large.jpeg,cc-by,"(c) Frank Dietze, some rights reserved (CC BY)",frankdietze,2009-10-15,2009-10-15T16:58:00-05:00,Ecuador,False,research,0.0864206727,-78.7234042
inat_40826240_64720256.jpg,40826240,64720256,https://inaturalist-open-data.s3.amazonaws.com/photos/64720256/large.jpeg,cc-by,"(c) Frank Dietze, some rights reserved (CC BY)",frankdietze,2018-08-10,2018-08-10T21:08:00-05:00,Ecuador,False,research,-0.713035544,-78.452368797
inat_40826240_64720267.jpg,40826240,64720267,https://inaturalist-open-data.s3.amazonaws.com/photos/64720267/large.jpeg,cc-by,"(c) Frank Dietze, some rights reserved (CC BY)",frankdietze,2018-08-10,2018-08-10T21:08:00-05:00,Ecuador,False,research,-0.713035544,-78.452368797
inat_40826240_67655132.jpg,40826240,67655132,https://inaturalist-open-data.s3.amazonaws.com/photos/67655132/large.jpg,cc-by,"(c) Frank Dietze, some rights reserved (CC BY)",frankdietze,2018-08-10,2018-08-10T21:08:00-05:00,Ecuador,False,research,-0.713035544,-78.452368797
inat_40826240_67655157.jpg,40826240,67655157,https://inaturalist-open-data.s3.amazonaws.com/photos/67655157/large.jpg,cc-by,"(c) Frank Dietze, some rights reserved (CC BY)",frankdietze,2018-08-10,2018-08-10T21:08:00-05:00,Ecuador,False,research,-0.713035544,-78.452368797
inat_40690518_64503751.jpg,40690518,64503751,https://inaturalist-open-data.s3.amazonaws.com/photos/64503751/large.jpeg,cc-by-nc,"(c) Luis Yupa, some rights reserved (CC BY-NC)",luisyupa,2020-03-24,2020-03-24T13:43:00-05:00,Ecuador,False,research,-0.5773545547,-78.2931744175
inat_40437497_64173882.jpg,40437497,64173882,https://inaturalist-open-data.s3.amazonaws.com/photos/64173882/large.jpeg,cc-by-nc,"(c) Holger Beck, some rights reserved (CC BY-NC)",holgerbeck,2012-11-28,2012-11-28T10:59:00-05:00,Ecuador,False,research,0.1413571921,-78.7857842594
inat_39572560_62794763.jpg,39572560,62794763,https://inaturalist-open-data.s3.amazonaws.com/photos/62794763/large.jpeg,cc-by-nc,"(c) David Torres, some rights reserved (CC BY-NC)",dawicho,2019-11-16,2019-11-16T10:32:00-05:00,"Pichincha, EC",False,research,-0.0912128524,-78.7153784226
inat_39572560_62794770.jpg,39572560,62794770,https://inaturalist-open-data.s3.amazonaws.com/photos/62794770/large.jpeg,cc-by-nc,"(c) David Torres, some rights reserved (CC BY-NC)",dawicho,2019-11-16,2019-11-16T10:32:00-05:00,"Pichincha, EC",False,research,-0.0912128524,-78.7153784226
inat_39476682_62637454.jpg,39476682,62637454,https://inaturalist-open-data.s3.amazonaws.com/photos/62637454/large.jpg,cc-by-nc,"(c) Cabildo musuiuiai, some rights reserved (CC BY-NC)",cabildomusuiuiai,2019-06-09,2019-06-09T21:28:59-05:00,Colombia,False,research,0.9639532912,-76.953053838
inat_39318254_62362185.jpg,39318254,62362185,https://inaturalist-open-data.s3.amazonaws.com/photos/62362185/large.jpg,cc-by-nc,"(c) angela_parrar, some rights reserved (CC BY-NC)",angela_parrar,2019-08-15,2019-08-15T23:14:29-04:00,"Cundinamarca, CO",False,research,4.5488615946,-73.7553296836
inat_39303499_62339452.jpg,39303499,62339452,https://inaturalist-open-data.s3.amazonaws.com/photos/62339452/large.jpg,cc-by-nc,"(c) angela_parrar, some rights reserved (CC BY-NC)",angela_parrar,2019-09-05,2019-09-05T11:06:50-05:00,"Cundinamarca, CO",False,research,4.7562484171,-73.7019375132
inat_38065943_60444332.jpg,38065943,60444332,https://inaturalist-open-data.s3.amazonaws.com/photos/60444332/large.jpg,cc-by-nc,"(c) Michael Hanrahan, some rights reserved (CC BY-NC)",michaelhanrahan,2019-09-23,2019-09-23T12:18:00-07:00,Ecuador,False,research,0.1481432789,-78.7800040894
inat_37924789_60197776.jpg,37924789,60197776,https://inaturalist-open-data.s3.amazonaws.com/photos/60197776/large.jpg,cc-by-nc,"(c) sammabrams, some rights reserved (CC BY-NC)",sammabrams,2020-01-04,2020-01-04T13:59:08-07:00,Ecuador,False,research,0.0482722156,-78.6514187221
inat_37924789_60197790.jpg,37924789,60197790,https://inaturalist-open-data.s3.amazonaws.com/photos/60197790/large.jpg,cc-by-nc,"(c) sammabrams, some rights reserved (CC BY-NC)",sammabrams,2020-01-04,2020-01-04T13:59:08-07:00,Ecuador,False,research,0.0482722156,-78.6514187221
inat_37924789_60197784.jpg,37924789,60197784,https://inaturalist-open-data.s3.amazonaws.com/photos/60197784/large.jpg,cc-by-nc,"(c) sammabrams, some rights reserved (CC BY-NC)",sammabrams,2020-01-04,2020-01-04T13:59:08-07:00,Ecuador,False,research,0.0482722156,-78.6514187221
inat_37769733_59936551.jpg,37769733,59936551,https://inaturalist-open-data.s3.amazonaws.com/photos/59936551/large.jpeg,cc-by-nc,"(c) David Torres, some rights reserved (CC BY-NC)",dawicho,2020-01-19,2020-01-19T14:00:00-05:00,Ecuador,False,research,-0.3413651083,-78.055873356
inat_37769733_59947432.jpg,37769733,59947432,https://inaturalist-open-data.s3.amazonaws.com/photos/59947432/large.jpg,cc-by-nc,"(c) David Torres, some rights reserved (CC BY-NC)",dawicho,2020-01-19,2020-01-19T14:00:00-05:00,Ecuador,False,research,-0.3413651083,-78.055873356
inat_37769733_59947435.jpg,37769733,59947435,https://inaturalist-open-data.s3.amazonaws.com/photos/59947435/large.jpg,cc-by-nc,"(c) David Torres, some rights reserved (CC BY-NC)",dawicho,2020-01-19,2020-01-19T14:00:00-05:00,Ecuador,False,research,-0.3413651083,-78.055873356
inat_36801638_58233951.jpg,36801638,58233951,https://inaturalist-open-data.s3.amazonaws.com/photos/58233951/large.jpeg,cc-by-nc,"(c) Danny Santana Rosero, some rights reserved (CC BY-NC)",danny292,2018-06-29,2018-06-29T11:55:00-05:00,"Cauca, CO",False,research,1.7801419325,-76.5062706022
inat_36604792_57884138.jpg,36604792,57884138,https://inaturalist-open-data.s3.amazonaws.com/photos/57884138/large.jpeg,cc-by-nc,"(c) Dr. Ryne D. Rutherford, some rights reserved (CC BY-NC)",ryruther,2013-12-31,2013-12-31T02:20:00-05:00,"Pichincha, EC",False,research,-0.0126545182,-78.7678940673
inat_36604788_57884124.jpg,36604788,57884124,https://inaturalist-open-data.s3.amazonaws.com/photos/57884124/large.jpeg,cc-by-nc,"(c) Dr. Ryne D. Rutherford, some rights reserved (CC BY-NC)",ryruther,2013-12-31,2013-12-31T01:33:00-05:00,"Pichincha, EC",False,research,-0.0661213565,-78.6812939536
inat_36412527_57556471.jpg,36412527,57556471,https://inaturalist-open-data.s3.amazonaws.com/photos/57556471/large.jpeg,cc-by-nc,"(c) Holger Beck, some rights reserved (CC BY-NC)",holgerbeck,2010-01-13,2010-01-13T14:05:00-05:00,Ecuador,False,research,0.0178793428,-78.656940397
inat_36352681_57456052.jpg,36352681,57456052,https://inaturalist-open-data.s3.amazonaws.com/photos/57456052/large.jpeg,cc-by-nc,"(c) Laura Bond, some rights reserved (CC BY-NC)",bond_with_nature,2019-12-03,2019-12-03T12:18:34-05:00,"Pichincha, EC",False,research,-0.1308981721,-78.654636931
inat_35977834_56807271.jpg,35977834,56807271,https://inaturalist-open-data.s3.amazonaws.com/photos/56807271/large.jpg,cc-by-nc,"(c) osoandino, some rights reserved (CC BY-NC)",osoandino,2016-04-29,2016-04-29T14:58:00+02:00,Ecuador,False,research,0.1091464586,-78.6077054059
inat_34878154_54948257.jpg,34878154,54948257,https://inaturalist-open-data.s3.amazonaws.com/photos/54948257/large.jpeg,cc-by-nc,"(c) Holger Beck, some rights reserved (CC BY-NC)",holgerbeck,2019-10-23,2019-10-23T09:48:00-05:00,Ecuador,False,research,0.1719612126,-78.7797558636
inat_34490534_54290036.jpg,34490534,54290036,https://inaturalist-open-data.s3.amazonaws.com/photos/54290036/large.jpg,cc-by-nc,"(c) David Weaver, some rights reserved (CC BY-NC)",davidweaver,2019-10-13,2019-10-13T01:06:00-10:00,Ecuador,False,research,0.1269107159,-78.6000436181
inat_34490534_54290038.jpg,34490534,54290038,https://inaturalist-open-data.s3.amazonaws.com/photos/54290038/large.jpg,cc-by-nc,"(c) David Weaver, some rights reserved (CC BY-NC)",davidweaver,2019-10-13,2019-10-13T01:06:00-10:00,Ecuador,False,research,0.1269107159,-78.6000436181
inat_33968556_53406948.jpg,33968556,53406948,https://inaturalist-open-data.s3.amazonaws.com/photos/53406948/large.jpeg,cc-by-nc,"(c) Holger Beck, some rights reserved (CC BY-NC)",holgerbeck,2019-09-24,2019-09-24T15:48:00-05:00,Ecuador,False,research,0.0617578955,-78.7057490385
inat_33340910_52359720.jpg,33340910,52359720,https://inaturalist-open-data.s3.amazonaws.com/photos/52359720/large.jpeg,cc-by-nc,"(c) Holger Beck, some rights reserved (CC BY-NC)",holgerbeck,2019-09-24,2019-09-24T07:55:00-05:00,Ecuador,False,research,0.0480990779,-78.7420834553
inat_33306082_52302791.jpg,33306082,52302791,https://inaturalist-open-data.s3.amazonaws.com/photos/52302791/large.jpeg,cc-by-nc,"(c) Holger Beck, some rights reserved (CC BY-NC)",holgerbeck,2019-09-23,2019-09-23T07:10:00-05:00,Ecuador,False,research,0.0679843265,-78.7595119848
inat_33226643_52168792.jpg,33226643,52168792,https://inaturalist-open-data.s3.amazonaws.com/photos/52168792/large.jpeg,cc-by-nc,"(c) Holger Beck, some rights reserved (CC BY-NC)",holgerbeck,2019-09-22,2019-09-22T16:15:00-05:00,Ecuador,False,research,0.0505340831,-78.7715308938
inat_32890636_51621012.jpg,32890636,51621012,https://inaturalist-open-data.s3.amazonaws.com/photos/51621012/large.jpeg,cc-by-nc,"(c) Holger Beck, some rights reserved (CC BY-NC)",holgerbeck,2019-09-16,2019-09-16T10:15:00-05:00,Ecuador,False,research,0.1142857708,-78.6784493314
inat_31357205_49070123.jpg,31357205,49070123,https://inaturalist-open-data.s3.amazonaws.com/photos/49070123/large.jpg,cc-by,"(c) sandy-espinozaf, some rights reserved (CC BY)",sandyespinozaf,2017-01-19,,Ecuador,False,research,0.1770301695,-78.7111506342
inat_30980969_48441675.jpg,30980969,48441675,https://inaturalist-open-data.s3.amazonaws.com/photos/48441675/large.jpg,cc-by-nc,"(c) osoandino, some rights reserved (CC BY-NC)",osoandino,2016-09-20,2016-09-20T11:18:00+02:00,Ecuador,False,research,-0.3796773246,-78.2337138334
inat_30980753_48441294.jpg,30980753,48441294,https://inaturalist-open-data.s3.amazonaws.com/photos/48441294/large.jpg,cc-by-nc,"(c) osoandino, some rights reserved (CC BY-NC)",osoandino,2016-12-26,2016-12-26T11:43:00+01:00,Ecuador,False,research,-0.3390943749,-78.3053885196
inat_30980753_48441333.jpg,30980753,48441333,https://inaturalist-open-data.s3.amazonaws.com/photos/48441333/large.jpg,cc-by-nc,"(c) osoandino, some rights reserved (CC BY-NC)",osoandino,2016-12-26,2016-12-26T11:43:00+01:00,Ecuador,False,research,-0.3390943749,-78.3053885196
inat_30978130_48437857.jpg,30978130,48437857,https://inaturalist-open-data.s3.amazonaws.com/photos/48437857/large.jpg,cc-by-nc,"(c) osoandino, some rights reserved (CC BY-NC)",osoandino,2016-09-27,2016-09-27T13:17:00+02:00,Ecuador,False,research,-0.3900681524,-78.0514420341
inat_30977930_48437451.jpg,30977930,48437451,https://inaturalist-open-data.s3.amazonaws.com/photos/48437451/large.jpg,cc-by-nc,"(c) osoandino, some rights reserved (CC BY-NC)",osoandino,2016-12-31,2016-12-31T12:42:00+01:00,"Pichincha, EC",False,research,-0.3874125251,-78.3831462859
inat_30976331_48434188.jpg,30976331,48434188,https://inaturalist-open-data.s3.amazonaws.com/photos/48434188/large.jpg,cc-by-nc,"(c) osoandino, some rights reserved (CC BY-NC)",osoandino,2016-10-22,2016-10-22T11:50:00+02:00,Ecuador,False,research,-0.5616218764,-78.3347333239
inat_30976331_48434214.jpg,30976331,48434214,https://inaturalist-open-data.s3.amazonaws.com/photos/48434214/large.jpg,cc-by-nc,"(c) osoandino, some rights reserved (CC BY-NC)",osoandino,2016-10-22,2016-10-22T11:50:00+02:00,Ecuador,False,research,-0.5616218764,-78.3347333239
inat_30975850_48433285.jpg,30975850,48433285,https://inaturalist-open-data.s3.amazonaws.com/photos/48433285/large.jpg,cc-by-nc,"(c) osoandino, some rights reserved (CC BY-NC)",osoandino,2016-12-29,2016-12-29T15:02:00+01:00,Ecuador,False,research,-0.2591396383,-78.1573081582
inat_30943799_48379001.jpg,30943799,48379001,https://inaturalist-open-data.s3.amazonaws.com/photos/48379001/large.jpg,cc-by-nc,"(c) osoandino, some rights reserved (CC BY-NC)",osoandino,2017-02-14,2017-02-14T17:01:00+01:00,Ecuador,False,research,-0.2356144058,-78.1600407557
inat_30943799_48379137.jpg,30943799,48379137,https://inaturalist-open-data.s3.amazonaws.com/photos/48379137/large.jpg,cc-by-nc,"(c) osoandino, some rights reserved (CC BY-NC)",osoandino,2017-02-14,2017-02-14T17:01:00+01:00,Ecuador,False,research,-0.2356144058,-78.1600407557
inat_30442666_47561320.jpg,30442666,47561320,https://inaturalist-open-data.s3.amazonaws.com/photos/47561320/large.jpeg,cc-by-nc,"(c) Holger Beck, some rights reserved (CC BY-NC)",holgerbeck,2016-12-22,,Ecuador,False,research,0.1260505227,-78.7919456079
inat_30406242_47505659.jpg,30406242,47505659,https://inaturalist-open-data.s3.amazonaws.com/photos/47505659/large.jpg,cc-by-nc,"(c) josiahclark, some rights reserved (CC BY-NC)",josiahclark,2019-08-07,2019-08-07T12:55:22-05:00,Ecuador,False,research,-0.5585515121,-78.2114974158
inat_30395029_47486200.jpg,30395029,47486200,https://inaturalist-open-data.s3.amazonaws.com/photos/47486200/large.jpg,cc-by-nc,"(c) Greg Boreham, some rights reserved (CC BY-NC)",treklightly,2019-05-10,2019-05-10T08:42:00-07:00,"Pichincha, EC",False,research,-0.3233031396,-78.2889173318
inat_30395029_47487155.jpg,30395029,47487155,https://inaturalist-open-data.s3.amazonaws.com/photos/47487155/large.jpg,cc-by-nc,"(c) Greg Boreham, some rights reserved (CC BY-NC)",treklightly,2019-05-10,2019-05-10T08:42:00-07:00,"Pichincha, EC",False,research,-0.3233031396,-78.2889173318
inat_30395029_47487157.jpg,30395029,47487157,https://inaturalist-open-data.s3.amazonaws.com/photos/47487157/large.jpg,cc-by-nc,"(c) Greg Boreham, some rights reserved (CC BY-NC)",treklightly,2019-05-10,2019-05-10T08:42:00-07:00,"Pichincha, EC",False,research,-0.3233031396,-78.2889173318
inat_30395026_47486195.jpg,30395026,47486195,https://inaturalist-open-data.s3.amazonaws.com/photos/47486195/large.jpg,cc-by-nc,"(c) Greg Boreham, some rights reserved (CC BY-NC)",treklightly,2019-05-10,2019-05-10T08:41:00-07:00,"Pichincha, EC",False,research,-0.2556582325,-78.3819147454
inat_30395026_47487220.jpg,30395026,47487220,https://inaturalist-open-data.s3.amazonaws.com/photos/47487220/large.jpg,cc-by-nc,"(c) Greg Boreham, some rights reserved (CC BY-NC)",treklightly,2019-05-10,2019-05-10T08:41:00-07:00,"Pichincha, EC",False,research,-0.2556582325,-78.3819147454
inat_28433063_44323320.jpg,28433063,44323320,https://inaturalist-open-data.s3.amazonaws.com/photos/44323320/large.jpeg,cc-by-nc,"(c) Holger Beck, some rights reserved (CC BY-NC)",holgerbeck,2018-07-30,,Ecuador,False,research,0.1814880586,-78.6810245585
inat_27766119_43234876.jpg,27766119,43234876,https://inaturalist-open-data.s3.amazonaws.com/photos/43234876/large.jpeg,cc0,no rights reserved,charliefarrell2,2016-08-11,2016-08-11T14:50:00+01:00,Peru,False,research,-12.0880154283,-71.6042853215
inat_27766119_43235343.jpg,27766119,43235343,https://inaturalist-open-data.s3.amazonaws.com/photos/43235343/large.jpeg,cc0,no rights reserved,charliefarrell2,2016-08-11,2016-08-11T14:50:00+01:00,Peru,False,research,-12.0880154283,-71.6042853215
inat_27766119_43720909.jpg,27766119,43720909,https://inaturalist-open-data.s3.amazonaws.com/photos/43720909/large.jpg,cc0,no rights reserved,charliefarrell2,2016-08-11,2016-08-11T14:50:00+01:00,Peru,False,research,-12.0880154283,-71.6042853215
inat_27421724_42666546.jpg,27421724,42666546,https://inaturalist-open-data.s3.amazonaws.com/photos/42666546/large.jpg,cc-by-nc,"(c) osoandino, some rights reserved (CC BY-NC)",osoandino,2016-08-25,2016-08-25T16:05:00+02:00,"Pichincha, EC",False,research,-0.2582052468,-78.1767363165
inat_24426235_37772628.jpg,24426235,37772628,https://inaturalist-open-data.s3.amazonaws.com/photos/37772628/large.jpg,cc-by-nc,"(c) Tadeusz Kawecki, some rights reserved (CC BY-NC)",tadkawecki,2018-02-12,2018-02-12T16:30:00+01:00,"Cundinamarca, CO",False,research,4.7611620376,-73.9870525557
inat_22276563_34497962.jpg,22276563,34497962,https://inaturalist-open-data.s3.amazonaws.com/photos/34497962/large.jpeg,cc-by-nc,"(c) Nelson Apolo, some rights reserved (CC BY-NC)",ecuadornaturetours,2019-04-01,2019-04-01T15:07:51-05:00,"Pichincha, EC",False,research,-0.2769571172,-78.2695109918
inat_21451094_33189381.jpg,21451094,33189381,https://inaturalist-open-data.s3.amazonaws.com/photos/33189381/large.jpeg,cc-by-nc,"(c) Eric Carpenter, some rights reserved (CC BY-NC)",ecarpe,2019-02-23,2019-02-23T15:30:00-06:00,"Pichincha, EC",False,research,-0.2497048271,-78.3818215682
inat_20996686_32428324.jpg,20996686,32428324,https://inaturalist-open-data.s3.amazonaws.com/photos/32428324/large.jpeg,cc-by-nc,"(c) Steven Easley, some rights reserved (CC BY-NC)",cottontopbirding,2019-02-23,2019-02-23T15:26:08-06:00,"Pichincha, EC",False,research,-0.3202846701,-78.2230711732
inat_20865121_32191353.jpg,20865121,32191353,https://inaturalist-open-data.s3.amazonaws.com/photos/32191353/large.jpeg,cc-by-nc,"(c) Jeff Harding, some rights reserved (CC BY-NC)",jeffharding,2017-04-09,2017-04-09T10:34:00-07:00,"Cauca, CO",False,research,2.3067329456,-76.3859950467
inat_20865121_32191358.jpg,20865121,32191358,https://inaturalist-open-data.s3.amazonaws.com/photos/32191358/large.jpeg,cc-by-nc,"(c) Jeff Harding, some rights reserved (CC BY-NC)",jeffharding,2017-04-09,2017-04-09T10:34:00-07:00,"Cauca, CO",False,research,2.3067329456,-76.3859950467
inat_20264187_31278908.jpg,20264187,31278908,https://inaturalist-open-data.s3.amazonaws.com/photos/31278908/large.jpg,cc-by-nc,"(c) paulaleoro, some rights reserved (CC BY-NC)",paulaleoro,2019-02-09,2019-02-09T11:06:40-05:00,Ecuador,False,research,-0.540592187,-78.2312145659
inat_20264187_31278915.jpg,20264187,31278915,https://inaturalist-open-data.s3.amazonaws.com/photos/31278915/large.jpg,cc-by-nc,"(c) paulaleoro, some rights reserved (CC BY-NC)",paulaleoro,2019-02-09,2019-02-09T11:06:40-05:00,Ecuador,False,research,-0.540592187,-78.2312145659
inat_20237971_31234275.jpg,20237971,31234275,https://inaturalist-open-data.s3.amazonaws.com/photos/31234275/large.jpg,cc-by-nc,"(c) David Torres, some rights reserved (CC BY-NC)",dawicho,2019-02-09,,Ecuador,False,research,-0.4281853797,-78.2969289962
inat_20237971_31234280.jpg,20237971,31234280,https://inaturalist-open-data.s3.amazonaws.com/photos/31234280/large.jpg,cc-by-nc,"(c) David Torres, some rights reserved (CC BY-NC)",dawicho,2019-02-09,,Ecuador,False,research,-0.4281853797,-78.2969289962
inat_20237971_79034741.jpg,20237971,79034741,https://inaturalist-open-data.s3.amazonaws.com/photos/79034741/large.jpg,cc-by-nc,"(c) David Torres, some rights reserved (CC BY-NC)",dawicho,2019-02-09,,Ecuador,False,research,-0.4281853797,-78.2969289962
inat_20237971_79034744.jpg,20237971,79034744,https://inaturalist-open-data.s3.amazonaws.com/photos/79034744/large.jpg,cc-by-nc,"(c) David Torres, some rights reserved (CC BY-NC)",dawicho,2019-02-09,,Ecuador,False,research,-0.4281853797,-78.2969289962
inat_20237971_79034742.jpg,20237971,79034742,https://inaturalist-open-data.s3.amazonaws.com/photos/79034742/large.jpg,cc-by-nc,"(c) David Torres, some rights reserved (CC BY-NC)",dawicho,2019-02-09,,Ecuador,False,research,-0.4281853797,-78.2969289962
inat_20237971_79034743.jpg,20237971,79034743,https://inaturalist-open-data.s3.amazonaws.com/photos/79034743/large.jpg,cc-by-nc,"(c) David Torres, some rights reserved (CC BY-NC)",dawicho,2019-02-09,,Ecuador,False,research,-0.4281853797,-78.2969289962
inat_20237971_79034745.jpg,20237971,79034745,https://inaturalist-open-data.s3.amazonaws.com/photos/79034745/large.jpg,cc-by-nc,"(c) David Torres, some rights reserved (CC BY-NC)",dawicho,2019-02-09,,Ecuador,False,research,-0.4281853797,-78.2969289962
inat_20237971_79034746.jpg,20237971,79034746,https://inaturalist-open-data.s3.amazonaws.com/photos/79034746/large.jpg,cc-by-nc,"(c) David Torres, some rights reserved (CC BY-NC)",dawicho,2019-02-09,,Ecuador,False,research,-0.4281853797,-78.2969289962
inat_20131658_31047441.jpg,20131658,31047441,https://inaturalist-open-data.s3.amazonaws.com/photos/31047441/large.jpg,cc-by-nc,"(c) isaontaneda, some rights reserved (CC BY-NC)",isaontaneda,2017-09-26,2017-09-26T12:00:12-05:00,Ecuador,False,research,0.1228382153,-78.7272188388
inat_19947593_30777867.jpg,19947593,30777867,https://inaturalist-open-data.s3.amazonaws.com/photos/30777867/large.jpg,cc-by-nc,"(c) Nelson Apolo, some rights reserved (CC BY-NC)",ecuadornaturetours,2017-11-28,2017-11-28T09:45:33+05:00,Ecuador,False,research,0.1037504894,-78.7223756781
inat_19930100_30745666.jpg,19930100,30745666,https://inaturalist-open-data.s3.amazonaws.com/photos/30745666/large.jpg,cc-by-nc,"(c) dushenkov, some rights reserved (CC BY-NC)",dushenkov,2019-01-13,,"Pichincha, EC",False,research,-0.3610182382,-78.3171380982
inat_19665936_30288426.jpg,19665936,30288426,https://inaturalist-open-data.s3.amazonaws.com/photos/30288426/large.jpeg,cc-by-nc,"(c) hermes_juez, some rights reserved (CC BY-NC)",hermes_juez,2018-10-30,,"Tolima, CO",False,research,4.7814048151,-75.3281456482
inat_19606548_30185737.jpg,19606548,30185737,https://inaturalist-open-data.s3.amazonaws.com/photos/30185737/large.jpeg,cc-by-nc,"(c) Morgan Stickrod, some rights reserved (CC BY-NC)",morganstickrod,2019-01-12,2019-01-12T05:59:00-08:00,Ecuador,False,research,-1.3136364867,-78.1782587193
inat_19606548_30185734.jpg,19606548,30185734,https://inaturalist-open-data.s3.amazonaws.com/photos/30185734/large.jpeg,cc-by-nc,"(c) Morgan Stickrod, some rights reserved (CC BY-NC)",morganstickrod,2019-01-12,2019-01-12T05:59:00-08:00,Ecuador,False,research,-1.3136364867,-78.1782587193
inat_19338027_29733306.jpg,19338027,29733306,https://inaturalist-open-data.s3.amazonaws.com/photos/29733306/large.jpg,cc-by-nc,"(c) Bioexploradores Farallones, some rights reserved (CC BY-NC)",bioexploradoresfarallones,2018-12-30,,"Antioquia, CO",False,research,5.7619447862,-76.0289137222
inat_18877345_28925395.jpg,18877345,28925395,https://inaturalist-open-data.s3.amazonaws.com/photos/28925395/large.jpeg,cc-by-nc,"(c) Dave Wendelken, some rights reserved (CC BY-NC)",davewendelken,2018-11-03,2018-11-03T08:06:00-04:00,Ecuador,False,research,-0.5434324753,-78.2028061717
inat_18304929_27968315.jpg,18304929,27968315,https://inaturalist-open-data.s3.amazonaws.com/photos/27968315/large.jpg,cc-by-nc,"(c) David Weaver, some rights reserved (CC BY-NC)",davidweaver,2017-09-12,2017-09-12T10:08:00-05:00,Ecuador,False,research,-0.3156903856,-78.3645083544
inat_18304927_27968301.jpg,18304927,27968301,https://inaturalist-open-data.s3.amazonaws.com/photos/27968301/large.jpg,cc-by-nc,"(c) David Weaver, some rights reserved (CC BY-NC)",davidweaver,2017-09-12,2017-09-12T10:08:00-05:00,Ecuador,False,research,-0.3407852132,-78.2755312268
inat_18304924_27968259.jpg,18304924,27968259,https://inaturalist-open-data.s3.amazonaws.com/photos/27968259/large.jpg,cc-by-nc,"(c) David Weaver, some rights reserved (CC BY-NC)",davidweaver,2017-09-12,2017-09-12T10:08:00-05:00,Ecuador,False,research,-0.3209161919,-78.3392566539
inat_16414340_24694649.jpg,16414340,24694649,https://inaturalist-open-data.s3.amazonaws.com/photos/24694649/large.jpg,cc0,no rights reserved,crawfordaj,2018-09-08,2018-09-08T11:56:28-05:00,"Cundinamarca, CO",False,research,4.6090646505,-73.7939104532
inat_16414340_24694642.jpg,16414340,24694642,https://inaturalist-open-data.s3.amazonaws.com/photos/24694642/large.jpg,cc0,no rights reserved,crawfordaj,2018-09-08,2018-09-08T11:56:28-05:00,"Cundinamarca, CO",False,research,4.6090646505,-73.7939104532
inat_12360432_17804066.jpg,12360432,17804066,https://inaturalist-open-data.s3.amazonaws.com/photos/17804066/large.jpeg,cc-by-nc,"(c) William, some rights reserved (CC BY-NC)",william4720,2018-02-17,2018-02-17T12:39:05+05:00,"Huila, CO",False,research,1.9371454098,-76.0180308854
inat_11011377_15522572.jpg,11011377,15522572,https://inaturalist-open-data.s3.amazonaws.com/photos/15522572/large.png,cc-by-nc,"(c) Juan Carlos Delgado Madrid, some rights reserved (CC BY-NC)",juandelgado_sib,2017-10-27,,"Antioquia, CO",False,research,6.4530819496,-76.1839990468
inat_10293762_14254748.jpg,10293762,14254748,https://inaturalist-open-data.s3.amazonaws.com/photos/14254748/large.jpg,cc-by-nc,"(c) Ken Chamberlain, some rights reserved (CC BY-NC)",kenchamberlain,2018-02-05,2018-02-05T13:31:00-08:00,Colombia,False,research,5.5358944043,-75.8899406273
inat_9053871_12221204.jpg,9053871,12221204,https://inaturalist-open-data.s3.amazonaws.com/photos/12221204/large.jpeg,cc-by-nc,"(c) pfaucher, some rights reserved (CC BY-NC)",pfaucher,2017-12-01,2017-12-01T17:37:00-05:00,"Pichincha, EC",False,research,-0.3729838379,-78.2022315678
inat_8993378_12120443.jpg,8993378,12120443,https://inaturalist-open-data.s3.amazonaws.com/photos/12120443/large.jpeg,cc-by-nc,"(c) kjohnston406, some rights reserved (CC BY-NC)",kjohnston406,2017-11-18,2017-11-18T16:16:00-07:00,Ecuador,False,research,0.0513064938,-78.7876818317
inat_8821614_11850866.jpg,8821614,11850866,https://inaturalist-open-data.s3.amazonaws.com/photos/11850866/large.jpeg,cc-by-nc,"(c) pfaucher, some rights reserved (CC BY-NC)",pfaucher,2017-11-15,2017-11-15T16:11:00-05:00,Ecuador,False,research,0.1872591369,-78.7274698386
inat_8701613_11666750.jpg,8701613,11666750,https://inaturalist-open-data.s3.amazonaws.com/photos/11666750/large.jpg,cc-by-nc,"(c) Juan Carlos Delgado Madrid, some rights reserved (CC BY-NC)",juandelgado_sib,2017-10-21,2017-10-21T09:00:00+05:00,"Antioquia, CO",False,research,6.4888234439,-76.1653363041
inat_8649496_11581072.jpg,8649496,11581072,https://inaturalist-open-data.s3.amazonaws.com/photos/11581072/large.jpg,cc-by-nc,"(c) maquipucuna, some rights reserved (CC BY-NC)",maquipucuna,2006-12-15,,,False,research,,
inat_8649458_11581021.jpg,8649458,11581021,https://inaturalist-open-data.s3.amazonaws.com/photos/11581021/large.jpg,cc-by-nc,"(c) maquipucuna, some rights reserved (CC BY-NC)",maquipucuna,2014-01-04,,Ecuador,False,research,0.0558709475,-78.7747697754
inat_7538062_9833482.jpg,7538062,9833482,https://inaturalist-open-data.s3.amazonaws.com/photos/9833482/large.jpeg,cc-by-nc,"(c) jayim, some rights reserved (CC BY-NC)",jayimk,2017-08-03,2017-08-03T11:00:00-05:00,"Cusco, PE",False,research,-13.146525556,-72.4352339035
inat_7538062_9835026.jpg,7538062,9835026,https://inaturalist-open-data.s3.amazonaws.com/photos/9835026/large.jpeg,cc-by-nc,"(c) jayim, some rights reserved (CC BY-NC)",jayimk,2017-08-03,2017-08-03T11:00:00-05:00,"Cusco, PE",False,research,-13.146525556,-72.4352339035
inat_7538062_9835051.jpg,7538062,9835051,https://inaturalist-open-data.s3.amazonaws.com/photos/9835051/large.jpeg,cc-by-nc,"(c) jayim, some rights reserved (CC BY-NC)",jayimk,2017-08-03,2017-08-03T11:00:00-05:00,"Cusco, PE",False,research,-13.146525556,-72.4352339035
inat_7346685_9522552.jpg,7346685,9522552,https://inaturalist-open-data.s3.amazonaws.com/photos/9522552/large.jpg,cc-by-nc,"(c) Alvaro Jaramillo, some rights reserved (CC BY-NC)",alvarojaramillo,2017-08-03,2017-08-03T08:20:00-07:00,"Napo, EC",False,research,-0.510097523,-77.8877291541
inat_4763347_5797828.jpg,4763347,5797828,https://inaturalist-open-data.s3.amazonaws.com/photos/5797828/large.jpg,cc-by-nc,"(c) Matt Clark, some rights reserved (CC BY-NC)",mattclark72,2016-12-10,2016-12-10T11:18:00-06:00,Ecuador,False,research,-4.0062483655,-79.0145589339
inat_4763347_5797867.jpg,4763347,5797867,https://inaturalist-open-data.s3.amazonaws.com/photos/5797867/large.jpg,cc-by-nc,"(c) Matt Clark, some rights reserved (CC BY-NC)",mattclark72,2016-12-10,2016-12-10T11:18:00-06:00,Ecuador,False,research,-4.0062483655,-79.0145589339
inat_3949312_4653132.jpg,3949312,4653132,https://inaturalist-open-data.s3.amazonaws.com/photos/4653132/large.jpeg,cc-by-nc,"(c) hap32, some rights reserved (CC BY-NC)",hap32,2016-07-19,2016-07-19T11:54:00-05:00,Ecuador,False,research,-0.2409603672,-78.1823317258
inat_3949312_4653133.jpg,3949312,4653133,https://inaturalist-open-data.s3.amazonaws.com/photos/4653133/large.jpeg,cc-by-nc,"(c) hap32, some rights reserved (CC BY-NC)",hap32,2016-07-19,2016-07-19T11:54:00-05:00,Ecuador,False,research,-0.2409603672,-78.1823317258
inat_3949312_4653134.jpg,3949312,4653134,https://inaturalist-open-data.s3.amazonaws.com/photos/4653134/large.jpeg,cc-by-nc,"(c) hap32, some rights reserved (CC BY-NC)",hap32,2016-07-19,2016-07-19T11:54:00-05:00,Ecuador,False,research,-0.2409603672,-78.1823317258
inat_3941361_4642425.jpg,3941361,4642425,https://inaturalist-open-data.s3.amazonaws.com/photos/4642425/large.jpg,cc-by-nc,"(c) ar_maclaren, some rights reserved (CC BY-NC)",ar_maclaren,2016-07-19,2016-07-19T11:55:00-05:00,Ecuador,False,research,-0.2988833792,-78.0179785328
inat_2560070_2851705.jpg,2560070,2851705,https://inaturalist-open-data.s3.amazonaws.com/photos/2851705/large.jpg,cc-by-nc,"(c) Matt Clark, some rights reserved (CC BY-NC)",mattclark72,2015-12-24,,Ecuador,False,research,-4.1431517026,-79.0875590527
inat_2560070_2851716.jpg,2560070,2851716,https://inaturalist-open-data.s3.amazonaws.com/photos/2851716/large.jpg,cc-by-nc,"(c) Matt Clark, some rights reserved (CC BY-NC)",mattclark72,2015-12-24,,Ecuador,False,research,-4.1431517026,-79.0875590527
inat_2560070_2851717.jpg,2560070,2851717,https://inaturalist-open-data.s3.amazonaws.com/photos/2851717/large.jpg,cc-by-nc,"(c) Matt Clark, some rights reserved (CC BY-NC)",mattclark72,2015-12-24,,Ecuador,False,research,-4.1431517026,-79.0875590527
inat_2560070_2851718.jpg,2560070,2851718,https://inaturalist-open-data.s3.amazonaws.com/photos/2851718/large.jpg,cc-by-nc,"(c) Matt Clark, some rights reserved (CC BY-NC)",mattclark72,2015-12-24,,Ecuador,False,research,-4.1431517026,-79.0875590527
inat_2560070_2851719.jpg,2560070,2851719,https://inaturalist-open-data.s3.amazonaws.com/photos/2851719/large.jpg,cc-by-nc,"(c) Matt Clark, some rights reserved (CC BY-NC)",mattclark72,2015-12-24,,Ecuador,False,research,-4.1431517026,-79.0875590527
inat_2560070_2851729.jpg,2560070,2851729,https://inaturalist-open-data.s3.amazonaws.com/photos/2851729/large.jpg,cc-by-nc,"(c) Matt Clark, some rights reserved (CC BY-NC)",mattclark72,2015-12-24,,Ecuador,False,research,-4.1431517026,-79.0875590527
inat_2560070_2851730.jpg,2560070,2851730,https://inaturalist-open-data.s3.amazonaws.com/photos/2851730/large.jpg,cc-by-nc,"(c) Matt Clark, some rights reserved (CC BY-NC)",mattclark72,2015-12-24,,Ecuador,False,research,-4.1431517026,-79.0875590527
inat_2560070_2851731.jpg,2560070,2851731,https://inaturalist-open-data.s3.amazonaws.com/photos/2851731/large.jpg,cc-by-nc,"(c) Matt Clark, some rights reserved (CC BY-NC)",mattclark72,2015-12-24,,Ecuador,False,research,-4.1431517026,-79.0875590527
